"CodeObj","Vaddr","Instruction","Hitcount","Latency","Stall","Idle","Source"
20,6400,"; kernel_0",0,0,0,0,""
20,6400,"s_load_dwordx2 s[6:7], s[0:1], 0xe8",4,16,0,2192,""
20,6408,"s_load_dwordx2 s[8:9], s[0:1], 0x118",4,16,0,0,""
20,6416,"s_mov_b32 s4, s3",4,16,0,0,""
20,6420,"s_ashr_i32 s5, s4, 31",4,16,0,0,""
20,6424,"s_ashr_i32 s3, s2, 31",4,16,0,0,""
20,6428,"s_lshl_b64 s[4:5], s[4:5], 4",4,20,0,0,""
20,6432,"s_waitcnt lgkmcnt(0)",4,5024,5024,0,""
20,6436,"s_load_dword s10, s[8:9], 0x0",4,16,0,0,""
20,6444,"v_and_b32_e32 v42, 15, v0",4,36,20,0,""
20,6448,"v_lshrrev_b32_e32 v2, 2, v0",4,16,0,0,""
20,6452,"v_mov_b32_e32 v15, s5",4,32,16,0,""
20,6456,"v_or_b32_e32 v14, s4, v42",4,56,40,0,""
20,6460,"s_waitcnt lgkmcnt(0)",4,3360,3360,0,""
20,6464,"s_ashr_i32 s11, s10, 31",4,16,0,0,""
20,6468,"s_cmp_gt_i32 s11, -1",4,16,0,0,""
20,6472,"s_cselect_b64 s[34:35], -1, 0",4,16,0,0,""
20,6476,"s_lshl_b64 s[12:13], s[2:3], 14",4,16,0,0,""
20,6480,"s_lshl_b64 s[8:9], s[10:11], 19",4,16,0,0,""
20,6484,"s_add_u32 s8, s6, s8",4,16,0,0,""
20,6488,"v_bfe_u32 v18, v0, 4, 2",4,36,20,0,""
20,6496,"v_and_b32_e32 v16, 48, v2",4,36,20,0,""
20,6500,"s_addc_u32 s6, s7, s9",4,16,0,0,""
20,6504,"v_lshlrev_b64 v[2:3], 7, v[14:15]",4,20,4,0,""
20,6512,"v_lshl_or_b32 v12, v18, 2, v16",4,76,60,0,""
20,6520,"s_and_b32 s9, s6, 0xffff",4,16,0,0,""
20,6528,"v_lshl_add_u64 v[2:3], v[2:3], 0, s[12:13]",4,88,72,0,""
20,6536,"v_mov_b32_e32 v1, 0",4,16,0,0,""
20,6540,"v_lshrrev_b32_e32 v10, 4, v0",4,16,0,0,""
20,6544,"s_mov_b32 s14, -1",4,16,0,0,""
20,6548,"s_cmp_lt_i32 s11, 0",4,16,0,0,""
20,6552,"s_mov_b32 s15, 0x27000",4,16,0,0,""
20,6560,"v_or_b32_e32 v11, v2, v12",4,96,80,0,""
20,6564,"s_cbranch_scc1 24",4,16,0,0,""
20,6568,"v_lshlrev_b32_e32 v4, 1, v11",4,20,4,0,""
20,6572,"s_mov_b32 s10, s14",4,16,0,0,""
20,6576,"s_mov_b32 s11, s15",4,16,0,0,""
20,6580,"buffer_load_dwordx2 v[2:3], v4, s[8:11], 0 offen",4,36,20,16,""
20,6588,"v_or_b32_e32 v4, 0x80, v4",4,20,0,0,""
20,6596,"buffer_load_dwordx2 v[20:21], v4, s[8:11], 0 offen",4,28,8,28,""
20,6604,"s_waitcnt vmcnt(1)",4,5676,5676,0,""
20,6608,"v_and_b32_e32 v9, 0xffff0000, v3",4,16,0,0,""
20,6616,"v_lshlrev_b32_e32 v8, 16, v3",4,16,0,0,""
20,6620,"v_and_b32_e32 v7, 0xffff0000, v2",4,16,0,0,""
20,6628,"v_lshlrev_b32_e32 v6, 16, v2",4,16,0,0,""
20,6632,"s_waitcnt vmcnt(0)",4,832,832,0,""
20,6636,"v_and_b32_e32 v5, 0xffff0000, v21",4,16,0,0,""
20,6644,"v_lshlrev_b32_e32 v4, 16, v21",4,16,0,0,""
20,6648,"v_and_b32_e32 v3, 0xffff0000, v20",4,16,0,0,""
20,6656,"v_lshlrev_b32_e32 v2, 16, v20",4,16,0,0,""
20,6660,"s_branch 6",4,16,0,0,""
20,6664,"v_mov_b32_e32 v6, v1",0,0,0,0,""
20,6668,"v_mov_b32_e32 v7, v1",0,0,0,0,""
20,6672,"v_mov_b32_e32 v8, v1",0,0,0,0,""
20,6676,"v_mov_b32_e32 v9, v1",0,0,0,0,""
20,6680,"v_mov_b64_e32 v[2:3], v[6:7]",0,0,0,0,""
20,6684,"v_mov_b64_e32 v[4:5], v[8:9]",0,0,0,0,""
20,6688,"s_load_dwordx2 s[12:13], s[0:1], 0x0",4,16,0,64,""
20,6696,"s_load_dwordx2 s[16:17], s[0:1], 0x30",4,16,0,0,""
20,6704,"s_load_dwordx2 s[20:21], s[0:1], 0x60",4,16,0,0,""
20,6712,"s_load_dwordx2 s[6:7], s[0:1], 0x90",4,16,0,0,""
20,6720,"s_load_dwordx2 s[24:25], s[0:1], 0x128",4,16,0,0,""
20,6728,"s_load_dwordx2 s[28:29], s[0:1], 0x168",4,16,0,0,""
20,6736,"s_ashr_i32 s0, s2, 31",4,16,0,0,""
20,6740,"s_lshr_b32 s0, s0, 30",4,16,0,0,""
20,6744,"s_add_i32 s0, s2, s0",4,16,0,0,""
20,6748,"s_ashr_i32 s0, s0, 2",4,16,0,0,""
20,6752,"v_lshlrev_b32_e32 v20, 4, v12",4,16,0,0,""
20,6756,"v_mov_b32_e32 v21, v1",4,16,0,0,""
20,6760,"s_ashr_i32 s1, s0, 31",4,16,0,0,""
20,6764,"v_lshl_add_u64 v[20:21], v[20:21], 0, s[2:3]",4,16,0,0,""
20,6772,"s_waitcnt lgkmcnt(0)",4,1224,1224,0,""
20,6776,"s_and_b32 s13, s13, 0xffff",4,16,0,0,""
20,6784,"s_and_b32 s17, s17, 0xffff",4,16,0,0,""
20,6792,"s_and_b32 s21, s21, 0xffff",4,16,0,0,""
20,6800,"s_and_b32 s25, s25, 0xffff",4,16,0,0,""
20,6808,"s_and_b32 s29, s29, 0xffff",4,16,0,0,""
20,6816,"s_lshl_b64 s[10:11], s[0:1], 2",4,16,0,0,""
20,6820,"v_lshl_add_u32 v1, v20, 7, s4",4,52,36,0,""
20,6828,"s_cmp_lg_u64 s[10:11], s[2:3]",4,16,0,0,""
20,6832,"v_or_b32_e32 v15, v1, v42",4,16,0,0,""
20,6836,"v_add_u32_e32 v19, 0x800, v1",4,16,0,0,""
20,6844,"v_add_u32_e32 v22, 0x1000, v1",4,20,4,0,""
20,6852,"v_add_u32_e32 v23, 0x1800, v1",4,36,20,0,""
20,6860,"v_add_u32_e32 v24, 0x20000, v1",4,76,60,0,""
20,6868,"v_add_u32_e32 v25, 0x20800, v1",4,84,68,0,""
20,6876,"v_add_u32_e32 v26, 0x21000, v1",4,36,20,4,""
20,6884,"v_add_u32_e32 v1, 0x21800, v1",4,40,24,0,""
20,6892,"s_mov_b32 s22, s14",4,16,0,0,""
20,6896,"s_mov_b32 s23, s15",4,16,0,0,""
20,6900,"s_cselect_b64 s[10:11], -1, 0",4,16,0,0,""
20,6904,"v_lshlrev_b32_e32 v15, 1, v15",4,64,48,0,""
20,6908,"v_or_b32_e32 v19, v19, v42",4,16,0,0,""
20,6912,"v_or_b32_e32 v22, v22, v42",4,16,0,0,""
20,6916,"v_or_b32_e32 v23, v23, v42",4,16,0,0,""
20,6920,"v_or_b32_e32 v24, v24, v42",4,16,0,0,""
20,6924,"v_or_b32_e32 v25, v25, v42",4,16,0,0,""
20,6928,"v_or_b32_e32 v26, v26, v42",4,16,0,0,""
20,6932,"v_or_b32_e32 v1, v1, v42",4,16,0,0,""
20,6936,"s_cmp_lt_i32 s2, 0",4,16,0,0,""
20,6940,"v_lshlrev_b32_e32 v19, 1, v19",4,16,0,0,""
20,6944,"v_lshlrev_b32_e32 v22, 1, v22",4,16,0,0,""
20,6948,"v_lshlrev_b32_e32 v23, 1, v23",4,16,0,0,""
20,6952,"v_lshlrev_b32_e32 v24, 1, v24",4,16,0,0,""
20,6956,"v_lshlrev_b32_e32 v25, 1, v25",4,16,0,0,""
20,6960,"v_lshlrev_b32_e32 v26, 1, v26",4,16,0,0,""
20,6964,"v_lshlrev_b32_e32 v1, 1, v1",4,16,0,0,""
20,6968,"buffer_load_ushort v27, v15, s[20:23], 0 offen",4,140,124,32,""
20,6976,"buffer_load_ushort v28, v19, s[20:23], 0 offen",4,16,0,0,""
20,6984,"buffer_load_ushort v29, v22, s[20:23], 0 offen",4,16,0,0,""
20,6992,"buffer_load_ushort v30, v23, s[20:23], 0 offen",4,20,0,0,""
20,7000,"buffer_load_ushort v31, v24, s[20:23], 0 offen",4,452,436,0,""
20,7008,"buffer_load_ushort v32, v25, s[20:23], 0 offen",4,1540,1524,0,""
20,7016,"buffer_load_ushort v34, v26, s[20:23], 0 offen",4,16,0,0,""
20,7024,"buffer_load_ushort v35, v1, s[20:23], 0 offen",4,16,0,0,""
20,7032,"s_cselect_b64 s[22:23], -1, 0",4,16,0,0,""
20,7036,"s_and_b64 s[10:11], s[22:23], s[10:11]",4,16,0,0,""
20,7040,"s_and_b64 s[10:11], s[10:11], exec",4,16,0,0,""
20,7044,"s_cselect_b64 s[10:11], 1, 0",4,16,0,0,""
20,7048,"s_sub_u32 s0, s0, s10",4,16,0,0,""
20,7052,"s_subb_u32 s1, s1, s11",4,16,0,0,""
20,7056,"v_lshlrev_b32_e32 v13, 3, v0",4,48,32,0,""
20,7060,"s_lshl_b64 s[22:23], s[0:1], 7",4,16,0,0,""
20,7064,"v_and_b32_e32 v17, 0x78, v13",4,44,28,0,""
20,7072,"v_lshl_add_u32 v1, v10, 9, s22",4,20,4,0,""
20,7080,"v_or_b32_e32 v1, v1, v17",4,28,12,0,""
20,7084,"v_lshlrev_b32_e32 v1, 1, v1",4,16,0,0,""
20,7088,"v_add_u32_e32 v15, 0x4000, v1",4,20,4,0,""
20,7096,"buffer_load_dwordx4 v[66:69], v1, s[12:15], 0 offen",4,16,0,32,""
20,7104,"buffer_load_dwordx4 v[58:61], v15, s[12:15], 0 offen",4,20,0,0,""
20,7112,"v_add_u32_e32 v15, 0x8000, v1",4,80,64,0,""
20,7120,"v_add_u32_e32 v1, 0xc000, v1",4,48,32,0,""
20,7128,"v_or_b32_e32 v16, v16, v42",4,16,0,0,""
20,7132,"buffer_load_dwordx4 v[62:65], v15, s[12:15], 0 offen",4,16,0,32,""
20,7140,"buffer_load_dwordx4 v[54:57], v1, s[12:15], 0 offen",4,992,976,0,""
20,7148,"v_lshlrev_b32_e32 v1, 11, v16",4,52,36,0,""
20,7152,"s_lshl_b64 s[26:27], s[2:3], 7",4,16,0,0,""
20,7156,"v_add_u32_e32 v15, s26, v1",4,20,4,0,""
20,7160,"v_lshlrev_b32_e32 v44, 3, v18",4,16,0,0,""
20,7164,"s_lshl_b64 s[10:11], s[2:3], 2",4,16,0,0,""
20,7168,"v_or_b32_e32 v15, v15, v44",4,16,0,0,""
20,7172,"s_add_u32 s10, s6, s10",4,16,0,0,""
20,7176,"s_mov_b32 s18, s14",4,16,0,0,""
20,7180,"s_mov_b32 s19, s15",4,16,0,0,""
20,7184,"v_lshlrev_b32_e32 v15, 1, v15",4,16,0,0,""
20,7188,"s_addc_u32 s11, s7, s11",4,16,0,0,""
20,7192,"s_addk_i32 s0, 0x100",4,16,0,0,""
20,7196,"buffer_load_dwordx4 v[78:81], v15, s[16:19], 0 offen",4,3240,3220,16,""
20,7204,"buffer_load_dwordx4 v[74:77], v15, s[16:19], 0 offen offset:64",4,64,44,0,""
20,7212,"buffer_load_dwordx4 v[70:73], v15, s[16:19], 0 offen offset:128",4,724,704,0,""
20,7220,"buffer_load_dwordx4 v[82:85], v15, s[16:19], 0 offen offset:192",4,76,60,0,""
20,7228,"v_lshl_add_u64 v[18:19], v[20:21], 2, s[6:7]",4,16,0,0,""
20,7236,"v_lshl_add_u32 v15, v10, 2, s0",4,16,0,0,""
20,7244,"v_lshlrev_b32_e32 v20, 1, v17",4,16,0,0,""
20,7248,"v_lshl_or_b32 v15, v15, 8, v20",4,16,0,0,""
20,7256,"v_add_u32_e32 v20, 0x4000, v15",4,16,0,0,""
20,7264,"s_movk_i32 s1, 0x1000",4,20,0,0,""
20,7268,"buffer_load_dwordx4 v[86:89], v15, s[12:15], 0 offen",4,2816,2796,12,""
20,7276,"buffer_load_dwordx4 v[90:93], v20, s[12:15], 0 offen",4,124,108,0,""
20,7284,"v_add_u32_e32 v20, 0x8000, v15",4,16,0,0,""
20,7292,"v_add_u32_e32 v15, 0xc000, v15",4,24,0,0,""
20,7300,"buffer_load_dwordx4 v[94:97], v20, s[12:15], 0 offen",4,828,808,24,""
20,7308,"buffer_load_dwordx4 v[98:101], v15, s[12:15], 0 offen",4,108,92,0,""
20,7316,"v_add_co_u32_e32 v20, vcc, s1, v18",4,16,0,0,""
20,7320,"s_add_i32 s0, s26, 0x20000",4,16,0,64,""
20,7328,"s_nop 0",4,16,16,0,""
20,7332,"v_addc_co_u32_e32 v21, vcc, 0, v19, vcc",4,16,0,0,""
20,7336,"global_load_dword v40, v[18:19], off",4,1152,1132,32,""
20,7344,"global_load_dword v41, v[18:19], off offset:64",4,40,20,0,""
20,7352,"global_load_dword v38, v[18:19], off offset:128",4,40,20,0,""
20,7360,"global_load_dword v39, v[18:19], off offset:192",4,40,20,0,""
20,7368,"global_load_dword v53, v[20:21], off",4,36,20,0,""
20,7376,"global_load_dword v132, v[20:21], off offset:64",4,28,12,0,""
20,7384,"global_load_dword v133, v[20:21], off offset:128",4,28,12,0,""
20,7392,"global_load_dword v134, v[20:21], off offset:192",4,496,480,0,""
20,7400,"v_add_u32_e32 v1, s0, v1",4,20,0,0,""
20,7404,"v_or_b32_e32 v1, v1, v44",4,24,8,0,""
20,7408,"v_lshlrev_b32_e32 v1, 1, v1",4,16,0,0,""
20,7412,"buffer_load_dwordx4 v[102:105], v1, s[16:19], 0 offen",4,1352,1336,32,""
20,7420,"buffer_load_dwordx4 v[106:109], v1, s[16:19], 0 offen offset:64",4,652,636,0,""
20,7428,"buffer_load_dwordx4 v[110:113], v1, s[16:19], 0 offen offset:128",4,88,72,0,""
20,7436,"buffer_load_dwordx4 v[114:117], v1, s[16:19], 0 offen offset:192",4,112,96,0,""
20,7444,"s_mov_b32 s3, 0x5040100",4,16,0,0,""
20,7452,"v_or_b32_e32 v1, 64, v12",4,16,0,0,""
20,7456,"v_lshlrev_b32_e32 v23, 7, v42",4,28,12,0,""
20,7460,"v_mov_b32_e32 v25, 0x8000",4,20,4,0,""
20,7468,"v_or_b32_e32 v21, 64, v44",4,16,0,0,""
20,7472,"s_add_u32 s4, s4, s26",4,16,0,0,""
20,7476,"v_lshlrev_b32_e32 v45, 5, v0",4,48,32,0,""
20,7480,"s_load_dword s0, s[10:11], 0xfc0",4,16,0,0,""
20,7488,"s_load_dword s1, s[10:11], 0x1fc0",4,16,0,0,""
20,7496,"v_and_b32_e32 v45, 0x180, v45",4,16,0,0,""
20,7504,"s_addc_u32 s5, s5, s27",4,16,0,0,""
20,7508,"v_or_b32_e32 v18, 16, v10",4,16,0,0,""
20,7512,"v_or_b32_e32 v20, 32, v10",4,16,0,0,""
20,7516,"v_or_b32_e32 v22, 48, v10",4,32,16,0,""
20,7520,"v_or_b32_e32 v24, 1, v12",4,16,0,0,""
20,7524,"v_or_b32_e32 v26, 2, v12",4,16,0,0,""
20,7528,"s_mov_b64 s[36:37], 0",4,16,0,0,""
20,7532,"s_mov_b32 s38, 0x3fb8aa3b",4,16,0,0,""
20,7540,"s_mov_b32 s23, s15",4,16,0,0,""
20,7544,"s_mov_b32 s27, s15",4,16,0,0,""
20,7548,"s_mov_b32 s30, s14",4,16,0,0,""
20,7552,"s_mov_b32 s31, s15",4,16,0,0,""
20,7556,"s_waitcnt vmcnt(30)",4,16,16,0,""
20,7560,"v_perm_b32 v43, v28, v27, s3",4,16,0,0,""
20,7568,"v_or_b32_e32 v27, 0x60, v44",4,40,24,0,""
20,7576,"s_waitcnt vmcnt(28)",4,16,16,0,""
20,7580,"v_perm_b32 v52, v30, v29, s3",4,20,4,0,""
20,7588,"v_and_b32_e32 v29, 56, v13",4,16,0,0,""
20,7592,"v_bitop3_b32 v1, v1, v23, v29 bitop3:0xde",4,16,0,0,""
20,7600,"v_lshl_or_b32 v15, v1, 1, v25",4,16,0,0,""
20,7608,"v_and_b32_e32 v1, 48, v0",4,16,0,0,""
20,7612,"v_xor_b32_e32 v1, v17, v1",4,16,0,0,""
20,7616,"v_lshl_or_b32 v36, v10, 7, v1",4,16,0,0,""
20,7624,"v_bitop3_b32 v1, v44, v23, v29 bitop3:0xde",4,16,0,0,""
20,7632,"v_or_b32_e32 v30, s22, v17",4,16,0,0,""
20,7636,"v_lshl_or_b32 v17, v1, 1, v25",4,16,0,0,""
20,7644,"v_or_b32_e32 v1, 32, v44",4,16,0,0,""
20,7648,"v_bitop3_b32 v13, v12, v23, v29 bitop3:0xde",4,16,0,0,""
20,7656,"v_bitop3_b32 v19, v1, v23, v29 bitop3:0xde",4,16,0,0,""
20,7664,"v_bitop3_b32 v21, v21, v23, v29 bitop3:0xde",4,16,0,0,""
20,7672,"v_bitop3_b32 v23, v27, v23, v29 bitop3:0xde",4,16,0,0,""
20,7680,"v_lshlrev_b32_e32 v27, 6, v0",4,16,0,0,""
20,7684,"v_lshl_or_b32 v27, v0, 2, v27",4,16,0,0,""
20,7692,"v_lshrrev_b32_e32 v0, 2, v0",4,16,0,0,""
20,7696,"s_waitcnt vmcnt(24)",4,16,16,0,""
20,7700,"v_perm_b32 v37, v35, v34, s3",4,16,0,0,""
20,7708,"v_or_b32_e32 v34, s4, v42",4,16,0,0,""
20,7712,"v_and_b32_e32 v0, 48, v0",4,16,0,0,""
20,7716,"s_movk_i32 s4, 0xc0c",4,16,0,0,""
20,7720,"v_perm_b32 v33, v32, v31, s3",4,16,0,0,""
20,7728,"v_lshlrev_b32_e32 v31, 6, v42",4,16,0,0,""
20,7732,"v_and_or_b32 v0, v27, s4, v0",4,16,0,0,""
20,7740,"v_lshrrev_b32_e32 v27, 3, v45",4,20,4,0,""
20,7744,"v_mov_b32_e32 v42, 0x9000",4,20,4,0,""
20,7752,"v_bitop3_b32 v45, v0, v27, v45 bitop3:0x36",4,16,0,0,""
20,7760,"v_bitop3_b32 v0, v44, v31, v29 bitop3:0xde",4,16,0,0,""
20,7768,"v_mov_b32_e32 v35, s5",4,16,0,0,""
20,7772,"v_lshl_or_b32 v27, v0, 1, v42",4,16,0,0,""
20,7780,"v_bitop3_b32 v0, v1, v31, v29 bitop3:0xde",4,16,0,0,""
20,7788,"v_lshl_or_b32 v13, v13, 1, v25",4,16,0,0,""
20,7796,"v_lshl_add_u32 v19, v19, 1, v25",4,16,0,0,""
20,7804,"v_lshl_add_u32 v21, v21, 1, v25",4,16,0,16,""
20,7812,"v_lshl_add_u32 v23, v23, 1, v25",4,16,0,0,""
20,7820,"v_bitop3_b32 v25, v12, v31, v29 bitop3:0xde",4,16,0,0,""
20,7828,"v_lshl_add_u32 v29, v0, 1, v42",4,16,0,0,""
20,7836,"v_lshlrev_b64 v[0:1], 7, v[34:35]",4,16,0,16,""
20,7844,"v_or_b32_e32 v28, 3, v12",4,16,0,0,""
20,7848,"v_or_b32_e32 v32, s26, v44",4,16,0,0,""
20,7852,"v_lshl_or_b32 v25, v25, 1, v42",4,16,0,0,""
20,7860,"v_lshlrev_b32_e32 v1, 1, v45",4,16,0,0,""
20,7864,"s_waitcnt lgkmcnt(0)",4,812,812,0,""
20,7868,"v_mov_b32_e32 v35, s1",4,28,12,0,""
20,7872,"v_mov_b32_e32 v42, s0",4,16,0,0,""
20,7876,"v_mov_b32_e32 v31, 0xff800000",4,24,8,0,""
20,7884,"s_mov_b32 s22, s14",4,16,0,0,""
20,7888,"s_mov_b32 s26, s14",4,16,0,0,""
20,7892,"s_lshl_b32 s4, s36, 6",2048,8272,0,32596,""
20,7896,"s_waitcnt vmcnt(15)",2048,9560,9560,0,""
20,7900,"v_mov_b64_e32 v[142:143], v[88:89]",2048,8464,256,0,""
20,7904,"v_mov_b64_e32 v[144:145], v[86:87]",2048,9236,1044,8108,""
20,7908,"s_waitcnt vmcnt(14)",2048,8200,8200,0,""
20,7912,"v_mov_b64_e32 v[148:149], v[90:91]",2048,9076,884,0,""
20,7916,"s_lshl_b32 s0, s36, 13",2048,8200,0,0,""
20,7920,"v_lshl_add_u32 v90, s36, 18, v0",2048,10652,2460,0,""
20,7928,"v_mul_f32_e32 v91, 0x3fb8aa3b, v42",2048,9744,1552,0,""
20,7936,"s_waitcnt vmcnt(10)",2048,8960,8960,0,""
20,7940,"v_pk_add_f32 v[86:87], v[42:43], v[40:41] op_sel_hi:[0,1] neg_lo:[0,1] neg_hi:[0,1]",2048,10196,2004,0,""
20,7948,"s_waitcnt vmcnt(8)",2048,8192,8192,0,""
20,7952,"v_pk_add_f32 v[88:89], v[42:43], v[38:39] op_sel_hi:[0,1] neg_lo:[0,1] neg_hi:[0,1]",2048,9172,980,0,""
20,7960,"s_add_i32 s39, s4, 0x80",2048,8192,0,0,""
20,7968,"v_mov_b64_e32 v[146:147], v[92:93]",2048,9716,1520,0,""
20,7972,"v_and_b32_e32 v45, 0xffff0000, v52",2048,12024,3832,0,""
20,7980,"v_lshlrev_b32_e32 v44, 16, v52",2048,11776,3584,0,""
20,7984,"v_and_b32_e32 v47, 0xffff0000, v43",2048,11148,2952,0,""
20,7992,"v_lshlrev_b32_e32 v46, 16, v43",2048,9640,1440,0,""
20,7996,"v_mov_b32_e32 v43, v33",2048,9128,932,0,""
20,8000,"v_mov_b32_e32 v52, v37",2048,8752,560,0,""
20,8004,"s_waitcnt vmcnt(7)",2048,10768,10768,0,""
20,8008,"v_mov_b32_e32 v40, v53",2048,9960,1768,0,""
20,8012,"s_waitcnt vmcnt(6)",2048,38208,38208,0,""
20,8016,"v_mov_b32_e32 v41, v132",2048,9980,1788,0,""
20,8020,"s_and_b32 s33, s0, 0x2000",2048,8192,0,0,""
20,8028,"v_or_b32_e32 v33, v90, v12",2048,9188,996,0,""
20,8032,"v_exp_f32_e32 v132, v91",2048,16424,104,0,""
20,8036,"v_or_b32_e32 v37, s4, v12",2048,8260,68,64,""
20,8040,"v_or_b32_e32 v53, s4, v24",2048,8236,44,0,""
20,8044,"v_pk_mul_f32 v[90:91], v[86:87], s[38:39] op_sel_hi:[1,0]",2048,8424,232,0,""
20,8052,"v_cmp_ge_f32_e32 vcc, 0, v86",2048,8416,224,0,""
20,8056,"v_cmp_ge_f32_e64 s[0:1], 0, v87",2048,8264,72,0,""
20,8064,"v_or_b32_e32 v92, s4, v26",2048,8244,52,0,""
20,8068,"v_or_b32_e32 v93, s4, v28",2048,8192,0,0,""
20,8072,"v_pk_mul_f32 v[86:87], v[88:89], s[38:39] op_sel_hi:[1,0]",2048,8228,36,0,""
20,8080,"v_cmp_ge_f32_e64 s[4:5], 0, v88",2048,8336,144,0,""
20,8088,"v_cmp_ge_f32_e64 s[6:7], 0, v89",2048,8216,24,0,""
20,8096,"s_and_b32 s39, s39, 0x7fc0",2048,8192,0,32768,""
20,8104,"v_mov_b64_e32 v[152:153], v[94:95]",2048,8200,8,0,""
20,8108,"v_mov_b32_e32 v42, v35",2048,8384,192,0,""
20,8112,"v_or_b32_e32 v35, s33, v36",2048,8308,116,0,""
20,8116,"v_cndmask_b32_e64 v88, v31, v91, s[0:1]",2048,8268,76,0,""
20,8124,"v_cndmask_b32_e32 v89, v31, v90, vcc",2048,8244,52,0,""
20,8128,"v_lshlrev_b32_e32 v90, 11, v92",2048,8204,12,0,""
20,8132,"v_lshlrev_b32_e32 v91, 11, v93",2048,8272,80,0,""
20,8136,"v_cndmask_b32_e64 v87, v31, v87, s[6:7]",2048,8192,0,0,""
20,8144,"v_cndmask_b32_e64 v86, v31, v86, s[4:5]",2048,8252,60,0,""
20,8152,"v_or_b32_e32 v92, s39, v10",2048,8488,296,0,""
20,8156,"v_or_b32_e32 v93, s39, v18",2048,8200,8,0,""
20,8160,"v_or_b32_e32 v94, s39, v20",2048,8216,24,0,""
20,8164,"v_or_b32_e32 v95, s39, v22",2048,8192,0,0,""
20,8168,"v_mov_b64_e32 v[150:151], v[96:97]",2048,8344,152,0,""
20,8172,"s_waitcnt vmcnt(4)",2048,13296,13296,0,""
20,8176,"v_mov_b32_e32 v39, v134",2048,8376,184,0,""
20,8180,"v_or_b32_e32 v96, s39, v16",2048,8220,28,0,""
20,8184,"v_or_b32_e32 v97, s39, v12",2048,8196,4,0,""
20,8188,"s_lshl_b32 s0, s39, 6",2048,8192,0,0,""
20,8192,"v_lshlrev_b32_e32 v35, 1, v35",2048,8288,96,384,""
20,8196,"v_exp_f32_e32 v134, v89",2048,16364,44,0,""
20,8200,"v_exp_f32_e32 v135, v88",2048,16320,0,64,""
20,8204,"v_exp_f32_e32 v136, v86",2048,16324,0,64,""
20,8208,"v_exp_f32_e32 v137, v87",2048,16440,128,60,""
20,8212,"v_lshlrev_b32_e32 v86, 9, v92",2048,8272,80,72,""
20,8216,"v_lshlrev_b32_e32 v87, 9, v93",2048,8224,32,0,""
20,8220,"v_lshlrev_b32_e32 v88, 9, v94",2048,8192,0,0,""
20,8224,"v_lshlrev_b32_e32 v89, 9, v95",2048,8192,0,0,""
20,8228,"v_add_lshl_u32 v139, v34, v90, 1",2048,8192,0,0,""
20,8236,"v_add_lshl_u32 v140, v34, v91, 1",2048,8204,12,0,""
20,8244,"v_lshlrev_b32_e32 v90, 11, v96",2048,8192,0,0,""
20,8248,"v_lshlrev_b32_e32 v91, 4, v97",2048,8192,0,0,""
20,8252,"v_lshlrev_b32_e32 v92, 6, v97",2048,8224,32,0,""
20,8256,"v_mov_b32_e32 v93, s0",2048,8192,0,0,""
20,8260,"ds_write_b128 v35, v[66:69]",2048,41908,1048,16384,""
20,8268,"ds_write_b128 v35, v[58:61] offset:4096",2048,41840,1020,100,""
20,8276,"ds_write_b128 v35, v[62:65] offset:8192",2048,65572,24756,140,""
20,8284,"ds_write_b128 v35, v[54:57] offset:12288",2048,43904,3084,144,""
20,8292,"v_mov_b64_e32 v[54:55], v[98:99]",2048,11124,2916,152,""
20,8296,"v_add_lshl_u32 v94, v86, v30, 1",2048,10168,1960,0,""
20,8304,"v_add_lshl_u32 v95, v87, v30, 1",2048,10080,1876,0,""
20,8312,"v_add_lshl_u32 v96, v88, v30, 1",2048,10080,1884,0,""
20,8320,"v_add_lshl_u32 v98, v89, v30, 1",2048,11140,2948,0,""
20,8328,"s_waitcnt vmcnt(3)",2048,10492,10492,0,""
20,8332,"v_mov_b64_e32 v[126:127], v[104:105]",2048,9988,1796,0,""
20,8336,"v_mov_b64_e32 v[154:155], v[102:103]",2048,9636,1444,0,""
20,8340,"s_waitcnt vmcnt(2)",2048,8196,8196,0,""
20,8344,"v_mov_b64_e32 v[124:125], v[108:109]",2048,10952,2756,0,""
20,8348,"v_mov_b64_e32 v[130:131], v[106:107]",2048,9816,1624,0,""
20,8352,"s_waitcnt vmcnt(1)",2048,8244,8244,0,""
20,8356,"v_mov_b64_e32 v[128:129], v[110:111]",2048,11764,3572,0,""
20,8360,"v_mov_b64_e32 v[56:57], v[100:101]",2048,9544,1352,0,""
20,8364,"v_mov_b64_e32 v[66:67], v[144:145]",2048,9464,1272,0,""
20,8368,"v_add_lshl_u32 v110, v90, v32, 1",2048,9572,1380,0,""
20,8376,"v_add_lshl_u32 v111, v91, s2, 7",2048,9008,732,0,""
20,8384,"global_load_dword v145, v92, s[10:11]",2048,56916,47696,16300,""
20,8392,"global_load_dword v156, v92, s[10:11] offset:64",2048,16040,6696,0,""
20,8400,"global_load_dword v157, v92, s[10:11] offset:128",2048,16884,7400,0,""
20,8408,"global_load_dword v158, v92, s[10:11] offset:192",2048,16992,7404,0,""
20,8416,"global_load_dword v35, v93, s[10:11] offset:4032",2048,18056,7992,0,""
20,8424,"buffer_load_dwordx4 v[86:89], v94, s[12:15], 0 offen",2048,61496,53304,0,""
20,8432,"s_nop 0",2048,8192,8192,0,""
20,8436,"buffer_load_dwordx4 v[90:93], v95, s[12:15], 0 offen",2048,35524,27332,0,""
20,8444,"s_nop 0",2048,8192,8192,0,""
20,8448,"buffer_load_dwordx4 v[94:97], v96, s[12:15], 0 offen",2048,30844,22652,0,""
20,8456,"s_nop 0",2048,8192,8192,0,""
20,8460,"buffer_load_dwordx4 v[98:101], v98, s[12:15], 0 offen",2048,25472,17280,0,""
20,8468,"s_nop 0",2048,8192,8192,0,""
20,8472,"buffer_load_dwordx4 v[102:105], v110, s[16:19], 0 offen",2048,34396,24992,0,""
20,8480,"buffer_load_dwordx4 v[106:109], v110, s[16:19], 0 offen offset:64",2048,18608,10304,0,""
20,8488,"v_add_lshl_u32 v141, v111, v14, 1",2048,12508,4132,0,""
20,8496,"v_mov_b64_e32 v[68:69], v[142:143]",2048,11856,3572,0,""
20,8500,"v_add_u32_e32 v142, 0x1000, v141",2048,11164,2940,0,""
20,8508,"v_add_u32_e32 v143, 0x2000, v141",2048,11252,3048,0,""
20,8516,"v_add_u32_e32 v144, 0x3000, v141",2048,9644,1452,0,""
20,8524,"s_waitcnt vmcnt(11)",2048,8192,8192,0,""
20,8528,"v_mov_b64_e32 v[122:123], v[114:115]",2048,11476,3284,0,""
20,8532,"v_or_b32_e32 v114, 0xc0, v110",2048,10568,2336,0,""
20,8540,"buffer_load_ushort v141, v141, s[20:23], 0 offen",2048,81980,73788,16344,""
20,8548,"s_nop 0",2048,8192,8192,0,""
20,8552,"buffer_load_ushort v142, v142, s[20:23], 0 offen",2048,78304,70112,0,""
20,8560,"s_nop 0",2048,8192,8192,0,""
20,8564,"buffer_load_ushort v143, v143, s[20:23], 0 offen",2048,84848,76656,0,""
20,8572,"s_nop 0",2048,8192,8192,0,""
20,8576,"buffer_load_ushort v144, v144, s[20:23], 0 offen",2048,143292,135012,0,""
20,8584,"v_mov_b64_e32 v[120:121], v[112:113]",2048,13316,5024,0,""
20,8588,"v_mov_b64_e32 v[118:119], v[116:117]",2048,10892,1432,0,""
20,8592,"buffer_load_dwordx4 v[110:113], v110, s[16:19], 0 offen offset:128",2048,211988,203796,15116,""
20,8600,"s_nop 0",2048,8192,8192,0,""
20,8604,"buffer_load_dwordx4 v[114:117], v114, s[16:19], 0 offen",2048,213296,205012,0,""
20,8612,"v_cvt_pk_bf16_f32 v49, v8, v9",2048,9472,1120,0,""
20,8620,"v_cvt_pk_bf16_f32 v48, v6, v7",2048,10016,1736,0,""
20,8628,"v_cvt_pk_bf16_f32 v51, v4, v5",2048,10144,1912,0,""
20,8636,"v_cvt_pk_bf16_f32 v50, v2, v3",2048,9716,1516,6796,""
20,8644,"v_lshlrev_b32_e32 v33, 1, v33",2048,8940,672,0,""
20,8648,"ds_write_b64 v13, v[48:49]",2048,24284,268,16308,""
20,8656,"ds_write_b64 v15, v[50:51]",2048,24220,56,560,""
20,8664,"v_or_b32_e32 v138, 0x80, v33",2048,9500,1232,420,""
20,8672,"v_mov_b64_e32 v[58:59], v[148:149]",2048,9156,944,0,""
20,8676,"v_mov_b64_e32 v[60:61], v[146:147]",2048,9296,1020,0,""
20,8680,"buffer_store_dwordx2 v[48:49], v33, s[24:27], 0 offen",2048,188228,177980,16300,""
20,8688,"buffer_store_dwordx2 v[50:51], v138, s[24:27], 0 offen",2048,64860,56124,0,""
20,8696,"s_waitcnt lgkmcnt(0)",2048,13964,13964,0,""
20,8700,"s_barrier",2048,1000760,1000760,0,""
20,8704,"ds_read_b128 v[48:51], v17",2048,10516,2260,0,""
20,8712,"ds_read_b128 v[146:149], v19",2048,16384,8128,0,""
20,8720,"s_waitcnt lgkmcnt(1)",2048,106432,106432,0,""
20,8724,"v_mfma_f32_16x16x32_bf16 v[48:51], v[78:81], v[48:51], 0",2048,11844,3580,0,""
20,8732,"v_mov_b64_e32 v[62:63], v[152:153]",2048,20692,12484,0,""
20,8736,"v_mov_b64_e32 v[64:65], v[150:151]",2048,15012,6804,0,""
20,8740,"ds_read_b128 v[150:153], v21",2048,9812,1620,16368,""
20,8748,"s_waitcnt lgkmcnt(1)",2048,8192,8192,0,""
20,8752,"v_mfma_f32_16x16x32_bf16 v[48:51], v[74:77], v[146:149], v[48:51]",2048,15920,7716,0,""
20,8760,"ds_read_b128 v[146:149], v23",2048,16388,8184,0,""
20,8768,"v_lshlrev_b32_e32 v37, 11, v37",2048,16520,8328,0,""
20,8772,"v_mov_b32_e32 v38, v133",2048,17044,8848,0,""
20,8776,"s_waitcnt lgkmcnt(1)",2048,42480,42480,0,""
20,8780,"v_mfma_f32_16x16x32_bf16 v[48:51], v[70:73], v[150:153], v[48:51]",2048,20648,12452,0,""
20,8788,"v_lshlrev_b32_e32 v53, 11, v53",2048,21696,13504,0,""
20,8792,"v_lshl_or_b32 v133, s33, 1, v1",2048,13176,4984,0,""
20,8800,"v_add_lshl_u32 v37, v34, v37, 1",2048,12772,4580,0,""
20,8808,"s_waitcnt lgkmcnt(0)",2048,9600,9600,0,""
20,8812,"v_mfma_f32_16x16x32_bf16 v[48:51], v[82:85], v[146:149], v[48:51]",2048,10272,2080,0,""
20,8820,"v_add_lshl_u32 v53, v34, v53, 1",2048,17352,9160,0,""
20,8828,"v_mov_b64_e32 v[74:75], v[130:131]",2048,8496,304,0,""
20,8832,"v_mov_b64_e32 v[76:77], v[124:125]",2048,8412,220,0,""
20,8836,"v_mov_b64_e32 v[70:71], v[128:129]",2048,8408,216,0,""
20,8840,"v_mov_b64_e32 v[80:81], v[126:127]",2048,8192,0,0,""
20,8844,"s_nop 2",2048,24576,24576,0,""
20,8848,"v_pk_add_f32 v[46:47], v[46:47], v[48:49] neg_lo:[0,1] neg_hi:[0,1]",2048,8192,0,0,""
20,8856,"v_pk_add_f32 v[44:45], v[44:45], v[50:51] neg_lo:[0,1] neg_hi:[0,1]",2048,8192,0,0,""
20,8864,"v_cvt_pk_bf16_f32 v33, v46, s0",2048,8192,0,0,""
20,8872,"v_cvt_pk_bf16_f32 v48, v47, s0",2048,8192,0,0,""
20,8880,"v_pk_mul_f32 v[46:47], v[134:135], v[46:47]",2048,8192,0,0,""
20,8888,"v_cvt_pk_bf16_f32 v49, v44, s0",2048,8192,0,0,""
20,8896,"v_cvt_pk_bf16_f32 v50, v45, s0",2048,8192,0,0,""
20,8904,"v_pk_mul_f32 v[44:45], v[136:137], v[44:45]",2048,8192,0,0,""
20,8912,"v_cvt_pk_bf16_f32 v46, v46, v47",2048,8192,0,0,""
20,8920,"v_cvt_pk_bf16_f32 v47, v44, v45",2048,8196,0,0,""
20,8928,"buffer_store_short v33, v37, s[28:31], 0 offen",2048,377268,367696,16380,""
20,8936,"buffer_store_short v48, v53, s[28:31], 0 offen",2048,43344,33548,0,""
20,8944,"buffer_store_short v49, v139, s[28:31], 0 offen",2048,51304,41352,0,""
20,8952,"buffer_store_short v50, v140, s[28:31], 0 offen",2048,91528,83336,0,""
20,8960,"ds_write_b64 v25, v[46:47]",2048,25988,0,0,""
20,8968,"s_waitcnt lgkmcnt(0)",2048,105084,105084,0,""
20,8972,"s_barrier",2048,458576,458576,0,""
20,8976,"ds_read_b64_tr_b16 v[134:135], v133 offset:8320",2048,13528,3504,0,""
20,8984,"ds_read_b64_tr_b16 v[44:45], v133",2048,16384,6360,0,""
20,8992,"ds_read_b64_tr_b16 v[46:47], v133 offset:1024",2048,16384,6360,0,""
20,9000,"ds_read_b128 v[48:51], v27",2048,16384,6360,0,""
20,9008,"ds_read_b64_tr_b16 v[84:85], v133 offset:1152",2048,16384,6360,0,""
20,9016,"ds_read_b64_tr_b16 v[82:83], v133 offset:128",2048,20596,10572,0,""
20,9024,"ds_read_b64_tr_b16 v[124:125], v133 offset:8192",2048,32768,22744,0,""
20,9032,"ds_read_b128 v[128:131], v29",2048,43008,32984,0,""
20,9040,"ds_read_b64_tr_b16 v[126:127], v133 offset:9216",2048,25936,15912,0,""
20,9048,"ds_read_b64_tr_b16 v[136:137], v133 offset:9344",2048,27528,19336,0,""
20,9056,"s_waitcnt lgkmcnt(6)",2048,8192,8192,0,""
20,9060,"v_mfma_f32_16x16x32_bf16 v[44:47], v[44:47], v[48:51], 0",2048,8196,4,0,""
20,9068,"s_add_u32 s36, s36, 1",2048,8192,0,0,""
20,9072,"s_addc_u32 s37, s37, 0",2048,8192,0,0,""
20,9076,"s_cmp_lg_u64 s[36:37], 0x200",2048,10024,0,0,""
20,9084,"s_waitcnt lgkmcnt(4)",2048,8192,8192,0,""
20,9088,"v_mfma_f32_16x16x32_bf16 v[48:51], v[82:85], v[48:51], 0",2048,18280,8084,0,""
20,9096,"v_mov_b64_e32 v[78:79], v[154:155]",2048,28340,19252,0,""
20,9100,"v_mov_b64_e32 v[72:73], v[120:121]",2048,22816,13544,0,""
20,9104,"v_mov_b64_e32 v[82:83], v[122:123]",2048,17696,9380,0,""
20,9108,"s_waitcnt lgkmcnt(1)",2048,26784,26784,0,""
20,9112,"v_mfma_f32_16x16x32_bf16 v[44:47], v[124:127], v[128:131], v[44:47]",2048,30676,20632,0,""
20,9120,"v_mov_b64_e32 v[84:85], v[118:119]",2048,22692,14500,0,""
20,9124,"s_waitcnt vmcnt(22)",2048,8192,8192,0,""
20,9128,"v_mov_b32_e32 v53, v145",2048,14616,5692,0,""
20,9132,"s_waitcnt vmcnt(10)",2048,160896,160896,0,""
20,9136,"v_perm_b32 v33, v142, v141, s3",2048,16276,8084,0,""
20,9144,"s_waitcnt lgkmcnt(0)",2048,8192,8192,0,""
20,9148,"v_mfma_f32_16x16x32_bf16 v[48:51], v[134:137], v[128:131], v[48:51]",2048,13636,5444,0,""
20,9156,"s_nop 0",2048,8192,8192,0,""
20,9160,"v_fma_f32 v8, v8, v132, v46",2048,11572,3332,0,""
20,9168,"v_fma_f32 v9, v9, v132, v47",2048,10632,1780,0,""
20,9176,"v_pk_fma_f32 v[6:7], v[6:7], v[132:133], v[44:45] op_sel_hi:[1,0,1]",2048,32996,24784,0,""
20,9184,"v_mov_b32_e32 v134, v158",2048,9200,1008,0,""
20,9188,"s_waitcnt vmcnt(8)",2048,21044,21044,0,""
20,9192,"v_perm_b32 v37, v144, v143, s3",2048,9352,1160,0,""
20,9200,"s_nop 0",2048,8192,8192,0,""
20,9204,"v_pk_fma_f32 v[4:5], v[4:5], v[132:133], v[50:51] op_sel_hi:[1,0,1]",2048,9652,1456,0,""
20,9212,"v_pk_fma_f32 v[2:3], v[2:3], v[132:133], v[48:49] op_sel_hi:[1,0,1]",2048,8768,576,0,""
20,9220,"v_mov_b32_e32 v132, v156",2048,8912,720,0,""
20,9224,"v_mov_b32_e32 v133, v157",2048,9384,1192,0,""
20,9228,"s_cbranch_scc1 65201",2048,8300,0,0,""
20,9232,"s_and_b64 s[0:1], s[34:35], exec",4,16,0,0,""
20,9236,"s_cselect_b32 s0, 1, 0",4,16,0,0,""
20,9240,"s_cmp_lg_u32 s0, 1",4,16,0,0,""
20,9244,"s_cbranch_scc1 17",4,16,0,16,""
20,9248,"v_cvt_pk_bf16_f32 v1, v8, v9",4,16,0,64,""
20,9256,"v_cvt_pk_bf16_f32 v0, v6, v7",4,16,0,0,""
20,9264,"v_lshlrev_b32_e32 v6, 1, v11",4,24,8,0,""
20,9268,"s_mov_b32 s10, s14",4,16,0,0,""
20,9272,"s_mov_b32 s11, s15",4,16,0,0,""
20,9276,"buffer_store_dwordx2 v[0:1], v6, s[8:11], 0 offen",4,16,0,16,""
20,9284,"v_cvt_pk_bf16_f32 v1, v4, v5",4,16,0,0,""
20,9292,"v_cvt_pk_bf16_f32 v0, v2, v3",4,16,0,0,""
20,9300,"v_or_b32_e32 v2, 0x80, v6",4,16,0,0,""
20,9308,"buffer_store_dwordx2 v[0:1], v2, s[8:11], 0 offen",4,20,0,32,""
20,9316,"s_endpgm",4,2268,0,0,""
21,3222528,"; _ZN2at6native29vectorized_elementwise_kernelILi8ENS0_13BinaryFunctorIN3c108BFloat16ES4_bNS0_12_GLOBAL__N_116CompareEqFunctorIS4_EEEESt5arrayIPcLm3EEEEviT0_T1_",0,0,0,0,"void at::native::vectorized_elementwise_kernel<8, at::native::BinaryFunctor<c10::BFloat16, c10::BFloat16, bool, at::native::(anonymous namespace)::CompareEqFunctor<c10::BFloat16> >, std::array<char*, 3ul> >(int, at::native::BinaryFunctor<c10::BFloat16, c10::BFloat16, bool, at::native::(anonymous namespace)::CompareEqFunctor<c10::BFloat16> >, std::array<char*, 3ul>)"
21,3222528,"s_load_dwordx2 s[8:9], s[0:1], 0x0",516,18696,16632,24812,""
21,3222536,"s_load_dwordx4 s[4:7], s[0:1], 0x8",516,2892,828,0,""
21,3222544,"s_load_dwordx2 s[10:11], s[0:1], 0x18",516,3336,1272,0,""
21,3222552,"s_lshl_b32 s2, s2, 12",516,5432,3368,0,""
21,3222556,"s_mov_b64 s[0:1], -1",516,2760,692,0,""
21,3222560,"s_waitcnt lgkmcnt(0)",516,38732,38732,0,""
21,3222564,"s_sub_i32 s8, s8, s2",516,3708,1644,0,""
21,3222568,"s_cmpk_gt_i32 s8, 0xfff",516,2136,56,0,""
21,3222572,"s_cbranch_scc0 352",516,2064,0,2048,""
21,3222576,"s_ashr_i32 s3, s2, 31",516,2300,236,0,""
21,3222580,"s_lshl_b64 s[0:1], s[2:3], 1",516,2164,100,0,""
21,3222584,"s_add_u32 s12, s6, s0",516,2132,68,0,""
21,3222588,"s_addc_u32 s13, s7, s1",516,2120,52,0,""
21,3222592,"s_add_u32 s0, s10, s0",516,2180,100,168,""
21,3222596,"v_lshlrev_b32_e32 v10, 4, v0",516,21288,19224,0,""
21,3222600,"s_addc_u32 s1, s11, s1",516,2152,88,0,""
21,3222604,"global_load_dwordx4 v[2:5], v10, s[12:13]",516,1208032,1205456,2064,""
21,3222612,"global_load_dwordx4 v[6:9], v10, s[0:1]",516,85408,83280,0,""
21,3222620,"v_mov_b32_e32 v11, 0",516,3636,1244,0,""
21,3222624,"v_lshl_add_u64 v[12:13], s[12:13], 0, v[10:11]",516,53940,51868,0,""
21,3222632,"v_add_co_u32_e32 v12, vcc, 0x1000, v12",516,2252,128,0,""
21,3222640,"s_movk_i32 s14, 0x1000",516,2208,36,8196,""
21,3222644,"s_nop 0",516,2064,2064,0,""
21,3222648,"v_addc_co_u32_e32 v13, vcc, 0, v13, vcc",516,4492,2412,0,""
21,3222652,"v_lshl_add_u64 v[14:15], s[0:1], 0, v[10:11]",516,18208,16140,0,""
21,3222660,"v_add_co_u32_e32 v14, vcc, s14, v14",516,4616,2544,0,""
21,3222664,"global_load_dwordx4 v[10:13], v[12:13], off",516,516240,514176,4120,""
21,3222672,"s_nop 0",516,2064,2064,0,""
21,3222676,"v_addc_co_u32_e32 v15, vcc, 0, v15, vcc",516,4740,2660,0,""
21,3222680,"global_load_dwordx4 v[14:17], v[14:15], off",516,223324,221244,4112,""
21,3222688,"s_cmp_eq_u32 s9, 0",516,2152,16,44,""
21,3222692,"v_mov_b32_e32 v1, 0x100",516,3192,1120,0,""
21,3222700,"v_mov_b32_e32 v18, 0x10000",516,2404,340,0,""
21,3222708,"v_mov_b32_e32 v19, 0x1000000",516,2320,244,0,""
21,3222716,"v_or3_b32 v20, 0, 0, 0",516,32864,30768,208,""
21,3222724,"s_waitcnt vmcnt(3)",516,1067764,1067764,0,""
21,3222728,"v_lshlrev_b32_e32 v21, 16, v2",516,12488,10400,0,""
21,3222732,"s_waitcnt vmcnt(2)",516,76904,76904,0,""
21,3222736,"v_lshlrev_b32_e32 v25, 16, v6",516,6572,4500,0,""
21,3222740,"v_cmp_eq_f32_e32 vcc, v21, v25",516,5500,3436,0,""
21,3222744,"v_and_b32_e32 v2, 0xffff0000, v2",516,2424,360,0,""
21,3222752,"v_and_b32_e32 v6, 0xffff0000, v6",516,2432,368,0,""
21,3222760,"v_cndmask_b32_e64 v29, 0, 1, vcc",516,2420,352,0,""
21,3222768,"v_cmp_neq_f32_e32 vcc, v21, v25",516,4136,2060,0,""
21,3222772,"v_lshlrev_b32_e32 v22, 16, v3",516,4968,2888,0,""
21,3222776,"v_lshlrev_b32_e32 v26, 16, v7",516,4720,2628,0,""
21,3222780,"v_cndmask_b32_e64 v21, 0, 1, vcc",516,3508,1428,0,""
21,3222788,"v_cmp_eq_f32_e32 vcc, v2, v6",516,4716,2652,0,""
21,3222792,"v_and_b32_e32 v3, 0xffff0000, v3",516,2444,380,0,""
21,3222800,"v_and_b32_e32 v7, 0xffff0000, v7",516,2368,304,0,""
21,3222808,"v_cndmask_b32_e64 v25, 0, 1, vcc",516,2484,420,0,""
21,3222816,"v_cmp_neq_f32_e32 vcc, v2, v6",516,4660,2592,56,""
21,3222820,"v_lshlrev_b32_e32 v23, 16, v4",516,4360,2276,0,""
21,3222824,"v_lshlrev_b32_e32 v27, 16, v8",516,4672,2600,0,""
21,3222828,"v_cndmask_b32_e64 v2, 0, 1, vcc",516,3052,980,0,""
21,3222836,"v_cmp_eq_f32_e32 vcc, v22, v26",516,6212,4148,0,""
21,3222840,"v_and_b32_e32 v4, 0xffff0000, v4",516,2136,72,0,""
21,3222848,"v_and_b32_e32 v8, 0xffff0000, v8",516,2296,232,0,""
21,3222856,"v_cndmask_b32_e64 v6, 0, 1, vcc",516,2364,296,0,""
21,3222864,"v_cmp_neq_f32_e32 vcc, v22, v26",516,4180,2112,0,""
21,3222868,"v_lshlrev_b32_e32 v24, 16, v5",516,4460,2396,0,""
21,3222872,"v_lshlrev_b32_e32 v28, 16, v9",516,5024,2956,0,""
21,3222876,"v_cndmask_b32_e64 v22, 0, 1, vcc",516,2884,812,0,""
21,3222884,"v_cmp_eq_f32_e32 vcc, v3, v7",516,3836,1772,0,""
21,3222888,"v_and_b32_e32 v5, 0xffff0000, v5",516,2076,12,0,""
21,3222896,"s_nop 0",516,2064,2064,0,""
21,3222900,"v_cndmask_b32_e64 v26, 0, 1, vcc",516,2180,116,0,""
21,3222908,"v_cmp_neq_f32_e32 vcc, v3, v7",516,2884,816,0,""
21,3222912,"s_nop 1",516,4124,4124,0,""
21,3222916,"v_cndmask_b32_e64 v3, 0, 1, vcc",516,2156,92,0,""
21,3222924,"v_cmp_eq_f32_e32 vcc, v23, v27",516,3012,936,0,""
21,3222928,"s_nop 1",516,4116,4116,0,""
21,3222932,"v_cndmask_b32_e64 v7, 0, 1, vcc",516,2064,0,0,""
21,3222940,"v_cmp_neq_f32_e32 vcc, v23, v27",516,2728,660,0,""
21,3222944,"s_nop 1",516,4124,4124,0,""
21,3222948,"v_cndmask_b32_e64 v23, 0, 1, vcc",516,2124,60,0,""
21,3222956,"v_cmp_eq_f32_e32 vcc, v4, v8",516,2784,708,0,""
21,3222960,"s_nop 1",516,4116,4116,0,""
21,3222964,"v_cndmask_b32_e64 v27, 0, 1, vcc",516,2064,0,0,""
21,3222972,"v_cmp_neq_f32_e32 vcc, v4, v8",516,2252,172,0,""
21,3222976,"s_nop 1",516,4112,4112,0,""
21,3222980,"v_cndmask_b32_e64 v4, 0, 1, vcc",516,2268,184,0,""
21,3222988,"s_cselect_b64 vcc, -1, 0",516,2100,32,1860,""
21,3222992,"v_cndmask_b32_e32 v2, v2, v25, vcc",516,2192,128,0,""
21,3222996,"v_cndmask_b32_e32 v6, v22, v6, vcc",516,2124,60,0,""
21,3223000,"v_and_b32_e32 v2, 1, v2",516,2064,0,0,""
21,3223004,"v_cndmask_b32_e32 v3, v3, v26, vcc",516,2324,260,0,""
21,3223008,"v_and_b32_e32 v6, 1, v6",516,2064,0,0,""
21,3223012,"v_cmp_eq_u32_e64 s[0:1], 1, v2",516,2308,244,0,""
21,3223020,"v_cndmask_b32_e32 v7, v23, v7, vcc",516,2348,284,0,""
21,3223024,"v_and_b32_e32 v3, 1, v3",516,2064,0,0,""
21,3223028,"v_cndmask_b32_e64 v2, 0, v1, s[0:1]",516,2080,16,0,""
21,3223036,"v_cmp_eq_u32_e64 s[0:1], 1, v6",516,2152,88,0,""
21,3223044,"v_cndmask_b32_e32 v4, v4, v27, vcc",516,2144,80,0,""
21,3223048,"v_and_b32_e32 v7, 1, v7",516,2064,0,0,""
21,3223052,"v_cndmask_b32_e64 v6, 0, v18, s[0:1]",516,2064,0,0,""
21,3223060,"v_cmp_eq_u32_e64 s[0:1], 1, v3",516,2468,404,0,""
21,3223068,"v_cndmask_b32_e32 v8, v21, v29, vcc",516,2192,128,0,""
21,3223072,"v_and_b32_e32 v4, 1, v4",516,2064,0,0,""
21,3223076,"v_cndmask_b32_e64 v3, 0, v19, s[0:1]",516,2092,28,0,""
21,3223084,"v_cmp_eq_u32_e64 s[0:1], 1, v7",516,2112,48,0,""
21,3223092,"v_and_b32_e32 v8, 1, v8",516,2064,0,0,""
21,3223096,"v_or_b32_e32 v2, v2, v8",516,2064,0,0,""
21,3223100,"v_cndmask_b32_e64 v7, 0, 1, s[0:1]",516,2072,8,0,""
21,3223108,"v_cmp_eq_u32_e64 s[0:1], 1, v4",516,2304,240,0,""
21,3223116,"v_or3_b32 v2, v2, v6, v3",516,2336,272,0,""
21,3223124,"v_or3_b32 v2, v2, 0, 0",516,2276,212,0,""
21,3223132,"v_cndmask_b32_e64 v4, 0, v1, s[0:1]",516,2148,84,1972,""
21,3223140,"v_cmp_eq_f32_e64 s[0:1], v24, v28",516,2220,156,0,""
21,3223148,"v_or3_b32 v4, v20, v7, v4",516,2212,148,0,""
21,3223156,"v_or3_b32 v2, v2, 0, 0",516,2272,200,0,""
21,3223164,"v_cndmask_b32_e64 v3, 0, 1, s[0:1]",516,2128,64,1960,""
21,3223172,"v_cmp_neq_f32_e64 s[0:1], v24, v28",516,2324,256,0,""
21,3223180,"s_nop 1",516,4124,4124,0,""
21,3223184,"v_cndmask_b32_e64 v6, 0, 1, s[0:1]",516,2068,4,0,""
21,3223192,"v_cndmask_b32_e32 v3, v6, v3, vcc",516,2064,0,0,""
21,3223196,"v_and_b32_e32 v3, 1, v3",516,2064,0,0,""
21,3223200,"v_cmp_eq_u32_e64 s[0:1], 1, v3",516,2336,272,0,""
21,3223208,"v_and_b32_e32 v6, 0xffff0000, v9",516,2064,0,0,""
21,3223216,"s_nop 0",516,2064,2064,0,""
21,3223220,"v_cndmask_b32_e64 v3, 0, v18, s[0:1]",516,2076,12,0,""
21,3223228,"v_cmp_eq_f32_e64 s[0:1], v5, v6",516,2152,80,16,""
21,3223236,"s_nop 1",516,4120,4120,0,""
21,3223240,"v_cndmask_b32_e64 v7, 0, 1, s[0:1]",516,2064,0,0,""
21,3223248,"v_cmp_neq_f32_e64 s[0:1], v5, v6",516,2168,96,0,""
21,3223256,"s_nop 1",516,4120,4120,0,""
21,3223260,"v_cndmask_b32_e64 v5, 0, 1, s[0:1]",516,2064,0,0,""
21,3223268,"v_cndmask_b32_e32 v5, v5, v7, vcc",516,2064,0,0,""
21,3223272,"v_and_b32_e32 v5, 1, v5",516,2064,0,0,""
21,3223276,"v_cmp_eq_u32_e64 s[0:1], 1, v5",516,2124,56,0,""
21,3223284,"s_nop 1",516,4124,4124,0,""
21,3223288,"v_cndmask_b32_e64 v5, 0, v19, s[0:1]",516,2068,4,0,""
21,3223296,"v_or3_b32 v3, v4, v3, v5",516,2164,96,0,""
21,3223304,"s_waitcnt vmcnt(0)",516,587960,587960,0,""
21,3223308,"v_lshlrev_b32_e32 v4, 16, v14",516,4772,2708,0,""
21,3223312,"v_lshlrev_b32_e32 v5, 16, v10",516,3372,1296,0,""
21,3223316,"v_cmp_eq_f32_e64 s[0:1], v5, v4",516,3156,1076,0,""
21,3223324,"s_nop 1",516,4112,4112,0,""
21,3223328,"v_cndmask_b32_e64 v6, 0, 1, s[0:1]",516,2808,744,0,""
21,3223336,"v_cmp_neq_f32_e64 s[0:1], v5, v4",516,2612,548,0,""
21,3223344,"v_and_b32_e32 v5, 0xffff0000, v14",516,2388,324,0,""
21,3223352,"s_nop 0",516,2064,2064,0,""
21,3223356,"v_cndmask_b32_e64 v4, 0, 1, s[0:1]",516,3432,1368,12,""
21,3223364,"v_cndmask_b32_e32 v4, v4, v6, vcc",516,2624,560,0,""
21,3223368,"v_and_b32_e32 v6, 0xffff0000, v10",516,2536,468,0,""
21,3223376,"v_cmp_eq_f32_e64 s[0:1], v6, v5",516,2660,596,0,""
21,3223384,"v_and_b32_e32 v4, 1, v4",516,2588,524,0,""
21,3223388,"s_nop 0",516,2064,2064,0,""
21,3223392,"v_cndmask_b32_e64 v7, 0, 1, s[0:1]",516,2448,384,0,""
21,3223400,"v_cmp_neq_f32_e64 s[0:1], v6, v5",516,2424,360,0,""
21,3223408,"v_lshlrev_b32_e32 v6, 16, v11",516,2836,772,0,""
21,3223412,"s_nop 0",516,2064,2064,0,""
21,3223416,"v_cndmask_b32_e64 v5, 0, 1, s[0:1]",516,2608,544,0,""
21,3223424,"v_cndmask_b32_e32 v5, v5, v7, vcc",516,2136,68,0,""
21,3223428,"v_and_b32_e32 v5, 1, v5",516,2260,196,0,""
21,3223432,"v_cmp_eq_u32_e64 s[0:1], 1, v5",516,2360,288,0,""
21,3223440,"s_nop 1",516,4120,4120,0,""
21,3223444,"v_cndmask_b32_e64 v5, 0, v1, s[0:1]",516,2304,240,0,""
21,3223452,"v_or_b32_e32 v4, v5, v4",516,2104,36,0,""
21,3223456,"v_lshlrev_b32_e32 v5, 16, v15",516,2344,276,0,""
21,3223460,"v_cmp_eq_f32_e64 s[0:1], v6, v5",516,2532,452,0,""
21,3223468,"s_nop 1",516,4112,4112,0,""
21,3223472,"v_cndmask_b32_e64 v7, 0, 1, s[0:1]",516,2068,4,0,""
21,3223480,"v_cmp_neq_f32_e64 s[0:1], v6, v5",516,2136,72,0,""
21,3223488,"v_and_b32_e32 v6, 0xffff0000, v15",516,2064,0,0,""
21,3223496,"s_nop 0",516,2064,2064,0,""
21,3223500,"v_cndmask_b32_e64 v5, 0, 1, s[0:1]",516,2068,4,0,""
21,3223508,"v_cndmask_b32_e32 v5, v5, v7, vcc",516,2076,12,0,""
21,3223512,"v_and_b32_e32 v5, 1, v5",516,2064,0,0,""
21,3223516,"v_cmp_eq_u32_e64 s[0:1], 1, v5",516,2284,220,0,""
21,3223524,"v_and_b32_e32 v7, 0xffff0000, v11",516,2076,12,0,""
21,3223532,"s_nop 0",516,2064,2064,0,""
21,3223536,"v_cndmask_b32_e64 v5, 0, v18, s[0:1]",516,2152,88,0,""
21,3223544,"v_cmp_eq_f32_e64 s[0:1], v7, v6",516,2348,264,0,""
21,3223552,"s_nop 1",516,5824,5824,0,""
21,3223556,"v_cndmask_b32_e64 v8, 0, 1, s[0:1]",516,2064,0,0,""
21,3223564,"v_cmp_neq_f32_e64 s[0:1], v7, v6",516,2176,104,0,""
21,3223572,"s_nop 1",516,4120,4120,0,""
21,3223576,"v_cndmask_b32_e64 v6, 0, 1, s[0:1]",516,2068,4,0,""
21,3223584,"v_cndmask_b32_e32 v6, v6, v8, vcc",516,2072,8,0,""
21,3223588,"v_and_b32_e32 v6, 1, v6",516,2064,0,0,""
21,3223592,"v_cmp_eq_u32_e64 s[0:1], 1, v6",516,2212,136,0,""
21,3223600,"s_nop 1",516,4116,4116,0,""
21,3223604,"v_cndmask_b32_e64 v6, 0, v19, s[0:1]",516,2116,52,0,""
21,3223612,"v_or3_b32 v4, v4, v5, v6",516,2168,104,0,""
21,3223620,"v_lshlrev_b32_e32 v5, 16, v16",516,2120,56,0,""
21,3223624,"v_lshlrev_b32_e32 v6, 16, v12",516,2088,24,0,""
21,3223628,"v_cmp_eq_f32_e64 s[0:1], v6, v5",516,2072,8,0,""
21,3223636,"v_or3_b32 v4, v4, 0, 0",516,2080,16,0,""
21,3223644,"v_or3_b32 v4, v4, 0, 0",516,2084,20,4,""
21,3223652,"v_cndmask_b32_e64 v7, 0, 1, s[0:1]",516,2128,64,0,""
21,3223660,"v_cmp_neq_f32_e64 s[0:1], v6, v5",516,2136,72,0,""
21,3223668,"v_and_b32_e32 v6, 0xffff0000, v16",516,2064,0,0,""
21,3223676,"s_nop 0",516,2064,2064,0,""
21,3223680,"v_cndmask_b32_e64 v5, 0, 1, s[0:1]",516,2068,4,0,""
21,3223688,"v_cndmask_b32_e32 v5, v5, v7, vcc",516,2068,4,0,""
21,3223692,"v_and_b32_e32 v5, 1, v5",516,2064,0,0,""
21,3223696,"v_cmp_eq_u32_e64 s[0:1], 1, v5",516,2088,24,0,""
21,3223704,"v_and_b32_e32 v7, 0xffff0000, v12",516,2064,0,0,""
21,3223712,"s_nop 0",516,2064,2064,0,""
21,3223716,"v_cndmask_b32_e64 v5, 0, 1, s[0:1]",516,2064,0,0,""
21,3223724,"v_cmp_eq_f32_e64 s[0:1], v7, v6",516,2076,0,0,""
21,3223732,"s_nop 1",516,4116,4116,0,""
21,3223736,"v_cndmask_b32_e64 v8, 0, 1, s[0:1]",516,2064,0,0,""
21,3223744,"v_cmp_neq_f32_e64 s[0:1], v7, v6",516,2064,0,0,""
21,3223752,"v_lshlrev_b32_e32 v7, 16, v13",516,2064,0,0,""
21,3223756,"s_nop 0",516,2064,2064,0,""
21,3223760,"v_cndmask_b32_e64 v6, 0, 1, s[0:1]",516,2064,0,0,""
21,3223768,"v_cndmask_b32_e32 v6, v6, v8, vcc",516,2064,0,0,""
21,3223772,"v_and_b32_e32 v6, 1, v6",516,2064,0,0,""
21,3223776,"v_cmp_eq_u32_e64 s[0:1], 1, v6",516,2064,0,0,""
21,3223784,"v_lshlrev_b32_e32 v6, 16, v17",516,2064,0,0,""
21,3223788,"s_nop 0",516,2064,2064,0,""
21,3223792,"v_cndmask_b32_e64 v1, 0, v1, s[0:1]",516,2064,0,0,""
21,3223800,"v_cmp_eq_f32_e64 s[0:1], v7, v6",516,2064,0,0,""
21,3223808,"v_or3_b32 v1, v20, v5, v1",516,2072,8,0,""
21,3223816,"v_and_b32_e32 v5, 0xffff0000, v17",516,2064,0,0,""
21,3223824,"v_cndmask_b32_e64 v8, 0, 1, s[0:1]",516,2064,0,0,""
21,3223832,"v_cmp_neq_f32_e64 s[0:1], v7, v6",516,2064,0,0,""
21,3223840,"v_and_b32_e32 v7, 0xffff0000, v13",516,2064,0,12,""
21,3223848,"s_nop 0",516,2064,2064,0,""
21,3223852,"v_cndmask_b32_e64 v6, 0, 1, s[0:1]",516,2064,0,0,""
21,3223860,"v_cndmask_b32_e32 v6, v6, v8, vcc",516,2064,0,0,""
21,3223864,"v_and_b32_e32 v6, 1, v6",516,2064,0,0,""
21,3223868,"v_cmp_eq_u32_e64 s[0:1], 1, v6",516,2064,0,0,""
21,3223876,"s_nop 1",516,4128,4128,0,""
21,3223880,"v_cndmask_b32_e64 v6, 0, v18, s[0:1]",516,2064,0,0,""
21,3223888,"v_cmp_eq_f32_e64 s[0:1], v7, v5",516,2068,0,0,""
21,3223896,"s_nop 1",516,4124,4124,0,""
21,3223900,"v_cndmask_b32_e64 v8, 0, 1, s[0:1]",516,2064,0,0,""
21,3223908,"v_cmp_neq_f32_e64 s[0:1], v7, v5",516,2076,0,0,""
21,3223916,"s_nop 1",516,4116,4116,0,""
21,3223920,"v_cndmask_b32_e64 v5, 0, 1, s[0:1]",516,2064,0,0,""
21,3223928,"v_cndmask_b32_e32 v5, v5, v8, vcc",516,2064,0,0,""
21,3223932,"v_and_b32_e32 v5, 1, v5",516,2064,0,0,""
21,3223936,"v_cmp_eq_u32_e32 vcc, 1, v5",516,2068,0,0,""
21,3223940,"s_add_u32 s0, s4, s2",516,2088,24,8252,""
21,3223944,"s_addc_u32 s1, s5, s3",516,2064,0,0,""
21,3223948,"v_cndmask_b32_e32 v5, 0, v19, vcc",516,2064,0,0,""
21,3223952,"v_or3_b32 v5, v1, v6, v5",516,2072,8,0,""
21,3223960,"v_lshlrev_b32_e32 v1, 3, v0",516,2076,0,0,""
21,3223964,"global_store_dwordx2 v1, v[2:3], s[0:1]",516,326196,323616,4116,""
21,3223972,"global_store_dwordx2 v1, v[4:5], s[0:1] offset:2048",516,34220,32156,0,""
21,3223980,"s_mov_b64 s[0:1], 0",516,2100,36,0,""
21,3223984,"s_andn2_b64 vcc, exec, s[0:1]",516,2064,0,0,""
21,3223988,"s_cbranch_vccnz 476",516,2084,20,2064,""
21,3223992,"v_cmp_gt_i32_e32 vcc, s8, v0",0,0,0,0,""
21,3223996,"v_mov_b32_e32 v1, 0",0,0,0,0,""
21,3224000,"v_or_b32_e32 v2, s2, v0",0,0,0,0,""
21,3224004,"v_mov_b32_e32 v15, v0",0,0,0,0,""
21,3224008,"v_mov_b32_e32 v3, 0",0,0,0,0,""
21,3224012,"v_mov_b32_e32 v4, 0",0,0,0,0,""
21,3224016,"s_and_saveexec_b64 s[0:1], vcc",0,0,0,0,""
21,3224020,"s_cbranch_execz 17",0,0,0,0,""
21,3224024,"v_mov_b32_e32 v3, 0",0,0,0,0,""
21,3224028,"v_lshlrev_b64 v[4:5], 1, v[2:3]",0,0,0,0,""
21,3224036,"v_lshl_add_u64 v[6:7], s[10:11], 0, v[4:5]",0,0,0,0,""
21,3224044,"v_lshl_add_u64 v[4:5], s[6:7], 0, v[4:5]",0,0,0,0,""
21,3224052,"global_load_ushort v3, v[4:5], off",0,0,0,0,""
21,3224060,"global_load_ushort v8, v[6:7], off",0,0,0,0,""
21,3224068,"v_or_b32_e32 v15, 0x100, v0",0,0,0,0,""
21,3224076,"s_waitcnt vmcnt(1)",0,0,0,0,""
21,3224080,"v_lshlrev_b32_e32 v3, 16, v3",0,0,0,0,""
21,3224084,"s_waitcnt vmcnt(0)",0,0,0,0,""
21,3224088,"v_lshlrev_b32_e32 v4, 16, v8",0,0,0,0,""
21,3224092,"s_or_b64 exec, exec, s[0:1]",0,0,0,0,""
21,3224096,"v_cmp_gt_i32_e64 s[0:1], s8, v15",0,0,0,0,""
21,3224104,"v_mov_b32_e32 v6, 0",0,0,0,0,""
21,3224108,"s_and_saveexec_b64 s[12:13], s[0:1]",0,0,0,0,""
21,3224112,"s_cbranch_execz 18",0,0,0,0,""
21,3224116,"v_add_u32_e32 v6, s2, v15",0,0,0,0,""
21,3224120,"v_mov_b32_e32 v7, 0",0,0,0,0,""
21,3224124,"v_lshlrev_b64 v[6:7], 1, v[6:7]",0,0,0,0,""
21,3224132,"v_lshl_add_u64 v[8:9], s[10:11], 0, v[6:7]",0,0,0,0,""
21,3224140,"v_lshl_add_u64 v[6:7], s[6:7], 0, v[6:7]",0,0,0,0,""
21,3224148,"global_load_ushort v1, v[6:7], off",0,0,0,0,""
21,3224156,"global_load_ushort v5, v[8:9], off",0,0,0,0,""
21,3224164,"v_add_u32_e32 v15, 0x100, v15",0,0,0,0,""
21,3224172,"s_waitcnt vmcnt(1)",0,0,0,0,""
21,3224176,"v_lshlrev_b32_e32 v1, 16, v1",0,0,0,0,""
21,3224180,"s_waitcnt vmcnt(0)",0,0,0,0,""
21,3224184,"v_lshlrev_b32_e32 v6, 16, v5",0,0,0,0,""
21,3224188,"s_or_b64 exec, exec, s[12:13]",0,0,0,0,""
21,3224192,"v_cmp_gt_i32_e64 s[0:1], s8, v15",0,0,0,0,""
21,3224200,"v_mov_b32_e32 v5, 0",0,0,0,0,""
21,3224204,"v_mov_b32_e32 v7, 0",0,0,0,0,""
21,3224208,"v_mov_b32_e32 v9, 0",0,0,0,0,""
21,3224212,"s_and_saveexec_b64 s[12:13], s[0:1]",0,0,0,0,""
21,3224216,"s_cbranch_execz 18",0,0,0,0,""
21,3224220,"v_add_u32_e32 v8, s2, v15",0,0,0,0,""
21,3224224,"v_mov_b32_e32 v9, 0",0,0,0,0,""
21,3224228,"v_lshlrev_b64 v[8:9], 1, v[8:9]",0,0,0,0,""
21,3224236,"v_lshl_add_u64 v[10:11], s[10:11], 0, v[8:9]",0,0,0,0,""
21,3224244,"v_lshl_add_u64 v[8:9], s[6:7], 0, v[8:9]",0,0,0,0,""
21,3224252,"global_load_ushort v7, v[8:9], off",0,0,0,0,""
21,3224260,"global_load_ushort v12, v[10:11], off",0,0,0,0,""
21,3224268,"v_add_u32_e32 v15, 0x100, v15",0,0,0,0,""
21,3224276,"s_waitcnt vmcnt(1)",0,0,0,0,""
21,3224280,"v_lshlrev_b32_e32 v7, 16, v7",0,0,0,0,""
21,3224284,"s_waitcnt vmcnt(0)",0,0,0,0,""
21,3224288,"v_lshlrev_b32_e32 v9, 16, v12",0,0,0,0,""
21,3224292,"s_or_b64 exec, exec, s[12:13]",0,0,0,0,""
21,3224296,"v_cmp_gt_i32_e64 s[0:1], s8, v15",0,0,0,0,""
21,3224304,"v_mov_b32_e32 v10, 0",0,0,0,0,""
21,3224308,"s_and_saveexec_b64 s[12:13], s[0:1]",0,0,0,0,""
21,3224312,"s_cbranch_execz 18",0,0,0,0,""
21,3224316,"v_add_u32_e32 v10, s2, v15",0,0,0,0,""
21,3224320,"v_mov_b32_e32 v11, 0",0,0,0,0,""
21,3224324,"v_lshlrev_b64 v[10:11], 1, v[10:11]",0,0,0,0,""
21,3224332,"v_lshl_add_u64 v[12:13], s[10:11], 0, v[10:11]",0,0,0,0,""
21,3224340,"v_lshl_add_u64 v[10:11], s[6:7], 0, v[10:11]",0,0,0,0,""
21,3224348,"global_load_ushort v5, v[10:11], off",0,0,0,0,""
21,3224356,"global_load_ushort v8, v[12:13], off",0,0,0,0,""
21,3224364,"v_add_u32_e32 v15, 0x100, v15",0,0,0,0,""
21,3224372,"s_waitcnt vmcnt(1)",0,0,0,0,""
21,3224376,"v_lshlrev_b32_e32 v5, 16, v5",0,0,0,0,""
21,3224380,"s_waitcnt vmcnt(0)",0,0,0,0,""
21,3224384,"v_lshlrev_b32_e32 v10, 16, v8",0,0,0,0,""
21,3224388,"s_or_b64 exec, exec, s[12:13]",0,0,0,0,""
21,3224392,"v_cmp_gt_i32_e64 s[0:1], s8, v15",0,0,0,0,""
21,3224400,"v_mov_b32_e32 v8, 0",0,0,0,0,""
21,3224404,"v_mov_b32_e32 v11, 0",0,0,0,0,""
21,3224408,"v_mov_b32_e32 v13, 0",0,0,0,0,""
21,3224412,"s_and_saveexec_b64 s[12:13], s[0:1]",0,0,0,0,""
21,3224416,"s_cbranch_execz 18",0,0,0,0,""
21,3224420,"v_add_u32_e32 v12, s2, v15",0,0,0,0,""
21,3224424,"v_mov_b32_e32 v13, 0",0,0,0,0,""
21,3224428,"v_lshlrev_b64 v[12:13], 1, v[12:13]",0,0,0,0,""
21,3224436,"v_lshl_add_u64 v[16:17], s[10:11], 0, v[12:13]",0,0,0,0,""
21,3224444,"v_lshl_add_u64 v[12:13], s[6:7], 0, v[12:13]",0,0,0,0,""
21,3224452,"global_load_ushort v11, v[12:13], off",0,0,0,0,""
21,3224460,"global_load_ushort v14, v[16:17], off",0,0,0,0,""
21,3224468,"v_add_u32_e32 v15, 0x100, v15",0,0,0,0,""
21,3224476,"s_waitcnt vmcnt(1)",0,0,0,0,""
21,3224480,"v_lshlrev_b32_e32 v11, 16, v11",0,0,0,0,""
21,3224484,"s_waitcnt vmcnt(0)",0,0,0,0,""
21,3224488,"v_lshlrev_b32_e32 v13, 16, v14",0,0,0,0,""
21,3224492,"s_or_b64 exec, exec, s[12:13]",0,0,0,0,""
21,3224496,"v_cmp_gt_i32_e64 s[0:1], s8, v15",0,0,0,0,""
21,3224504,"v_mov_b32_e32 v14, 0",0,0,0,0,""
21,3224508,"s_and_saveexec_b64 s[12:13], s[0:1]",0,0,0,0,""
21,3224512,"s_cbranch_execz 18",0,0,0,0,""
21,3224516,"v_add_u32_e32 v16, s2, v15",0,0,0,0,""
21,3224520,"v_mov_b32_e32 v17, 0",0,0,0,0,""
21,3224524,"v_lshlrev_b64 v[16:17], 1, v[16:17]",0,0,0,0,""
21,3224532,"v_lshl_add_u64 v[18:19], s[10:11], 0, v[16:17]",0,0,0,0,""
21,3224540,"v_lshl_add_u64 v[16:17], s[6:7], 0, v[16:17]",0,0,0,0,""
21,3224548,"global_load_ushort v8, v[16:17], off",0,0,0,0,""
21,3224556,"global_load_ushort v12, v[18:19], off",0,0,0,0,""
21,3224564,"v_add_u32_e32 v15, 0x100, v15",0,0,0,0,""
21,3224572,"s_waitcnt vmcnt(1)",0,0,0,0,""
21,3224576,"v_lshlrev_b32_e32 v8, 16, v8",0,0,0,0,""
21,3224580,"s_waitcnt vmcnt(0)",0,0,0,0,""
21,3224584,"v_lshlrev_b32_e32 v14, 16, v12",0,0,0,0,""
21,3224588,"s_or_b64 exec, exec, s[12:13]",0,0,0,0,""
21,3224592,"v_cmp_gt_i32_e64 s[0:1], s8, v15",0,0,0,0,""
21,3224600,"v_mov_b32_e32 v12, 0",0,0,0,0,""
21,3224604,"v_mov_b32_e32 v16, 0",0,0,0,0,""
21,3224608,"v_mov_b32_e32 v18, 0",0,0,0,0,""
21,3224612,"s_and_saveexec_b64 s[12:13], s[0:1]",0,0,0,0,""
21,3224616,"s_cbranch_execz 18",0,0,0,0,""
21,3224620,"v_add_u32_e32 v16, s2, v15",0,0,0,0,""
21,3224624,"v_mov_b32_e32 v17, 0",0,0,0,0,""
21,3224628,"v_lshlrev_b64 v[16:17], 1, v[16:17]",0,0,0,0,""
21,3224636,"v_lshl_add_u64 v[18:19], s[10:11], 0, v[16:17]",0,0,0,0,""
21,3224644,"v_lshl_add_u64 v[16:17], s[6:7], 0, v[16:17]",0,0,0,0,""
21,3224652,"global_load_ushort v20, v[16:17], off",0,0,0,0,""
21,3224660,"global_load_ushort v21, v[18:19], off",0,0,0,0,""
21,3224668,"v_add_u32_e32 v15, 0x100, v15",0,0,0,0,""
21,3224676,"s_waitcnt vmcnt(1)",0,0,0,0,""
21,3224680,"v_lshlrev_b32_e32 v16, 16, v20",0,0,0,0,""
21,3224684,"s_waitcnt vmcnt(0)",0,0,0,0,""
21,3224688,"v_lshlrev_b32_e32 v18, 16, v21",0,0,0,0,""
21,3224692,"s_or_b64 exec, exec, s[12:13]",0,0,0,0,""
21,3224696,"v_cmp_gt_i32_e64 s[0:1], s8, v15",0,0,0,0,""
21,3224704,"v_mov_b32_e32 v19, 0",0,0,0,0,""
21,3224708,"s_and_saveexec_b64 s[12:13], s[0:1]",0,0,0,0,""
21,3224712,"s_cbranch_execz 18",0,0,0,0,""
21,3224716,"v_add_u32_e32 v20, s2, v15",0,0,0,0,""
21,3224720,"v_mov_b32_e32 v21, 0",0,0,0,0,""
21,3224724,"v_lshlrev_b64 v[20:21], 1, v[20:21]",0,0,0,0,""
21,3224732,"v_lshl_add_u64 v[22:23], s[10:11], 0, v[20:21]",0,0,0,0,""
21,3224740,"v_lshl_add_u64 v[20:21], s[6:7], 0, v[20:21]",0,0,0,0,""
21,3224748,"global_load_ushort v12, v[20:21], off",0,0,0,0,""
21,3224756,"global_load_ushort v17, v[22:23], off",0,0,0,0,""
21,3224764,"v_add_u32_e32 v15, 0x100, v15",0,0,0,0,""
21,3224772,"s_waitcnt vmcnt(1)",0,0,0,0,""
21,3224776,"v_lshlrev_b32_e32 v12, 16, v12",0,0,0,0,""
21,3224780,"s_waitcnt vmcnt(0)",0,0,0,0,""
21,3224784,"v_lshlrev_b32_e32 v19, 16, v17",0,0,0,0,""
21,3224788,"s_or_b64 exec, exec, s[12:13]",0,0,0,0,""
21,3224792,"v_cmp_gt_i32_e64 s[0:1], s8, v15",0,0,0,0,""
21,3224800,"v_mov_b32_e32 v17, 0",0,0,0,0,""
21,3224804,"v_mov_b32_e32 v20, 0",0,0,0,0,""
21,3224808,"v_mov_b32_e32 v22, 0",0,0,0,0,""
21,3224812,"s_and_saveexec_b64 s[12:13], s[0:1]",0,0,0,0,""
21,3224816,"s_cbranch_execz 18",0,0,0,0,""
21,3224820,"v_add_u32_e32 v20, s2, v15",0,0,0,0,""
21,3224824,"v_mov_b32_e32 v21, 0",0,0,0,0,""
21,3224828,"v_lshlrev_b64 v[20:21], 1, v[20:21]",0,0,0,0,""
21,3224836,"v_lshl_add_u64 v[22:23], s[10:11], 0, v[20:21]",0,0,0,0,""
21,3224844,"v_lshl_add_u64 v[20:21], s[6:7], 0, v[20:21]",0,0,0,0,""
21,3224852,"global_load_ushort v24, v[20:21], off",0,0,0,0,""
21,3224860,"global_load_ushort v25, v[22:23], off",0,0,0,0,""
21,3224868,"v_add_u32_e32 v15, 0x100, v15",0,0,0,0,""
21,3224876,"s_waitcnt vmcnt(1)",0,0,0,0,""
21,3224880,"v_lshlrev_b32_e32 v20, 16, v24",0,0,0,0,""
21,3224884,"s_waitcnt vmcnt(0)",0,0,0,0,""
21,3224888,"v_lshlrev_b32_e32 v22, 16, v25",0,0,0,0,""
21,3224892,"s_or_b64 exec, exec, s[12:13]",0,0,0,0,""
21,3224896,"v_cmp_gt_i32_e64 s[0:1], s8, v15",0,0,0,0,""
21,3224904,"v_mov_b32_e32 v23, 0",0,0,0,0,""
21,3224908,"s_and_saveexec_b64 s[12:13], s[0:1]",0,0,0,0,""
21,3224912,"s_cbranch_execz 18",0,0,0,0,""
21,3224916,"v_add_u32_e32 v24, s2, v15",0,0,0,0,""
21,3224920,"v_mov_b32_e32 v25, 0",0,0,0,0,""
21,3224924,"v_lshlrev_b64 v[24:25], 1, v[24:25]",0,0,0,0,""
21,3224932,"v_lshl_add_u64 v[26:27], s[10:11], 0, v[24:25]",0,0,0,0,""
21,3224940,"v_lshl_add_u64 v[24:25], s[6:7], 0, v[24:25]",0,0,0,0,""
21,3224948,"global_load_ushort v17, v[24:25], off",0,0,0,0,""
21,3224956,"global_load_ushort v21, v[26:27], off",0,0,0,0,""
21,3224964,"v_add_u32_e32 v15, 0x100, v15",0,0,0,0,""
21,3224972,"s_waitcnt vmcnt(1)",0,0,0,0,""
21,3224976,"v_lshlrev_b32_e32 v17, 16, v17",0,0,0,0,""
21,3224980,"s_waitcnt vmcnt(0)",0,0,0,0,""
21,3224984,"v_lshlrev_b32_e32 v23, 16, v21",0,0,0,0,""
21,3224988,"s_or_b64 exec, exec, s[12:13]",0,0,0,0,""
21,3224992,"v_cmp_gt_i32_e64 s[0:1], s8, v15",0,0,0,0,""
21,3225000,"v_mov_b32_e32 v21, 0",0,0,0,0,""
21,3225004,"v_mov_b32_e32 v24, 0",0,0,0,0,""
21,3225008,"v_mov_b32_e32 v26, 0",0,0,0,0,""
21,3225012,"s_and_saveexec_b64 s[12:13], s[0:1]",0,0,0,0,""
21,3225016,"s_cbranch_execz 18",0,0,0,0,""
21,3225020,"v_add_u32_e32 v24, s2, v15",0,0,0,0,""
21,3225024,"v_mov_b32_e32 v25, 0",0,0,0,0,""
21,3225028,"v_lshlrev_b64 v[24:25], 1, v[24:25]",0,0,0,0,""
21,3225036,"v_lshl_add_u64 v[26:27], s[10:11], 0, v[24:25]",0,0,0,0,""
21,3225044,"v_lshl_add_u64 v[24:25], s[6:7], 0, v[24:25]",0,0,0,0,""
21,3225052,"global_load_ushort v28, v[24:25], off",0,0,0,0,""
21,3225060,"global_load_ushort v29, v[26:27], off",0,0,0,0,""
21,3225068,"v_add_u32_e32 v15, 0x100, v15",0,0,0,0,""
21,3225076,"s_waitcnt vmcnt(1)",0,0,0,0,""
21,3225080,"v_lshlrev_b32_e32 v24, 16, v28",0,0,0,0,""
21,3225084,"s_waitcnt vmcnt(0)",0,0,0,0,""
21,3225088,"v_lshlrev_b32_e32 v26, 16, v29",0,0,0,0,""
21,3225092,"s_or_b64 exec, exec, s[12:13]",0,0,0,0,""
21,3225096,"v_cmp_gt_i32_e64 s[0:1], s8, v15",0,0,0,0,""
21,3225104,"v_mov_b32_e32 v27, 0",0,0,0,0,""
21,3225108,"s_and_saveexec_b64 s[12:13], s[0:1]",0,0,0,0,""
21,3225112,"s_cbranch_execz 18",0,0,0,0,""
21,3225116,"v_add_u32_e32 v28, s2, v15",0,0,0,0,""
21,3225120,"v_mov_b32_e32 v29, 0",0,0,0,0,""
21,3225124,"v_lshlrev_b64 v[28:29], 1, v[28:29]",0,0,0,0,""
21,3225132,"v_lshl_add_u64 v[30:31], s[10:11], 0, v[28:29]",0,0,0,0,""
21,3225140,"v_lshl_add_u64 v[28:29], s[6:7], 0, v[28:29]",0,0,0,0,""
21,3225148,"global_load_ushort v21, v[28:29], off",0,0,0,0,""
21,3225156,"global_load_ushort v25, v[30:31], off",0,0,0,0,""
21,3225164,"v_add_u32_e32 v15, 0x100, v15",0,0,0,0,""
21,3225172,"s_waitcnt vmcnt(1)",0,0,0,0,""
21,3225176,"v_lshlrev_b32_e32 v21, 16, v21",0,0,0,0,""
21,3225180,"s_waitcnt vmcnt(0)",0,0,0,0,""
21,3225184,"v_lshlrev_b32_e32 v27, 16, v25",0,0,0,0,""
21,3225188,"s_or_b64 exec, exec, s[12:13]",0,0,0,0,""
21,3225192,"v_cmp_gt_i32_e64 s[0:1], s8, v15",0,0,0,0,""
21,3225200,"v_mov_b32_e32 v25, 0",0,0,0,0,""
21,3225204,"v_mov_b32_e32 v28, 0",0,0,0,0,""
21,3225208,"v_mov_b32_e32 v30, 0",0,0,0,0,""
21,3225212,"s_and_saveexec_b64 s[12:13], s[0:1]",0,0,0,0,""
21,3225216,"s_cbranch_execz 18",0,0,0,0,""
21,3225220,"v_add_u32_e32 v28, s2, v15",0,0,0,0,""
21,3225224,"v_mov_b32_e32 v29, 0",0,0,0,0,""
21,3225228,"v_lshlrev_b64 v[28:29], 1, v[28:29]",0,0,0,0,""
21,3225236,"v_lshl_add_u64 v[30:31], s[10:11], 0, v[28:29]",0,0,0,0,""
21,3225244,"v_lshl_add_u64 v[28:29], s[6:7], 0, v[28:29]",0,0,0,0,""
21,3225252,"global_load_ushort v32, v[28:29], off",0,0,0,0,""
21,3225260,"global_load_ushort v33, v[30:31], off",0,0,0,0,""
21,3225268,"v_add_u32_e32 v15, 0x100, v15",0,0,0,0,""
21,3225276,"s_waitcnt vmcnt(1)",0,0,0,0,""
21,3225280,"v_lshlrev_b32_e32 v28, 16, v32",0,0,0,0,""
21,3225284,"s_waitcnt vmcnt(0)",0,0,0,0,""
21,3225288,"v_lshlrev_b32_e32 v30, 16, v33",0,0,0,0,""
21,3225292,"s_or_b64 exec, exec, s[12:13]",0,0,0,0,""
21,3225296,"v_cmp_gt_i32_e64 s[0:1], s8, v15",0,0,0,0,""
21,3225304,"v_mov_b32_e32 v31, 0",0,0,0,0,""
21,3225308,"s_and_saveexec_b64 s[12:13], s[0:1]",0,0,0,0,""
21,3225312,"s_cbranch_execz 18",0,0,0,0,""
21,3225316,"v_add_u32_e32 v32, s2, v15",0,0,0,0,""
21,3225320,"v_mov_b32_e32 v33, 0",0,0,0,0,""
21,3225324,"v_lshlrev_b64 v[32:33], 1, v[32:33]",0,0,0,0,""
21,3225332,"v_lshl_add_u64 v[34:35], s[10:11], 0, v[32:33]",0,0,0,0,""
21,3225340,"v_lshl_add_u64 v[32:33], s[6:7], 0, v[32:33]",0,0,0,0,""
21,3225348,"global_load_ushort v25, v[32:33], off",0,0,0,0,""
21,3225356,"global_load_ushort v29, v[34:35], off",0,0,0,0,""
21,3225364,"v_add_u32_e32 v15, 0x100, v15",0,0,0,0,""
21,3225372,"s_waitcnt vmcnt(1)",0,0,0,0,""
21,3225376,"v_lshlrev_b32_e32 v25, 16, v25",0,0,0,0,""
21,3225380,"s_waitcnt vmcnt(0)",0,0,0,0,""
21,3225384,"v_lshlrev_b32_e32 v31, 16, v29",0,0,0,0,""
21,3225388,"s_or_b64 exec, exec, s[12:13]",0,0,0,0,""
21,3225392,"v_cmp_gt_i32_e64 s[0:1], s8, v15",0,0,0,0,""
21,3225400,"v_mov_b32_e32 v29, 0",0,0,0,0,""
21,3225404,"v_mov_b32_e32 v32, 0",0,0,0,0,""
21,3225408,"v_mov_b32_e32 v33, 0",0,0,0,0,""
21,3225412,"s_and_saveexec_b64 s[12:13], s[0:1]",0,0,0,0,""
21,3225416,"s_cbranch_execz 18",0,0,0,0,""
21,3225420,"v_add_u32_e32 v32, s2, v15",0,0,0,0,""
21,3225424,"v_mov_b32_e32 v33, 0",0,0,0,0,""
21,3225428,"v_lshlrev_b64 v[32:33], 1, v[32:33]",0,0,0,0,""
21,3225436,"v_lshl_add_u64 v[34:35], s[10:11], 0, v[32:33]",0,0,0,0,""
21,3225444,"v_lshl_add_u64 v[32:33], s[6:7], 0, v[32:33]",0,0,0,0,""
21,3225452,"global_load_ushort v36, v[32:33], off",0,0,0,0,""
21,3225460,"global_load_ushort v37, v[34:35], off",0,0,0,0,""
21,3225468,"v_add_u32_e32 v15, 0x100, v15",0,0,0,0,""
21,3225476,"s_waitcnt vmcnt(1)",0,0,0,0,""
21,3225480,"v_lshlrev_b32_e32 v32, 16, v36",0,0,0,0,""
21,3225484,"s_waitcnt vmcnt(0)",0,0,0,0,""
21,3225488,"v_lshlrev_b32_e32 v33, 16, v37",0,0,0,0,""
21,3225492,"s_or_b64 exec, exec, s[12:13]",0,0,0,0,""
21,3225496,"v_cmp_gt_i32_e64 s[0:1], s8, v15",0,0,0,0,""
21,3225504,"v_mov_b32_e32 v34, 0",0,0,0,0,""
21,3225508,"s_and_saveexec_b64 s[12:13], s[0:1]",0,0,0,0,""
21,3225512,"s_cbranch_execz 16",0,0,0,0,""
21,3225516,"v_add_u32_e32 v34, s2, v15",0,0,0,0,""
21,3225520,"v_mov_b32_e32 v35, 0",0,0,0,0,""
21,3225524,"v_lshlrev_b64 v[34:35], 1, v[34:35]",0,0,0,0,""
21,3225532,"v_lshl_add_u64 v[36:37], s[10:11], 0, v[34:35]",0,0,0,0,""
21,3225540,"v_lshl_add_u64 v[34:35], s[6:7], 0, v[34:35]",0,0,0,0,""
21,3225548,"global_load_ushort v15, v[34:35], off",0,0,0,0,""
21,3225556,"global_load_ushort v38, v[36:37], off",0,0,0,0,""
21,3225564,"s_waitcnt vmcnt(1)",0,0,0,0,""
21,3225568,"v_lshlrev_b32_e32 v29, 16, v15",0,0,0,0,""
21,3225572,"s_waitcnt vmcnt(0)",0,0,0,0,""
21,3225576,"v_lshlrev_b32_e32 v34, 16, v38",0,0,0,0,""
21,3225580,"s_or_b64 exec, exec, s[12:13]",0,0,0,0,""
21,3225584,"s_cmp_eq_u32 s9, 0",0,0,0,0,""
21,3225588,"s_cselect_b64 s[0:1], -1, 0",0,0,0,0,""
21,3225592,"s_and_saveexec_b64 s[6:7], vcc",0,0,0,0,""
21,3225596,"s_cbranch_execnz 75",0,0,0,0,""
21,3225600,"s_or_b64 exec, exec, s[6:7]",0,0,0,0,""
21,3225604,"v_cmp_gt_i32_e32 vcc, s8, v0",0,0,0,0,""
21,3225608,"s_and_saveexec_b64 s[6:7], vcc",0,0,0,0,""
21,3225612,"s_cbranch_execnz 90",0,0,0,0,""
21,3225616,"s_or_b64 exec, exec, s[6:7]",0,0,0,0,""
21,3225620,"v_cmp_gt_i32_e32 vcc, s8, v0",0,0,0,0,""
21,3225624,"s_and_saveexec_b64 s[6:7], vcc",0,0,0,0,""
21,3225628,"s_cbranch_execnz 107",0,0,0,0,""
21,3225632,"s_or_b64 exec, exec, s[6:7]",0,0,0,0,""
21,3225636,"v_cmp_gt_i32_e32 vcc, s8, v0",0,0,0,0,""
21,3225640,"s_and_saveexec_b64 s[6:7], vcc",0,0,0,0,""
21,3225644,"s_cbranch_execnz 124",0,0,0,0,""
21,3225648,"s_or_b64 exec, exec, s[6:7]",0,0,0,0,""
21,3225652,"v_cmp_gt_i32_e32 vcc, s8, v0",0,0,0,0,""
21,3225656,"s_and_saveexec_b64 s[6:7], vcc",0,0,0,0,""
21,3225660,"s_cbranch_execnz 141",0,0,0,0,""
21,3225664,"s_or_b64 exec, exec, s[6:7]",0,0,0,0,""
21,3225668,"v_cmp_gt_i32_e32 vcc, s8, v0",0,0,0,0,""
21,3225672,"s_and_saveexec_b64 s[6:7], vcc",0,0,0,0,""
21,3225676,"s_cbranch_execnz 158",0,0,0,0,""
21,3225680,"s_or_b64 exec, exec, s[6:7]",0,0,0,0,""
21,3225684,"v_cmp_gt_i32_e32 vcc, s8, v0",0,0,0,0,""
21,3225688,"s_and_saveexec_b64 s[6:7], vcc",0,0,0,0,""
21,3225692,"s_cbranch_execnz 175",0,0,0,0,""
21,3225696,"s_or_b64 exec, exec, s[6:7]",0,0,0,0,""
21,3225700,"v_cmp_gt_i32_e32 vcc, s8, v0",0,0,0,0,""
21,3225704,"s_and_saveexec_b64 s[6:7], vcc",0,0,0,0,""
21,3225708,"s_cbranch_execnz 192",0,0,0,0,""
21,3225712,"s_or_b64 exec, exec, s[6:7]",0,0,0,0,""
21,3225716,"v_cmp_gt_i32_e32 vcc, s8, v0",0,0,0,0,""
21,3225720,"s_and_saveexec_b64 s[6:7], vcc",0,0,0,0,""
21,3225724,"s_cbranch_execnz 209",0,0,0,0,""
21,3225728,"s_or_b64 exec, exec, s[6:7]",0,0,0,0,""
21,3225732,"v_cmp_gt_i32_e32 vcc, s8, v0",0,0,0,0,""
21,3225736,"s_and_saveexec_b64 s[6:7], vcc",0,0,0,0,""
21,3225740,"s_cbranch_execnz 226",0,0,0,0,""
21,3225744,"s_or_b64 exec, exec, s[6:7]",0,0,0,0,""
21,3225748,"v_cmp_gt_i32_e32 vcc, s8, v0",0,0,0,0,""
21,3225752,"s_and_saveexec_b64 s[6:7], vcc",0,0,0,0,""
21,3225756,"s_cbranch_execnz 243",0,0,0,0,""
21,3225760,"s_or_b64 exec, exec, s[6:7]",0,0,0,0,""
21,3225764,"v_cmp_gt_i32_e32 vcc, s8, v0",0,0,0,0,""
21,3225768,"s_and_saveexec_b64 s[6:7], vcc",0,0,0,0,""
21,3225772,"s_cbranch_execnz 260",0,0,0,0,""
21,3225776,"s_or_b64 exec, exec, s[6:7]",0,0,0,0,""
21,3225780,"v_cmp_gt_i32_e32 vcc, s8, v0",0,0,0,0,""
21,3225784,"s_and_saveexec_b64 s[6:7], vcc",0,0,0,0,""
21,3225788,"s_cbranch_execnz 277",0,0,0,0,""
21,3225792,"s_or_b64 exec, exec, s[6:7]",0,0,0,0,""
21,3225796,"v_cmp_gt_i32_e32 vcc, s8, v0",0,0,0,0,""
21,3225800,"s_and_saveexec_b64 s[6:7], vcc",0,0,0,0,""
21,3225804,"s_cbranch_execnz 294",0,0,0,0,""
21,3225808,"s_or_b64 exec, exec, s[6:7]",0,0,0,0,""
21,3225812,"v_cmp_gt_i32_e32 vcc, s8, v0",0,0,0,0,""
21,3225816,"s_and_saveexec_b64 s[6:7], vcc",0,0,0,0,""
21,3225820,"s_cbranch_execnz 311",0,0,0,0,""
21,3225824,"s_or_b64 exec, exec, s[6:7]",0,0,0,0,""
21,3225828,"v_cmp_gt_i32_e32 vcc, s8, v0",0,0,0,0,""
21,3225832,"s_and_saveexec_b64 s[6:7], vcc",0,0,0,0,""
21,3225836,"s_cbranch_execz 14",0,0,0,0,""
21,3225840,"v_cmp_eq_f32_e32 vcc, v29, v34",0,0,0,0,""
21,3225844,"v_add_u32_e32 v0, s2, v0",0,0,0,0,""
21,3225848,"s_nop 0",0,0,0,0,""
21,3225852,"v_cndmask_b32_e64 v1, 0, 1, vcc",0,0,0,0,""
21,3225860,"v_cmp_neq_f32_e32 vcc, v29, v34",0,0,0,0,""
21,3225864,"s_nop 1",0,0,0,0,""
21,3225868,"v_cndmask_b32_e64 v2, 0, 1, vcc",0,0,0,0,""
21,3225876,"v_cndmask_b32_e64 v1, v2, v1, s[0:1]",0,0,0,0,""
21,3225884,"v_and_b32_e32 v1, 1, v1",0,0,0,0,""
21,3225888,"global_store_byte v0, v1, s[4:5]",0,0,0,0,""
21,3225896,"s_endpgm",516,1804576,0,0,""
21,3225900,"v_cmp_eq_f32_e32 vcc, v3, v4",0,0,0,0,""
21,3225904,"v_or_b32_e32 v0, 0x100, v0",0,0,0,0,""
21,3225912,"s_nop 0",0,0,0,0,""
21,3225916,"v_cndmask_b32_e64 v15, 0, 1, vcc",0,0,0,0,""
21,3225924,"v_cmp_neq_f32_e32 vcc, v3, v4",0,0,0,0,""
21,3225928,"s_nop 1",0,0,0,0,""
21,3225932,"v_cndmask_b32_e64 v3, 0, 1, vcc",0,0,0,0,""
21,3225940,"v_cndmask_b32_e64 v3, v3, v15, s[0:1]",0,0,0,0,""
21,3225948,"v_and_b32_e32 v3, 1, v3",0,0,0,0,""
21,3225952,"global_store_byte v2, v3, s[4:5]",0,0,0,0,""
21,3225960,"s_or_b64 exec, exec, s[6:7]",0,0,0,0,""
21,3225964,"v_cmp_gt_i32_e32 vcc, s8, v0",0,0,0,0,""
21,3225968,"s_and_saveexec_b64 s[6:7], vcc",0,0,0,0,""
21,3225972,"s_cbranch_execz 65446",0,0,0,0,""
21,3225976,"v_cmp_eq_f32_e32 vcc, v1, v6",0,0,0,0,""
21,3225980,"s_nop 1",0,0,0,0,""
21,3225984,"v_cndmask_b32_e64 v2, 0, 1, vcc",0,0,0,0,""
21,3225992,"v_cmp_neq_f32_e32 vcc, v1, v6",0,0,0,0,""
21,3225996,"s_nop 1",0,0,0,0,""
21,3226000,"v_cndmask_b32_e64 v1, 0, 1, vcc",0,0,0,0,""
21,3226008,"v_cndmask_b32_e64 v1, v1, v2, s[0:1]",0,0,0,0,""
21,3226016,"v_and_b32_e32 v1, 1, v1",0,0,0,0,""
21,3226020,"v_add_u32_e32 v2, 0x100, v0",0,0,0,0,""
21,3226028,"v_add_u32_e32 v0, s2, v0",0,0,0,0,""
21,3226032,"global_store_byte v0, v1, s[4:5]",0,0,0,0,""
21,3226040,"v_mov_b32_e32 v0, v2",0,0,0,0,""
21,3226044,"s_or_b64 exec, exec, s[6:7]",0,0,0,0,""
21,3226048,"v_cmp_gt_i32_e32 vcc, s8, v0",0,0,0,0,""
21,3226052,"s_and_saveexec_b64 s[6:7], vcc",0,0,0,0,""
21,3226056,"s_cbranch_execz 65429",0,0,0,0,""
21,3226060,"v_cmp_eq_f32_e32 vcc, v7, v9",0,0,0,0,""
21,3226064,"s_nop 1",0,0,0,0,""
21,3226068,"v_cndmask_b32_e64 v1, 0, 1, vcc",0,0,0,0,""
21,3226076,"v_cmp_neq_f32_e32 vcc, v7, v9",0,0,0,0,""
21,3226080,"s_nop 1",0,0,0,0,""
21,3226084,"v_cndmask_b32_e64 v2, 0, 1, vcc",0,0,0,0,""
21,3226092,"v_cndmask_b32_e64 v1, v2, v1, s[0:1]",0,0,0,0,""
21,3226100,"v_and_b32_e32 v1, 1, v1",0,0,0,0,""
21,3226104,"v_add_u32_e32 v2, 0x100, v0",0,0,0,0,""
21,3226112,"v_add_u32_e32 v0, s2, v0",0,0,0,0,""
21,3226116,"global_store_byte v0, v1, s[4:5]",0,0,0,0,""
21,3226124,"v_mov_b32_e32 v0, v2",0,0,0,0,""
21,3226128,"s_or_b64 exec, exec, s[6:7]",0,0,0,0,""
21,3226132,"v_cmp_gt_i32_e32 vcc, s8, v0",0,0,0,0,""
21,3226136,"s_and_saveexec_b64 s[6:7], vcc",0,0,0,0,""
21,3226140,"s_cbranch_execz 65412",0,0,0,0,""
21,3226144,"v_cmp_eq_f32_e32 vcc, v5, v10",0,0,0,0,""
21,3226148,"s_nop 1",0,0,0,0,""
21,3226152,"v_cndmask_b32_e64 v1, 0, 1, vcc",0,0,0,0,""
21,3226160,"v_cmp_neq_f32_e32 vcc, v5, v10",0,0,0,0,""
21,3226164,"s_nop 1",0,0,0,0,""
21,3226168,"v_cndmask_b32_e64 v2, 0, 1, vcc",0,0,0,0,""
21,3226176,"v_cndmask_b32_e64 v1, v2, v1, s[0:1]",0,0,0,0,""
21,3226184,"v_and_b32_e32 v1, 1, v1",0,0,0,0,""
21,3226188,"v_add_u32_e32 v2, 0x100, v0",0,0,0,0,""
21,3226196,"v_add_u32_e32 v0, s2, v0",0,0,0,0,""
21,3226200,"global_store_byte v0, v1, s[4:5]",0,0,0,0,""
21,3226208,"v_mov_b32_e32 v0, v2",0,0,0,0,""
21,3226212,"s_or_b64 exec, exec, s[6:7]",0,0,0,0,""
21,3226216,"v_cmp_gt_i32_e32 vcc, s8, v0",0,0,0,0,""
21,3226220,"s_and_saveexec_b64 s[6:7], vcc",0,0,0,0,""
21,3226224,"s_cbranch_execz 65395",0,0,0,0,""
21,3226228,"v_cmp_eq_f32_e32 vcc, v11, v13",0,0,0,0,""
21,3226232,"s_nop 1",0,0,0,0,""
21,3226236,"v_cndmask_b32_e64 v1, 0, 1, vcc",0,0,0,0,""
21,3226244,"v_cmp_neq_f32_e32 vcc, v11, v13",0,0,0,0,""
21,3226248,"s_nop 1",0,0,0,0,""
21,3226252,"v_cndmask_b32_e64 v2, 0, 1, vcc",0,0,0,0,""
21,3226260,"v_cndmask_b32_e64 v1, v2, v1, s[0:1]",0,0,0,0,""
21,3226268,"v_and_b32_e32 v1, 1, v1",0,0,0,0,""
21,3226272,"v_add_u32_e32 v2, 0x100, v0",0,0,0,0,""
21,3226280,"v_add_u32_e32 v0, s2, v0",0,0,0,0,""
21,3226284,"global_store_byte v0, v1, s[4:5]",0,0,0,0,""
21,3226292,"v_mov_b32_e32 v0, v2",0,0,0,0,""
21,3226296,"s_or_b64 exec, exec, s[6:7]",0,0,0,0,""
21,3226300,"v_cmp_gt_i32_e32 vcc, s8, v0",0,0,0,0,""
21,3226304,"s_and_saveexec_b64 s[6:7], vcc",0,0,0,0,""
21,3226308,"s_cbranch_execz 65378",0,0,0,0,""
21,3226312,"v_cmp_eq_f32_e32 vcc, v8, v14",0,0,0,0,""
21,3226316,"s_nop 1",0,0,0,0,""
21,3226320,"v_cndmask_b32_e64 v1, 0, 1, vcc",0,0,0,0,""
21,3226328,"v_cmp_neq_f32_e32 vcc, v8, v14",0,0,0,0,""
21,3226332,"s_nop 1",0,0,0,0,""
21,3226336,"v_cndmask_b32_e64 v2, 0, 1, vcc",0,0,0,0,""
21,3226344,"v_cndmask_b32_e64 v1, v2, v1, s[0:1]",0,0,0,0,""
21,3226352,"v_and_b32_e32 v1, 1, v1",0,0,0,0,""
21,3226356,"v_add_u32_e32 v2, 0x100, v0",0,0,0,0,""
21,3226364,"v_add_u32_e32 v0, s2, v0",0,0,0,0,""
21,3226368,"global_store_byte v0, v1, s[4:5]",0,0,0,0,""
21,3226376,"v_mov_b32_e32 v0, v2",0,0,0,0,""
21,3226380,"s_or_b64 exec, exec, s[6:7]",0,0,0,0,""
21,3226384,"v_cmp_gt_i32_e32 vcc, s8, v0",0,0,0,0,""
21,3226388,"s_and_saveexec_b64 s[6:7], vcc",0,0,0,0,""
21,3226392,"s_cbranch_execz 65361",0,0,0,0,""
21,3226396,"v_cmp_eq_f32_e32 vcc, v16, v18",0,0,0,0,""
21,3226400,"s_nop 1",0,0,0,0,""
21,3226404,"v_cndmask_b32_e64 v1, 0, 1, vcc",0,0,0,0,""
21,3226412,"v_cmp_neq_f32_e32 vcc, v16, v18",0,0,0,0,""
21,3226416,"s_nop 1",0,0,0,0,""
21,3226420,"v_cndmask_b32_e64 v2, 0, 1, vcc",0,0,0,0,""
21,3226428,"v_cndmask_b32_e64 v1, v2, v1, s[0:1]",0,0,0,0,""
21,3226436,"v_and_b32_e32 v1, 1, v1",0,0,0,0,""
21,3226440,"v_add_u32_e32 v2, 0x100, v0",0,0,0,0,""
21,3226448,"v_add_u32_e32 v0, s2, v0",0,0,0,0,""
21,3226452,"global_store_byte v0, v1, s[4:5]",0,0,0,0,""
21,3226460,"v_mov_b32_e32 v0, v2",0,0,0,0,""
21,3226464,"s_or_b64 exec, exec, s[6:7]",0,0,0,0,""
21,3226468,"v_cmp_gt_i32_e32 vcc, s8, v0",0,0,0,0,""
21,3226472,"s_and_saveexec_b64 s[6:7], vcc",0,0,0,0,""
21,3226476,"s_cbranch_execz 65344",0,0,0,0,""
21,3226480,"v_cmp_eq_f32_e32 vcc, v12, v19",0,0,0,0,""
21,3226484,"s_nop 1",0,0,0,0,""
21,3226488,"v_cndmask_b32_e64 v1, 0, 1, vcc",0,0,0,0,""
21,3226496,"v_cmp_neq_f32_e32 vcc, v12, v19",0,0,0,0,""
21,3226500,"s_nop 1",0,0,0,0,""
21,3226504,"v_cndmask_b32_e64 v2, 0, 1, vcc",0,0,0,0,""
21,3226512,"v_cndmask_b32_e64 v1, v2, v1, s[0:1]",0,0,0,0,""
21,3226520,"v_and_b32_e32 v1, 1, v1",0,0,0,0,""
21,3226524,"v_add_u32_e32 v2, 0x100, v0",0,0,0,0,""
21,3226532,"v_add_u32_e32 v0, s2, v0",0,0,0,0,""
21,3226536,"global_store_byte v0, v1, s[4:5]",0,0,0,0,""
21,3226544,"v_mov_b32_e32 v0, v2",0,0,0,0,""
21,3226548,"s_or_b64 exec, exec, s[6:7]",0,0,0,0,""
21,3226552,"v_cmp_gt_i32_e32 vcc, s8, v0",0,0,0,0,""
21,3226556,"s_and_saveexec_b64 s[6:7], vcc",0,0,0,0,""
21,3226560,"s_cbranch_execz 65327",0,0,0,0,""
21,3226564,"v_cmp_eq_f32_e32 vcc, v20, v22",0,0,0,0,""
21,3226568,"s_nop 1",0,0,0,0,""
21,3226572,"v_cndmask_b32_e64 v1, 0, 1, vcc",0,0,0,0,""
21,3226580,"v_cmp_neq_f32_e32 vcc, v20, v22",0,0,0,0,""
21,3226584,"s_nop 1",0,0,0,0,""
21,3226588,"v_cndmask_b32_e64 v2, 0, 1, vcc",0,0,0,0,""
21,3226596,"v_cndmask_b32_e64 v1, v2, v1, s[0:1]",0,0,0,0,""
21,3226604,"v_and_b32_e32 v1, 1, v1",0,0,0,0,""
21,3226608,"v_add_u32_e32 v2, 0x100, v0",0,0,0,0,""
21,3226616,"v_add_u32_e32 v0, s2, v0",0,0,0,0,""
21,3226620,"global_store_byte v0, v1, s[4:5]",0,0,0,0,""
21,3226628,"v_mov_b32_e32 v0, v2",0,0,0,0,""
21,3226632,"s_or_b64 exec, exec, s[6:7]",0,0,0,0,""
21,3226636,"v_cmp_gt_i32_e32 vcc, s8, v0",0,0,0,0,""
21,3226640,"s_and_saveexec_b64 s[6:7], vcc",0,0,0,0,""
21,3226644,"s_cbranch_execz 65310",0,0,0,0,""
21,3226648,"v_cmp_eq_f32_e32 vcc, v17, v23",0,0,0,0,""
21,3226652,"s_nop 1",0,0,0,0,""
21,3226656,"v_cndmask_b32_e64 v1, 0, 1, vcc",0,0,0,0,""
21,3226664,"v_cmp_neq_f32_e32 vcc, v17, v23",0,0,0,0,""
21,3226668,"s_nop 1",0,0,0,0,""
21,3226672,"v_cndmask_b32_e64 v2, 0, 1, vcc",0,0,0,0,""
21,3226680,"v_cndmask_b32_e64 v1, v2, v1, s[0:1]",0,0,0,0,""
21,3226688,"v_and_b32_e32 v1, 1, v1",0,0,0,0,""
21,3226692,"v_add_u32_e32 v2, 0x100, v0",0,0,0,0,""
21,3226700,"v_add_u32_e32 v0, s2, v0",0,0,0,0,""
21,3226704,"global_store_byte v0, v1, s[4:5]",0,0,0,0,""
21,3226712,"v_mov_b32_e32 v0, v2",0,0,0,0,""
21,3226716,"s_or_b64 exec, exec, s[6:7]",0,0,0,0,""
21,3226720,"v_cmp_gt_i32_e32 vcc, s8, v0",0,0,0,0,""
21,3226724,"s_and_saveexec_b64 s[6:7], vcc",0,0,0,0,""
21,3226728,"s_cbranch_execz 65293",0,0,0,0,""
21,3226732,"v_cmp_eq_f32_e32 vcc, v24, v26",0,0,0,0,""
21,3226736,"s_nop 1",0,0,0,0,""
21,3226740,"v_cndmask_b32_e64 v1, 0, 1, vcc",0,0,0,0,""
21,3226748,"v_cmp_neq_f32_e32 vcc, v24, v26",0,0,0,0,""
21,3226752,"s_nop 1",0,0,0,0,""
21,3226756,"v_cndmask_b32_e64 v2, 0, 1, vcc",0,0,0,0,""
21,3226764,"v_cndmask_b32_e64 v1, v2, v1, s[0:1]",0,0,0,0,""
21,3226772,"v_and_b32_e32 v1, 1, v1",0,0,0,0,""
21,3226776,"v_add_u32_e32 v2, 0x100, v0",0,0,0,0,""
21,3226784,"v_add_u32_e32 v0, s2, v0",0,0,0,0,""
21,3226788,"global_store_byte v0, v1, s[4:5]",0,0,0,0,""
21,3226796,"v_mov_b32_e32 v0, v2",0,0,0,0,""
21,3226800,"s_or_b64 exec, exec, s[6:7]",0,0,0,0,""
21,3226804,"v_cmp_gt_i32_e32 vcc, s8, v0",0,0,0,0,""
21,3226808,"s_and_saveexec_b64 s[6:7], vcc",0,0,0,0,""
21,3226812,"s_cbranch_execz 65276",0,0,0,0,""
21,3226816,"v_cmp_eq_f32_e32 vcc, v21, v27",0,0,0,0,""
21,3226820,"s_nop 1",0,0,0,0,""
21,3226824,"v_cndmask_b32_e64 v1, 0, 1, vcc",0,0,0,0,""
21,3226832,"v_cmp_neq_f32_e32 vcc, v21, v27",0,0,0,0,""
21,3226836,"s_nop 1",0,0,0,0,""
21,3226840,"v_cndmask_b32_e64 v2, 0, 1, vcc",0,0,0,0,""
21,3226848,"v_cndmask_b32_e64 v1, v2, v1, s[0:1]",0,0,0,0,""
21,3226856,"v_and_b32_e32 v1, 1, v1",0,0,0,0,""
21,3226860,"v_add_u32_e32 v2, 0x100, v0",0,0,0,0,""
21,3226868,"v_add_u32_e32 v0, s2, v0",0,0,0,0,""
21,3226872,"global_store_byte v0, v1, s[4:5]",0,0,0,0,""
21,3226880,"v_mov_b32_e32 v0, v2",0,0,0,0,""
21,3226884,"s_or_b64 exec, exec, s[6:7]",0,0,0,0,""
21,3226888,"v_cmp_gt_i32_e32 vcc, s8, v0",0,0,0,0,""
21,3226892,"s_and_saveexec_b64 s[6:7], vcc",0,0,0,0,""
21,3226896,"s_cbranch_execz 65259",0,0,0,0,""
21,3226900,"v_cmp_eq_f32_e32 vcc, v28, v30",0,0,0,0,""
21,3226904,"s_nop 1",0,0,0,0,""
21,3226908,"v_cndmask_b32_e64 v1, 0, 1, vcc",0,0,0,0,""
21,3226916,"v_cmp_neq_f32_e32 vcc, v28, v30",0,0,0,0,""
21,3226920,"s_nop 1",0,0,0,0,""
21,3226924,"v_cndmask_b32_e64 v2, 0, 1, vcc",0,0,0,0,""
21,3226932,"v_cndmask_b32_e64 v1, v2, v1, s[0:1]",0,0,0,0,""
21,3226940,"v_and_b32_e32 v1, 1, v1",0,0,0,0,""
21,3226944,"v_add_u32_e32 v2, 0x100, v0",0,0,0,0,""
21,3226952,"v_add_u32_e32 v0, s2, v0",0,0,0,0,""
21,3226956,"global_store_byte v0, v1, s[4:5]",0,0,0,0,""
21,3226964,"v_mov_b32_e32 v0, v2",0,0,0,0,""
21,3226968,"s_or_b64 exec, exec, s[6:7]",0,0,0,0,""
21,3226972,"v_cmp_gt_i32_e32 vcc, s8, v0",0,0,0,0,""
21,3226976,"s_and_saveexec_b64 s[6:7], vcc",0,0,0,0,""
21,3226980,"s_cbranch_execz 65242",0,0,0,0,""
21,3226984,"v_cmp_eq_f32_e32 vcc, v25, v31",0,0,0,0,""
21,3226988,"s_nop 1",0,0,0,0,""
21,3226992,"v_cndmask_b32_e64 v1, 0, 1, vcc",0,0,0,0,""
21,3227000,"v_cmp_neq_f32_e32 vcc, v25, v31",0,0,0,0,""
21,3227004,"s_nop 1",0,0,0,0,""
21,3227008,"v_cndmask_b32_e64 v2, 0, 1, vcc",0,0,0,0,""
21,3227016,"v_cndmask_b32_e64 v1, v2, v1, s[0:1]",0,0,0,0,""
21,3227024,"v_and_b32_e32 v1, 1, v1",0,0,0,0,""
21,3227028,"v_add_u32_e32 v2, 0x100, v0",0,0,0,0,""
21,3227036,"v_add_u32_e32 v0, s2, v0",0,0,0,0,""
21,3227040,"global_store_byte v0, v1, s[4:5]",0,0,0,0,""
21,3227048,"v_mov_b32_e32 v0, v2",0,0,0,0,""
21,3227052,"s_or_b64 exec, exec, s[6:7]",0,0,0,0,""
21,3227056,"v_cmp_gt_i32_e32 vcc, s8, v0",0,0,0,0,""
21,3227060,"s_and_saveexec_b64 s[6:7], vcc",0,0,0,0,""
21,3227064,"s_cbranch_execz 65225",0,0,0,0,""
21,3227068,"v_cmp_eq_f32_e32 vcc, v32, v33",0,0,0,0,""
21,3227072,"s_nop 1",0,0,0,0,""
21,3227076,"v_cndmask_b32_e64 v1, 0, 1, vcc",0,0,0,0,""
21,3227084,"v_cmp_neq_f32_e32 vcc, v32, v33",0,0,0,0,""
21,3227088,"s_nop 1",0,0,0,0,""
21,3227092,"v_cndmask_b32_e64 v2, 0, 1, vcc",0,0,0,0,""
21,3227100,"v_cndmask_b32_e64 v1, v2, v1, s[0:1]",0,0,0,0,""
21,3227108,"v_and_b32_e32 v1, 1, v1",0,0,0,0,""
21,3227112,"v_add_u32_e32 v2, 0x100, v0",0,0,0,0,""
21,3227120,"v_add_u32_e32 v0, s2, v0",0,0,0,0,""
21,3227124,"global_store_byte v0, v1, s[4:5]",0,0,0,0,""
21,3227132,"v_mov_b32_e32 v0, v2",0,0,0,0,""
21,3227136,"s_or_b64 exec, exec, s[6:7]",0,0,0,0,""
21,3227140,"v_cmp_gt_i32_e32 vcc, s8, v0",0,0,0,0,""
21,3227144,"s_and_saveexec_b64 s[6:7], vcc",0,0,0,0,""
21,3227148,"s_cbranch_execnz 65208",0,0,0,0,""
21,3227152,"s_branch 65221",0,0,0,0,""
22,782336,"; _ZN2at6native13reduce_kernelILi512ELi1ENS0_8ReduceOpIbNS0_14func_wrapper_tIbZZZNS0_15and_kernel_cudaERNS_14TensorIteratorEENKUlvE_clEvENKUlvE10_clEvEUlbbE_EEjbLi4ELi4EEEEEvT1_",0,0,0,0,"void at::native::reduce_kernel<512, 1, at::native::ReduceOp<bool, at::native::func_wrapper_t<bool, at::native::and_kernel_cuda(at::TensorIterator&)::{lambda()#1}::operator()() const::{lambda()#12}::operator()() const::{lambda(bool, bool)#1}>, unsigned int, bool, 4, 4> >(at::native::ReduceOp<bool, at::native::func_wrapper_t<bool, at::native::and_kernel_cuda(at::TensorIterator&)::{lambda()#1}::operator()() const::{lambda()#12}::operator()() const::{lambda(bool, bool)#1}>, unsigned int, bool, 4, 4>)"
22,782336,"s_load_dwordx4 s[24:27], s[0:1], 0x1c",8,32,0,17632,""
22,782344,"s_load_dword s4, s[0:1], 0x14",8,32,0,0,""
22,782352,"s_load_dword s5, s[0:1], 0x2c",8,32,0,0,""
22,782360,"s_load_dword s33, s[0:1], 0x148",8,32,0,0,""
22,782368,"v_and_b32_e32 v2, 0x3ff, v0",8,40,8,0,""
22,782376,"v_bfe_u32 v10, v0, 10, 10",8,68,36,0,""
22,782384,"s_waitcnt lgkmcnt(0)",8,11336,11336,0,""
22,782388,"s_mul_i32 s4, s4, s2",8,36,4,0,""
22,782392,"v_mul_lo_u32 v1, s27, v2",8,180,148,0,""
22,782400,"s_add_i32 s27, s33, -1",8,44,12,0,""
22,782404,"v_mul_lo_u32 v0, s24, v2",8,128,96,0,""
22,782412,"v_mul_lo_u32 v3, s25, v10",8,60,28,0,""
22,782420,"v_mul_lo_u32 v4, s5, v10",8,148,116,0,""
22,782428,"s_mul_i32 s5, s26, s3",8,32,0,0,""
22,782432,"s_cmp_gt_u32 s27, 1",8,32,0,0,""
22,782436,"v_add3_u32 v11, v4, v1, s4",8,88,56,0,""
22,782444,"s_cselect_b64 s[44:45], -1, 0",8,36,4,0,""
22,782448,"s_cmp_lt_u32 s27, 2",8,32,0,0,""
22,782452,"v_add3_u32 v0, v3, v0, s5",8,32,0,0,""
22,782460,"s_cbranch_scc1 79",8,32,0,0,""
22,782464,"s_cmp_lg_u32 s33, 0",8,32,0,128,""
22,782468,"s_mov_b32 s20, 0",8,32,0,0,""
22,782472,"s_cbranch_scc0 77",8,32,0,32,""
22,782476,"s_min_u32 s21, s27, 15",0,0,0,0,""
22,782480,"s_add_i32 s21, s21, 1",0,0,0,0,""
22,782484,"s_cmp_eq_u32 s27, 2",0,0,0,0,""
22,782488,"s_cbranch_scc1 75",0,0,0,0,""
22,782492,"s_and_b32 s20, s21, 28",0,0,0,0,""
22,782496,"s_add_u32 s16, s0, 0x210",0,0,0,0,""
22,782504,"s_addc_u32 s17, s1, 0",0,0,0,0,""
22,782508,"v_mov_b32_e32 v4, 0",0,0,0,0,""
22,782512,"s_mov_b32 s22, 0",0,0,0,0,""
22,782516,"s_mov_b64 s[18:19], s[0:1]",0,0,0,0,""
22,782520,"v_mov_b32_e32 v1, v11",0,0,0,0,""
22,782524,"s_load_dwordx8 s[4:11], s[18:19], 0x14c",0,0,0,0,""
22,782532,"s_load_dwordx4 s[12:15], s[18:19], 0x16c",0,0,0,0,""
22,782540,"s_load_dword s23, s[16:17], 0x0",0,0,0,0,""
22,782548,"s_load_dword s28, s[16:17], 0x8",0,0,0,0,""
22,782556,"s_load_dword s29, s[16:17], 0x10",0,0,0,0,""
22,782564,"s_load_dword s30, s[16:17], 0x18",0,0,0,0,""
22,782572,"s_waitcnt lgkmcnt(0)",0,0,0,0,""
22,782576,"v_mul_hi_u32 v3, s5, v1",0,0,0,0,""
22,782584,"v_add_u32_e32 v3, v1, v3",0,0,0,0,""
22,782588,"v_lshrrev_b32_e32 v3, s6, v3",0,0,0,0,""
22,782592,"v_mul_lo_u32 v5, v3, s4",0,0,0,0,""
22,782600,"v_mul_hi_u32 v6, s8, v3",0,0,0,0,""
22,782608,"v_sub_u32_e32 v1, v1, v5",0,0,0,0,""
22,782612,"v_add_u32_e32 v5, v3, v6",0,0,0,0,""
22,782616,"v_lshrrev_b32_e32 v5, s9, v5",0,0,0,0,""
22,782620,"v_mul_lo_u32 v6, v5, s7",0,0,0,0,""
22,782628,"v_mul_hi_u32 v7, s11, v5",0,0,0,0,""
22,782636,"v_sub_u32_e32 v3, v3, v6",0,0,0,0,""
22,782640,"v_add_u32_e32 v6, v5, v7",0,0,0,0,""
22,782644,"v_mul_lo_u32 v1, v1, s23",0,0,0,0,""
22,782652,"v_mul_lo_u32 v3, v3, s28",0,0,0,0,""
22,782660,"v_lshrrev_b32_e32 v6, s12, v6",0,0,0,0,""
22,782664,"v_add3_u32 v3, v1, v4, v3",0,0,0,0,""
22,782672,"v_mul_lo_u32 v1, v6, s10",0,0,0,0,""
22,782680,"v_mul_hi_u32 v4, s14, v6",0,0,0,0,""
22,782688,"s_add_i32 s22, s22, 4",0,0,0,0,""
22,782692,"v_sub_u32_e32 v1, v5, v1",0,0,0,0,""
22,782696,"v_add_u32_e32 v4, v6, v4",0,0,0,0,""
22,782700,"s_add_u32 s16, s16, 32",0,0,0,0,""
22,782704,"v_mul_lo_u32 v5, v1, s29",0,0,0,0,""
22,782712,"v_lshrrev_b32_e32 v1, s15, v4",0,0,0,0,""
22,782716,"s_addc_u32 s17, s17, 0",0,0,0,0,""
22,782720,"v_mul_lo_u32 v4, v1, s13",0,0,0,0,""
22,782728,"s_add_u32 s18, s18, 48",0,0,0,0,""
22,782732,"v_sub_u32_e32 v4, v6, v4",0,0,0,0,""
22,782736,"s_addc_u32 s19, s19, 0",0,0,0,0,""
22,782740,"v_mul_lo_u32 v4, v4, s30",0,0,0,0,""
22,782748,"s_cmp_lg_u32 s20, s22",0,0,0,0,""
22,782752,"v_add3_u32 v4, v5, v3, v4",0,0,0,0,""
22,782760,"s_cbranch_scc1 65476",0,0,0,0,""
22,782764,"s_and_b32 s8, s21, 3",0,0,0,0,""
22,782768,"s_cmp_eq_u32 s8, 0",0,0,0,0,""
22,782772,"s_cbranch_scc0 9",0,0,0,0,""
22,782776,"s_branch 41",0,0,0,0,""
22,782780,"s_branch 41",0,0,0,0,""
22,782784,"v_mov_b32_e32 v4, 0",8,64,32,128,""
22,782788,"s_branch 38",8,32,0,0,""
22,782792,"v_mov_b32_e32 v4, 0",0,0,0,0,""
22,782796,"v_mov_b32_e32 v1, v11",0,0,0,0,""
22,782800,"s_and_b32 s8, s21, 3",0,0,0,0,""
22,782804,"s_cmp_eq_u32 s8, 0",0,0,0,0,""
22,782808,"s_cbranch_scc1 33",0,0,0,0,""
22,782812,"s_lshl_b32 s4, s20, 3",0,0,0,0,""
22,782816,"s_add_u32 s4, s0, s4",0,0,0,0,""
22,782820,"s_addc_u32 s5, s1, 0",0,0,0,0,""
22,782824,"s_add_u32 s4, s4, 0x210",0,0,0,0,""
22,782832,"s_addc_u32 s5, s5, 0",0,0,0,0,""
22,782836,"s_mul_i32 s6, s20, 12",0,0,0,0,""
22,782840,"s_add_u32 s6, s0, s6",0,0,0,0,""
22,782844,"s_addc_u32 s7, s1, 0",0,0,0,0,""
22,782848,"s_load_dwordx2 s[10:11], s[6:7], 0x14c",0,0,0,0,""
22,782856,"s_load_dword s9, s[6:7], 0x154",0,0,0,0,""
22,782864,"s_load_dword s12, s[4:5], 0x0",0,0,0,0,""
22,782872,"s_add_u32 s4, s4, 8",0,0,0,0,""
22,782876,"s_addc_u32 s5, s5, 0",0,0,0,0,""
22,782880,"s_waitcnt lgkmcnt(0)",0,0,0,0,""
22,782884,"v_mul_hi_u32 v3, s11, v1",0,0,0,0,""
22,782892,"v_add_u32_e32 v3, v1, v3",0,0,0,0,""
22,782896,"v_lshrrev_b32_e32 v3, s9, v3",0,0,0,0,""
22,782900,"s_add_u32 s6, s6, 12",0,0,0,0,""
22,782904,"v_mul_lo_u32 v5, v3, s10",0,0,0,0,""
22,782912,"s_addc_u32 s7, s7, 0",0,0,0,0,""
22,782916,"s_add_i32 s8, s8, -1",0,0,0,0,""
22,782920,"v_sub_u32_e32 v5, v1, v5",0,0,0,0,""
22,782924,"s_cmp_lg_u32 s8, 0",0,0,0,0,""
22,782928,"v_mov_b32_e32 v1, v3",0,0,0,0,""
22,782932,"v_mad_u64_u32 v[4:5], s[10:11], v5, s12, v[4:5]",0,0,0,0,""
22,782940,"s_cbranch_scc1 65512",0,0,0,0,""
22,782944,"s_cbranch_execnz 32",8,32,0,128,""
22,782948,"s_load_dwordx4 s[4:7], s[0:1], 0x14c",0,0,0,0,""
22,782956,"s_waitcnt lgkmcnt(0)",0,0,0,0,""
22,782960,"s_load_dword s7, s[0:1], 0x210",0,0,0,0,""
22,782968,"s_cmp_lt_u32 s33, 2",0,0,0,0,""
22,782972,"v_mul_hi_u32 v1, s5, v11",0,0,0,0,""
22,782980,"v_add_u32_e32 v1, v11, v1",0,0,0,0,""
22,782984,"v_lshrrev_b32_e32 v1, s6, v1",0,0,0,0,""
22,782988,"v_mul_lo_u32 v3, v1, s4",0,0,0,0,""
22,782996,"v_sub_u32_e32 v3, v11, v3",0,0,0,0,""
22,783000,"s_waitcnt lgkmcnt(0)",0,0,0,0,""
22,783004,"v_mul_lo_u32 v4, v3, s7",0,0,0,0,""
22,783012,"s_cbranch_scc1 15",0,0,0,0,""
22,783016,"s_load_dwordx4 s[4:7], s[0:1], 0x158",0,0,0,0,""
22,783024,"s_waitcnt lgkmcnt(0)",0,0,0,0,""
22,783028,"s_load_dword s7, s[0:1], 0x218",0,0,0,0,""
22,783036,"v_mul_hi_u32 v3, s5, v1",0,0,0,0,""
22,783044,"v_add_u32_e32 v3, v1, v3",0,0,0,0,""
22,783048,"v_lshrrev_b32_e32 v3, s6, v3",0,0,0,0,""
22,783052,"v_mul_lo_u32 v3, v3, s4",0,0,0,0,""
22,783060,"v_sub_u32_e32 v1, v1, v3",0,0,0,0,""
22,783064,"s_waitcnt lgkmcnt(0)",0,0,0,0,""
22,783068,"v_mad_u64_u32 v[4:5], s[4:5], v1, s7, v[4:5]",0,0,0,0,""
22,783076,"s_load_dwordx2 s[34:35], s[0:1], 0x8",8,40,8,128,""
22,783084,"s_waitcnt lgkmcnt(0)",8,288,288,0,""
22,783088,"v_cmp_gt_u32_e32 vcc, s34, v0",8,52,20,0,""
22,783092,"v_cmp_gt_u32_e64 s[4:5], s35, v11",8,56,24,0,""
22,783100,"s_and_b64 s[4:5], s[4:5], vcc",8,32,0,128,""
22,783104,"s_and_saveexec_b64 s[46:47], s[4:5]",8,32,0,0,""
22,783108,"s_cbranch_execz 1943",8,32,0,32,""
22,783112,"s_load_dword s6, s[0:1], 0x3c",8,32,0,0,""
22,783120,"s_load_dwordx2 s[4:5], s[0:1], 0x290",8,32,0,0,""
22,783128,"v_mov_b32_e32 v5, 0",8,32,0,0,""
22,783132,"s_waitcnt lgkmcnt(0)",8,4800,4800,0,""
22,783136,"s_bitcmp0_b32 s6, 0",8,32,0,0,""
22,783140,"v_lshl_add_u64 v[4:5], s[4:5], 0, v[4:5]",8,72,40,0,""
22,783148,"s_cbranch_scc0 679",8,32,0,0,""
22,783152,"s_load_dword s64, s[0:1], 0x44",0,0,0,0,""
22,783160,"s_add_u32 s48, s0, 0x108",0,0,0,0,""
22,783168,"s_load_dword s63, s[0:1], 0x108",0,0,0,0,""
22,783176,"s_load_dword s10, s[0:1], 0x0",0,0,0,0,""
22,783184,"s_load_dword s60, s[0:1], 0x10",0,0,0,0,""
22,783192,"s_addc_u32 s49, s1, 0",0,0,0,0,""
22,783196,"s_waitcnt lgkmcnt(0)",0,0,0,0,""
22,783200,"s_cmp_lg_u32 s64, 1",0,0,0,0,""
22,783204,"s_cselect_b64 s[6:7], -1, 0",0,0,0,0,""
22,783208,"s_cmp_eq_u32 s64, 1",0,0,0,0,""
22,783212,"s_cselect_b64 s[4:5], -1, 0",0,0,0,0,""
22,783216,"s_cmp_eq_u32 s63, 1",0,0,0,0,""
22,783220,"s_cselect_b64 s[8:9], -1, 0",0,0,0,0,""
22,783224,"s_mul_i32 s61, s60, 3",0,0,0,0,""
22,783228,"s_and_b64 s[4:5], s[4:5], s[8:9]",0,0,0,0,""
22,783232,"v_add_u32_e32 v1, s61, v0",0,0,0,0,""
22,783236,"s_lshr_b32 s62, s10, 8",0,0,0,0,""
22,783240,"s_andn2_b64 vcc, exec, s[4:5]",0,0,0,0,""
22,783244,"v_cmp_gt_u32_e64 s[4:5], s34, v1",0,0,0,0,""
22,783252,"s_cbranch_vccz 654",0,0,0,0,""
22,783256,"s_and_b64 vcc, exec, s[6:7]",0,0,0,0,""
22,783260,"s_cbranch_vccz 653",0,0,0,0,""
22,783264,"v_mov_b32_e32 v12, s62",0,0,0,0,""
22,783268,"v_mov_b32_e32 v19, v0",0,0,0,0,""
22,783272,"v_mov_b32_e32 v13, s62",0,0,0,0,""
22,783276,"v_mov_b32_e32 v14, s62",0,0,0,0,""
22,783280,"v_mov_b32_e32 v3, s62",0,0,0,0,""
22,783284,"s_and_saveexec_b64 s[50:51], s[4:5]",0,0,0,0,""
22,783288,"s_cbranch_execz 649",0,0,0,0,""
22,783292,"v_sub_co_u32_e64 v6, s[6:7], s64, 1",0,0,0,0,""
22,783300,"s_nop 0",0,0,0,0,""
22,783304,"v_readfirstlane_b32 s8, v6",0,0,0,0,""
22,783308,"s_min_u32 s8, s8, 15",0,0,0,0,""
22,783312,"s_add_i32 s8, s8, 1",0,0,0,0,""
22,783316,"s_load_dwordx4 s[28:31], s[0:1], 0x48",0,0,0,0,""
22,783324,"s_xor_b64 s[6:7], s[6:7], -1",0,0,0,0,""
22,783328,"s_load_dwordx2 s[52:53], s[0:1], 0x58",0,0,0,0,""
22,783336,"s_load_dword s65, s[0:1], 0x10c",0,0,0,0,""
22,783344,"s_and_b32 s66, s8, 3",0,0,0,0,""
22,783348,"s_and_b32 s67, s8, 28",0,0,0,0,""
22,783352,"s_cmp_lg_u32 s66, 0",0,0,0,0,""
22,783356,"v_cndmask_b32_e64 v7, 0, 1, s[6:7]",0,0,0,0,""
22,783364,"v_cmp_ne_u32_e32 vcc, 2, v6",0,0,0,0,""
22,783368,"s_cselect_b64 s[10:11], -1, 0",0,0,0,0,""
22,783372,"v_cmp_ne_u32_e64 s[6:7], 1, v7",0,0,0,0,""
22,783380,"v_cndmask_b32_e64 v7, 0, 1, vcc",0,0,0,0,""
22,783388,"v_cndmask_b32_e64 v8, 0, 1, s[10:11]",0,0,0,0,""
22,783396,"v_cmp_lt_u32_e64 s[10:11], 1, v6",0,0,0,0,""
22,783404,"s_mov_b64 s[54:55], 0",0,0,0,0,""
22,783408,"v_mov_b32_e32 v3, s62",0,0,0,0,""
22,783412,"v_cmp_ne_u32_e64 s[8:9], 1, v7",0,0,0,0,""
22,783420,"v_mov_b32_e32 v7, 0",0,0,0,0,""
22,783424,"v_cndmask_b32_e64 v17, 0, 1, s[10:11]",0,0,0,0,""
22,783432,"v_cmp_ne_u32_e64 s[12:13], 1, v8",0,0,0,0,""
22,783440,"v_mov_b32_e32 v14, s62",0,0,0,0,""
22,783444,"v_mov_b32_e32 v13, s62",0,0,0,0,""
22,783448,"v_mov_b32_e32 v12, s62",0,0,0,0,""
22,783452,"v_mov_b32_e32 v19, v0",0,0,0,0,""
22,783456,"s_branch 25",0,0,0,0,""
22,783460,"v_lshl_add_u64 v[8:9], v[4:5], 0, v[6:7]",0,0,0,0,""
22,783468,"global_load_ubyte v6, v[8:9], off",0,0,0,0,""
22,783476,"v_add_u32_e32 v19, s60, v19",0,0,0,0,""
22,783480,"v_and_b32_e32 v12, v18, v12",0,0,0,0,""
22,783484,"v_and_b32_e32 v13, v15, v13",0,0,0,0,""
22,783488,"s_waitcnt vmcnt(1)",0,0,0,0,""
22,783492,"v_and_b32_e32 v14, v16, v14",0,0,0,0,""
22,783496,"s_waitcnt vmcnt(0)",0,0,0,0,""
22,783500,"v_cmp_ne_u16_e32 vcc, 0, v6",0,0,0,0,""
22,783504,"s_nop 1",0,0,0,0,""
22,783508,"v_cndmask_b32_e64 v6, 0, 1, vcc",0,0,0,0,""
22,783516,"scratch_store_byte off, v6, off",0,0,0,0,""
22,783524,"scratch_load_ubyte v8, off, off",0,0,0,0,""
22,783532,"v_add_u32_e32 v6, s61, v19",0,0,0,0,""
22,783536,"v_cmp_le_u32_e32 vcc, s34, v6",0,0,0,0,""
22,783540,"s_or_b64 s[54:55], vcc, s[54:55]",0,0,0,0,""
22,783544,"s_waitcnt vmcnt(0)",0,0,0,0,""
22,783548,"v_and_b32_e32 v3, v8, v3",0,0,0,0,""
22,783552,"s_andn2_b64 exec, exec, s[54:55]",0,0,0,0,""
22,783556,"s_cbranch_execz 581",0,0,0,0,""
22,783560,"s_and_b64 vcc, exec, s[10:11]",0,0,0,0,""
22,783564,"s_mov_b64 s[14:15], -1",0,0,0,0,""
22,783568,"s_cbranch_vccz 106",0,0,0,0,""
22,783572,"s_and_b64 vcc, exec, s[6:7]",0,0,0,0,""
22,783576,"v_mov_b32_e32 v6, 0",0,0,0,0,""
22,783580,"s_cbranch_vccnz 102",0,0,0,0,""
22,783584,"s_and_b64 vcc, exec, s[8:9]",0,0,0,0,""
22,783588,"s_cbranch_vccnz 63",0,0,0,0,""
22,783592,"s_mov_b32 s58, 0",0,0,0,0,""
22,783596,"v_mov_b32_e32 v8, 0",0,0,0,0,""
22,783600,"s_mov_b64 s[14:15], s[0:1]",0,0,0,0,""
22,783604,"s_mov_b64 s[56:57], s[48:49]",0,0,0,0,""
22,783608,"v_mov_b32_e32 v6, v19",0,0,0,0,""
22,783612,"s_load_dwordx8 s[16:23], s[14:15], 0x48",0,0,0,0,""
22,783620,"s_load_dwordx4 s[36:39], s[14:15], 0x68",0,0,0,0,""
22,783628,"s_load_dwordx4 s[40:43], s[56:57], 0x0",0,0,0,0,""
22,783636,"s_add_i32 s58, s58, 4",0,0,0,0,""
22,783640,"s_add_u32 s56, s56, 16",0,0,0,0,""
22,783644,"s_waitcnt lgkmcnt(0)",0,0,0,0,""
22,783648,"v_mul_hi_u32 v9, s17, v6",0,0,0,0,""
22,783656,"v_add_u32_e32 v9, v6, v9",0,0,0,0,""
22,783660,"v_lshrrev_b32_e32 v9, s18, v9",0,0,0,0,""
22,783664,"v_mul_lo_u32 v15, v9, s16",0,0,0,0,""
22,783672,"v_mul_hi_u32 v16, s20, v9",0,0,0,0,""
22,783680,"v_sub_u32_e32 v6, v6, v15",0,0,0,0,""
22,783684,"v_add_u32_e32 v15, v9, v16",0,0,0,0,""
22,783688,"v_lshrrev_b32_e32 v15, s21, v15",0,0,0,0,""
22,783692,"v_mul_lo_u32 v16, v15, s19",0,0,0,0,""
22,783700,"v_mul_hi_u32 v18, s23, v15",0,0,0,0,""
22,783708,"v_sub_u32_e32 v9, v9, v16",0,0,0,0,""
22,783712,"v_add_u32_e32 v16, v15, v18",0,0,0,0,""
22,783716,"v_mul_lo_u32 v6, v6, s40",0,0,0,0,""
22,783724,"v_mul_lo_u32 v9, v9, s41",0,0,0,0,""
22,783732,"v_lshrrev_b32_e32 v16, s36, v16",0,0,0,0,""
22,783736,"v_add3_u32 v8, v6, v8, v9",0,0,0,0,""
22,783744,"v_mul_lo_u32 v6, v16, s22",0,0,0,0,""
22,783752,"v_mul_hi_u32 v9, s38, v16",0,0,0,0,""
22,783760,"v_sub_u32_e32 v6, v15, v6",0,0,0,0,""
22,783764,"v_add_u32_e32 v9, v16, v9",0,0,0,0,""
22,783768,"v_mul_lo_u32 v15, v6, s42",0,0,0,0,""
22,783776,"v_lshrrev_b32_e32 v6, s39, v9",0,0,0,0,""
22,783780,"s_addc_u32 s57, s57, 0",0,0,0,0,""
22,783784,"v_mul_lo_u32 v9, v6, s37",0,0,0,0,""
22,783792,"s_add_u32 s14, s14, 48",0,0,0,0,""
22,783796,"v_sub_u32_e32 v9, v16, v9",0,0,0,0,""
22,783800,"s_addc_u32 s15, s15, 0",0,0,0,0,""
22,783804,"v_mul_lo_u32 v9, v9, s43",0,0,0,0,""
22,783812,"s_cmp_lg_u32 s67, s58",0,0,0,0,""
22,783816,"v_add3_u32 v8, v15, v8, v9",0,0,0,0,""
22,783824,"s_cbranch_scc1 65482",0,0,0,0,""
22,783828,"s_mov_b32 s16, s67",0,0,0,0,""
22,783832,"s_and_b64 vcc, exec, s[12:13]",0,0,0,0,""
22,783836,"s_cbranch_vccz 6",0,0,0,0,""
22,783840,"s_branch 36",0,0,0,0,""
22,783844,"v_mov_b32_e32 v8, 0",0,0,0,0,""
22,783848,"s_mov_b32 s16, 0",0,0,0,0,""
22,783852,"v_mov_b32_e32 v6, v19",0,0,0,0,""
22,783856,"s_and_b64 vcc, exec, s[12:13]",0,0,0,0,""
22,783860,"s_cbranch_vccnz 31",0,0,0,0,""
22,783864,"s_lshl_b32 s14, s16, 2",0,0,0,0,""
22,783868,"s_add_u32 s14, s48, s14",0,0,0,0,""
22,783872,"s_addc_u32 s15, s49, 0",0,0,0,0,""
22,783876,"s_mul_i32 s16, s16, 12",0,0,0,0,""
22,783880,"s_add_u32 s16, s0, s16",0,0,0,0,""
22,783884,"s_addc_u32 s17, s1, 0",0,0,0,0,""
22,783888,"s_mov_b32 s18, s66",0,0,0,0,""
22,783892,"s_load_dwordx2 s[20:21], s[16:17], 0x48",0,0,0,0,""
22,783900,"s_load_dword s19, s[16:17], 0x50",0,0,0,0,""
22,783908,"s_load_dword s22, s[14:15], 0x0",0,0,0,0,""
22,783916,"s_add_u32 s14, s14, 4",0,0,0,0,""
22,783920,"s_addc_u32 s15, s15, 0",0,0,0,0,""
22,783924,"s_waitcnt lgkmcnt(0)",0,0,0,0,""
22,783928,"v_mul_hi_u32 v9, s21, v6",0,0,0,0,""
22,783936,"v_add_u32_e32 v9, v6, v9",0,0,0,0,""
22,783940,"v_lshrrev_b32_e32 v9, s19, v9",0,0,0,0,""
22,783944,"s_add_u32 s16, s16, 12",0,0,0,0,""
22,783948,"v_mul_lo_u32 v15, v9, s20",0,0,0,0,""
22,783956,"s_addc_u32 s17, s17, 0",0,0,0,0,""
22,783960,"s_add_i32 s18, s18, -1",0,0,0,0,""
22,783964,"v_sub_u32_e32 v15, v6, v15",0,0,0,0,""
22,783968,"s_cmp_lg_u32 s18, 0",0,0,0,0,""
22,783972,"v_mov_b32_e32 v6, v9",0,0,0,0,""
22,783976,"v_mad_u64_u32 v[8:9], s[20:21], v15, s22, v[8:9]",0,0,0,0,""
22,783984,"s_cbranch_scc1 65512",0,0,0,0,""
22,783988,"v_mov_b32_e32 v6, v8",0,0,0,0,""
22,783992,"s_mov_b64 s[14:15], 0",0,0,0,0,""
22,783996,"s_andn2_b64 vcc, exec, s[14:15]",0,0,0,0,""
22,784000,"s_cbranch_vccnz 22",0,0,0,0,""
22,784004,"s_waitcnt lgkmcnt(0)",0,0,0,0,""
22,784008,"v_mul_hi_u32 v6, v19, s29",0,0,0,0,""
22,784016,"v_add_u32_e32 v6, v19, v6",0,0,0,0,""
22,784020,"v_lshrrev_b32_e32 v8, s30, v6",0,0,0,0,""
22,784024,"v_mul_lo_u32 v6, v8, s28",0,0,0,0,""
22,784032,"v_sub_u32_e32 v6, v19, v6",0,0,0,0,""
22,784036,"s_and_b64 vcc, exec, s[6:7]",0,0,0,0,""
22,784040,"v_mul_lo_u32 v6, v6, s63",0,0,0,0,""
22,784048,"s_cbranch_vccnz 10",0,0,0,0,""
22,784052,"v_mul_hi_u32 v9, v8, s52",0,0,0,0,""
22,784060,"v_add_u32_e32 v9, v8, v9",0,0,0,0,""
22,784064,"v_lshrrev_b32_e32 v9, s53, v9",0,0,0,0,""
22,784068,"v_mul_lo_u32 v9, v9, s31",0,0,0,0,""
22,784076,"v_sub_u32_e32 v8, v8, v9",0,0,0,0,""
22,784080,"v_mad_u64_u32 v[8:9], s[14:15], v8, s65, v[6:7]",0,0,0,0,""
22,784088,"v_mov_b32_e32 v6, v8",0,0,0,0,""
22,784092,"v_lshl_add_u64 v[8:9], v[4:5], 0, v[6:7]",0,0,0,0,""
22,784100,"global_load_ubyte v6, v[8:9], off",0,0,0,0,""
22,784108,"v_add_u32_e32 v16, s60, v19",0,0,0,0,""
22,784112,"v_cmp_ne_u32_e64 s[14:15], 1, v17",0,0,0,0,""
22,784120,"s_mov_b64 s[16:17], -1",0,0,0,0,""
22,784124,"s_waitcnt vmcnt(0)",0,0,0,0,""
22,784128,"v_cmp_ne_u16_e32 vcc, 0, v6",0,0,0,0,""
22,784132,"s_nop 1",0,0,0,0,""
22,784136,"v_cndmask_b32_e64 v6, 0, 1, vcc",0,0,0,0,""
22,784144,"scratch_store_byte off, v6, off",0,0,0,0,""
22,784152,"scratch_load_ubyte v18, off, off",0,0,0,0,""
22,784160,"s_andn2_b64 vcc, exec, s[10:11]",0,0,0,0,""
22,784164,"s_cbranch_vccnz 106",0,0,0,0,""
22,784168,"s_and_b64 vcc, exec, s[6:7]",0,0,0,0,""
22,784172,"v_mov_b32_e32 v6, 0",0,0,0,0,""
22,784176,"s_cbranch_vccnz 102",0,0,0,0,""
22,784180,"s_and_b64 vcc, exec, s[8:9]",0,0,0,0,""
22,784184,"s_cbranch_vccnz 63",0,0,0,0,""
22,784188,"s_mov_b32 s68, 0",0,0,0,0,""
22,784192,"v_mov_b32_e32 v8, 0",0,0,0,0,""
22,784196,"s_mov_b64 s[56:57], s[0:1]",0,0,0,0,""
22,784200,"s_mov_b64 s[58:59], s[48:49]",0,0,0,0,""
22,784204,"v_mov_b32_e32 v6, v16",0,0,0,0,""
22,784208,"s_load_dwordx8 s[16:23], s[56:57], 0x48",0,0,0,0,""
22,784216,"s_load_dwordx4 s[36:39], s[56:57], 0x68",0,0,0,0,""
22,784224,"s_load_dwordx4 s[40:43], s[58:59], 0x0",0,0,0,0,""
22,784232,"s_add_i32 s68, s68, 4",0,0,0,0,""
22,784236,"s_add_u32 s58, s58, 16",0,0,0,0,""
22,784240,"s_waitcnt lgkmcnt(0)",0,0,0,0,""
22,784244,"v_mul_hi_u32 v9, s17, v6",0,0,0,0,""
22,784252,"v_add_u32_e32 v9, v6, v9",0,0,0,0,""
22,784256,"v_lshrrev_b32_e32 v9, s18, v9",0,0,0,0,""
22,784260,"v_mul_lo_u32 v15, v9, s16",0,0,0,0,""
22,784268,"v_mul_hi_u32 v19, s20, v9",0,0,0,0,""
22,784276,"v_sub_u32_e32 v6, v6, v15",0,0,0,0,""
22,784280,"v_add_u32_e32 v15, v9, v19",0,0,0,0,""
22,784284,"v_lshrrev_b32_e32 v15, s21, v15",0,0,0,0,""
22,784288,"v_mul_lo_u32 v19, v15, s19",0,0,0,0,""
22,784296,"v_mul_hi_u32 v20, s23, v15",0,0,0,0,""
22,784304,"v_sub_u32_e32 v9, v9, v19",0,0,0,0,""
22,784308,"v_add_u32_e32 v19, v15, v20",0,0,0,0,""
22,784312,"v_mul_lo_u32 v6, v6, s40",0,0,0,0,""
22,784320,"v_mul_lo_u32 v9, v9, s41",0,0,0,0,""
22,784328,"v_lshrrev_b32_e32 v19, s36, v19",0,0,0,0,""
22,784332,"v_add3_u32 v8, v6, v8, v9",0,0,0,0,""
22,784340,"v_mul_lo_u32 v6, v19, s22",0,0,0,0,""
22,784348,"v_mul_hi_u32 v9, s38, v19",0,0,0,0,""
22,784356,"v_sub_u32_e32 v6, v15, v6",0,0,0,0,""
22,784360,"v_add_u32_e32 v9, v19, v9",0,0,0,0,""
22,784364,"v_mul_lo_u32 v15, v6, s42",0,0,0,0,""
22,784372,"v_lshrrev_b32_e32 v6, s39, v9",0,0,0,0,""
22,784376,"s_addc_u32 s59, s59, 0",0,0,0,0,""
22,784380,"v_mul_lo_u32 v9, v6, s37",0,0,0,0,""
22,784388,"s_add_u32 s56, s56, 48",0,0,0,0,""
22,784392,"v_sub_u32_e32 v9, v19, v9",0,0,0,0,""
22,784396,"s_addc_u32 s57, s57, 0",0,0,0,0,""
22,784400,"v_mul_lo_u32 v9, v9, s43",0,0,0,0,""
22,784408,"s_cmp_eq_u32 s67, s68",0,0,0,0,""
22,784412,"v_add3_u32 v8, v15, v8, v9",0,0,0,0,""
22,784420,"s_cbranch_scc0 65482",0,0,0,0,""
22,784424,"s_mov_b32 s18, s67",0,0,0,0,""
22,784428,"s_and_b64 vcc, exec, s[12:13]",0,0,0,0,""
22,784432,"s_cbranch_vccz 6",0,0,0,0,""
22,784436,"s_branch 36",0,0,0,0,""
22,784440,"v_mov_b32_e32 v8, 0",0,0,0,0,""
22,784444,"s_mov_b32 s18, 0",0,0,0,0,""
22,784448,"v_mov_b32_e32 v6, v16",0,0,0,0,""
22,784452,"s_and_b64 vcc, exec, s[12:13]",0,0,0,0,""
22,784456,"s_cbranch_vccnz 31",0,0,0,0,""
22,784460,"s_lshl_b32 s16, s18, 2",0,0,0,0,""
22,784464,"s_add_u32 s16, s48, s16",0,0,0,0,""
22,784468,"s_addc_u32 s17, s49, 0",0,0,0,0,""
22,784472,"s_mul_i32 s18, s18, 12",0,0,0,0,""
22,784476,"s_add_u32 s18, s0, s18",0,0,0,0,""
22,784480,"s_addc_u32 s19, s1, 0",0,0,0,0,""
22,784484,"s_mov_b32 s20, s66",0,0,0,0,""
22,784488,"s_load_dwordx2 s[22:23], s[18:19], 0x48",0,0,0,0,""
22,784496,"s_load_dword s21, s[18:19], 0x50",0,0,0,0,""
22,784504,"s_load_dword s36, s[16:17], 0x0",0,0,0,0,""
22,784512,"s_add_u32 s16, s16, 4",0,0,0,0,""
22,784516,"s_addc_u32 s17, s17, 0",0,0,0,0,""
22,784520,"s_waitcnt lgkmcnt(0)",0,0,0,0,""
22,784524,"v_mul_hi_u32 v9, s23, v6",0,0,0,0,""
22,784532,"v_add_u32_e32 v9, v6, v9",0,0,0,0,""
22,784536,"v_lshrrev_b32_e32 v9, s21, v9",0,0,0,0,""
22,784540,"s_add_u32 s18, s18, 12",0,0,0,0,""
22,784544,"v_mul_lo_u32 v15, v9, s22",0,0,0,0,""
22,784552,"s_addc_u32 s19, s19, 0",0,0,0,0,""
22,784556,"s_add_i32 s20, s20, -1",0,0,0,0,""
22,784560,"v_sub_u32_e32 v15, v6, v15",0,0,0,0,""
22,784564,"s_cmp_lg_u32 s20, 0",0,0,0,0,""
22,784568,"v_mov_b32_e32 v6, v9",0,0,0,0,""
22,784572,"v_mad_u64_u32 v[8:9], s[22:23], v15, s36, v[8:9]",0,0,0,0,""
22,784580,"s_cbranch_scc1 65512",0,0,0,0,""
22,784584,"v_mov_b32_e32 v6, v8",0,0,0,0,""
22,784588,"s_mov_b64 s[16:17], 0",0,0,0,0,""
22,784592,"s_andn2_b64 vcc, exec, s[16:17]",0,0,0,0,""
22,784596,"s_cbranch_vccnz 22",0,0,0,0,""
22,784600,"s_waitcnt lgkmcnt(0)",0,0,0,0,""
22,784604,"v_mul_hi_u32 v6, v16, s29",0,0,0,0,""
22,784612,"v_add_u32_e32 v6, v16, v6",0,0,0,0,""
22,784616,"v_lshrrev_b32_e32 v8, s30, v6",0,0,0,0,""
22,784620,"v_mul_lo_u32 v6, v8, s28",0,0,0,0,""
22,784628,"v_sub_u32_e32 v6, v16, v6",0,0,0,0,""
22,784632,"s_and_b64 vcc, exec, s[6:7]",0,0,0,0,""
22,784636,"v_mul_lo_u32 v6, v6, s63",0,0,0,0,""
22,784644,"s_cbranch_vccnz 10",0,0,0,0,""
22,784648,"v_mul_hi_u32 v9, v8, s52",0,0,0,0,""
22,784656,"v_add_u32_e32 v9, v8, v9",0,0,0,0,""
22,784660,"v_lshrrev_b32_e32 v9, s53, v9",0,0,0,0,""
22,784664,"v_mul_lo_u32 v9, v9, s31",0,0,0,0,""
22,784672,"v_sub_u32_e32 v8, v8, v9",0,0,0,0,""
22,784676,"v_mad_u64_u32 v[8:9], s[16:17], v8, s65, v[6:7]",0,0,0,0,""
22,784684,"v_mov_b32_e32 v6, v8",0,0,0,0,""
22,784688,"v_lshl_add_u64 v[8:9], v[4:5], 0, v[6:7]",0,0,0,0,""
22,784696,"global_load_ubyte v6, v[8:9], off",0,0,0,0,""
22,784704,"v_add_u32_e32 v19, s60, v16",0,0,0,0,""
22,784708,"s_mov_b64 s[16:17], -1",0,0,0,0,""
22,784712,"s_waitcnt vmcnt(0)",0,0,0,0,""
22,784716,"v_cmp_ne_u16_e32 vcc, 0, v6",0,0,0,0,""
22,784720,"s_nop 1",0,0,0,0,""
22,784724,"v_cndmask_b32_e64 v6, 0, 1, vcc",0,0,0,0,""
22,784732,"scratch_store_byte off, v6, off",0,0,0,0,""
22,784740,"scratch_load_ubyte v15, off, off",0,0,0,0,""
22,784748,"s_and_b64 vcc, exec, s[14:15]",0,0,0,0,""
22,784752,"s_cbranch_vccnz 106",0,0,0,0,""
22,784756,"s_and_b64 vcc, exec, s[6:7]",0,0,0,0,""
22,784760,"v_mov_b32_e32 v6, 0",0,0,0,0,""
22,784764,"s_cbranch_vccnz 102",0,0,0,0,""
22,784768,"s_and_b64 vcc, exec, s[8:9]",0,0,0,0,""
22,784772,"s_cbranch_vccnz 63",0,0,0,0,""
22,784776,"s_mov_b32 s68, 0",0,0,0,0,""
22,784780,"v_mov_b32_e32 v8, 0",0,0,0,0,""
22,784784,"s_mov_b64 s[56:57], s[0:1]",0,0,0,0,""
22,784788,"s_mov_b64 s[58:59], s[48:49]",0,0,0,0,""
22,784792,"v_mov_b32_e32 v6, v19",0,0,0,0,""
22,784796,"s_load_dwordx8 s[16:23], s[56:57], 0x48",0,0,0,0,""
22,784804,"s_load_dwordx4 s[36:39], s[56:57], 0x68",0,0,0,0,""
22,784812,"s_load_dwordx4 s[40:43], s[58:59], 0x0",0,0,0,0,""
22,784820,"s_add_i32 s68, s68, 4",0,0,0,0,""
22,784824,"s_add_u32 s58, s58, 16",0,0,0,0,""
22,784828,"s_waitcnt lgkmcnt(0)",0,0,0,0,""
22,784832,"v_mul_hi_u32 v9, s17, v6",0,0,0,0,""
22,784840,"v_add_u32_e32 v9, v6, v9",0,0,0,0,""
22,784844,"v_lshrrev_b32_e32 v9, s18, v9",0,0,0,0,""
22,784848,"v_mul_lo_u32 v16, v9, s16",0,0,0,0,""
22,784856,"v_mul_hi_u32 v20, s20, v9",0,0,0,0,""
22,784864,"v_sub_u32_e32 v6, v6, v16",0,0,0,0,""
22,784868,"v_add_u32_e32 v16, v9, v20",0,0,0,0,""
22,784872,"v_lshrrev_b32_e32 v16, s21, v16",0,0,0,0,""
22,784876,"v_mul_lo_u32 v20, v16, s19",0,0,0,0,""
22,784884,"v_mul_hi_u32 v21, s23, v16",0,0,0,0,""
22,784892,"v_sub_u32_e32 v9, v9, v20",0,0,0,0,""
22,784896,"v_add_u32_e32 v20, v16, v21",0,0,0,0,""
22,784900,"v_mul_lo_u32 v6, v6, s40",0,0,0,0,""
22,784908,"v_mul_lo_u32 v9, v9, s41",0,0,0,0,""
22,784916,"v_lshrrev_b32_e32 v20, s36, v20",0,0,0,0,""
22,784920,"v_add3_u32 v8, v6, v8, v9",0,0,0,0,""
22,784928,"v_mul_lo_u32 v6, v20, s22",0,0,0,0,""
22,784936,"v_mul_hi_u32 v9, s38, v20",0,0,0,0,""
22,784944,"v_sub_u32_e32 v6, v16, v6",0,0,0,0,""
22,784948,"v_add_u32_e32 v9, v20, v9",0,0,0,0,""
22,784952,"v_mul_lo_u32 v16, v6, s42",0,0,0,0,""
22,784960,"v_lshrrev_b32_e32 v6, s39, v9",0,0,0,0,""
22,784964,"s_addc_u32 s59, s59, 0",0,0,0,0,""
22,784968,"v_mul_lo_u32 v9, v6, s37",0,0,0,0,""
22,784976,"s_add_u32 s56, s56, 48",0,0,0,0,""
22,784980,"v_sub_u32_e32 v9, v20, v9",0,0,0,0,""
22,784984,"s_addc_u32 s57, s57, 0",0,0,0,0,""
22,784988,"v_mul_lo_u32 v9, v9, s43",0,0,0,0,""
22,784996,"s_cmp_eq_u32 s67, s68",0,0,0,0,""
22,785000,"v_add3_u32 v8, v16, v8, v9",0,0,0,0,""
22,785008,"s_cbranch_scc0 65482",0,0,0,0,""
22,785012,"s_mov_b32 s18, s67",0,0,0,0,""
22,785016,"s_and_b64 vcc, exec, s[12:13]",0,0,0,0,""
22,785020,"s_cbranch_vccz 6",0,0,0,0,""
22,785024,"s_branch 36",0,0,0,0,""
22,785028,"v_mov_b32_e32 v8, 0",0,0,0,0,""
22,785032,"s_mov_b32 s18, 0",0,0,0,0,""
22,785036,"v_mov_b32_e32 v6, v19",0,0,0,0,""
22,785040,"s_and_b64 vcc, exec, s[12:13]",0,0,0,0,""
22,785044,"s_cbranch_vccnz 31",0,0,0,0,""
22,785048,"s_lshl_b32 s16, s18, 2",0,0,0,0,""
22,785052,"s_add_u32 s16, s48, s16",0,0,0,0,""
22,785056,"s_addc_u32 s17, s49, 0",0,0,0,0,""
22,785060,"s_mul_i32 s18, s18, 12",0,0,0,0,""
22,785064,"s_add_u32 s18, s0, s18",0,0,0,0,""
22,785068,"s_addc_u32 s19, s1, 0",0,0,0,0,""
22,785072,"s_mov_b32 s20, s66",0,0,0,0,""
22,785076,"s_load_dwordx2 s[22:23], s[18:19], 0x48",0,0,0,0,""
22,785084,"s_load_dword s21, s[18:19], 0x50",0,0,0,0,""
22,785092,"s_load_dword s36, s[16:17], 0x0",0,0,0,0,""
22,785100,"s_add_u32 s16, s16, 4",0,0,0,0,""
22,785104,"s_addc_u32 s17, s17, 0",0,0,0,0,""
22,785108,"s_waitcnt lgkmcnt(0)",0,0,0,0,""
22,785112,"v_mul_hi_u32 v9, s23, v6",0,0,0,0,""
22,785120,"v_add_u32_e32 v9, v6, v9",0,0,0,0,""
22,785124,"v_lshrrev_b32_e32 v9, s21, v9",0,0,0,0,""
22,785128,"s_add_u32 s18, s18, 12",0,0,0,0,""
22,785132,"v_mul_lo_u32 v16, v9, s22",0,0,0,0,""
22,785140,"s_addc_u32 s19, s19, 0",0,0,0,0,""
22,785144,"s_add_i32 s20, s20, -1",0,0,0,0,""
22,785148,"v_sub_u32_e32 v16, v6, v16",0,0,0,0,""
22,785152,"s_cmp_lg_u32 s20, 0",0,0,0,0,""
22,785156,"v_mov_b32_e32 v6, v9",0,0,0,0,""
22,785160,"v_mad_u64_u32 v[8:9], s[22:23], v16, s36, v[8:9]",0,0,0,0,""
22,785168,"s_cbranch_scc1 65512",0,0,0,0,""
22,785172,"v_mov_b32_e32 v6, v8",0,0,0,0,""
22,785176,"s_mov_b64 s[16:17], 0",0,0,0,0,""
22,785180,"s_andn2_b64 vcc, exec, s[16:17]",0,0,0,0,""
22,785184,"s_cbranch_vccnz 22",0,0,0,0,""
22,785188,"s_waitcnt lgkmcnt(0)",0,0,0,0,""
22,785192,"v_mul_hi_u32 v6, v19, s29",0,0,0,0,""
22,785200,"v_add_u32_e32 v6, v19, v6",0,0,0,0,""
22,785204,"v_lshrrev_b32_e32 v8, s30, v6",0,0,0,0,""
22,785208,"v_mul_lo_u32 v6, v8, s28",0,0,0,0,""
22,785216,"v_sub_u32_e32 v6, v19, v6",0,0,0,0,""
22,785220,"s_and_b64 vcc, exec, s[6:7]",0,0,0,0,""
22,785224,"v_mul_lo_u32 v6, v6, s63",0,0,0,0,""
22,785232,"s_cbranch_vccnz 10",0,0,0,0,""
22,785236,"v_mul_hi_u32 v9, v8, s52",0,0,0,0,""
22,785244,"v_add_u32_e32 v9, v8, v9",0,0,0,0,""
22,785248,"v_lshrrev_b32_e32 v9, s53, v9",0,0,0,0,""
22,785252,"v_mul_lo_u32 v9, v9, s31",0,0,0,0,""
22,785260,"v_sub_u32_e32 v8, v8, v9",0,0,0,0,""
22,785264,"v_mad_u64_u32 v[8:9], s[16:17], v8, s65, v[6:7]",0,0,0,0,""
22,785272,"v_mov_b32_e32 v6, v8",0,0,0,0,""
22,785276,"v_lshl_add_u64 v[8:9], v[4:5], 0, v[6:7]",0,0,0,0,""
22,785284,"global_load_ubyte v6, v[8:9], off",0,0,0,0,""
22,785292,"v_add_u32_e32 v19, s60, v19",0,0,0,0,""
22,785296,"s_waitcnt vmcnt(0)",0,0,0,0,""
22,785300,"v_cmp_ne_u16_e32 vcc, 0, v6",0,0,0,0,""
22,785304,"s_nop 1",0,0,0,0,""
22,785308,"v_cndmask_b32_e64 v6, 0, 1, vcc",0,0,0,0,""
22,785316,"scratch_store_byte off, v6, off",0,0,0,0,""
22,785324,"scratch_load_ubyte v16, off, off",0,0,0,0,""
22,785332,"s_and_b64 vcc, exec, s[14:15]",0,0,0,0,""
22,785336,"s_mov_b64 s[14:15], -1",0,0,0,0,""
22,785340,"s_cbranch_vccnz 106",0,0,0,0,""
22,785344,"s_and_b64 vcc, exec, s[6:7]",0,0,0,0,""
22,785348,"v_mov_b32_e32 v6, 0",0,0,0,0,""
22,785352,"s_cbranch_vccnz 102",0,0,0,0,""
22,785356,"s_and_b64 vcc, exec, s[8:9]",0,0,0,0,""
22,785360,"s_cbranch_vccnz 63",0,0,0,0,""
22,785364,"s_mov_b32 s58, 0",0,0,0,0,""
22,785368,"v_mov_b32_e32 v8, 0",0,0,0,0,""
22,785372,"s_mov_b64 s[14:15], s[0:1]",0,0,0,0,""
22,785376,"s_mov_b64 s[56:57], s[48:49]",0,0,0,0,""
22,785380,"v_mov_b32_e32 v6, v19",0,0,0,0,""
22,785384,"s_load_dwordx8 s[16:23], s[14:15], 0x48",0,0,0,0,""
22,785392,"s_load_dwordx4 s[36:39], s[14:15], 0x68",0,0,0,0,""
22,785400,"s_load_dwordx4 s[40:43], s[56:57], 0x0",0,0,0,0,""
22,785408,"s_add_i32 s58, s58, 4",0,0,0,0,""
22,785412,"s_add_u32 s56, s56, 16",0,0,0,0,""
22,785416,"s_waitcnt lgkmcnt(0)",0,0,0,0,""
22,785420,"v_mul_hi_u32 v9, s17, v6",0,0,0,0,""
22,785428,"v_add_u32_e32 v9, v6, v9",0,0,0,0,""
22,785432,"v_lshrrev_b32_e32 v9, s18, v9",0,0,0,0,""
22,785436,"v_mul_lo_u32 v20, v9, s16",0,0,0,0,""
22,785444,"v_mul_hi_u32 v21, s20, v9",0,0,0,0,""
22,785452,"v_sub_u32_e32 v6, v6, v20",0,0,0,0,""
22,785456,"v_add_u32_e32 v20, v9, v21",0,0,0,0,""
22,785460,"v_lshrrev_b32_e32 v20, s21, v20",0,0,0,0,""
22,785464,"v_mul_lo_u32 v21, v20, s19",0,0,0,0,""
22,785472,"v_mul_hi_u32 v22, s23, v20",0,0,0,0,""
22,785480,"v_sub_u32_e32 v9, v9, v21",0,0,0,0,""
22,785484,"v_add_u32_e32 v21, v20, v22",0,0,0,0,""
22,785488,"v_mul_lo_u32 v6, v6, s40",0,0,0,0,""
22,785496,"v_mul_lo_u32 v9, v9, s41",0,0,0,0,""
22,785504,"v_lshrrev_b32_e32 v21, s36, v21",0,0,0,0,""
22,785508,"v_add3_u32 v8, v6, v8, v9",0,0,0,0,""
22,785516,"v_mul_lo_u32 v6, v21, s22",0,0,0,0,""
22,785524,"v_mul_hi_u32 v9, s38, v21",0,0,0,0,""
22,785532,"v_sub_u32_e32 v6, v20, v6",0,0,0,0,""
22,785536,"v_add_u32_e32 v9, v21, v9",0,0,0,0,""
22,785540,"v_mul_lo_u32 v20, v6, s42",0,0,0,0,""
22,785548,"v_lshrrev_b32_e32 v6, s39, v9",0,0,0,0,""
22,785552,"s_addc_u32 s57, s57, 0",0,0,0,0,""
22,785556,"v_mul_lo_u32 v9, v6, s37",0,0,0,0,""
22,785564,"s_add_u32 s14, s14, 48",0,0,0,0,""
22,785568,"v_sub_u32_e32 v9, v21, v9",0,0,0,0,""
22,785572,"s_addc_u32 s15, s15, 0",0,0,0,0,""
22,785576,"v_mul_lo_u32 v9, v9, s43",0,0,0,0,""
22,785584,"s_cmp_eq_u32 s67, s58",0,0,0,0,""
22,785588,"v_add3_u32 v8, v20, v8, v9",0,0,0,0,""
22,785596,"s_cbranch_scc0 65482",0,0,0,0,""
22,785600,"s_mov_b32 s16, s67",0,0,0,0,""
22,785604,"s_and_b64 vcc, exec, s[12:13]",0,0,0,0,""
22,785608,"s_cbranch_vccz 6",0,0,0,0,""
22,785612,"s_branch 36",0,0,0,0,""
22,785616,"v_mov_b32_e32 v8, 0",0,0,0,0,""
22,785620,"s_mov_b32 s16, 0",0,0,0,0,""
22,785624,"v_mov_b32_e32 v6, v19",0,0,0,0,""
22,785628,"s_and_b64 vcc, exec, s[12:13]",0,0,0,0,""
22,785632,"s_cbranch_vccnz 31",0,0,0,0,""
22,785636,"s_lshl_b32 s14, s16, 2",0,0,0,0,""
22,785640,"s_add_u32 s14, s48, s14",0,0,0,0,""
22,785644,"s_addc_u32 s15, s49, 0",0,0,0,0,""
22,785648,"s_mul_i32 s16, s16, 12",0,0,0,0,""
22,785652,"s_add_u32 s16, s0, s16",0,0,0,0,""
22,785656,"s_addc_u32 s17, s1, 0",0,0,0,0,""
22,785660,"s_mov_b32 s18, s66",0,0,0,0,""
22,785664,"s_load_dwordx2 s[20:21], s[16:17], 0x48",0,0,0,0,""
22,785672,"s_load_dword s19, s[16:17], 0x50",0,0,0,0,""
22,785680,"s_load_dword s22, s[14:15], 0x0",0,0,0,0,""
22,785688,"s_add_u32 s14, s14, 4",0,0,0,0,""
22,785692,"s_addc_u32 s15, s15, 0",0,0,0,0,""
22,785696,"s_waitcnt lgkmcnt(0)",0,0,0,0,""
22,785700,"v_mul_hi_u32 v9, s21, v6",0,0,0,0,""
22,785708,"v_add_u32_e32 v9, v6, v9",0,0,0,0,""
22,785712,"v_lshrrev_b32_e32 v9, s19, v9",0,0,0,0,""
22,785716,"s_add_u32 s16, s16, 12",0,0,0,0,""
22,785720,"v_mul_lo_u32 v20, v9, s20",0,0,0,0,""
22,785728,"s_addc_u32 s17, s17, 0",0,0,0,0,""
22,785732,"s_add_i32 s18, s18, -1",0,0,0,0,""
22,785736,"v_sub_u32_e32 v20, v6, v20",0,0,0,0,""
22,785740,"s_cmp_lg_u32 s18, 0",0,0,0,0,""
22,785744,"v_mov_b32_e32 v6, v9",0,0,0,0,""
22,785748,"v_mad_u64_u32 v[8:9], s[20:21], v20, s22, v[8:9]",0,0,0,0,""
22,785756,"s_cbranch_scc1 65512",0,0,0,0,""
22,785760,"v_mov_b32_e32 v6, v8",0,0,0,0,""
22,785764,"s_mov_b64 s[14:15], 0",0,0,0,0,""
22,785768,"s_andn2_b64 vcc, exec, s[14:15]",0,0,0,0,""
22,785772,"s_cbranch_vccnz 64957",0,0,0,0,""
22,785776,"s_waitcnt lgkmcnt(0)",0,0,0,0,""
22,785780,"v_mul_hi_u32 v6, v19, s29",0,0,0,0,""
22,785788,"v_add_u32_e32 v6, v19, v6",0,0,0,0,""
22,785792,"v_lshrrev_b32_e32 v8, s30, v6",0,0,0,0,""
22,785796,"v_mul_lo_u32 v6, v8, s28",0,0,0,0,""
22,785804,"v_sub_u32_e32 v6, v19, v6",0,0,0,0,""
22,785808,"s_and_b64 vcc, exec, s[6:7]",0,0,0,0,""
22,785812,"v_mul_lo_u32 v6, v6, s63",0,0,0,0,""
22,785820,"s_cbranch_vccnz 64945",0,0,0,0,""
22,785824,"v_mul_hi_u32 v9, v8, s52",0,0,0,0,""
22,785832,"v_add_u32_e32 v9, v8, v9",0,0,0,0,""
22,785836,"v_lshrrev_b32_e32 v9, s53, v9",0,0,0,0,""
22,785840,"v_mul_lo_u32 v9, v9, s31",0,0,0,0,""
22,785848,"v_sub_u32_e32 v8, v8, v9",0,0,0,0,""
22,785852,"v_mad_u64_u32 v[8:9], s[14:15], v8, s65, v[6:7]",0,0,0,0,""
22,785860,"v_mov_b32_e32 v6, v8",0,0,0,0,""
22,785864,"s_branch 64934",0,0,0,0,""
22,785868,"s_branch 1090",8,32,0,5600,""
22,785872,"s_branch 896",0,0,0,0,""
22,785876,"s_cbranch_execnz 685",0,0,0,0,""
22,785880,"s_branch 893",0,0,0,0,""
22,785884,"s_or_b64 exec, exec, s[54:55]",0,0,0,0,""
22,785888,"s_or_b64 exec, exec, s[50:51]",0,0,0,0,""
22,785892,"v_cmp_gt_u32_e32 vcc, s34, v19",0,0,0,0,""
22,785896,"s_and_saveexec_b64 s[36:37], vcc",0,0,0,0,""
22,785900,"s_cbranch_execz 671",0,0,0,0,""
22,785904,"v_sub_co_u32_e64 v6, s[6:7], s64, 1",0,0,0,0,""
22,785912,"s_xor_b64 s[6:7], s[6:7], -1",0,0,0,0,""
22,785916,"s_waitcnt lgkmcnt(0)",0,0,0,0,""
22,785920,"v_readfirstlane_b32 s52, v6",0,0,0,0,""
22,785924,"v_cmp_lt_u32_e64 s[12:13], 1, v6",0,0,0,0,""
22,785932,"v_cndmask_b32_e64 v6, 0, 1, s[6:7]",0,0,0,0,""
22,785940,"s_mov_b64 s[8:9], -1",0,0,0,0,""
22,785944,"s_min_u32 s53, s52, 15",0,0,0,0,""
22,785948,"s_and_b64 vcc, exec, s[12:13]",0,0,0,0,""
22,785952,"v_cmp_ne_u32_e64 s[6:7], 1, v6",0,0,0,0,""
22,785960,"s_cbranch_vccz 107",0,0,0,0,""
22,785964,"s_and_b64 vcc, exec, s[6:7]",0,0,0,0,""
22,785968,"v_mov_b32_e32 v6, 0",0,0,0,0,""
22,785972,"s_cbranch_vccnz 103",0,0,0,0,""
22,785976,"s_add_i32 s41, s53, 1",0,0,0,0,""
22,785980,"s_cmp_eq_u32 s52, 2",0,0,0,0,""
22,785984,"s_cbranch_scc1 61",0,0,0,0,""
22,785988,"s_and_b32 s40, s41, 28",0,0,0,0,""
22,785992,"s_mov_b32 s42, 0",0,0,0,0,""
22,785996,"v_mov_b32_e32 v6, 0",0,0,0,0,""
22,786000,"s_mov_b64 s[14:15], s[0:1]",0,0,0,0,""
22,786004,"s_mov_b64 s[38:39], s[48:49]",0,0,0,0,""
22,786008,"v_mov_b32_e32 v9, v19",0,0,0,0,""
22,786012,"s_load_dwordx8 s[16:23], s[14:15], 0x48",0,0,0,0,""
22,786020,"s_load_dwordx4 s[8:11], s[14:15], 0x68",0,0,0,0,""
22,786028,"s_load_dwordx4 s[28:31], s[38:39], 0x0",0,0,0,0,""
22,786036,"s_add_i32 s42, s42, 4",0,0,0,0,""
22,786040,"s_add_u32 s38, s38, 16",0,0,0,0,""
22,786044,"s_waitcnt lgkmcnt(0)",0,0,0,0,""
22,786048,"v_mul_hi_u32 v7, s17, v9",0,0,0,0,""
22,786056,"v_add_u32_e32 v7, v9, v7",0,0,0,0,""
22,786060,"v_lshrrev_b32_e32 v7, s18, v7",0,0,0,0,""
22,786064,"v_mul_lo_u32 v17, v7, s16",0,0,0,0,""
22,786072,"v_mul_hi_u32 v18, s20, v7",0,0,0,0,""
22,786080,"v_sub_u32_e32 v9, v9, v17",0,0,0,0,""
22,786084,"v_add_u32_e32 v17, v7, v18",0,0,0,0,""
22,786088,"v_lshrrev_b32_e32 v17, s21, v17",0,0,0,0,""
22,786092,"v_mul_lo_u32 v18, v17, s19",0,0,0,0,""
22,786100,"v_mul_hi_u32 v20, s23, v17",0,0,0,0,""
22,786108,"v_sub_u32_e32 v7, v7, v18",0,0,0,0,""
22,786112,"v_add_u32_e32 v18, v17, v20",0,0,0,0,""
22,786116,"v_mul_lo_u32 v9, v9, s28",0,0,0,0,""
22,786124,"v_mul_lo_u32 v7, v7, s29",0,0,0,0,""
22,786132,"v_lshrrev_b32_e32 v18, s8, v18",0,0,0,0,""
22,786136,"v_add3_u32 v6, v9, v6, v7",0,0,0,0,""
22,786144,"v_mul_hi_u32 v9, s10, v18",0,0,0,0,""
22,786152,"v_add_u32_e32 v9, v18, v9",0,0,0,0,""
22,786156,"v_mul_lo_u32 v7, v18, s22",0,0,0,0,""
22,786164,"v_lshrrev_b32_e32 v9, s11, v9",0,0,0,0,""
22,786168,"s_addc_u32 s39, s39, 0",0,0,0,0,""
22,786172,"v_sub_u32_e32 v7, v17, v7",0,0,0,0,""
22,786176,"v_mul_lo_u32 v17, v9, s9",0,0,0,0,""
22,786184,"s_add_u32 s14, s14, 48",0,0,0,0,""
22,786188,"v_sub_u32_e32 v17, v18, v17",0,0,0,0,""
22,786192,"s_addc_u32 s15, s15, 0",0,0,0,0,""
22,786196,"v_mul_lo_u32 v7, v7, s30",0,0,0,0,""
22,786204,"v_mul_lo_u32 v17, v17, s31",0,0,0,0,""
22,786212,"s_cmp_lg_u32 s40, s42",0,0,0,0,""
22,786216,"v_add3_u32 v6, v7, v6, v17",0,0,0,0,""
22,786224,"s_cbranch_scc1 65482",0,0,0,0,""
22,786228,"s_branch 3",0,0,0,0,""
22,786232,"v_mov_b32_e32 v6, 0",0,0,0,0,""
22,786236,"s_mov_b32 s40, 0",0,0,0,0,""
22,786240,"v_mov_b32_e32 v9, v19",0,0,0,0,""
22,786244,"s_and_b32 s14, s41, 3",0,0,0,0,""
22,786248,"s_cmp_eq_u32 s14, 0",0,0,0,0,""
22,786252,"s_cbranch_scc1 33",0,0,0,0,""
22,786256,"s_lshl_b32 s8, s40, 2",0,0,0,0,""
22,786260,"s_add_u32 s8, s0, s8",0,0,0,0,""
22,786264,"s_addc_u32 s9, s1, 0",0,0,0,0,""
22,786268,"s_add_u32 s8, s8, 0x108",0,0,0,0,""
22,786276,"s_addc_u32 s9, s9, 0",0,0,0,0,""
22,786280,"s_mul_i32 s10, s40, 12",0,0,0,0,""
22,786284,"s_add_u32 s10, s0, s10",0,0,0,0,""
22,786288,"s_addc_u32 s11, s1, 0",0,0,0,0,""
22,786292,"s_load_dwordx2 s[16:17], s[10:11], 0x48",0,0,0,0,""
22,786300,"s_load_dword s15, s[10:11], 0x50",0,0,0,0,""
22,786308,"s_load_dword s18, s[8:9], 0x0",0,0,0,0,""
22,786316,"s_add_u32 s8, s8, 4",0,0,0,0,""
22,786320,"s_addc_u32 s9, s9, 0",0,0,0,0,""
22,786324,"s_waitcnt lgkmcnt(0)",0,0,0,0,""
22,786328,"v_mul_hi_u32 v7, s17, v9",0,0,0,0,""
22,786336,"v_add_u32_e32 v7, v9, v7",0,0,0,0,""
22,786340,"v_lshrrev_b32_e32 v7, s15, v7",0,0,0,0,""
22,786344,"s_add_u32 s10, s10, 12",0,0,0,0,""
22,786348,"v_mul_lo_u32 v17, v7, s16",0,0,0,0,""
22,786356,"s_addc_u32 s11, s11, 0",0,0,0,0,""
22,786360,"s_add_i32 s14, s14, -1",0,0,0,0,""
22,786364,"v_sub_u32_e32 v17, v9, v17",0,0,0,0,""
22,786368,"s_cmp_lg_u32 s14, 0",0,0,0,0,""
22,786372,"v_mov_b32_e32 v9, v7",0,0,0,0,""
22,786376,"v_mad_u64_u32 v[6:7], s[16:17], v17, s18, v[6:7]",0,0,0,0,""
22,786384,"s_cbranch_scc1 65512",0,0,0,0,""
22,786388,"s_mov_b64 s[8:9], 0",0,0,0,0,""
22,786392,"s_andn2_b64 vcc, exec, s[8:9]",0,0,0,0,""
22,786396,"s_cbranch_vccnz 29",0,0,0,0,""
22,786400,"s_load_dwordx4 s[8:11], s[0:1], 0x48",0,0,0,0,""
22,786408,"s_and_b64 vcc, exec, s[6:7]",0,0,0,0,""
22,786412,"s_waitcnt lgkmcnt(0)",0,0,0,0,""
22,786416,"v_mul_hi_u32 v6, s9, v19",0,0,0,0,""
22,786424,"v_add_u32_e32 v6, v19, v6",0,0,0,0,""
22,786428,"v_lshrrev_b32_e32 v7, s10, v6",0,0,0,0,""
22,786432,"v_mul_lo_u32 v6, v7, s8",0,0,0,0,""
22,786440,"v_sub_u32_e32 v6, v19, v6",0,0,0,0,""
22,786444,"v_mul_lo_u32 v6, v6, s63",0,0,0,0,""
22,786452,"s_cbranch_vccnz 15",0,0,0,0,""
22,786456,"s_load_dwordx4 s[8:11], s[0:1], 0x54",0,0,0,0,""
22,786464,"s_waitcnt lgkmcnt(0)",0,0,0,0,""
22,786468,"s_load_dword s11, s[0:1], 0x10c",0,0,0,0,""
22,786476,"v_mul_hi_u32 v9, s9, v7",0,0,0,0,""
22,786484,"v_add_u32_e32 v9, v7, v9",0,0,0,0,""
22,786488,"v_lshrrev_b32_e32 v9, s10, v9",0,0,0,0,""
22,786492,"v_mul_lo_u32 v9, v9, s8",0,0,0,0,""
22,786500,"v_sub_u32_e32 v7, v7, v9",0,0,0,0,""
22,786504,"s_waitcnt lgkmcnt(0)",0,0,0,0,""
22,786508,"v_mad_u64_u32 v[6:7], s[8:9], v7, s11, v[6:7]",0,0,0,0,""
22,786516,"v_mov_b32_e32 v7, 0",0,0,0,0,""
22,786520,"v_lshl_add_u64 v[6:7], v[4:5], 0, v[6:7]",0,0,0,0,""
22,786528,"global_load_ubyte v6, v[6:7], off",0,0,0,0,""
22,786536,"v_add_u32_e32 v17, s60, v19",0,0,0,0,""
22,786540,"v_cmp_gt_u32_e64 s[8:9], s34, v17",0,0,0,0,""
22,786548,"s_waitcnt vmcnt(0)",0,0,0,0,""
22,786552,"v_cmp_ne_u16_e32 vcc, 0, v6",0,0,0,0,""
22,786556,"s_nop 1",0,0,0,0,""
22,786560,"v_cndmask_b32_e64 v6, 0, 1, vcc",0,0,0,0,""
22,786568,"scratch_store_byte off, v6, off",0,0,0,0,""
22,786576,"scratch_load_ubyte v9, off, off",0,0,0,0,""
22,786584,"s_and_saveexec_b64 s[38:39], s[8:9]",0,0,0,0,""
22,786588,"s_cbranch_execz 480",0,0,0,0,""
22,786592,"v_cndmask_b32_e64 v6, 0, 1, s[12:13]",0,0,0,0,""
22,786600,"v_cmp_ne_u32_e64 s[10:11], 1, v6",0,0,0,0,""
22,786608,"s_andn2_b64 vcc, exec, s[12:13]",0,0,0,0,""
22,786612,"s_cbranch_vccnz 67",0,0,0,0,""
22,786616,"s_and_b64 vcc, exec, s[6:7]",0,0,0,0,""
22,786620,"v_mov_b32_e32 v6, 0",0,0,0,0,""
22,786624,"s_cbranch_vccnz 105",0,0,0,0,""
22,786628,"s_add_i32 s51, s53, 1",0,0,0,0,""
22,786632,"s_cmp_eq_u32 s52, 2",0,0,0,0,""
22,786636,"s_cbranch_scc1 63",0,0,0,0,""
22,786640,"s_and_b32 s50, s51, 28",0,0,0,0,""
22,786644,"s_mov_b32 s54, 0",0,0,0,0,""
22,786648,"v_mov_b32_e32 v6, 0",0,0,0,0,""
22,786652,"s_mov_b64 s[40:41], s[0:1]",0,0,0,0,""
22,786656,"s_mov_b64 s[42:43], s[48:49]",0,0,0,0,""
22,786660,"v_mov_b32_e32 v15, v17",0,0,0,0,""
22,786664,"s_load_dwordx8 s[12:19], s[40:41], 0x48",0,0,0,0,""
22,786672,"s_load_dwordx4 s[20:23], s[40:41], 0x68",0,0,0,0,""
22,786680,"s_load_dwordx4 s[28:31], s[42:43], 0x0",0,0,0,0,""
22,786688,"s_add_i32 s54, s54, 4",0,0,0,0,""
22,786692,"s_add_u32 s42, s42, 16",0,0,0,0,""
22,786696,"s_waitcnt lgkmcnt(0)",0,0,0,0,""
22,786700,"v_mul_hi_u32 v7, s13, v15",0,0,0,0,""
22,786708,"v_add_u32_e32 v7, v15, v7",0,0,0,0,""
22,786712,"v_lshrrev_b32_e32 v7, s14, v7",0,0,0,0,""
22,786716,"v_mul_lo_u32 v18, v7, s12",0,0,0,0,""
22,786724,"v_mul_hi_u32 v19, s16, v7",0,0,0,0,""
22,786732,"v_sub_u32_e32 v15, v15, v18",0,0,0,0,""
22,786736,"v_add_u32_e32 v18, v7, v19",0,0,0,0,""
22,786740,"v_lshrrev_b32_e32 v18, s17, v18",0,0,0,0,""
22,786744,"v_mul_lo_u32 v19, v18, s15",0,0,0,0,""
22,786752,"v_mul_hi_u32 v20, s19, v18",0,0,0,0,""
22,786760,"v_sub_u32_e32 v7, v7, v19",0,0,0,0,""
22,786764,"v_add_u32_e32 v19, v18, v20",0,0,0,0,""
22,786768,"v_mul_lo_u32 v15, v15, s28",0,0,0,0,""
22,786776,"v_mul_lo_u32 v7, v7, s29",0,0,0,0,""
22,786784,"v_lshrrev_b32_e32 v19, s20, v19",0,0,0,0,""
22,786788,"v_add3_u32 v6, v15, v6, v7",0,0,0,0,""
22,786796,"v_mul_hi_u32 v15, s22, v19",0,0,0,0,""
22,786804,"v_add_u32_e32 v15, v19, v15",0,0,0,0,""
22,786808,"v_mul_lo_u32 v7, v19, s18",0,0,0,0,""
22,786816,"v_lshrrev_b32_e32 v15, s23, v15",0,0,0,0,""
22,786820,"s_addc_u32 s43, s43, 0",0,0,0,0,""
22,786824,"v_sub_u32_e32 v7, v18, v7",0,0,0,0,""
22,786828,"v_mul_lo_u32 v18, v15, s21",0,0,0,0,""
22,786836,"s_add_u32 s40, s40, 48",0,0,0,0,""
22,786840,"v_sub_u32_e32 v18, v19, v18",0,0,0,0,""
22,786844,"s_addc_u32 s41, s41, 0",0,0,0,0,""
22,786848,"v_mul_lo_u32 v7, v7, s30",0,0,0,0,""
22,786856,"v_mul_lo_u32 v18, v18, s31",0,0,0,0,""
22,786864,"s_cmp_eq_u32 s50, s54",0,0,0,0,""
22,786868,"v_add3_u32 v6, v7, v6, v18",0,0,0,0,""
22,786876,"s_cbranch_scc0 65482",0,0,0,0,""
22,786880,"s_branch 5",0,0,0,0,""
22,786884,"s_mov_b64 s[12:13], -1",0,0,0,0,""
22,786888,"s_branch 40",0,0,0,0,""
22,786892,"v_mov_b32_e32 v6, 0",0,0,0,0,""
22,786896,"s_mov_b32 s50, 0",0,0,0,0,""
22,786900,"v_mov_b32_e32 v15, v17",0,0,0,0,""
22,786904,"s_and_b32 s16, s51, 3",0,0,0,0,""
22,786908,"s_cmp_eq_u32 s16, 0",0,0,0,0,""
22,786912,"s_cbranch_scc1 33",0,0,0,0,""
22,786916,"s_lshl_b32 s12, s50, 2",0,0,0,0,""
22,786920,"s_add_u32 s12, s0, s12",0,0,0,0,""
22,786924,"s_addc_u32 s13, s1, 0",0,0,0,0,""
22,786928,"s_add_u32 s12, s12, 0x108",0,0,0,0,""
22,786936,"s_addc_u32 s13, s13, 0",0,0,0,0,""
22,786940,"s_mul_i32 s14, s50, 12",0,0,0,0,""
22,786944,"s_add_u32 s14, s0, s14",0,0,0,0,""
22,786948,"s_addc_u32 s15, s1, 0",0,0,0,0,""
22,786952,"s_load_dwordx2 s[18:19], s[14:15], 0x48",0,0,0,0,""
22,786960,"s_load_dword s17, s[14:15], 0x50",0,0,0,0,""
22,786968,"s_load_dword s20, s[12:13], 0x0",0,0,0,0,""
22,786976,"s_add_u32 s12, s12, 4",0,0,0,0,""
22,786980,"s_addc_u32 s13, s13, 0",0,0,0,0,""
22,786984,"s_waitcnt lgkmcnt(0)",0,0,0,0,""
22,786988,"v_mul_hi_u32 v7, s19, v15",0,0,0,0,""
22,786996,"v_add_u32_e32 v7, v15, v7",0,0,0,0,""
22,787000,"v_lshrrev_b32_e32 v7, s17, v7",0,0,0,0,""
22,787004,"s_add_u32 s14, s14, 12",0,0,0,0,""
22,787008,"v_mul_lo_u32 v18, v7, s18",0,0,0,0,""
22,787016,"s_addc_u32 s15, s15, 0",0,0,0,0,""
22,787020,"s_add_i32 s16, s16, -1",0,0,0,0,""
22,787024,"v_sub_u32_e32 v18, v15, v18",0,0,0,0,""
22,787028,"s_cmp_lg_u32 s16, 0",0,0,0,0,""
22,787032,"v_mov_b32_e32 v15, v7",0,0,0,0,""
22,787036,"v_mad_u64_u32 v[6:7], s[18:19], v18, s20, v[6:7]",0,0,0,0,""
22,787044,"s_cbranch_scc1 65512",0,0,0,0,""
22,787048,"s_mov_b64 s[12:13], 0",0,0,0,0,""
22,787052,"s_andn2_b64 vcc, exec, s[12:13]",0,0,0,0,""
22,787056,"s_cbranch_vccnz 29",0,0,0,0,""
22,787060,"s_load_dwordx4 s[12:15], s[0:1], 0x48",0,0,0,0,""
22,787068,"s_and_b64 vcc, exec, s[6:7]",0,0,0,0,""
22,787072,"s_waitcnt lgkmcnt(0)",0,0,0,0,""
22,787076,"v_mul_hi_u32 v6, s13, v17",0,0,0,0,""
22,787084,"v_add_u32_e32 v6, v17, v6",0,0,0,0,""
22,787088,"v_lshrrev_b32_e32 v7, s14, v6",0,0,0,0,""
22,787092,"v_mul_lo_u32 v6, v7, s12",0,0,0,0,""
22,787100,"v_sub_u32_e32 v6, v17, v6",0,0,0,0,""
22,787104,"v_mul_lo_u32 v6, v6, s63",0,0,0,0,""
22,787112,"s_cbranch_vccnz 15",0,0,0,0,""
22,787116,"s_load_dwordx4 s[12:15], s[0:1], 0x54",0,0,0,0,""
22,787124,"s_waitcnt lgkmcnt(0)",0,0,0,0,""
22,787128,"s_load_dword s15, s[0:1], 0x10c",0,0,0,0,""
22,787136,"v_mul_hi_u32 v15, s13, v7",0,0,0,0,""
22,787144,"v_add_u32_e32 v15, v7, v15",0,0,0,0,""
22,787148,"v_lshrrev_b32_e32 v15, s14, v15",0,0,0,0,""
22,787152,"v_mul_lo_u32 v15, v15, s12",0,0,0,0,""
22,787160,"v_sub_u32_e32 v7, v7, v15",0,0,0,0,""
22,787164,"s_waitcnt lgkmcnt(0)",0,0,0,0,""
22,787168,"v_mad_u64_u32 v[6:7], s[12:13], v7, s15, v[6:7]",0,0,0,0,""
22,787176,"v_mov_b32_e32 v7, 0",0,0,0,0,""
22,787180,"v_lshl_add_u64 v[6:7], v[4:5], 0, v[6:7]",0,0,0,0,""
22,787188,"global_load_ubyte v6, v[6:7], off",0,0,0,0,""
22,787196,"v_add_u32_e32 v18, s60, v17",0,0,0,0,""
22,787200,"s_waitcnt vmcnt(0)",0,0,0,0,""
22,787204,"v_cmp_ne_u16_e32 vcc, 0, v6",0,0,0,0,""
22,787208,"s_nop 1",0,0,0,0,""
22,787212,"v_cndmask_b32_e64 v6, 0, 1, vcc",0,0,0,0,""
22,787220,"scratch_store_byte off, v6, off",0,0,0,0,""
22,787228,"scratch_load_ubyte v15, off, off",0,0,0,0,""
22,787236,"v_cmp_gt_u32_e32 vcc, s34, v18",0,0,0,0,""
22,787240,"s_and_saveexec_b64 s[40:41], vcc",0,0,0,0,""
22,787244,"s_cbranch_execz 315",0,0,0,0,""
22,787248,"s_and_b64 vcc, exec, s[10:11]",0,0,0,0,""
22,787252,"s_cbranch_vccnz 67",0,0,0,0,""
22,787256,"s_and_b64 vcc, exec, s[6:7]",0,0,0,0,""
22,787260,"v_mov_b32_e32 v6, 0",0,0,0,0,""
22,787264,"s_cbranch_vccnz 105",0,0,0,0,""
22,787268,"s_add_i32 s55, s53, 1",0,0,0,0,""
22,787272,"s_cmp_eq_u32 s52, 2",0,0,0,0,""
22,787276,"s_cbranch_scc1 63",0,0,0,0,""
22,787280,"s_and_b32 s54, s55, 28",0,0,0,0,""
22,787284,"s_mov_b32 s56, 0",0,0,0,0,""
22,787288,"v_mov_b32_e32 v6, 0",0,0,0,0,""
22,787292,"s_mov_b64 s[42:43], s[0:1]",0,0,0,0,""
22,787296,"s_mov_b64 s[50:51], s[48:49]",0,0,0,0,""
22,787300,"v_mov_b32_e32 v16, v18",0,0,0,0,""
22,787304,"s_load_dwordx8 s[12:19], s[42:43], 0x48",0,0,0,0,""
22,787312,"s_load_dwordx4 s[20:23], s[42:43], 0x68",0,0,0,0,""
22,787320,"s_load_dwordx4 s[28:31], s[50:51], 0x0",0,0,0,0,""
22,787328,"s_add_i32 s56, s56, 4",0,0,0,0,""
22,787332,"s_add_u32 s50, s50, 16",0,0,0,0,""
22,787336,"s_waitcnt lgkmcnt(0)",0,0,0,0,""
22,787340,"v_mul_hi_u32 v7, s13, v16",0,0,0,0,""
22,787348,"v_add_u32_e32 v7, v16, v7",0,0,0,0,""
22,787352,"v_lshrrev_b32_e32 v7, s14, v7",0,0,0,0,""
22,787356,"v_mul_lo_u32 v19, v7, s12",0,0,0,0,""
22,787364,"v_mul_hi_u32 v20, s16, v7",0,0,0,0,""
22,787372,"v_sub_u32_e32 v16, v16, v19",0,0,0,0,""
22,787376,"v_add_u32_e32 v19, v7, v20",0,0,0,0,""
22,787380,"v_lshrrev_b32_e32 v19, s17, v19",0,0,0,0,""
22,787384,"v_mul_lo_u32 v20, v19, s15",0,0,0,0,""
22,787392,"v_mul_hi_u32 v21, s19, v19",0,0,0,0,""
22,787400,"v_sub_u32_e32 v7, v7, v20",0,0,0,0,""
22,787404,"v_add_u32_e32 v20, v19, v21",0,0,0,0,""
22,787408,"v_mul_lo_u32 v16, v16, s28",0,0,0,0,""
22,787416,"v_mul_lo_u32 v7, v7, s29",0,0,0,0,""
22,787424,"v_lshrrev_b32_e32 v20, s20, v20",0,0,0,0,""
22,787428,"v_add3_u32 v6, v16, v6, v7",0,0,0,0,""
22,787436,"v_mul_hi_u32 v16, s22, v20",0,0,0,0,""
22,787444,"v_add_u32_e32 v16, v20, v16",0,0,0,0,""
22,787448,"v_mul_lo_u32 v7, v20, s18",0,0,0,0,""
22,787456,"v_lshrrev_b32_e32 v16, s23, v16",0,0,0,0,""
22,787460,"s_addc_u32 s51, s51, 0",0,0,0,0,""
22,787464,"v_sub_u32_e32 v7, v19, v7",0,0,0,0,""
22,787468,"v_mul_lo_u32 v19, v16, s21",0,0,0,0,""
22,787476,"s_add_u32 s42, s42, 48",0,0,0,0,""
22,787480,"v_sub_u32_e32 v19, v20, v19",0,0,0,0,""
22,787484,"s_addc_u32 s43, s43, 0",0,0,0,0,""
22,787488,"v_mul_lo_u32 v7, v7, s30",0,0,0,0,""
22,787496,"v_mul_lo_u32 v19, v19, s31",0,0,0,0,""
22,787504,"s_cmp_eq_u32 s54, s56",0,0,0,0,""
22,787508,"v_add3_u32 v6, v7, v6, v19",0,0,0,0,""
22,787516,"s_cbranch_scc0 65482",0,0,0,0,""
22,787520,"s_branch 5",0,0,0,0,""
22,787524,"s_mov_b64 s[12:13], -1",0,0,0,0,""
22,787528,"s_branch 40",0,0,0,0,""
22,787532,"v_mov_b32_e32 v6, 0",0,0,0,0,""
22,787536,"s_mov_b32 s54, 0",0,0,0,0,""
22,787540,"v_mov_b32_e32 v16, v18",0,0,0,0,""
22,787544,"s_and_b32 s16, s55, 3",0,0,0,0,""
22,787548,"s_cmp_eq_u32 s16, 0",0,0,0,0,""
22,787552,"s_cbranch_scc1 33",0,0,0,0,""
22,787556,"s_lshl_b32 s12, s54, 2",0,0,0,0,""
22,787560,"s_add_u32 s12, s0, s12",0,0,0,0,""
22,787564,"s_addc_u32 s13, s1, 0",0,0,0,0,""
22,787568,"s_add_u32 s12, s12, 0x108",0,0,0,0,""
22,787576,"s_addc_u32 s13, s13, 0",0,0,0,0,""
22,787580,"s_mul_i32 s14, s54, 12",0,0,0,0,""
22,787584,"s_add_u32 s14, s0, s14",0,0,0,0,""
22,787588,"s_addc_u32 s15, s1, 0",0,0,0,0,""
22,787592,"s_load_dwordx2 s[18:19], s[14:15], 0x48",0,0,0,0,""
22,787600,"s_load_dword s17, s[14:15], 0x50",0,0,0,0,""
22,787608,"s_load_dword s20, s[12:13], 0x0",0,0,0,0,""
22,787616,"s_add_u32 s12, s12, 4",0,0,0,0,""
22,787620,"s_addc_u32 s13, s13, 0",0,0,0,0,""
22,787624,"s_waitcnt lgkmcnt(0)",0,0,0,0,""
22,787628,"v_mul_hi_u32 v7, s19, v16",0,0,0,0,""
22,787636,"v_add_u32_e32 v7, v16, v7",0,0,0,0,""
22,787640,"v_lshrrev_b32_e32 v7, s17, v7",0,0,0,0,""
22,787644,"s_add_u32 s14, s14, 12",0,0,0,0,""
22,787648,"v_mul_lo_u32 v19, v7, s18",0,0,0,0,""
22,787656,"s_addc_u32 s15, s15, 0",0,0,0,0,""
22,787660,"s_add_i32 s16, s16, -1",0,0,0,0,""
22,787664,"v_sub_u32_e32 v19, v16, v19",0,0,0,0,""
22,787668,"s_cmp_lg_u32 s16, 0",0,0,0,0,""
22,787672,"v_mov_b32_e32 v16, v7",0,0,0,0,""
22,787676,"v_mad_u64_u32 v[6:7], s[18:19], v19, s20, v[6:7]",0,0,0,0,""
22,787684,"s_cbranch_scc1 65512",0,0,0,0,""
22,787688,"s_mov_b64 s[12:13], 0",0,0,0,0,""
22,787692,"s_andn2_b64 vcc, exec, s[12:13]",0,0,0,0,""
22,787696,"s_cbranch_vccnz 29",0,0,0,0,""
22,787700,"s_load_dwordx4 s[12:15], s[0:1], 0x48",0,0,0,0,""
22,787708,"s_and_b64 vcc, exec, s[6:7]",0,0,0,0,""
22,787712,"s_waitcnt lgkmcnt(0)",0,0,0,0,""
22,787716,"v_mul_hi_u32 v6, s13, v18",0,0,0,0,""
22,787724,"v_add_u32_e32 v6, v18, v6",0,0,0,0,""
22,787728,"v_lshrrev_b32_e32 v7, s14, v6",0,0,0,0,""
22,787732,"v_mul_lo_u32 v6, v7, s12",0,0,0,0,""
22,787740,"v_sub_u32_e32 v6, v18, v6",0,0,0,0,""
22,787744,"v_mul_lo_u32 v6, v6, s63",0,0,0,0,""
22,787752,"s_cbranch_vccnz 15",0,0,0,0,""
22,787756,"s_load_dwordx4 s[12:15], s[0:1], 0x54",0,0,0,0,""
22,787764,"s_waitcnt lgkmcnt(0)",0,0,0,0,""
22,787768,"s_load_dword s15, s[0:1], 0x10c",0,0,0,0,""
22,787776,"v_mul_hi_u32 v16, s13, v7",0,0,0,0,""
22,787784,"v_add_u32_e32 v16, v7, v16",0,0,0,0,""
22,787788,"v_lshrrev_b32_e32 v16, s14, v16",0,0,0,0,""
22,787792,"v_mul_lo_u32 v16, v16, s12",0,0,0,0,""
22,787800,"v_sub_u32_e32 v7, v7, v16",0,0,0,0,""
22,787804,"s_waitcnt lgkmcnt(0)",0,0,0,0,""
22,787808,"v_mad_u64_u32 v[6:7], s[12:13], v7, s15, v[6:7]",0,0,0,0,""
22,787816,"v_mov_b32_e32 v7, 0",0,0,0,0,""
22,787820,"v_lshl_add_u64 v[6:7], v[4:5], 0, v[6:7]",0,0,0,0,""
22,787828,"global_load_ubyte v6, v[6:7], off",0,0,0,0,""
22,787836,"v_add_u32_e32 v18, s60, v18",0,0,0,0,""
22,787840,"s_waitcnt vmcnt(0)",0,0,0,0,""
22,787844,"v_cmp_ne_u16_e32 vcc, 0, v6",0,0,0,0,""
22,787848,"s_nop 1",0,0,0,0,""
22,787852,"v_cndmask_b32_e64 v6, 0, 1, vcc",0,0,0,0,""
22,787860,"scratch_store_byte off, v6, off",0,0,0,0,""
22,787868,"scratch_load_ubyte v16, off, off",0,0,0,0,""
22,787876,"v_cmp_gt_u32_e32 vcc, s34, v18",0,0,0,0,""
22,787880,"s_and_saveexec_b64 s[42:43], vcc",0,0,0,0,""
22,787884,"s_cbranch_execz 154",0,0,0,0,""
22,787888,"s_and_b64 vcc, exec, s[10:11]",0,0,0,0,""
22,787892,"s_cbranch_vccnz 66",0,0,0,0,""
22,787896,"s_and_b64 vcc, exec, s[6:7]",0,0,0,0,""
22,787900,"v_mov_b32_e32 v6, 0",0,0,0,0,""
22,787904,"s_cbranch_vccnz 104",0,0,0,0,""
22,787908,"s_add_i32 s53, s53, 1",0,0,0,0,""
22,787912,"s_cmp_eq_u32 s52, 2",0,0,0,0,""
22,787916,"s_cbranch_scc1 62",0,0,0,0,""
22,787920,"s_and_b32 s50, s53, 28",0,0,0,0,""
22,787924,"s_mov_b32 s51, 0",0,0,0,0,""
22,787928,"v_mov_b32_e32 v6, 0",0,0,0,0,""
22,787932,"s_mov_b64 s[10:11], s[0:1]",0,0,0,0,""
22,787936,"v_mov_b32_e32 v8, v18",0,0,0,0,""
22,787940,"s_load_dwordx8 s[12:19], s[10:11], 0x48",0,0,0,0,""
22,787948,"s_load_dwordx4 s[20:23], s[10:11], 0x68",0,0,0,0,""
22,787956,"s_load_dwordx4 s[28:31], s[48:49], 0x0",0,0,0,0,""
22,787964,"s_add_i32 s51, s51, 4",0,0,0,0,""
22,787968,"s_add_u32 s48, s48, 16",0,0,0,0,""
22,787972,"s_waitcnt lgkmcnt(0)",0,0,0,0,""
22,787976,"v_mul_hi_u32 v7, s13, v8",0,0,0,0,""
22,787984,"v_add_u32_e32 v7, v8, v7",0,0,0,0,""
22,787988,"v_lshrrev_b32_e32 v7, s14, v7",0,0,0,0,""
22,787992,"v_mul_lo_u32 v19, v7, s12",0,0,0,0,""
22,788000,"v_mul_hi_u32 v20, s16, v7",0,0,0,0,""
22,788008,"v_sub_u32_e32 v8, v8, v19",0,0,0,0,""
22,788012,"v_add_u32_e32 v19, v7, v20",0,0,0,0,""
22,788016,"v_lshrrev_b32_e32 v19, s17, v19",0,0,0,0,""
22,788020,"v_mul_lo_u32 v20, v19, s15",0,0,0,0,""
22,788028,"v_mul_hi_u32 v21, s19, v19",0,0,0,0,""
22,788036,"v_sub_u32_e32 v7, v7, v20",0,0,0,0,""
22,788040,"v_add_u32_e32 v20, v19, v21",0,0,0,0,""
22,788044,"v_mul_lo_u32 v8, v8, s28",0,0,0,0,""
22,788052,"v_mul_lo_u32 v7, v7, s29",0,0,0,0,""
22,788060,"v_lshrrev_b32_e32 v20, s20, v20",0,0,0,0,""
22,788064,"v_add3_u32 v6, v8, v6, v7",0,0,0,0,""
22,788072,"v_mul_hi_u32 v8, s22, v20",0,0,0,0,""
22,788080,"v_add_u32_e32 v8, v20, v8",0,0,0,0,""
22,788084,"v_mul_lo_u32 v7, v20, s18",0,0,0,0,""
22,788092,"v_lshrrev_b32_e32 v8, s23, v8",0,0,0,0,""
22,788096,"s_addc_u32 s49, s49, 0",0,0,0,0,""
22,788100,"v_sub_u32_e32 v7, v19, v7",0,0,0,0,""
22,788104,"v_mul_lo_u32 v19, v8, s21",0,0,0,0,""
22,788112,"s_add_u32 s10, s10, 48",0,0,0,0,""
22,788116,"v_sub_u32_e32 v19, v20, v19",0,0,0,0,""
22,788120,"s_addc_u32 s11, s11, 0",0,0,0,0,""
22,788124,"v_mul_lo_u32 v7, v7, s30",0,0,0,0,""
22,788132,"v_mul_lo_u32 v19, v19, s31",0,0,0,0,""
22,788140,"s_cmp_eq_u32 s50, s51",0,0,0,0,""
22,788144,"v_add3_u32 v6, v7, v6, v19",0,0,0,0,""
22,788152,"s_cbranch_scc0 65482",0,0,0,0,""
22,788156,"s_branch 5",0,0,0,0,""
22,788160,"s_mov_b64 s[10:11], -1",0,0,0,0,""
22,788164,"s_branch 40",0,0,0,0,""
22,788168,"v_mov_b32_e32 v6, 0",0,0,0,0,""
22,788172,"s_mov_b32 s50, 0",0,0,0,0,""
22,788176,"v_mov_b32_e32 v8, v18",0,0,0,0,""
22,788180,"s_and_b32 s14, s53, 3",0,0,0,0,""
22,788184,"s_cmp_eq_u32 s14, 0",0,0,0,0,""
22,788188,"s_cbranch_scc1 33",0,0,0,0,""
22,788192,"s_lshl_b32 s10, s50, 2",0,0,0,0,""
22,788196,"s_add_u32 s10, s0, s10",0,0,0,0,""
22,788200,"s_addc_u32 s11, s1, 0",0,0,0,0,""
22,788204,"s_add_u32 s10, s10, 0x108",0,0,0,0,""
22,788212,"s_addc_u32 s11, s11, 0",0,0,0,0,""
22,788216,"s_mul_i32 s12, s50, 12",0,0,0,0,""
22,788220,"s_add_u32 s12, s0, s12",0,0,0,0,""
22,788224,"s_addc_u32 s13, s1, 0",0,0,0,0,""
22,788228,"s_load_dwordx2 s[16:17], s[12:13], 0x48",0,0,0,0,""
22,788236,"s_load_dword s15, s[12:13], 0x50",0,0,0,0,""
22,788244,"s_load_dword s18, s[10:11], 0x0",0,0,0,0,""
22,788252,"s_add_u32 s10, s10, 4",0,0,0,0,""
22,788256,"s_addc_u32 s11, s11, 0",0,0,0,0,""
22,788260,"s_waitcnt lgkmcnt(0)",0,0,0,0,""
22,788264,"v_mul_hi_u32 v7, s17, v8",0,0,0,0,""
22,788272,"v_add_u32_e32 v7, v8, v7",0,0,0,0,""
22,788276,"v_lshrrev_b32_e32 v7, s15, v7",0,0,0,0,""
22,788280,"s_add_u32 s12, s12, 12",0,0,0,0,""
22,788284,"v_mul_lo_u32 v19, v7, s16",0,0,0,0,""
22,788292,"s_addc_u32 s13, s13, 0",0,0,0,0,""
22,788296,"s_add_i32 s14, s14, -1",0,0,0,0,""
22,788300,"v_sub_u32_e32 v19, v8, v19",0,0,0,0,""
22,788304,"s_cmp_lg_u32 s14, 0",0,0,0,0,""
22,788308,"v_mov_b32_e32 v8, v7",0,0,0,0,""
22,788312,"v_mad_u64_u32 v[6:7], s[16:17], v19, s18, v[6:7]",0,0,0,0,""
22,788320,"s_cbranch_scc1 65512",0,0,0,0,""
22,788324,"s_mov_b64 s[10:11], 0",0,0,0,0,""
22,788328,"s_andn2_b64 vcc, exec, s[10:11]",0,0,0,0,""
22,788332,"s_cbranch_vccnz 28",0,0,0,0,""
22,788336,"s_load_dwordx4 s[12:15], s[0:1], 0x48",0,0,0,0,""
22,788344,"s_and_b64 vcc, exec, s[6:7]",0,0,0,0,""
22,788348,"s_waitcnt lgkmcnt(0)",0,0,0,0,""
22,788352,"v_mul_hi_u32 v6, s13, v18",0,0,0,0,""
22,788360,"v_add_u32_e32 v6, v18, v6",0,0,0,0,""
22,788364,"v_lshrrev_b32_e32 v7, s14, v6",0,0,0,0,""
22,788368,"v_mul_lo_u32 v6, v7, s12",0,0,0,0,""
22,788376,"v_sub_u32_e32 v6, v18, v6",0,0,0,0,""
22,788380,"v_mul_lo_u32 v6, v6, s63",0,0,0,0,""
22,788388,"s_cbranch_vccnz 14",0,0,0,0,""
22,788392,"s_load_dwordx4 s[12:15], s[0:1], 0x54",0,0,0,0,""
22,788400,"s_load_dword s6, s[0:1], 0x10c",0,0,0,0,""
22,788408,"s_waitcnt lgkmcnt(0)",0,0,0,0,""
22,788412,"v_mul_hi_u32 v8, s13, v7",0,0,0,0,""
22,788420,"v_add_u32_e32 v8, v7, v8",0,0,0,0,""
22,788424,"v_lshrrev_b32_e32 v8, s14, v8",0,0,0,0,""
22,788428,"v_mul_lo_u32 v8, v8, s12",0,0,0,0,""
22,788436,"v_sub_u32_e32 v7, v7, v8",0,0,0,0,""
22,788440,"v_mad_u64_u32 v[6:7], s[6:7], v7, s6, v[6:7]",0,0,0,0,""
22,788448,"v_mov_b32_e32 v7, 0",0,0,0,0,""
22,788452,"v_lshl_add_u64 v[6:7], v[4:5], 0, v[6:7]",0,0,0,0,""
22,788460,"global_load_ubyte v6, v[6:7], off",0,0,0,0,""
22,788468,"s_waitcnt vmcnt(0)",0,0,0,0,""
22,788472,"v_cmp_ne_u16_e32 vcc, 0, v6",0,0,0,0,""
22,788476,"s_nop 1",0,0,0,0,""
22,788480,"v_cndmask_b32_e64 v6, 0, 1, vcc",0,0,0,0,""
22,788488,"scratch_store_byte off, v6, off",0,0,0,0,""
22,788496,"scratch_load_ubyte v8, off, off",0,0,0,0,""
22,788504,"s_or_b64 exec, exec, s[42:43]",0,0,0,0,""
22,788508,"s_or_b64 exec, exec, s[40:41]",0,0,0,0,""
22,788512,"s_or_b64 exec, exec, s[38:39]",0,0,0,0,""
22,788516,"s_and_saveexec_b64 s[10:11], s[8:9]",0,0,0,0,""
22,788520,"s_cbranch_execz 13",0,0,0,0,""
22,788524,"v_add_u32_e32 v6, s60, v17",0,0,0,0,""
22,788528,"v_add_u32_e32 v7, s60, v6",0,0,0,0,""
22,788532,"v_cmp_gt_u32_e32 vcc, s34, v7",0,0,0,0,""
22,788536,"v_cmp_gt_u32_e64 s[6:7], s34, v6",0,0,0,0,""
22,788544,"s_and_b64 vcc, s[6:7], vcc",0,0,0,0,""
22,788548,"s_waitcnt vmcnt(0)",0,0,0,0,""
22,788552,"v_cndmask_b32_e32 v7, -1, v8, vcc",0,0,0,0,""
22,788556,"v_cndmask_b32_e64 v6, -1, v16, s[6:7]",0,0,0,0,""
22,788564,"v_and_b32_e32 v13, v15, v13",0,0,0,0,""
22,788568,"v_and_b32_e32 v3, v7, v3",0,0,0,0,""
22,788572,"v_and_b32_e32 v14, v6, v14",0,0,0,0,""
22,788576,"s_or_b64 exec, exec, s[10:11]",0,0,0,0,""
22,788580,"s_waitcnt vmcnt(0)",0,0,0,0,""
22,788584,"v_and_b32_e32 v12, v9, v12",0,0,0,0,""
22,788588,"s_or_b64 exec, exec, s[36:37]",0,0,0,0,""
22,788592,"v_and_b32_e32 v3, v14, v3",0,0,0,0,""
22,788596,"v_bitop3_b16 v3, v3, v12, v13 bitop3:0x80",0,0,0,0,""
22,788604,"v_and_b32_e32 v3, 1, v3",0,0,0,0,""
22,788608,"v_cmp_eq_u32_e64 s[6:7], 1, v3",0,0,0,0,""
22,788616,"s_branch 209",0,0,0,0,""
22,788620,"v_mov_b32_e32 v3, s62",0,0,0,0,""
22,788624,"v_mov_b32_e32 v16, v0",0,0,0,0,""
22,788628,"v_mov_b32_e32 v9, s62",0,0,0,0,""
22,788632,"v_mov_b32_e32 v12, s62",0,0,0,0,""
22,788636,"v_mov_b32_e32 v8, s62",0,0,0,0,""
22,788640,"s_and_saveexec_b64 s[6:7], s[4:5]",0,0,0,0,""
22,788644,"s_cbranch_execz 90",0,0,0,0,""
22,788648,"v_lshl_add_u32 v3, s60, 1, v0",0,0,0,0,""
22,788656,"v_mul_lo_u32 v17, s63, v3",0,0,0,0,""
22,788664,"s_mul_i32 s8, s60, s63",0,0,0,0,""
22,788668,"v_add_u32_e32 v3, s60, v0",0,0,0,0,""
22,788672,"s_add_i32 s12, s60, s60",0,0,0,0,""
22,788676,"s_lshl_b32 s10, s8, 2",0,0,0,0,""
22,788680,"v_mul_lo_u32 v1, s63, v1",0,0,0,0,""
22,788688,"v_mul_lo_u32 v18, s63, v3",0,0,0,0,""
22,788696,"v_mul_lo_u32 v19, v0, s63",0,0,0,0,""
22,788704,"s_mov_b32 s11, 0",0,0,0,0,""
22,788708,"s_mov_b64 s[8:9], 0",0,0,0,0,""
22,788712,"v_mov_b32_e32 v8, s62",0,0,0,0,""
22,788716,"v_mov_b32_e32 v7, 0",0,0,0,0,""
22,788720,"s_add_i32 s12, s12, s12",0,0,0,0,""
22,788724,"v_mov_b32_e32 v12, s62",0,0,0,0,""
22,788728,"v_mov_b32_e32 v9, s62",0,0,0,0,""
22,788732,"v_mov_b32_e32 v3, s62",0,0,0,0,""
22,788736,"v_mov_b32_e32 v16, v0",0,0,0,0,""
22,788740,"v_add_u32_e32 v6, s11, v19",0,0,0,0,""
22,788744,"v_lshl_add_u64 v[14:15], v[4:5], 0, v[6:7]",0,0,0,0,""
22,788752,"v_add_u32_e32 v6, s11, v18",0,0,0,0,""
22,788756,"global_load_ubyte v13, v[14:15], off",0,0,0,0,""
22,788764,"v_lshl_add_u64 v[14:15], v[4:5], 0, v[6:7]",0,0,0,0,""
22,788772,"v_add_u32_e32 v6, s11, v17",0,0,0,0,""
22,788776,"global_load_ubyte v20, v[14:15], off",0,0,0,0,""
22,788784,"v_lshl_add_u64 v[14:15], v[4:5], 0, v[6:7]",0,0,0,0,""
22,788792,"v_add_u32_e32 v6, s11, v1",0,0,0,0,""
22,788796,"global_load_ubyte v21, v[14:15], off",0,0,0,0,""
22,788804,"v_lshl_add_u64 v[14:15], v[4:5], 0, v[6:7]",0,0,0,0,""
22,788812,"global_load_ubyte v6, v[14:15], off",0,0,0,0,""
22,788820,"v_add_u32_e32 v16, s12, v16",0,0,0,0,""
22,788824,"s_add_i32 s11, s11, s10",0,0,0,0,""
22,788828,"s_waitcnt vmcnt(3)",0,0,0,0,""
22,788832,"v_cmp_ne_u16_e32 vcc, 0, v13",0,0,0,0,""
22,788836,"s_nop 1",0,0,0,0,""
22,788840,"v_cndmask_b32_e64 v13, 0, 1, vcc",0,0,0,0,""
22,788848,"scratch_store_byte off, v13, off",0,0,0,0,""
22,788856,"s_waitcnt vmcnt(3)",0,0,0,0,""
22,788860,"v_cmp_ne_u16_e32 vcc, 0, v20",0,0,0,0,""
22,788864,"scratch_load_ubyte v20, off, off",0,0,0,0,""
22,788872,"s_waitcnt vmcnt(0)",0,0,0,0,""
22,788876,"v_and_b32_e32 v3, v20, v3",0,0,0,0,""
22,788880,"v_cndmask_b32_e64 v13, 0, 1, vcc",0,0,0,0,""
22,788888,"v_cmp_ne_u16_e32 vcc, 0, v21",0,0,0,0,""
22,788892,"scratch_store_byte off, v13, off",0,0,0,0,""
22,788900,"scratch_load_ubyte v15, off, off",0,0,0,0,""
22,788908,"v_cndmask_b32_e64 v13, 0, 1, vcc",0,0,0,0,""
22,788916,"v_cmp_ne_u16_e32 vcc, 0, v6",0,0,0,0,""
22,788920,"scratch_store_byte off, v13, off",0,0,0,0,""
22,788928,"scratch_load_ubyte v13, off, off",0,0,0,0,""
22,788936,"v_cndmask_b32_e64 v6, 0, 1, vcc",0,0,0,0,""
22,788944,"scratch_store_byte off, v6, off",0,0,0,0,""
22,788952,"scratch_load_ubyte v14, off, off",0,0,0,0,""
22,788960,"v_add_u32_e32 v6, s61, v16",0,0,0,0,""
22,788964,"v_cmp_le_u32_e32 vcc, s34, v6",0,0,0,0,""
22,788968,"s_or_b64 s[8:9], vcc, s[8:9]",0,0,0,0,""
22,788972,"s_waitcnt vmcnt(4)",0,0,0,0,""
22,788976,"v_and_b32_e32 v9, v15, v9",0,0,0,0,""
22,788980,"s_waitcnt vmcnt(2)",0,0,0,0,""
22,788984,"v_and_b32_e32 v12, v13, v12",0,0,0,0,""
22,788988,"s_waitcnt vmcnt(0)",0,0,0,0,""
22,788992,"v_and_b32_e32 v8, v14, v8",0,0,0,0,""
22,788996,"s_andn2_b64 exec, exec, s[8:9]",0,0,0,0,""
22,789000,"s_cbranch_execnz 65470",0,0,0,0,""
22,789004,"s_or_b64 exec, exec, s[8:9]",0,0,0,0,""
22,789008,"s_or_b64 exec, exec, s[6:7]",0,0,0,0,""
22,789012,"v_cmp_gt_u32_e32 vcc, s34, v16",0,0,0,0,""
22,789016,"s_and_saveexec_b64 s[8:9], vcc",0,0,0,0,""
22,789020,"s_cbranch_execz 101",0,0,0,0,""
22,789024,"v_mul_lo_u32 v6, v16, s63",0,0,0,0,""
22,789032,"v_mov_b32_e32 v7, 0",0,0,0,0,""
22,789036,"v_lshl_add_u64 v[18:19], v[4:5], 0, v[6:7]",0,0,0,0,""
22,789044,"global_load_ubyte v1, v[18:19], off",0,0,0,0,""
22,789052,"v_add_u32_e32 v6, s60, v16",0,0,0,0,""
22,789056,"v_add_u32_e32 v16, s60, v6",0,0,0,0,""
22,789060,"s_waitcnt vmcnt(0)",0,0,0,0,""
22,789064,"v_cmp_ne_u16_e32 vcc, 0, v1",0,0,0,0,""
22,789068,"s_nop 1",0,0,0,0,""
22,789072,"v_cndmask_b32_e64 v1, 0, 1, vcc",0,0,0,0,""
22,789080,"scratch_store_byte off, v1, off",0,0,0,0,""
22,789088,"scratch_load_ubyte v1, off, off",0,0,0,0,""
22,789096,"v_cmp_gt_u32_e32 vcc, s34, v6",0,0,0,0,""
22,789100,"s_and_saveexec_b64 s[10:11], vcc",0,0,0,0,""
22,789104,"s_cbranch_execz 62",0,0,0,0,""
22,789108,"v_mul_lo_u32 v6, v6, s63",0,0,0,0,""
22,789116,"v_lshl_add_u64 v[6:7], v[4:5], 0, v[6:7]",0,0,0,0,""
22,789124,"global_load_ubyte v6, v[6:7], off",0,0,0,0,""
22,789132,"s_waitcnt vmcnt(0)",0,0,0,0,""
22,789136,"v_cmp_ne_u16_e64 s[6:7], 0, v6",0,0,0,0,""
22,789144,"s_nop 1",0,0,0,0,""
22,789148,"v_cndmask_b32_e64 v6, 0, 1, s[6:7]",0,0,0,0,""
22,789156,"scratch_store_byte off, v6, off",0,0,0,0,""
22,789164,"scratch_load_ubyte v15, off, off",0,0,0,0,""
22,789172,"v_cmp_gt_u32_e64 s[6:7], s34, v16",0,0,0,0,""
22,789180,"s_and_saveexec_b64 s[12:13], s[6:7]",0,0,0,0,""
22,789184,"s_xor_b64 s[12:13], exec, s[12:13]",0,0,0,0,""
22,789188,"s_cbranch_execz 40",0,0,0,0,""
22,789192,"v_mul_lo_u32 v6, v16, s63",0,0,0,0,""
22,789200,"v_mov_b32_e32 v7, 0",0,0,0,0,""
22,789204,"v_lshl_add_u64 v[18:19], v[4:5], 0, v[6:7]",0,0,0,0,""
22,789212,"global_load_ubyte v6, v[18:19], off",0,0,0,0,""
22,789220,"s_waitcnt vmcnt(0)",0,0,0,0,""
22,789224,"v_cmp_ne_u16_e64 s[6:7], 0, v6",0,0,0,0,""
22,789232,"s_nop 1",0,0,0,0,""
22,789236,"v_cndmask_b32_e64 v6, 0, 1, s[6:7]",0,0,0,0,""
22,789244,"scratch_store_byte off, v6, off",0,0,0,0,""
22,789252,"scratch_load_ubyte v13, off, off",0,0,0,0,""
22,789260,"v_add_u32_e32 v6, s60, v16",0,0,0,0,""
22,789264,"v_cmp_gt_u32_e64 s[6:7], s34, v6",0,0,0,0,""
22,789272,"s_and_saveexec_b64 s[14:15], s[6:7]",0,0,0,0,""
22,789276,"s_xor_b64 s[14:15], exec, s[14:15]",0,0,0,0,""
22,789280,"s_cbranch_execz 16",0,0,0,0,""
22,789284,"v_mul_lo_u32 v6, v6, s63",0,0,0,0,""
22,789292,"v_lshl_add_u64 v[6:7], v[4:5], 0, v[6:7]",0,0,0,0,""
22,789300,"global_load_ubyte v6, v[6:7], off",0,0,0,0,""
22,789308,"s_waitcnt vmcnt(0)",0,0,0,0,""
22,789312,"v_cmp_ne_u16_e64 s[6:7], 0, v6",0,0,0,0,""
22,789320,"s_nop 1",0,0,0,0,""
22,789324,"v_cndmask_b32_e64 v6, 0, 1, s[6:7]",0,0,0,0,""
22,789332,"scratch_store_byte off, v6, off",0,0,0,0,""
22,789340,"scratch_load_ubyte v14, off, off",0,0,0,0,""
22,789348,"s_or_b64 exec, exec, s[14:15]",0,0,0,0,""
22,789352,"s_or_b64 exec, exec, s[12:13]",0,0,0,0,""
22,789356,"s_or_b64 exec, exec, s[10:11]",0,0,0,0,""
22,789360,"s_and_saveexec_b64 s[10:11], vcc",0,0,0,0,""
22,789364,"s_cbranch_execz 12",0,0,0,0,""
22,789368,"v_add_u32_e32 v6, s60, v16",0,0,0,0,""
22,789372,"v_cmp_gt_u32_e32 vcc, s34, v6",0,0,0,0,""
22,789376,"v_cmp_gt_u32_e64 s[6:7], s34, v16",0,0,0,0,""
22,789384,"s_and_b64 vcc, s[6:7], vcc",0,0,0,0,""
22,789388,"s_waitcnt vmcnt(0)",0,0,0,0,""
22,789392,"v_cndmask_b32_e32 v7, -1, v14, vcc",0,0,0,0,""
22,789396,"v_cndmask_b32_e64 v6, -1, v13, s[6:7]",0,0,0,0,""
22,789404,"v_and_b32_e32 v9, v15, v9",0,0,0,0,""
22,789408,"v_and_b32_e32 v8, v7, v8",0,0,0,0,""
22,789412,"v_and_b32_e32 v12, v6, v12",0,0,0,0,""
22,789416,"s_or_b64 exec, exec, s[10:11]",0,0,0,0,""
22,789420,"s_waitcnt vmcnt(0)",0,0,0,0,""
22,789424,"v_and_b32_e32 v3, v1, v3",0,0,0,0,""
22,789428,"s_or_b64 exec, exec, s[8:9]",0,0,0,0,""
22,789432,"v_and_b32_e32 v1, v12, v8",0,0,0,0,""
22,789436,"v_bitop3_b16 v1, v1, v3, v9 bitop3:0x80",0,0,0,0,""
22,789444,"v_and_b32_e32 v1, 1, v1",0,0,0,0,""
22,789448,"v_cmp_eq_u32_e64 s[6:7], 1, v1",0,0,0,0,""
22,789456,"s_cbranch_execnz 192",0,0,0,0,""
22,789460,"v_mov_b32_e32 v1, s62",0,0,0,0,""
22,789464,"v_mov_b32_e32 v6, v0",0,0,0,0,""
22,789468,"v_mov_b32_e32 v12, s62",0,0,0,0,""
22,789472,"v_mov_b32_e32 v13, s62",0,0,0,0,""
22,789476,"v_mov_b32_e32 v3, s62",0,0,0,0,""
22,789480,"s_and_saveexec_b64 s[6:7], s[4:5]",0,0,0,0,""
22,789484,"s_cbranch_execz 80",0,0,0,0,""
22,789488,"s_add_i32 s9, s60, s60",0,0,0,0,""
22,789492,"s_lshl_b32 s8, s60, 1",0,0,0,0,""
22,789496,"s_mov_b64 s[4:5], 0",0,0,0,0,""
22,789500,"v_mov_b32_e32 v3, s62",0,0,0,0,""
22,789504,"v_mov_b32_e32 v7, 0",0,0,0,0,""
22,789508,"s_add_i32 s9, s9, s60",0,0,0,0,""
22,789512,"v_mov_b32_e32 v13, s62",0,0,0,0,""
22,789516,"v_mov_b32_e32 v12, s62",0,0,0,0,""
22,789520,"v_mov_b32_e32 v1, s62",0,0,0,0,""
22,789524,"v_mov_b32_e32 v6, v0",0,0,0,0,""
22,789528,"v_lshl_add_u64 v[8:9], v[4:5], 0, v[6:7]",0,0,0,0,""
22,789536,"global_load_ubyte v20, v[8:9], off",0,0,0,0,""
22,789544,"v_add_u32_e32 v18, s60, v6",0,0,0,0,""
22,789548,"v_mov_b32_e32 v19, v7",0,0,0,0,""
22,789552,"v_add_u32_e32 v14, s8, v6",0,0,0,0,""
22,789556,"v_mov_b32_e32 v15, v7",0,0,0,0,""
22,789560,"v_add_u32_e32 v6, s61, v6",0,0,0,0,""
22,789564,"v_lshl_add_u64 v[8:9], v[4:5], 0, v[18:19]",0,0,0,0,""
22,789572,"v_lshl_add_u64 v[14:15], v[4:5], 0, v[14:15]",0,0,0,0,""
22,789580,"v_lshl_add_u64 v[16:17], v[4:5], 0, v[6:7]",0,0,0,0,""
22,789588,"global_load_ubyte v6, v[8:9], off",0,0,0,0,""
22,789596,"global_load_ubyte v19, v[14:15], off",0,0,0,0,""
22,789604,"global_load_ubyte v21, v[16:17], off",0,0,0,0,""
22,789612,"s_waitcnt vmcnt(3)",0,0,0,0,""
22,789616,"v_cmp_ne_u16_e32 vcc, 0, v20",0,0,0,0,""
22,789620,"s_nop 1",0,0,0,0,""
22,789624,"v_cndmask_b32_e64 v8, 0, 1, vcc",0,0,0,0,""
22,789632,"scratch_store_byte off, v8, off",0,0,0,0,""
22,789640,"scratch_load_ubyte v17, off, off",0,0,0,0,""
22,789648,"s_waitcnt vmcnt(4)",0,0,0,0,""
22,789652,"v_cmp_ne_u16_e32 vcc, 0, v6",0,0,0,0,""
22,789656,"s_nop 1",0,0,0,0,""
22,789660,"v_cndmask_b32_e64 v6, 0, 1, vcc",0,0,0,0,""
22,789668,"s_waitcnt vmcnt(3)",0,0,0,0,""
22,789672,"v_cmp_ne_u16_e32 vcc, 0, v19",0,0,0,0,""
22,789676,"scratch_store_byte off, v6, off",0,0,0,0,""
22,789684,"scratch_load_ubyte v16, off, off",0,0,0,0,""
22,789692,"v_cndmask_b32_e64 v8, 0, 1, vcc",0,0,0,0,""
22,789700,"s_waitcnt vmcnt(4)",0,0,0,0,""
22,789704,"v_cmp_ne_u16_e32 vcc, 0, v21",0,0,0,0,""
22,789708,"scratch_store_byte off, v8, off",0,0,0,0,""
22,789716,"scratch_load_ubyte v14, off, off",0,0,0,0,""
22,789724,"v_cndmask_b32_e64 v9, 0, 1, vcc",0,0,0,0,""
22,789732,"scratch_store_byte off, v9, off",0,0,0,0,""
22,789740,"scratch_load_ubyte v15, off, off",0,0,0,0,""
22,789748,"v_add_u32_e32 v6, s9, v18",0,0,0,0,""
22,789752,"v_add_u32_e32 v8, s61, v6",0,0,0,0,""
22,789756,"v_cmp_le_u32_e32 vcc, s34, v8",0,0,0,0,""
22,789760,"s_or_b64 s[4:5], vcc, s[4:5]",0,0,0,0,""
22,789764,"s_waitcnt vmcnt(6)",0,0,0,0,""
22,789768,"v_and_b32_e32 v1, v17, v1",0,0,0,0,""
22,789772,"s_waitcnt vmcnt(4)",0,0,0,0,""
22,789776,"v_and_b32_e32 v12, v16, v12",0,0,0,0,""
22,789780,"s_waitcnt vmcnt(2)",0,0,0,0,""
22,789784,"v_and_b32_e32 v13, v14, v13",0,0,0,0,""
22,789788,"s_waitcnt vmcnt(0)",0,0,0,0,""
22,789792,"v_and_b32_e32 v3, v15, v3",0,0,0,0,""
22,789796,"s_andn2_b64 exec, exec, s[4:5]",0,0,0,0,""
22,789800,"s_cbranch_execnz 65467",0,0,0,0,""
22,789804,"s_or_b64 exec, exec, s[4:5]",0,0,0,0,""
22,789808,"s_or_b64 exec, exec, s[6:7]",0,0,0,0,""
22,789812,"v_cmp_gt_u32_e32 vcc, s34, v6",0,0,0,0,""
22,789816,"s_and_saveexec_b64 s[6:7], vcc",0,0,0,0,""
22,789820,"s_cbranch_execz 94",0,0,0,0,""
22,789824,"v_mov_b32_e32 v7, 0",0,0,0,0,""
22,789828,"v_lshl_add_u64 v[8:9], v[4:5], 0, v[6:7]",0,0,0,0,""
22,789836,"global_load_ubyte v8, v[8:9], off",0,0,0,0,""
22,789844,"v_add_u32_e32 v6, s60, v6",0,0,0,0,""
22,789848,"s_waitcnt vmcnt(0)",0,0,0,0,""
22,789852,"v_cmp_ne_u16_e32 vcc, 0, v8",0,0,0,0,""
22,789856,"s_nop 1",0,0,0,0,""
22,789860,"v_cndmask_b32_e64 v8, 0, 1, vcc",0,0,0,0,""
22,789868,"scratch_store_byte off, v8, off",0,0,0,0,""
22,789876,"scratch_load_ubyte v17, off, off",0,0,0,0,""
22,789884,"v_cmp_gt_u32_e32 vcc, s34, v6",0,0,0,0,""
22,789888,"v_add_u32_e32 v8, s60, v6",0,0,0,0,""
22,789892,"s_and_saveexec_b64 s[8:9], vcc",0,0,0,0,""
22,789896,"s_cbranch_execz 57",0,0,0,0,""
22,789900,"v_lshl_add_u64 v[6:7], v[4:5], 0, v[6:7]",0,0,0,0,""
22,789908,"global_load_ubyte v6, v[6:7], off",0,0,0,0,""
22,789916,"s_waitcnt vmcnt(0)",0,0,0,0,""
22,789920,"v_cmp_ne_u16_e64 s[4:5], 0, v6",0,0,0,0,""
22,789928,"s_nop 1",0,0,0,0,""
22,789932,"v_cndmask_b32_e64 v6, 0, 1, s[4:5]",0,0,0,0,""
22,789940,"scratch_store_byte off, v6, off",0,0,0,0,""
22,789948,"scratch_load_ubyte v16, off, off",0,0,0,0,""
22,789956,"v_cmp_gt_u32_e64 s[4:5], s34, v8",0,0,0,0,""
22,789964,"s_and_saveexec_b64 s[10:11], s[4:5]",0,0,0,0,""
22,789968,"s_xor_b64 s[10:11], exec, s[10:11]",0,0,0,0,""
22,789972,"s_cbranch_execz 37",0,0,0,0,""
22,789976,"v_mov_b32_e32 v9, 0",0,0,0,0,""
22,789980,"v_lshl_add_u64 v[6:7], v[4:5], 0, v[8:9]",0,0,0,0,""
22,789988,"global_load_ubyte v6, v[6:7], off",0,0,0,0,""
22,789996,"s_waitcnt vmcnt(0)",0,0,0,0,""
22,790000,"v_cmp_ne_u16_e64 s[4:5], 0, v6",0,0,0,0,""
22,790008,"s_nop 1",0,0,0,0,""
22,790012,"v_cndmask_b32_e64 v6, 0, 1, s[4:5]",0,0,0,0,""
22,790020,"scratch_store_byte off, v6, off",0,0,0,0,""
22,790028,"scratch_load_ubyte v14, off, off",0,0,0,0,""
22,790036,"v_add_u32_e32 v6, s60, v8",0,0,0,0,""
22,790040,"v_cmp_gt_u32_e64 s[4:5], s34, v6",0,0,0,0,""
22,790048,"s_and_saveexec_b64 s[12:13], s[4:5]",0,0,0,0,""
22,790052,"s_xor_b64 s[12:13], exec, s[12:13]",0,0,0,0,""
22,790056,"s_cbranch_execz 15",0,0,0,0,""
22,790060,"v_mov_b32_e32 v7, v9",0,0,0,0,""
22,790064,"v_lshl_add_u64 v[6:7], v[4:5], 0, v[6:7]",0,0,0,0,""
22,790072,"global_load_ubyte v6, v[6:7], off",0,0,0,0,""
22,790080,"s_waitcnt vmcnt(0)",0,0,0,0,""
22,790084,"v_cmp_ne_u16_e64 s[4:5], 0, v6",0,0,0,0,""
22,790092,"s_nop 1",0,0,0,0,""
22,790096,"v_cndmask_b32_e64 v6, 0, 1, s[4:5]",0,0,0,0,""
22,790104,"scratch_store_byte off, v6, off",0,0,0,0,""
22,790112,"scratch_load_ubyte v15, off, off",0,0,0,0,""
22,790120,"s_or_b64 exec, exec, s[12:13]",0,0,0,0,""
22,790124,"s_or_b64 exec, exec, s[10:11]",0,0,0,0,""
22,790128,"s_or_b64 exec, exec, s[8:9]",0,0,0,0,""
22,790132,"s_and_saveexec_b64 s[8:9], vcc",0,0,0,0,""
22,790136,"s_cbranch_execz 12",0,0,0,0,""
22,790140,"v_add_u32_e32 v6, s60, v8",0,0,0,0,""
22,790144,"v_cmp_gt_u32_e32 vcc, s34, v6",0,0,0,0,""
22,790148,"v_cmp_gt_u32_e64 s[4:5], s34, v8",0,0,0,0,""
22,790156,"s_and_b64 vcc, s[4:5], vcc",0,0,0,0,""
22,790160,"s_waitcnt vmcnt(0)",0,0,0,0,""
22,790164,"v_cndmask_b32_e32 v7, -1, v15, vcc",0,0,0,0,""
22,790168,"v_cndmask_b32_e64 v6, -1, v14, s[4:5]",0,0,0,0,""
22,790176,"v_and_b32_e32 v12, v16, v12",0,0,0,0,""
22,790180,"v_and_b32_e32 v3, v7, v3",0,0,0,0,""
22,790184,"v_and_b32_e32 v13, v6, v13",0,0,0,0,""
22,790188,"s_or_b64 exec, exec, s[8:9]",0,0,0,0,""
22,790192,"s_waitcnt vmcnt(0)",0,0,0,0,""
22,790196,"v_and_b32_e32 v1, v17, v1",0,0,0,0,""
22,790200,"s_or_b64 exec, exec, s[6:7]",0,0,0,0,""
22,790204,"v_and_b32_e32 v3, v13, v3",0,0,0,0,""
22,790208,"v_bitop3_b16 v1, v3, v1, v12 bitop3:0x80",0,0,0,0,""
22,790216,"v_and_b32_e32 v1, 1, v1",0,0,0,0,""
22,790220,"v_cmp_eq_u32_e64 s[6:7], 1, v1",0,0,0,0,""
22,790228,"s_cbranch_execnz 156",0,0,0,0,""
22,790232,"s_load_dword s14, s[0:1], 0x0",8,40,8,4556,""
22,790240,"v_and_b32_e32 v1, 3, v4",8,92,60,96,""
22,790244,"v_cmp_ne_u32_e32 vcc, 0, v1",8,100,68,0,""
22,790248,"v_mov_b32_e32 v9, s34",8,36,4,0,""
22,790252,"s_waitcnt lgkmcnt(0)",8,60,60,0,""
22,790256,"s_bitcmp1_b32 s14, 8",8,56,24,36,""
22,790260,"s_cselect_b64 s[6:7], -1, 0",8,32,0,0,""
22,790264,"s_and_saveexec_b64 s[8:9], vcc",8,32,0,0,""
22,790268,"s_cbranch_execz 49",8,32,0,32,""
22,790272,"v_sub_co_u32_e32 v6, vcc, 0, v1",0,0,0,0,""
22,790276,"s_mov_b64 s[10:11], s[6:7]",0,0,0,0,""
22,790280,"s_nop 0",0,0,0,0,""
22,790284,"v_subb_co_u32_e64 v7, s[4:5], 0, 0, vcc",0,0,0,0,""
22,790292,"v_cmp_ge_u32_e32 vcc, v2, v1",0,0,0,0,""
22,790296,"v_cmp_gt_u32_e64 s[4:5], 4, v2",0,0,0,0,""
22,790304,"v_lshl_add_u64 v[6:7], v[4:5], 0, v[6:7]",0,0,0,0,""
22,790312,"s_and_b64 s[12:13], vcc, s[4:5]",0,0,0,0,""
22,790316,"s_and_saveexec_b64 s[4:5], s[12:13]",0,0,0,0,""
22,790320,"s_cbranch_execz 28",0,0,0,0,""
22,790324,"s_cmp_eq_u32 s25, 0",0,0,0,0,""
22,790328,"s_cselect_b64 s[10:11], -1, 0",0,0,0,0,""
22,790332,"v_cmp_eq_u32_e32 vcc, 0, v10",0,0,0,0,""
22,790336,"s_or_b64 s[10:11], vcc, s[10:11]",0,0,0,0,""
22,790340,"s_cmp_eq_u32 s26, 0",0,0,0,0,""
22,790344,"s_cselect_b64 s[12:13], -1, 0",0,0,0,0,""
22,790348,"s_cmp_eq_u32 s3, 0",0,0,0,0,""
22,790352,"s_cselect_b64 s[16:17], -1, 0",0,0,0,0,""
22,790356,"s_or_b64 s[12:13], s[16:17], s[12:13]",0,0,0,0,""
22,790360,"s_and_b64 s[16:17], s[10:11], s[12:13]",0,0,0,0,""
22,790364,"s_mov_b64 s[12:13], s[6:7]",0,0,0,0,""
22,790368,"s_and_saveexec_b64 s[10:11], s[16:17]",0,0,0,0,""
22,790372,"s_cbranch_execz 11",0,0,0,0,""
22,790376,"v_mov_b32_e32 v3, 0",0,0,0,0,""
22,790380,"v_lshl_add_u64 v[8:9], v[6:7], 0, v[2:3]",0,0,0,0,""
22,790388,"global_load_ubyte v1, v[8:9], off",0,0,0,0,""
22,790396,"s_andn2_b64 s[16:17], s[6:7], exec",0,0,0,0,""
22,790400,"s_waitcnt vmcnt(0)",0,0,0,0,""
22,790404,"v_cmp_ne_u16_e32 vcc, 0, v1",0,0,0,0,""
22,790408,"s_and_b64 s[12:13], vcc, s[6:7]",0,0,0,0,""
22,790412,"s_and_b64 s[12:13], s[12:13], exec",0,0,0,0,""
22,790416,"s_or_b64 s[12:13], s[16:17], s[12:13]",0,0,0,0,""
22,790420,"s_or_b64 exec, exec, s[10:11]",0,0,0,0,""
22,790424,"s_andn2_b64 s[10:11], s[6:7], exec",0,0,0,0,""
22,790428,"s_and_b64 s[12:13], s[12:13], exec",0,0,0,0,""
22,790432,"s_or_b64 s[10:11], s[10:11], s[12:13]",0,0,0,0,""
22,790436,"s_or_b64 exec, exec, s[4:5]",0,0,0,0,""
22,790440,"v_or_b32_e32 v1, -4, v4",0,0,0,0,""
22,790444,"s_andn2_b64 s[4:5], s[6:7], exec",0,0,0,0,""
22,790448,"s_and_b64 s[6:7], s[10:11], exec",0,0,0,0,""
22,790452,"v_add_u32_e32 v9, s34, v1",0,0,0,0,""
22,790456,"v_lshl_add_u64 v[4:5], v[6:7], 0, 4",0,0,0,0,""
22,790464,"s_or_b64 s[6:7], s[4:5], s[6:7]",0,0,0,0,""
22,790468,"s_or_b64 exec, exec, s[8:9]",8,32,0,128,""
22,790472,"s_lshr_b32 s4, s14, 8",8,32,0,0,""
22,790476,"v_lshl_or_b32 v1, v0, 2, 3",8,232,200,0,""
22,790484,"v_cndmask_b32_e64 v6, 0, 1, s[6:7]",8,80,48,0,""
22,790492,"v_mov_b32_e32 v3, s4",8,48,16,0,""
22,790496,"v_cmp_lt_u32_e32 vcc, v1, v9",8,32,0,0,""
22,790500,"v_mov_b32_e32 v7, s4",8,64,32,0,""
22,790504,"v_mov_b32_e32 v8, s4",8,48,16,0,""
22,790508,"s_and_saveexec_b64 s[4:5], vcc",8,40,8,48,""
22,790512,"s_cbranch_execz 45",8,32,0,32,""
22,790516,"s_load_dword s8, s[0:1], 0x10",8,32,0,0,""
22,790524,"s_mov_b64 s[6:7], 0",8,32,0,0,""
22,790528,"v_mov_b32_e32 v1, 0",8,148,116,6544,""
22,790532,"s_mov_b32 s9, 0xffffff",8,44,12,0,""
22,790540,"v_mov_b32_e32 v7, v3",8,112,80,0,""
22,790544,"v_mov_b32_e32 v8, v3",8,52,20,0,""
22,790548,"v_lshl_add_u64 v[12:13], v[0:1], 2, v[4:5]",2048,11084,2892,32640,""
22,790556,"global_load_dword v12, v[12:13], off",2048,9680,1488,24180,""
22,790564,"s_waitcnt lgkmcnt(0)",2048,8192,8192,0,""
22,790568,"v_add_u32_e32 v0, s8, v0",2048,10512,2320,0,""
22,790572,"v_lshl_or_b32 v13, v0, 2, 3",2048,9400,1208,0,""
22,790580,"v_cmp_ge_u32_e32 vcc, v13, v9",2048,8992,796,0,""
22,790584,"s_or_b64 s[6:7], vcc, s[6:7]",2048,8200,8,32764,""
22,790588,"s_waitcnt vmcnt(0)",2048,1638992,1638992,0,""
22,790592,"v_and_b32_e32 v14, 0xff00, v12",2048,33676,25472,0,""
22,790600,"v_cmp_lt_u32_e32 vcc, s9, v12",2048,37624,29432,0,""
22,790604,"v_and_b32_e32 v13, 0xff0000, v12",2048,15132,6940,0,""
22,790612,"v_cmp_ne_u32_sdwa s[10:11], v12, v1 src0_sel:BYTE_0 src1_sel:DWORD",2048,20928,12736,0,""
22,790620,"v_cndmask_b32_e64 v12, 0, 1, vcc",2048,10664,2472,24,""
22,790628,"v_cmp_ne_u32_e32 vcc, 0, v14",2048,12744,4552,0,""
22,790632,"v_cndmask_b32_e64 v15, 0, 1, s[10:11]",2048,10688,2496,0,""
22,790640,"v_and_b32_e32 v8, v12, v8",2048,10744,2552,0,""
22,790644,"v_cndmask_b32_e64 v14, 0, 1, vcc",2048,18196,10004,0,""
22,790652,"v_cmp_ne_u32_e32 vcc, 0, v13",2048,15360,7168,0,""
22,790656,"v_and_b32_e32 v3, v14, v3",2048,14920,6728,0,""
22,790660,"v_lshlrev_b16_e32 v12, 8, v3",2048,10248,2056,0,""
22,790664,"v_cndmask_b32_e64 v13, 0, 1, vcc",2048,9340,1148,0,""
22,790672,"v_and_b32_e32 v7, v13, v7",2048,9252,1060,0,""
22,790676,"v_bitop3_b16 v6, v15, v12, v6 bitop3:0xec",2048,18272,1748,0,""
22,790684,"s_andn2_b64 exec, exec, s[6:7]",2048,8224,32,0,""
22,790688,"s_cbranch_execnz 65500",2048,8192,0,8192,""
22,790692,"s_or_b64 exec, exec, s[6:7]",8,32,0,0,""
22,790696,"s_or_b64 exec, exec, s[4:5]",8,32,0,0,""
22,790700,"s_cmp_eq_u32 s25, 0",8,32,0,0,""
22,790704,"s_cselect_b64 s[4:5], -1, 0",8,32,0,0,""
22,790708,"v_cmp_eq_u32_e32 vcc, 0, v10",8,116,84,0,""
22,790712,"s_or_b64 s[4:5], vcc, s[4:5]",8,32,0,128,""
22,790716,"s_cmp_eq_u32 s26, 0",8,32,0,0,""
22,790720,"s_cselect_b64 s[6:7], -1, 0",8,32,0,0,""
22,790724,"s_cmp_eq_u32 s3, 0",8,32,0,0,""
22,790728,"s_cselect_b64 s[8:9], -1, 0",8,32,0,0,""
22,790732,"s_or_b64 s[6:7], s[8:9], s[6:7]",8,32,0,0,""
22,790736,"s_and_b64 s[4:5], s[4:5], s[6:7]",8,32,0,0,""
22,790740,"s_and_saveexec_b64 s[6:7], s[4:5]",8,32,0,0,""
22,790744,"s_cbranch_execz 20",8,32,0,32,""
22,790748,"v_and_b32_e32 v0, -4, v9",0,0,0,0,""
22,790752,"v_add_u32_e32 v0, v0, v2",0,0,0,0,""
22,790756,"v_cmp_lt_u32_e32 vcc, v0, v9",0,0,0,0,""
22,790760,"s_and_saveexec_b64 s[8:9], vcc",0,0,0,0,""
22,790764,"s_cbranch_execz 14",0,0,0,0,""
22,790768,"v_ashrrev_i32_e32 v1, 31, v0",0,0,0,0,""
22,790772,"v_lshl_add_u64 v[0:1], v[4:5], 0, v[0:1]",0,0,0,0,""
22,790780,"global_load_ubyte v0, v[0:1], off",0,0,0,0,""
22,790788,"v_and_b32_e32 v1, 1, v6",0,0,0,0,""
22,790792,"v_cmp_eq_u32_e32 vcc, 1, v1",0,0,0,0,""
22,790796,"s_waitcnt vmcnt(0)",0,0,0,0,""
22,790800,"v_cmp_ne_u16_e64 s[4:5], 0, v0",0,0,0,0,""
22,790808,"s_and_b64 s[4:5], vcc, s[4:5]",0,0,0,0,""
22,790812,"s_nop 0",0,0,0,0,""
22,790816,"v_cndmask_b32_e64 v6, 0, 1, s[4:5]",0,0,0,0,""
22,790824,"s_or_b64 exec, exec, s[8:9]",0,0,0,0,""
22,790828,"s_or_b64 exec, exec, s[6:7]",8,32,0,128,""
22,790832,"v_and_b32_e32 v0, v6, v3",8,124,92,0,""
22,790836,"v_bitop3_b16 v0, v8, v7, v0 bitop3:0x80",8,60,0,0,""
22,790844,"v_and_b32_e32 v0, 1, v0",8,60,28,4,""
22,790848,"v_cmp_eq_u32_e64 s[6:7], 1, v0",8,32,0,0,""
22,790856,"s_nop 1",8,64,64,0,""
22,790860,"v_cndmask_b32_e64 v0, 0, 1, s[6:7]",8,32,0,0,""
22,790868,"scratch_store_byte off, v0, off",8,40,8,64,""
22,790876,"scratch_load_ubyte v12, off, off",8,32,0,0,""
22,790884,"s_or_b64 exec, exec, s[46:47]",8,32,0,0,""
22,790888,"s_cmp_eq_u32 s25, 0",8,32,0,0,""
22,790892,"s_cselect_b64 s[16:17], -1, 0",8,32,0,0,""
22,790896,"s_and_b64 vcc, exec, s[16:17]",8,40,0,0,""
22,790900,"s_cbranch_vccnz 64",8,32,0,24,""
22,790904,"s_load_dword s4, s[0:1], 0x2dc",8,36,0,0,""
22,790912,"s_waitcnt vmcnt(0)",8,7524,7524,0,""
22,790916,"v_and_b32_e32 v1, 1, v12",8,32,0,0,""
22,790920,"scratch_store_byte off, v1, off",8,40,8,64,""
22,790928,"s_waitcnt lgkmcnt(0)",8,32,32,0,""
22,790932,"s_and_b32 s6, s4, 0xffff",8,32,0,0,""
22,790940,"s_lshr_b32 s7, s4, 16",8,32,0,0,""
22,790944,"v_mad_u32_u24 v0, v10, s6, 1",8,60,28,0,""
22,790952,"s_cmp_lt_u32 s7, 2",8,32,0,0,""
22,790956,"v_add_u32_e32 v0, v0, v2",8,56,24,0,""
22,790960,"v_cmp_eq_u32_e64 s[4:5], 1, v1",8,124,92,0,""
22,790968,"ds_write_b8 v0, v1",8,64,0,64,""
22,790976,"s_cbranch_scc1 38",8,32,0,0,""
22,790980,"s_and_b32 s7, 0xffff, s7",0,0,0,0,""
22,790988,"v_add_u32_e32 v1, 1, v2",0,0,0,0,""
22,790992,"s_mov_b32 s8, s7",0,0,0,0,""
22,790996,"s_branch 4",0,0,0,0,""
22,791000,"s_or_b64 exec, exec, s[4:5]",0,0,0,0,""
22,791004,"s_cmp_lt_u32 s8, 4",0,0,0,0,""
22,791008,"s_mov_b32 s8, s9",0,0,0,0,""
22,791012,"s_cbranch_scc1 23",0,0,0,0,""
22,791016,"s_lshr_b32 s9, s8, 1",0,0,0,0,""
22,791020,"v_add_u32_e32 v3, s9, v10",0,0,0,0,""
22,791024,"v_cmp_gt_u32_e32 vcc, s9, v10",0,0,0,0,""
22,791028,"v_cmp_gt_u32_e64 s[4:5], s7, v3",0,0,0,0,""
22,791036,"s_and_b64 s[10:11], vcc, s[4:5]",0,0,0,0,""
22,791040,"s_waitcnt lgkmcnt(0)",0,0,0,0,""
22,791044,"s_barrier",0,0,0,0,""
22,791048,"s_and_saveexec_b64 s[4:5], s[10:11]",0,0,0,0,""
22,791052,"s_cbranch_execz 65522",0,0,0,0,""
22,791056,"scratch_load_ubyte v4, off, off",0,0,0,0,""
22,791064,"v_mad_u32_u24 v3, v3, s6, v1",0,0,0,0,""
22,791072,"ds_read_u8 v3, v3",0,0,0,0,""
22,791080,"s_waitcnt vmcnt(0) lgkmcnt(0)",0,0,0,0,""
22,791084,"v_and_b32_e32 v3, v4, v3",0,0,0,0,""
22,791088,"scratch_store_byte off, v3, off",0,0,0,0,""
22,791096,"ds_write_b8 v0, v3",0,0,0,0,""
22,791104,"s_branch 65509",0,0,0,0,""
22,791108,"scratch_load_ubyte v0, off, off",0,0,0,0,""
22,791116,"s_waitcnt vmcnt(0)",0,0,0,0,""
22,791120,"v_and_b32_e32 v0, 1, v0",0,0,0,0,""
22,791124,"v_cmp_eq_u32_e64 s[4:5], 1, v0",0,0,0,0,""
22,791132,"s_nop 1",8,192,192,0,""
22,791136,"v_cndmask_b32_e64 v0, 0, 1, s[4:5]",8,48,16,64,""
22,791144,"scratch_store_byte off, v0, off",8,32,0,64,""
22,791152,"scratch_load_ubyte v12, off, off",8,32,0,0,""
22,791160,"s_cmp_eq_u32 s24, 0",8,32,0,0,""
22,791164,"s_cselect_b64 s[18:19], -1, 0",8,32,0,0,""
22,791168,"s_and_b64 vcc, exec, s[18:19]",8,40,0,0,""
22,791172,"s_cbranch_vccnz 98",8,32,0,24,""
22,791176,"s_load_dword s4, s[0:1], 0x2dc",8,40,0,0,""
22,791184,"s_waitcnt vmcnt(0)",8,3008,3008,0,""
22,791188,"v_and_b32_e32 v0, 1, v12",8,64,32,0,""
22,791192,"scratch_store_byte off, v0, off",8,48,16,64,""
22,791200,"s_waitcnt lgkmcnt(0)",8,32,32,0,""
22,791204,"s_and_b32 s6, s4, 0xffff",8,32,0,0,""
22,791212,"s_cmpk_lt_u32 s6, 0x41",8,32,0,0,""
22,791216,"s_cbranch_scc1 39",8,32,0,32,""
22,791220,"scratch_load_ubyte v1, off, off",8,36,0,0,""
22,791228,"v_mul_u32_u24_e32 v0, s6, v10",8,132,96,0,""
22,791232,"v_add3_u32 v0, 1, v0, v2",8,32,0,36,""
22,791240,"s_cmpk_lt_u32 s6, 0x80",8,36,0,0,""
22,791244,"s_waitcnt vmcnt(0)",8,2360,2360,0,""
22,791248,"ds_write_b8 v0, v1",8,64,0,0,""
22,791256,"s_cbranch_scc1 28",8,32,0,0,""
22,791260,"s_mov_b32 s7, s6",8,32,0,0,""
22,791264,"s_branch 4",8,32,0,96,""
22,791268,"s_or_b64 exec, exec, s[4:5]",24,136,40,380,""
22,791272,"s_cmpk_gt_u32 s7, 0xff",24,96,0,0,""
22,791276,"s_mov_b32 s7, s8",24,120,8,0,""
22,791280,"s_cbranch_scc0 22",24,100,0,80,""
22,791284,"s_lshr_b32 s8, s7, 1",24,96,0,128,""
22,791288,"v_add_u32_e32 v1, s8, v2",24,204,96,0,""
22,791292,"v_cmp_gt_u32_e32 vcc, s8, v2",24,204,108,0,""
22,791296,"v_cmp_gt_u32_e64 s[4:5], s6, v1",24,136,36,56,""
22,791304,"s_and_b64 s[10:11], vcc, s[4:5]",24,100,0,380,""
22,791308,"s_waitcnt lgkmcnt(0)",24,96,96,0,""
22,791312,"s_barrier",24,84928,84928,0,""
22,791316,"s_and_saveexec_b64 s[4:5], s[10:11]",24,144,48,0,""
22,791320,"s_cbranch_execz 65522",24,96,0,96,""
22,791324,"scratch_load_ubyte v1, off, off",7,76,48,112,""
22,791332,"v_add_u32_e32 v3, s8, v0",7,40,0,0,""
22,791336,"ds_read_u8 v3, v3",7,40,0,44,""
22,791344,"s_waitcnt vmcnt(0) lgkmcnt(0)",7,1292,1292,0,""
22,791348,"v_and_b32_e32 v1, v1, v3",7,32,0,0,""
22,791352,"scratch_store_byte off, v1, off",7,36,8,52,""
22,791360,"ds_write_b8 v0, v1",7,56,0,0,""
22,791368,"s_branch 65510",7,32,0,0,""
22,791372,"s_mov_b32 s6, 64",8,36,0,124,""
22,791376,"s_waitcnt lgkmcnt(0)",8,32,32,0,""
22,791380,"s_barrier",8,1708,1708,0,""
22,791384,"scratch_load_ubyte v3, off, off",8,120,88,0,""
22,791392,"s_cmp_lt_u32 s6, 2",8,40,0,0,""
22,791396,"s_waitcnt vmcnt(0)",8,1816,1816,0,""
22,791400,"v_and_b32_e32 v0, 1, v3",8,128,92,0,""
22,791404,"v_cmp_eq_u32_e64 s[4:5], 1, v0",8,100,68,0,""
22,791412,"s_cbranch_scc1 31",8,32,0,0,""
22,791416,"v_mbcnt_lo_u32_b32 v0, -1, 0",8,188,156,0,""
22,791424,"v_mbcnt_hi_u32_b32 v0, -1, v0",8,104,72,60,""
22,791432,"v_and_b32_e32 v1, 63, v0",8,32,0,0,""
22,791436,"v_sub_u32_e32 v1, 64, v1",8,48,16,0,""
22,791440,"s_mov_b32 s7, 1",8,36,4,0,""
22,791444,"v_mov_b32_e32 v4, s7",48,192,0,640,""
22,791448,"v_cmp_lt_i32_e32 vcc, s7, v1",48,204,12,0,""
22,791452,"v_and_b32_e32 v5, 1, v3",48,192,0,0,""
22,791456,"v_and_b32_e32 v3, 0xff, v3",48,192,0,168,""
22,791464,"v_cndmask_b32_e32 v4, 0, v4, vcc",48,240,48,0,""
22,791468,"v_add_lshl_u32 v4, v4, v0, 2",48,196,4,0,""
22,791476,"ds_bpermute_b32 v3, v4, v3",48,400,16,384,""
22,791484,"s_andn2_b64 s[8:9], s[4:5], exec",48,196,4,0,""
22,791488,"v_cmp_eq_u32_e32 vcc, 1, v5",48,248,56,0,""
22,791492,"s_lshl_b32 s7, s7, 1",48,204,12,768,""
22,791496,"s_waitcnt lgkmcnt(0)",48,1076,1076,0,""
22,791500,"v_cmp_ne_u32_e64 s[4:5], 0, v3",48,204,12,0,""
22,791508,"s_and_b64 s[4:5], s[4:5], vcc",48,204,12,768,""
22,791512,"s_nop 0",48,192,192,0,""
22,791516,"v_cndmask_b32_e64 v3, 0, 1, s[4:5]",48,208,12,0,""
22,791524,"s_and_b64 s[4:5], s[4:5], exec",48,216,20,0,""
22,791528,"s_or_b64 s[4:5], s[8:9], s[4:5]",48,200,4,0,""
22,791532,"s_cmp_lt_i32 s7, s6",48,212,16,0,""
22,791536,"s_cbranch_scc1 65512",48,192,0,188,""
22,791540,"s_nop 0",8,32,32,0,""
22,791544,"v_cndmask_b32_e64 v0, 0, 1, s[4:5]",8,36,0,0,""
22,791552,"scratch_store_byte off, v0, off",8,52,20,60,""
22,791560,"scratch_load_ubyte v12, off, off",8,32,0,0,""
22,791568,"s_add_u32 s24, s0, 0x20c",8,32,0,0,""
22,791576,"s_addc_u32 s25, s1, 0",8,32,0,0,""
22,791580,"s_andn2_b64 vcc, exec, s[44:45]",8,48,8,0,""
22,791584,"s_waitcnt lgkmcnt(0)",8,32,32,0,""
22,791588,"s_min_u32 s28, s27, 15",8,32,0,0,""
22,791592,"s_cbranch_vccnz 76",8,32,0,0,""
22,791596,"s_cmp_eq_u32 s33, 0",8,32,0,0,""
22,791600,"s_mov_b32 s29, 0",8,40,0,0,""
22,791604,"s_cbranch_scc1 74",8,40,0,24,""
22,791608,"s_add_i32 s30, s28, 1",0,0,0,0,""
22,791612,"s_cmp_eq_u32 s27, 2",0,0,0,0,""
22,791616,"s_cbranch_scc1 73",0,0,0,0,""
22,791620,"s_and_b32 s29, s30, 28",0,0,0,0,""
22,791624,"v_mov_b32_e32 v0, 0",0,0,0,0,""
22,791628,"s_mov_b32 s31, 0",0,0,0,0,""
22,791632,"s_mov_b64 s[20:21], s[0:1]",0,0,0,0,""
22,791636,"s_mov_b64 s[22:23], s[24:25]",0,0,0,0,""
22,791640,"v_mov_b32_e32 v3, v11",0,0,0,0,""
22,791644,"s_load_dwordx8 s[4:11], s[20:21], 0x14c",0,0,0,0,""
22,791652,"s_load_dwordx4 s[12:15], s[20:21], 0x16c",0,0,0,0,""
22,791660,"s_load_dword s34, s[22:23], 0x0",0,0,0,0,""
22,791668,"s_load_dword s36, s[22:23], 0x8",0,0,0,0,""
22,791676,"s_load_dword s37, s[22:23], 0x10",0,0,0,0,""
22,791684,"s_load_dword s38, s[22:23], 0x18",0,0,0,0,""
22,791692,"s_waitcnt lgkmcnt(0)",0,0,0,0,""
22,791696,"v_mul_hi_u32 v1, s5, v3",0,0,0,0,""
22,791704,"v_add_u32_e32 v1, v3, v1",0,0,0,0,""
22,791708,"v_lshrrev_b32_e32 v1, s6, v1",0,0,0,0,""
22,791712,"v_mul_lo_u32 v4, v1, s4",0,0,0,0,""
22,791720,"v_mul_hi_u32 v5, s8, v1",0,0,0,0,""
22,791728,"v_sub_u32_e32 v3, v3, v4",0,0,0,0,""
22,791732,"v_add_u32_e32 v4, v1, v5",0,0,0,0,""
22,791736,"v_lshrrev_b32_e32 v4, s9, v4",0,0,0,0,""
22,791740,"v_mul_lo_u32 v5, v4, s7",0,0,0,0,""
22,791748,"v_mul_hi_u32 v6, s11, v4",0,0,0,0,""
22,791756,"v_sub_u32_e32 v1, v1, v5",0,0,0,0,""
22,791760,"v_add_u32_e32 v5, v4, v6",0,0,0,0,""
22,791764,"v_mul_lo_u32 v3, v3, s34",0,0,0,0,""
22,791772,"v_mul_lo_u32 v1, v1, s36",0,0,0,0,""
22,791780,"v_lshrrev_b32_e32 v5, s12, v5",0,0,0,0,""
22,791784,"v_add3_u32 v0, v3, v0, v1",0,0,0,0,""
22,791792,"v_mul_hi_u32 v3, s14, v5",0,0,0,0,""
22,791800,"s_add_i32 s31, s31, 4",0,0,0,0,""
22,791804,"v_add_u32_e32 v3, v5, v3",0,0,0,0,""
22,791808,"s_add_u32 s22, s22, 32",0,0,0,0,""
22,791812,"v_mul_lo_u32 v1, v5, s10",0,0,0,0,""
22,791820,"v_lshrrev_b32_e32 v3, s15, v3",0,0,0,0,""
22,791824,"s_addc_u32 s23, s23, 0",0,0,0,0,""
22,791828,"v_sub_u32_e32 v1, v4, v1",0,0,0,0,""
22,791832,"v_mul_lo_u32 v4, v3, s13",0,0,0,0,""
22,791840,"s_add_u32 s20, s20, 48",0,0,0,0,""
22,791844,"v_sub_u32_e32 v4, v5, v4",0,0,0,0,""
22,791848,"s_addc_u32 s21, s21, 0",0,0,0,0,""
22,791852,"v_mul_lo_u32 v1, v1, s37",0,0,0,0,""
22,791860,"v_mul_lo_u32 v4, v4, s38",0,0,0,0,""
22,791868,"s_cmp_lg_u32 s29, s31",0,0,0,0,""
22,791872,"v_add3_u32 v0, v1, v0, v4",0,0,0,0,""
22,791880,"s_cbranch_scc1 65476",0,0,0,0,""
22,791884,"s_and_b32 s8, s30, 3",0,0,0,0,""
22,791888,"s_cmp_eq_u32 s8, 0",0,0,0,0,""
22,791892,"s_cbranch_scc0 9",0,0,0,0,""
22,791896,"s_branch 41",0,0,0,0,""
22,791900,"s_branch 41",0,0,0,0,""
22,791904,"v_mov_b32_e32 v0, 0",8,32,0,120,""
22,791908,"s_branch 38",8,36,0,0,""
22,791912,"v_mov_b32_e32 v0, 0",0,0,0,0,""
22,791916,"v_mov_b32_e32 v3, v11",0,0,0,0,""
22,791920,"s_and_b32 s8, s30, 3",0,0,0,0,""
22,791924,"s_cmp_eq_u32 s8, 0",0,0,0,0,""
22,791928,"s_cbranch_scc1 33",0,0,0,0,""
22,791932,"s_lshl_b32 s4, s29, 3",0,0,0,0,""
22,791936,"s_add_u32 s4, s0, s4",0,0,0,0,""
22,791940,"s_addc_u32 s5, s1, 0",0,0,0,0,""
22,791944,"s_add_u32 s4, s4, 0x20c",0,0,0,0,""
22,791952,"s_addc_u32 s5, s5, 0",0,0,0,0,""
22,791956,"s_mul_i32 s6, s29, 12",0,0,0,0,""
22,791960,"s_add_u32 s6, s0, s6",0,0,0,0,""
22,791964,"s_addc_u32 s7, s1, 0",0,0,0,0,""
22,791968,"s_load_dwordx2 s[10:11], s[6:7], 0x14c",0,0,0,0,""
22,791976,"s_load_dword s9, s[6:7], 0x154",0,0,0,0,""
22,791984,"s_load_dword s12, s[4:5], 0x0",0,0,0,0,""
22,791992,"s_add_u32 s4, s4, 8",0,0,0,0,""
22,791996,"s_addc_u32 s5, s5, 0",0,0,0,0,""
22,792000,"s_waitcnt lgkmcnt(0)",0,0,0,0,""
22,792004,"v_mul_hi_u32 v1, s11, v3",0,0,0,0,""
22,792012,"v_add_u32_e32 v1, v3, v1",0,0,0,0,""
22,792016,"v_lshrrev_b32_e32 v1, s9, v1",0,0,0,0,""
22,792020,"s_add_u32 s6, s6, 12",0,0,0,0,""
22,792024,"v_mul_lo_u32 v4, v1, s10",0,0,0,0,""
22,792032,"s_addc_u32 s7, s7, 0",0,0,0,0,""
22,792036,"s_add_i32 s8, s8, -1",0,0,0,0,""
22,792040,"v_sub_u32_e32 v4, v3, v4",0,0,0,0,""
22,792044,"s_cmp_lg_u32 s8, 0",0,0,0,0,""
22,792048,"v_mov_b32_e32 v3, v1",0,0,0,0,""
22,792052,"v_mad_u64_u32 v[0:1], s[10:11], v4, s12, v[0:1]",0,0,0,0,""
22,792060,"s_cbranch_scc1 65512",0,0,0,0,""
22,792064,"s_cbranch_execnz 30",8,36,0,124,""
22,792068,"s_load_dwordx4 s[4:7], s[0:1], 0x14c",0,0,0,0,""
22,792076,"s_load_dwordx2 s[8:9], s[0:1], 0x15c",0,0,0,0,""
22,792084,"s_load_dword s10, s[0:1], 0x214",0,0,0,0,""
22,792092,"s_load_dword s11, s[0:1], 0x20c",0,0,0,0,""
22,792100,"s_cmp_gt_u32 s33, 1",0,0,0,0,""
22,792104,"s_waitcnt lgkmcnt(0)",0,0,0,0,""
22,792108,"v_mul_hi_u32 v0, s5, v11",0,0,0,0,""
22,792116,"v_add_u32_e32 v0, v11, v0",0,0,0,0,""
22,792120,"v_lshrrev_b32_e32 v0, s6, v0",0,0,0,0,""
22,792124,"v_mul_hi_u32 v1, v0, s8",0,0,0,0,""
22,792132,"v_add_u32_e32 v1, v0, v1",0,0,0,0,""
22,792136,"v_lshrrev_b32_e32 v1, s9, v1",0,0,0,0,""
22,792140,"v_mul_lo_u32 v1, v1, s7",0,0,0,0,""
22,792148,"v_mul_lo_u32 v3, v0, s4",0,0,0,0,""
22,792156,"v_sub_u32_e32 v0, v0, v1",0,0,0,0,""
22,792160,"v_mul_lo_u32 v0, v0, s10",0,0,0,0,""
22,792168,"s_cselect_b64 vcc, -1, 0",0,0,0,0,""
22,792172,"v_sub_u32_e32 v1, v11, v3",0,0,0,0,""
22,792176,"v_cndmask_b32_e32 v0, 0, v0, vcc",0,0,0,0,""
22,792180,"v_mad_u64_u32 v[0:1], s[4:5], v1, s11, v[0:1]",0,0,0,0,""
22,792188,"s_load_dwordx2 s[4:5], s[0:1], 0x2a8",8,32,0,252,""
22,792196,"s_load_dwordx2 s[22:23], s[0:1], 0x298",8,32,0,0,""
22,792204,"v_mov_b32_e32 v1, 0",8,32,0,0,""
22,792208,"s_mov_b64 s[20:21], 0",8,40,8,0,""
22,792212,"s_waitcnt lgkmcnt(0)",8,216,216,0,""
22,792216,"s_cmp_lg_u64 s[4:5], 0",8,32,0,0,""
22,792220,"v_lshl_add_u64 v[4:5], s[4:5], 0, v[0:1]",8,36,4,0,""
22,792228,"s_cselect_b64 vcc, -1, 0",8,32,0,0,""
22,792232,"v_cndmask_b32_e32 v7, 0, v5, vcc",8,44,12,0,""
22,792236,"s_cmp_eq_u32 s26, 0",8,40,8,0,""
22,792240,"v_cndmask_b32_e32 v6, 0, v4, vcc",8,64,32,0,""
22,792244,"s_cbranch_scc1 81",8,32,0,0,""
22,792248,"s_waitcnt vmcnt(0)",8,764,764,0,""
22,792252,"v_and_b32_e32 v3, 1, v12",8,52,16,0,""
22,792256,"s_and_b64 vcc, exec, s[44:45]",8,52,20,0,""
22,792260,"scratch_store_byte off, v3, off offset:4",8,36,4,32,""
22,792268,"s_cbranch_vccz 80",8,36,0,0,""
22,792272,"s_cmp_eq_u32 s33, 0",8,36,4,0,""
22,792276,"s_mov_b32 s29, 0",8,76,36,0,""
22,792280,"s_cbranch_scc1 78",8,40,0,24,""
22,792284,"s_add_i32 s28, s28, 1",0,0,0,0,""
22,792288,"s_cmp_eq_u32 s27, 2",0,0,0,0,""
22,792292,"s_cbranch_scc1 77",0,0,0,0,""
22,792296,"s_and_b32 s29, s28, 28",0,0,0,0,""
22,792300,"v_mov_b32_e32 v8, 0",0,0,0,0,""
22,792304,"s_mov_b32 s30, 0",0,0,0,0,""
22,792308,"s_mov_b64 s[26:27], s[0:1]",0,0,0,0,""
22,792312,"v_mov_b32_e32 v3, v11",0,0,0,0,""
22,792316,"s_load_dwordx8 s[4:11], s[26:27], 0x14c",0,0,0,0,""
22,792324,"s_load_dwordx4 s[12:15], s[26:27], 0x16c",0,0,0,0,""
22,792332,"s_load_dword s31, s[24:25], 0x0",0,0,0,0,""
22,792340,"s_load_dword s34, s[24:25], 0x8",0,0,0,0,""
22,792348,"s_load_dword s36, s[24:25], 0x10",0,0,0,0,""
22,792356,"s_load_dword s37, s[24:25], 0x18",0,0,0,0,""
22,792364,"s_waitcnt lgkmcnt(0)",0,0,0,0,""
22,792368,"v_mul_hi_u32 v9, s5, v3",0,0,0,0,""
22,792376,"v_add_u32_e32 v9, v3, v9",0,0,0,0,""
22,792380,"v_lshrrev_b32_e32 v9, s6, v9",0,0,0,0,""
22,792384,"v_mul_lo_u32 v13, v9, s4",0,0,0,0,""
22,792392,"v_mul_hi_u32 v14, s8, v9",0,0,0,0,""
22,792400,"v_sub_u32_e32 v3, v3, v13",0,0,0,0,""
22,792404,"v_add_u32_e32 v13, v9, v14",0,0,0,0,""
22,792408,"v_lshrrev_b32_e32 v13, s9, v13",0,0,0,0,""
22,792412,"v_mul_lo_u32 v14, v13, s7",0,0,0,0,""
22,792420,"v_mul_hi_u32 v15, s11, v13",0,0,0,0,""
22,792428,"v_sub_u32_e32 v9, v9, v14",0,0,0,0,""
22,792432,"v_add_u32_e32 v14, v13, v15",0,0,0,0,""
22,792436,"v_mul_lo_u32 v3, v3, s31",0,0,0,0,""
22,792444,"v_mul_lo_u32 v9, v9, s34",0,0,0,0,""
22,792452,"v_lshrrev_b32_e32 v14, s12, v14",0,0,0,0,""
22,792456,"v_add3_u32 v8, v3, v8, v9",0,0,0,0,""
22,792464,"v_mul_lo_u32 v3, v14, s10",0,0,0,0,""
22,792472,"v_mul_hi_u32 v9, s14, v14",0,0,0,0,""
22,792480,"s_add_i32 s30, s30, 4",0,0,0,0,""
22,792484,"v_sub_u32_e32 v3, v13, v3",0,0,0,0,""
22,792488,"v_add_u32_e32 v9, v14, v9",0,0,0,0,""
22,792492,"s_add_u32 s24, s24, 32",0,0,0,0,""
22,792496,"v_mul_lo_u32 v13, v3, s36",0,0,0,0,""
22,792504,"v_lshrrev_b32_e32 v3, s15, v9",0,0,0,0,""
22,792508,"s_addc_u32 s25, s25, 0",0,0,0,0,""
22,792512,"v_mul_lo_u32 v9, v3, s13",0,0,0,0,""
22,792520,"s_add_u32 s26, s26, 48",0,0,0,0,""
22,792524,"v_sub_u32_e32 v9, v14, v9",0,0,0,0,""
22,792528,"s_addc_u32 s27, s27, 0",0,0,0,0,""
22,792532,"v_mul_lo_u32 v9, v9, s37",0,0,0,0,""
22,792540,"s_cmp_lg_u32 s29, s30",0,0,0,0,""
22,792544,"v_add3_u32 v8, v13, v8, v9",0,0,0,0,""
22,792552,"s_cbranch_scc1 65476",0,0,0,0,""
22,792556,"s_and_b32 s8, s28, 3",0,0,0,0,""
22,792560,"s_cmp_eq_u32 s8, 0",0,0,0,0,""
22,792564,"s_cbranch_scc0 14",0,0,0,0,""
22,792568,"s_branch 46",0,0,0,0,""
22,792572,"s_mov_b64 s[4:5], 0",0,0,0,0,""
22,792576,"s_cbranch_execnz 635",0,0,0,0,""
22,792580,"s_and_saveexec_b64 s[0:1], s[4:5]",8,36,4,136,""
22,792584,"s_cbranch_execnz 755",8,40,8,32,""
22,792588,"s_branch 754",8,32,0,0,""
22,792592,"s_branch 41",0,0,0,0,""
22,792596,"v_mov_b32_e32 v8, 0",8,36,4,120,""
22,792600,"s_branch 38",8,36,0,0,""
22,792604,"v_mov_b32_e32 v8, 0",0,0,0,0,""
22,792608,"v_mov_b32_e32 v3, v11",0,0,0,0,""
22,792612,"s_and_b32 s8, s28, 3",0,0,0,0,""
22,792616,"s_cmp_eq_u32 s8, 0",0,0,0,0,""
22,792620,"s_cbranch_scc1 33",0,0,0,0,""
22,792624,"s_lshl_b32 s4, s29, 3",0,0,0,0,""
22,792628,"s_add_u32 s4, s0, s4",0,0,0,0,""
22,792632,"s_addc_u32 s5, s1, 0",0,0,0,0,""
22,792636,"s_add_u32 s4, s4, 0x20c",0,0,0,0,""
22,792644,"s_addc_u32 s5, s5, 0",0,0,0,0,""
22,792648,"s_mul_i32 s6, s29, 12",0,0,0,0,""
22,792652,"s_add_u32 s6, s0, s6",0,0,0,0,""
22,792656,"s_addc_u32 s7, s1, 0",0,0,0,0,""
22,792660,"s_load_dwordx2 s[10:11], s[6:7], 0x14c",0,0,0,0,""
22,792668,"s_load_dword s9, s[6:7], 0x154",0,0,0,0,""
22,792676,"s_load_dword s12, s[4:5], 0x0",0,0,0,0,""
22,792684,"s_add_u32 s4, s4, 8",0,0,0,0,""
22,792688,"s_addc_u32 s5, s5, 0",0,0,0,0,""
22,792692,"s_waitcnt lgkmcnt(0)",0,0,0,0,""
22,792696,"v_mul_hi_u32 v9, s11, v3",0,0,0,0,""
22,792704,"v_add_u32_e32 v9, v3, v9",0,0,0,0,""
22,792708,"v_lshrrev_b32_e32 v9, s9, v9",0,0,0,0,""
22,792712,"s_add_u32 s6, s6, 12",0,0,0,0,""
22,792716,"v_mul_lo_u32 v13, v9, s10",0,0,0,0,""
22,792724,"s_addc_u32 s7, s7, 0",0,0,0,0,""
22,792728,"s_add_i32 s8, s8, -1",0,0,0,0,""
22,792732,"v_sub_u32_e32 v13, v3, v13",0,0,0,0,""
22,792736,"s_cmp_lg_u32 s8, 0",0,0,0,0,""
22,792740,"v_mov_b32_e32 v3, v9",0,0,0,0,""
22,792744,"v_mad_u64_u32 v[8:9], s[10:11], v13, s12, v[8:9]",0,0,0,0,""
22,792752,"s_cbranch_scc1 65512",0,0,0,0,""
22,792756,"s_cbranch_execnz 30",8,44,8,124,""
22,792760,"s_load_dwordx4 s[4:7], s[0:1], 0x14c",0,0,0,0,""
22,792768,"s_load_dwordx2 s[8:9], s[0:1], 0x15c",0,0,0,0,""
22,792776,"s_load_dword s10, s[0:1], 0x214",0,0,0,0,""
22,792784,"s_load_dword s11, s[0:1], 0x20c",0,0,0,0,""
22,792792,"s_cmp_gt_u32 s33, 1",0,0,0,0,""
22,792796,"s_waitcnt lgkmcnt(0)",0,0,0,0,""
22,792800,"v_mul_hi_u32 v3, s5, v11",0,0,0,0,""
22,792808,"v_add_u32_e32 v3, v11, v3",0,0,0,0,""
22,792812,"v_lshrrev_b32_e32 v3, s6, v3",0,0,0,0,""
22,792816,"v_mul_hi_u32 v8, v3, s8",0,0,0,0,""
22,792824,"v_add_u32_e32 v8, v3, v8",0,0,0,0,""
22,792828,"v_lshrrev_b32_e32 v8, s9, v8",0,0,0,0,""
22,792832,"v_mul_lo_u32 v8, v8, s7",0,0,0,0,""
22,792840,"v_mul_lo_u32 v9, v3, s4",0,0,0,0,""
22,792848,"v_sub_u32_e32 v3, v3, v8",0,0,0,0,""
22,792852,"v_mul_lo_u32 v3, v3, s10",0,0,0,0,""
22,792860,"s_cselect_b64 vcc, -1, 0",0,0,0,0,""
22,792864,"v_sub_u32_e32 v9, v11, v9",0,0,0,0,""
22,792868,"v_cndmask_b32_e32 v8, 0, v3, vcc",0,0,0,0,""
22,792872,"v_mad_u64_u32 v[8:9], s[4:5], v9, s11, v[8:9]",0,0,0,0,""
22,792880,"s_load_dwordx2 s[8:9], s[0:1], 0x2b0",8,32,0,124,""
22,792888,"v_cmp_eq_u32_e64 s[4:5], 0, v2",8,36,0,0,""
22,792896,"v_cmp_gt_i32_e32 vcc, s35, v11",8,44,8,60,""
22,792900,"s_or_b64 s[4:5], s[4:5], s[18:19]",8,32,0,124,""
22,792904,"s_and_b64 s[4:5], vcc, s[4:5]",8,32,0,0,""
22,792908,"s_mov_b64 s[6:7], 0",8,32,0,0,""
22,792912,"s_and_saveexec_b64 s[10:11], s[4:5]",8,32,0,0,""
22,792916,"s_xor_b64 s[4:5], exec, s[10:11]",8,32,0,0,""
22,792920,"v_cmp_eq_u32_e32 vcc, 0, v10",8,36,0,0,""
22,792924,"s_or_b64 s[6:7], vcc, s[16:17]",8,32,0,124,""
22,792928,"s_and_b64 s[6:7], s[6:7], exec",8,32,0,0,""
22,792932,"s_or_b64 exec, exec, s[4:5]",8,32,0,0,""
22,792936,"s_and_saveexec_b64 s[4:5], s[6:7]",8,32,0,0,""
22,792940,"s_cbranch_execz 27",8,32,0,32,""
22,792944,"s_load_dword s12, s[0:1], 0x2d4",1,4,0,0,""
22,792952,"s_add_u32 s10, s0, 0x2d0",1,4,0,0,""
22,792960,"s_addc_u32 s11, s1, 0",1,4,0,8,""
22,792964,"s_andn2_b64 vcc, exec, s[18:19]",1,4,0,0,""
22,792968,"s_waitcnt lgkmcnt(0)",1,16,16,0,""
22,792972,"s_mul_i32 s12, s12, s2",1,4,0,0,""
22,792976,"s_add_i32 s12, s12, s3",1,4,0,0,""
22,792980,"v_mov_b32_e32 v3, s12",1,4,0,0,""
22,792984,"s_cbranch_vccnz 7",1,4,0,0,""
22,792988,"s_load_dword s10, s[10:11], 0xc",0,0,0,0,""
22,792996,"s_waitcnt lgkmcnt(0)",0,0,0,0,""
22,793000,"s_and_b32 s10, s10, 0xffff",0,0,0,0,""
22,793008,"s_mul_i32 s12, s12, s10",0,0,0,0,""
22,793012,"v_add_u32_e32 v3, s12, v2",0,0,0,0,""
22,793016,"scratch_load_ubyte v9, off, off offset:4",1,8,0,16,""
22,793024,"s_waitcnt vmcnt(0)",1,956,956,0,""
22,793028,"v_and_b32_e32 v9, 1, v9",1,4,0,0,""
22,793032,"scratch_store_byte off, v9, off",1,12,8,8,""
22,793040,"global_store_byte v3, v9, s[8:9] sc1",1,8,0,0,""
22,793048,"s_waitcnt vmcnt(0)",1,740,740,0,""
22,793052,"s_or_b64 exec, exec, s[4:5]",8,32,0,112,""
22,793056,"v_or_b32_e32 v3, v2, v10",8,32,0,84,""
22,793060,"v_cmp_eq_u32_e32 vcc, 0, v3",8,32,0,0,""
22,793064,"s_waitcnt lgkmcnt(0)",8,32,32,0,""
22,793068,"s_barrier",8,12436,12436,0,""
22,793072,"s_barrier",8,80,80,16,""
22,793076,"s_and_saveexec_b64 s[4:5], vcc",8,56,16,0,""
22,793080,"s_cbranch_execz 37",8,36,0,24,""
22,793084,"s_mov_b64 s[12:13], exec",1,4,0,0,""
22,793088,"v_mbcnt_lo_u32_b32 v3, s12, 0",1,4,0,12,""
22,793096,"v_mbcnt_hi_u32_b32 v3, s13, v3",1,12,8,0,""
22,793104,"v_cmp_eq_u32_e32 vcc, 0, v3",1,4,0,0,""
22,793108,"s_and_saveexec_b64 s[10:11], vcc",1,4,0,16,""
22,793112,"s_cbranch_execz 14",1,4,0,4,""
22,793116,"s_load_dwordx2 s[24:25], s[0:1], 0x2b8",1,4,0,16,""
22,793124,"s_mov_b32 s14, s3",1,4,0,0,""
22,793128,"s_mov_b32 s3, 0",1,4,0,0,""
22,793132,"s_lshl_b64 s[26:27], s[2:3], 2",1,4,0,0,""
22,793136,"s_mov_b32 s3, s14",1,4,0,0,""
22,793140,"s_waitcnt lgkmcnt(0)",1,20,20,0,""
22,793144,"s_add_u32 s14, s24, s26",1,4,0,0,""
22,793148,"s_addc_u32 s15, s25, s27",1,4,0,0,""
22,793152,"s_bcnt1_i32_b64 s12, s[12:13]",1,4,0,0,""
22,793156,"v_mov_b32_e32 v9, 0",1,4,0,0,""
22,793160,"v_mov_b32_e32 v13, s12",1,4,0,0,""
22,793164,"global_atomic_add v9, v9, v13, s[14:15] sc0",1,12,8,8,""
22,793172,"s_or_b64 exec, exec, s[10:11]",1,4,0,0,""
22,793176,"s_load_dword s10, s[0:1], 0x2d4",1,4,0,0,""
22,793184,"s_waitcnt vmcnt(0)",1,836,836,0,""
22,793188,"v_readfirstlane_b32 s11, v9",1,4,0,0,""
22,793192,"v_mov_b32_e32 v9, 0",1,4,0,0,""
22,793196,"s_waitcnt lgkmcnt(0)",1,4,4,0,""
22,793200,"s_add_i32 s10, s10, -1",1,4,0,8,""
22,793204,"v_add_u32_e32 v3, s11, v3",1,4,0,0,""
22,793208,"v_cmp_eq_u32_e32 vcc, s10, v3",1,4,0,0,""
22,793212,"s_nop 1",1,8,8,0,""
22,793216,"v_cndmask_b32_e64 v3, 0, 1, vcc",1,4,0,0,""
22,793224,"ds_write_b8 v9, v3",1,8,0,8,""
22,793232,"s_or_b64 exec, exec, s[4:5]",8,32,0,108,""
22,793236,"v_mov_b32_e32 v3, 0",8,96,64,0,""
22,793240,"s_waitcnt lgkmcnt(0)",8,68,68,0,""
22,793244,"s_barrier",8,7568,7568,4,""
22,793248,"ds_read_u8 v3, v3",8,72,40,0,""
22,793256,"s_waitcnt lgkmcnt(0)",8,368,368,0,""
22,793260,"v_and_b32_e32 v3, 1, v3",8,104,72,0,""
22,793264,"v_cmp_eq_u32_e32 vcc, 0, v3",8,72,40,0,""
22,793268,"s_cbranch_vccnz 58",8,32,0,160,""
22,793272,"s_load_dword s4, s[0:1], 0x0",0,0,0,0,""
22,793280,"s_load_dword s5, s[0:1], 0x1c",0,0,0,0,""
22,793288,"s_waitcnt lgkmcnt(0)",0,0,0,0,""
22,793292,"s_lshr_b32 s28, s4, 8",0,0,0,0,""
22,793296,"s_cmp_lg_u32 s5, 0",0,0,0,0,""
22,793300,"s_cselect_b64 s[10:11], -1, 0",0,0,0,0,""
22,793304,"s_add_u32 s12, s0, 0x2d0",0,0,0,0,""
22,793312,"s_addc_u32 s13, s1, 0",0,0,0,0,""
22,793316,"s_cmp_eq_u32 s5, 0",0,0,0,0,""
22,793320,"s_cbranch_scc1 48",0,0,0,0,""
22,793324,"s_load_dword s14, s[12:13], 0x0",0,0,0,0,""
22,793332,"s_load_dword s24, s[12:13], 0xc",0,0,0,0,""
22,793340,"v_mov_b32_e32 v3, 0",0,0,0,0,""
22,793344,"s_load_dword s15, s[0:1], 0x18",0,0,0,0,""
22,793352,"s_waitcnt lgkmcnt(0)",0,0,0,0,""
22,793356,"s_cmp_lt_u32 s2, s14",0,0,0,0,""
22,793360,"s_cselect_b32 s4, 12, 18",0,0,0,0,""
22,793364,"s_add_u32 s4, s12, s4",0,0,0,0,""
22,793368,"s_addc_u32 s5, s13, 0",0,0,0,0,""
22,793372,"global_load_ushort v13, v3, s[4:5]",0,0,0,0,""
22,793380,"s_lshr_b32 s33, s24, 16",0,0,0,0,""
22,793384,"v_mov_b32_e32 v3, s28",0,0,0,0,""
22,793388,"s_waitcnt vmcnt(0)",0,0,0,0,""
22,793392,"v_mad_u32_u24 v9, v10, v13, v2",0,0,0,0,""
22,793400,"v_cmp_gt_u32_e32 vcc, s15, v9",0,0,0,0,""
22,793404,"s_and_saveexec_b64 s[4:5], vcc",0,0,0,0,""
22,793408,"s_cbranch_execz 19",0,0,0,0,""
22,793412,"s_load_dword s26, s[12:13], 0x4",0,0,0,0,""
22,793420,"v_mul_lo_u32 v13, s33, v13",0,0,0,0,""
22,793428,"s_mov_b64 s[24:25], 0",0,0,0,0,""
22,793432,"v_mov_b32_e32 v3, s28",0,0,0,0,""
22,793436,"s_waitcnt lgkmcnt(0)",0,0,0,0,""
22,793440,"s_mul_i32 s26, s26, s2",0,0,0,0,""
22,793444,"v_add_u32_e32 v14, s26, v9",0,0,0,0,""
22,793448,"global_load_ubyte v14, v14, s[8:9]",0,0,0,0,""
22,793456,"v_add_u32_e32 v9, v9, v13",0,0,0,0,""
22,793460,"v_cmp_le_u32_e32 vcc, s15, v9",0,0,0,0,""
22,793464,"s_or_b64 s[24:25], vcc, s[24:25]",0,0,0,0,""
22,793468,"s_waitcnt vmcnt(0)",0,0,0,0,""
22,793472,"v_and_b32_e32 v3, v14, v3",0,0,0,0,""
22,793476,"s_andn2_b64 exec, exec, s[24:25]",0,0,0,0,""
22,793480,"s_cbranch_execnz 65526",0,0,0,0,""
22,793484,"s_or_b64 exec, exec, s[24:25]",0,0,0,0,""
22,793488,"s_or_b64 exec, exec, s[4:5]",0,0,0,0,""
22,793492,"v_mov_b32_e32 v9, s33",0,0,0,0,""
22,793496,"s_cbranch_execz 5",0,0,0,0,""
22,793500,"s_branch 117",0,0,0,0,""
22,793504,"s_mov_b64 s[2:3], -1",8,40,8,128,""
22,793508,"s_mov_b64 s[4:5], 0",8,32,0,0,""
22,793512,"s_branch 398",8,32,0,0,""
22,793516,"v_mov_b32_e32 v9, s33",0,0,0,0,""
22,793520,"s_load_dwordx2 s[14:15], s[12:13], 0x0",0,0,0,0,""
22,793528,"v_mov_b32_e32 v13, 0",0,0,0,0,""
22,793532,"v_mov_b32_e32 v3, s28",0,0,0,0,""
22,793536,"s_waitcnt lgkmcnt(0)",0,0,0,0,""
22,793540,"s_cmp_lt_u32 s3, s15",0,0,0,0,""
22,793544,"s_cselect_b32 s3, 14, 20",0,0,0,0,""
22,793548,"s_add_u32 s4, s12, s3",0,0,0,0,""
22,793552,"s_addc_u32 s5, s13, 0",0,0,0,0,""
22,793556,"global_load_ushort v9, v13, s[4:5]",0,0,0,0,""
22,793564,"s_load_dword s3, s[0:1], 0x18",0,0,0,0,""
22,793572,"s_waitcnt lgkmcnt(0)",0,0,0,0,""
22,793576,"v_cmp_gt_u32_e32 vcc, s3, v10",0,0,0,0,""
22,793580,"s_waitcnt vmcnt(0)",0,0,0,0,""
22,793584,"v_readfirstlane_b32 s4, v9",0,0,0,0,""
22,793588,"s_and_b32 s33, 0xffff, s4",0,0,0,0,""
22,793596,"s_and_saveexec_b64 s[24:25], vcc",0,0,0,0,""
22,793600,"s_cbranch_execz 91",0,0,0,0,""
22,793604,"s_load_dword s4, s[12:13], 0x14",0,0,0,0,""
22,793612,"s_mov_b64 s[26:27], 0",0,0,0,0,""
22,793616,"v_mov_b32_e32 v3, s28",0,0,0,0,""
22,793620,"s_waitcnt lgkmcnt(0)",0,0,0,0,""
22,793624,"s_and_b32 s4, s4, 0xffff",0,0,0,0,""
22,793632,"s_cmp_lg_u32 s4, 0",0,0,0,0,""
22,793636,"s_cselect_b64 s[4:5], -1, 0",0,0,0,0,""
22,793640,"s_cmp_lg_u64 s[4:5], 0",0,0,0,0,""
22,793644,"s_addc_u32 s29, s15, 0",0,0,0,0,""
22,793648,"s_cmp_lt_u32 s2, s14",0,0,0,0,""
22,793652,"s_cselect_b32 s4, 12, 18",0,0,0,0,""
22,793656,"s_add_u32 s4, s12, s4",0,0,0,0,""
22,793660,"s_addc_u32 s5, s13, 0",0,0,0,0,""
22,793664,"global_load_ushort v20, v13, s[4:5]",0,0,0,0,""
22,793672,"s_mul_i32 s29, s29, s2",0,0,0,0,""
22,793676,"s_mul_i32 s15, s33, 3",0,0,0,0,""
22,793680,"v_add_u32_e32 v21, s29, v10",0,0,0,0,""
22,793684,"s_lshl_b32 s34, s33, 1",0,0,0,0,""
22,793688,"v_add_u32_e32 v18, s15, v21",0,0,0,0,""
22,793692,"v_add_u32_e32 v19, s33, v21",0,0,0,0,""
22,793696,"v_add_u32_e32 v17, s34, v21",0,0,0,0,""
22,793700,"v_mov_b32_e32 v13, v2",0,0,0,0,""
22,793704,"s_waitcnt vmcnt(0)",0,0,0,0,""
22,793708,"v_mul_lo_u32 v22, s33, v20",0,0,0,0,""
22,793716,"v_mul_lo_u32 v17, v17, v20",0,0,0,0,""
22,793724,"v_mul_lo_u32 v18, v18, v20",0,0,0,0,""
22,793732,"v_mul_lo_u32 v19, v19, v20",0,0,0,0,""
22,793740,"v_mul_lo_u32 v20, v21, v20",0,0,0,0,""
22,793748,"v_lshlrev_b32_e32 v21, 2, v22",0,0,0,0,""
22,793752,"v_mov_b32_e32 v22, v10",0,0,0,0,""
22,793756,"s_branch 7",0,0,0,0,""
22,793760,"s_or_b64 exec, exec, s[4:5]",0,0,0,0,""
22,793764,"v_add_u32_e32 v22, s15, v23",0,0,0,0,""
22,793768,"v_cmp_le_u32_e32 vcc, s3, v22",0,0,0,0,""
22,793772,"s_or_b64 s[26:27], vcc, s[26:27]",0,0,0,0,""
22,793776,"v_add_u32_e32 v13, v13, v21",0,0,0,0,""
22,793780,"s_andn2_b64 exec, exec, s[26:27]",0,0,0,0,""
22,793784,"s_cbranch_execz 44",0,0,0,0,""
22,793788,"v_add_u32_e32 v23, v20, v13",0,0,0,0,""
22,793792,"global_load_ubyte v25, v23, s[8:9]",0,0,0,0,""
22,793800,"v_add_u32_e32 v23, s33, v22",0,0,0,0,""
22,793804,"v_cmp_gt_u32_e32 vcc, s3, v23",0,0,0,0,""
22,793808,"v_add_u32_e32 v24, s34, v22",0,0,0,0,""
22,793812,"s_and_saveexec_b64 s[28:29], vcc",0,0,0,0,""
22,793816,"s_cbranch_execz 20",0,0,0,0,""
22,793820,"v_add_u32_e32 v16, v19, v13",0,0,0,0,""
22,793824,"global_load_ubyte v16, v16, s[8:9]",0,0,0,0,""
22,793832,"v_cmp_gt_u32_e64 s[4:5], s3, v24",0,0,0,0,""
22,793840,"s_and_saveexec_b64 s[30:31], s[4:5]",0,0,0,0,""
22,793844,"s_cbranch_execz 12",0,0,0,0,""
22,793848,"v_add_u32_e32 v15, v17, v13",0,0,0,0,""
22,793852,"global_load_ubyte v15, v15, s[8:9]",0,0,0,0,""
22,793860,"v_add_u32_e32 v26, s15, v22",0,0,0,0,""
22,793864,"v_cmp_gt_u32_e64 s[4:5], s3, v26",0,0,0,0,""
22,793872,"s_and_saveexec_b64 s[36:37], s[4:5]",0,0,0,0,""
22,793876,"s_cbranch_execz 3",0,0,0,0,""
22,793880,"v_add_u32_e32 v14, v18, v13",0,0,0,0,""
22,793884,"global_load_ubyte v14, v14, s[8:9]",0,0,0,0,""
22,793892,"s_or_b64 exec, exec, s[36:37]",0,0,0,0,""
22,793896,"s_or_b64 exec, exec, s[30:31]",0,0,0,0,""
22,793900,"s_or_b64 exec, exec, s[28:29]",0,0,0,0,""
22,793904,"s_waitcnt vmcnt(0)",0,0,0,0,""
22,793908,"v_and_b32_e32 v3, v25, v3",0,0,0,0,""
22,793912,"s_and_saveexec_b64 s[4:5], vcc",0,0,0,0,""
22,793916,"s_cbranch_execz 65496",0,0,0,0,""
22,793920,"v_add_u32_e32 v22, s15, v22",0,0,0,0,""
22,793924,"v_cmp_gt_u32_e32 vcc, s3, v22",0,0,0,0,""
22,793928,"s_nop 1",0,0,0,0,""
22,793932,"v_cndmask_b32_e32 v22, -1, v14, vcc",0,0,0,0,""
22,793936,"v_and_b32_e32 v22, v15, v22",0,0,0,0,""
22,793940,"v_cmp_gt_u32_e32 vcc, s3, v24",0,0,0,0,""
22,793944,"s_nop 1",0,0,0,0,""
22,793948,"v_cndmask_b32_e32 v22, -1, v22, vcc",0,0,0,0,""
22,793952,"v_bitop3_b16 v3, v3, v16, v22 bitop3:0x80",0,0,0,0,""
22,793960,"s_branch 65485",0,0,0,0,""
22,793964,"s_or_b64 exec, exec, s[26:27]",0,0,0,0,""
22,793968,"s_or_b64 exec, exec, s[24:25]",0,0,0,0,""
22,793972,"s_cmp_lt_u32 s2, s14",0,0,0,0,""
22,793976,"s_cselect_b32 s2, 12, 18",0,0,0,0,""
22,793980,"s_add_u32 s2, s12, s2",0,0,0,0,""
22,793984,"s_addc_u32 s3, s13, 0",0,0,0,0,""
22,793988,"v_mov_b32_e32 v13, 0",0,0,0,0,""
22,793992,"global_load_ushort v13, v13, s[2:3]",0,0,0,0,""
22,794000,"v_mov_b32_e32 v14, 2",0,0,0,0,""
22,794004,"scratch_store_byte off, v3, off offset:4",0,0,0,0,""
22,794012,"v_and_b32_e32 v3, 1, v3",0,0,0,0,""
22,794016,"v_cmp_lt_u32_sdwa s[2:3], v9, v14 src0_sel:WORD_0 src1_sel:DWORD",0,0,0,0,""
22,794024,"s_and_b64 vcc, exec, s[2:3]",0,0,0,0,""
22,794028,"v_cmp_eq_u32_e64 s[2:3], 1, v3",0,0,0,0,""
22,794036,"scratch_store_byte off, v3, off",0,0,0,0,""
22,794044,"s_waitcnt vmcnt(2)",0,0,0,0,""
22,794048,"v_mul_u32_u24_e32 v9, v10, v13",0,0,0,0,""
22,794052,"v_readfirstlane_b32 s4, v13",0,0,0,0,""
22,794056,"v_add3_u32 v9, 1, v9, v2",0,0,0,0,""
22,794064,"ds_write_b8 v9, v3",0,0,0,0,""
22,794072,"s_cbranch_vccnz 36",0,0,0,0,""
22,794076,"v_add_u32_e32 v3, 1, v2",0,0,0,0,""
22,794080,"s_mov_b32 s5, s33",0,0,0,0,""
22,794084,"s_branch 4",0,0,0,0,""
22,794088,"s_or_b64 exec, exec, s[2:3]",0,0,0,0,""
22,794092,"s_cmp_lt_u32 s5, 4",0,0,0,0,""
22,794096,"s_mov_b32 s5, s8",0,0,0,0,""
22,794100,"s_cbranch_scc1 23",0,0,0,0,""
22,794104,"s_lshr_b32 s8, s5, 1",0,0,0,0,""
22,794108,"v_add_u32_e32 v13, s8, v10",0,0,0,0,""
22,794112,"v_cmp_gt_u32_e32 vcc, s8, v10",0,0,0,0,""
22,794116,"v_cmp_gt_u32_e64 s[2:3], s33, v13",0,0,0,0,""
22,794124,"s_and_b64 s[12:13], vcc, s[2:3]",0,0,0,0,""
22,794128,"s_waitcnt lgkmcnt(0)",0,0,0,0,""
22,794132,"s_barrier",0,0,0,0,""
22,794136,"s_and_saveexec_b64 s[2:3], s[12:13]",0,0,0,0,""
22,794140,"s_cbranch_execz 65522",0,0,0,0,""
22,794144,"scratch_load_ubyte v14, off, off",0,0,0,0,""
22,794152,"v_mad_u32_u24 v13, v13, s4, v3",0,0,0,0,""
22,794160,"ds_read_u8 v13, v13",0,0,0,0,""
22,794168,"s_waitcnt vmcnt(0) lgkmcnt(0)",0,0,0,0,""
22,794172,"v_and_b32_e32 v13, v14, v13",0,0,0,0,""
22,794176,"scratch_store_byte off, v13, off",0,0,0,0,""
22,794184,"ds_write_b8 v9, v13",0,0,0,0,""
22,794192,"s_branch 65509",0,0,0,0,""
22,794196,"scratch_load_ubyte v3, off, off",0,0,0,0,""
22,794204,"s_waitcnt vmcnt(0)",0,0,0,0,""
22,794208,"v_and_b32_e32 v3, 1, v3",0,0,0,0,""
22,794212,"v_cmp_eq_u32_e64 s[2:3], 1, v3",0,0,0,0,""
22,794220,"s_nop 1",0,0,0,0,""
22,794224,"v_cndmask_b32_e64 v3, 0, 1, s[2:3]",0,0,0,0,""
22,794232,"scratch_store_byte off, v3, off",0,0,0,0,""
22,794240,"scratch_load_ubyte v3, off, off",0,0,0,0,""
22,794248,"s_andn2_b64 vcc, exec, s[10:11]",0,0,0,0,""
22,794252,"s_waitcnt vmcnt(0)",0,0,0,0,""
22,794256,"scratch_store_byte off, v3, off offset:4",0,0,0,0,""
22,794264,"s_cbranch_vccnz 89",0,0,0,0,""
22,794268,"v_and_b32_e32 v3, 1, v3",0,0,0,0,""
22,794272,"s_cmpk_lt_u32 s4, 0x41",0,0,0,0,""
22,794276,"scratch_store_byte off, v3, off",0,0,0,0,""
22,794284,"s_cbranch_scc1 36",0,0,0,0,""
22,794288,"scratch_load_ubyte v3, off, off",0,0,0,0,""
22,794296,"s_cmpk_lt_u32 s4, 0x80",0,0,0,0,""
22,794300,"s_waitcnt vmcnt(0)",0,0,0,0,""
22,794304,"ds_write_b8 v9, v3",0,0,0,0,""
22,794312,"s_cbranch_scc1 28",0,0,0,0,""
22,794316,"s_mov_b32 s5, s4",0,0,0,0,""
22,794320,"s_branch 4",0,0,0,0,""
22,794324,"s_or_b64 exec, exec, s[2:3]",0,0,0,0,""
22,794328,"s_cmpk_gt_u32 s5, 0xff",0,0,0,0,""
22,794332,"s_mov_b32 s5, s8",0,0,0,0,""
22,794336,"s_cbranch_scc0 22",0,0,0,0,""
22,794340,"s_lshr_b32 s8, s5, 1",0,0,0,0,""
22,794344,"v_add_u32_e32 v3, s8, v2",0,0,0,0,""
22,794348,"v_cmp_gt_u32_e32 vcc, s8, v2",0,0,0,0,""
22,794352,"v_cmp_gt_u32_e64 s[2:3], s4, v3",0,0,0,0,""
22,794360,"s_and_b64 s[10:11], vcc, s[2:3]",0,0,0,0,""
22,794364,"s_waitcnt lgkmcnt(0)",0,0,0,0,""
22,794368,"s_barrier",0,0,0,0,""
22,794372,"s_and_saveexec_b64 s[2:3], s[10:11]",0,0,0,0,""
22,794376,"s_cbranch_execz 65522",0,0,0,0,""
22,794380,"scratch_load_ubyte v3, off, off",0,0,0,0,""
22,794388,"v_add_u32_e32 v13, s8, v9",0,0,0,0,""
22,794392,"ds_read_u8 v13, v13",0,0,0,0,""
22,794400,"s_waitcnt vmcnt(0) lgkmcnt(0)",0,0,0,0,""
22,794404,"v_and_b32_e32 v3, v3, v13",0,0,0,0,""
22,794408,"scratch_store_byte off, v3, off",0,0,0,0,""
22,794416,"ds_write_b8 v9, v3",0,0,0,0,""
22,794424,"s_branch 65510",0,0,0,0,""
22,794428,"s_mov_b32 s4, 64",0,0,0,0,""
22,794432,"s_waitcnt lgkmcnt(0)",0,0,0,0,""
22,794436,"s_barrier",0,0,0,0,""
22,794440,"scratch_load_ubyte v13, off, off",0,0,0,0,""
22,794448,"s_cmp_lt_u32 s4, 2",0,0,0,0,""
22,794452,"s_waitcnt vmcnt(0)",0,0,0,0,""
22,794456,"v_and_b32_e32 v3, 1, v13",0,0,0,0,""
22,794460,"v_cmp_eq_u32_e64 s[2:3], 1, v3",0,0,0,0,""
22,794468,"s_cbranch_scc1 31",0,0,0,0,""
22,794472,"v_mbcnt_lo_u32_b32 v3, -1, 0",0,0,0,0,""
22,794480,"v_mbcnt_hi_u32_b32 v3, -1, v3",0,0,0,0,""
22,794488,"v_and_b32_e32 v9, 63, v3",0,0,0,0,""
22,794492,"v_sub_u32_e32 v9, 64, v9",0,0,0,0,""
22,794496,"s_mov_b32 s5, 1",0,0,0,0,""
22,794500,"v_mov_b32_e32 v14, s5",0,0,0,0,""
22,794504,"v_cmp_lt_i32_e32 vcc, s5, v9",0,0,0,0,""
22,794508,"v_and_b32_e32 v15, 1, v13",0,0,0,0,""
22,794512,"v_and_b32_e32 v13, 0xff, v13",0,0,0,0,""
22,794520,"v_cndmask_b32_e32 v14, 0, v14, vcc",0,0,0,0,""
22,794524,"v_add_lshl_u32 v14, v14, v3, 2",0,0,0,0,""
22,794532,"ds_bpermute_b32 v13, v14, v13",0,0,0,0,""
22,794540,"s_andn2_b64 s[8:9], s[2:3], exec",0,0,0,0,""
22,794544,"v_cmp_eq_u32_e32 vcc, 1, v15",0,0,0,0,""
22,794548,"s_lshl_b32 s5, s5, 1",0,0,0,0,""
22,794552,"s_waitcnt lgkmcnt(0)",0,0,0,0,""
22,794556,"v_cmp_ne_u32_e64 s[2:3], 0, v13",0,0,0,0,""
22,794564,"s_and_b64 s[2:3], s[2:3], vcc",0,0,0,0,""
22,794568,"s_nop 0",0,0,0,0,""
22,794572,"v_cndmask_b32_e64 v13, 0, 1, s[2:3]",0,0,0,0,""
22,794580,"s_and_b64 s[2:3], s[2:3], exec",0,0,0,0,""
22,794584,"s_or_b64 s[2:3], s[8:9], s[2:3]",0,0,0,0,""
22,794588,"s_cmp_lt_i32 s5, s4",0,0,0,0,""
22,794592,"s_cbranch_scc1 65512",0,0,0,0,""
22,794596,"s_nop 0",0,0,0,0,""
22,794600,"v_cndmask_b32_e64 v3, 0, 1, s[2:3]",0,0,0,0,""
22,794608,"scratch_store_byte off, v3, off",0,0,0,0,""
22,794616,"scratch_load_ubyte v3, off, off",0,0,0,0,""
22,794624,"s_mov_b64 s[2:3], -1",0,0,0,0,""
22,794628,"s_mov_b64 s[4:5], 0",0,0,0,0,""
22,794632,"s_and_saveexec_b64 s[8:9], s[6:7]",0,0,0,0,""
22,794636,"s_cbranch_execz 116",0,0,0,0,""
22,794640,"s_load_dword s14, s[0:1], 0x2c8",0,0,0,0,""
22,794648,"v_mov_b32_e32 v9, 0",0,0,0,0,""
22,794652,"s_mov_b64 s[6:7], 0",0,0,0,0,""
22,794656,"v_cmp_ne_u64_e32 vcc, 0, v[6:7]",0,0,0,0,""
22,794660,"s_waitcnt lgkmcnt(0)",0,0,0,0,""
22,794664,"s_bitcmp1_b32 s14, 0",0,0,0,0,""
22,794668,"s_cselect_b64 s[2:3], -1, 0",0,0,0,0,""
22,794672,"v_cndmask_b32_e64 v13, 0, 1, s[2:3]",0,0,0,0,""
22,794680,"v_cmp_ne_u32_e64 s[2:3], 1, v13",0,0,0,0,""
22,794688,"s_and_saveexec_b64 s[10:11], vcc",0,0,0,0,""
22,794692,"s_xor_b64 s[10:11], exec, s[10:11]",0,0,0,0,""
22,794696,"s_cbranch_execz 39",0,0,0,0,""
22,794700,"s_and_b64 vcc, exec, s[2:3]",0,0,0,0,""
22,794704,"s_cbranch_vccnz 4",0,0,0,0,""
22,794708,"global_load_ubyte v13, v[4:5], off",0,0,0,0,""
22,794716,"s_waitcnt vmcnt(0)",0,0,0,0,""
22,794720,"v_and_b32_e32 v3, v13, v3",0,0,0,0,""
22,794724,"s_bfe_u32 s6, s14, 0x10008",0,0,0,0,""
22,794732,"s_mov_b64 s[12:13], -1",0,0,0,0,""
22,794736,"s_cmp_eq_u32 s6, 0",0,0,0,0,""
22,794740,"s_mov_b64 s[6:7], 0",0,0,0,0,""
22,794744,"s_cbranch_scc0 5",0,0,0,0,""
22,794748,"s_waitcnt vmcnt(0)",0,0,0,0,""
22,794752,"global_store_byte v[4:5], v3, off",0,0,0,0,""
22,794760,"s_mov_b64 s[12:13], 0",0,0,0,0,""
22,794764,"s_mov_b64 s[6:7], -1",0,0,0,0,""
22,794768,"s_andn2_b64 vcc, exec, s[12:13]",0,0,0,0,""
22,794772,"s_cbranch_vccnz 18",0,0,0,0,""
22,794776,"s_load_dword s4, s[0:1], 0x2cc",0,0,0,0,""
22,794784,"s_waitcnt vmcnt(0)",0,0,0,0,""
22,794788,"v_and_b32_e32 v3, 1, v3",0,0,0,0,""
22,794792,"scratch_store_byte off, v3, off offset:2",0,0,0,0,""
22,794800,"s_waitcnt lgkmcnt(0)",0,0,0,0,""
22,794804,"s_cmp_lg_u32 s4, 1",0,0,0,0,""
22,794808,"s_cbranch_scc1 217",0,0,0,0,""
22,794812,"s_mov_b64 s[4:5], 0",0,0,0,0,""
22,794816,"scratch_load_ubyte v3, off, off offset:2",0,0,0,0,""
22,794824,"v_lshl_add_u64 v[8:9], s[22:23], 0, v[8:9]",0,0,0,0,""
22,794832,"s_mov_b64 s[6:7], -1",0,0,0,0,""
22,794836,"s_waitcnt vmcnt(0)",0,0,0,0,""
22,794840,"global_store_byte v[8:9], v3, off",0,0,0,0,""
22,794848,"s_and_b64 s[4:5], s[4:5], exec",0,0,0,0,""
22,794852,"s_and_b64 s[6:7], s[6:7], exec",0,0,0,0,""
22,794856,"s_andn2_saveexec_b64 s[10:11], s[10:11]",0,0,0,0,""
22,794860,"s_cbranch_execz 57",0,0,0,0,""
22,794864,"s_and_b64 vcc, exec, s[2:3]",0,0,0,0,""
22,794868,"v_lshl_add_u64 v[8:9], s[22:23], 0, v[8:9]",0,0,0,0,""
22,794876,"s_cbranch_vccnz 13",0,0,0,0,""
22,794880,"global_load_ubyte v13, v[8:9], off",0,0,0,0,""
22,794888,"s_waitcnt vmcnt(1)",0,0,0,0,""
22,794892,"v_and_b32_e32 v14, 1, v3",0,0,0,0,""
22,794896,"scratch_store_byte off, v14, off",0,0,0,0,""
22,794904,"s_waitcnt vmcnt(1)",0,0,0,0,""
22,794908,"v_bitop3_b16 v14, v3, v13, 1 bitop3:0x80",0,0,0,0,""
22,794916,"v_bitop3_b16 v3, v3, 1, v13 bitop3:0x80",0,0,0,0,""
22,794924,"scratch_store_byte off, v14, off",0,0,0,0,""
22,794932,"s_bfe_u32 s2, s14, 0x10008",0,0,0,0,""
22,794940,"s_mov_b64 s[12:13], -1",0,0,0,0,""
22,794944,"s_cmp_eq_u32 s2, 0",0,0,0,0,""
22,794948,"s_mov_b64 s[2:3], s[6:7]",0,0,0,0,""
22,794952,"s_cbranch_scc0 5",0,0,0,0,""
22,794956,"s_waitcnt vmcnt(0)",0,0,0,0,""
22,794960,"global_store_byte v[8:9], v3, off",0,0,0,0,""
22,794968,"s_mov_b64 s[12:13], 0",0,0,0,0,""
22,794972,"s_or_b64 s[2:3], s[6:7], exec",0,0,0,0,""
22,794976,"s_andn2_b64 vcc, exec, s[12:13]",0,0,0,0,""
22,794980,"s_cbranch_vccnz 20",0,0,0,0,""
22,794984,"s_load_dword s12, s[0:1], 0x2cc",0,0,0,0,""
22,794992,"s_waitcnt vmcnt(0)",0,0,0,0,""
22,794996,"v_and_b32_e32 v3, 1, v3",0,0,0,0,""
22,795000,"s_mov_b64 s[14:15], -1",0,0,0,0,""
22,795004,"scratch_store_byte off, v3, off offset:3",0,0,0,0,""
22,795012,"s_waitcnt lgkmcnt(0)",0,0,0,0,""
22,795016,"s_cmp_lg_u32 s12, 1",0,0,0,0,""
22,795020,"s_mov_b64 s[12:13], s[4:5]",0,0,0,0,""
22,795024,"s_cbranch_scc1 167",0,0,0,0,""
22,795028,"s_andn2_b64 vcc, exec, s[14:15]",0,0,0,0,""
22,795032,"s_cbranch_vccnz 8",0,0,0,0,""
22,795036,"scratch_load_ubyte v3, off, off offset:3",0,0,0,0,""
22,795044,"s_or_b64 s[2:3], s[2:3], exec",0,0,0,0,""
22,795048,"s_waitcnt vmcnt(0)",0,0,0,0,""
22,795052,"global_store_byte v[8:9], v3, off",0,0,0,0,""
22,795060,"s_branch 1",0,0,0,0,""
22,795064,"s_mov_b64 s[12:13], s[4:5]",0,0,0,0,""
22,795068,"s_andn2_b64 s[4:5], s[4:5], exec",0,0,0,0,""
22,795072,"s_and_b64 s[12:13], s[12:13], exec",0,0,0,0,""
22,795076,"s_andn2_b64 s[6:7], s[6:7], exec",0,0,0,0,""
22,795080,"s_and_b64 s[2:3], s[2:3], exec",0,0,0,0,""
22,795084,"s_or_b64 s[4:5], s[4:5], s[12:13]",0,0,0,0,""
22,795088,"s_or_b64 s[6:7], s[6:7], s[2:3]",0,0,0,0,""
22,795092,"s_or_b64 exec, exec, s[10:11]",0,0,0,0,""
22,795096,"s_and_b64 s[4:5], s[4:5], exec",0,0,0,0,""
22,795100,"s_orn2_b64 s[2:3], s[6:7], exec",0,0,0,0,""
22,795104,"s_or_b64 exec, exec, s[8:9]",0,0,0,0,""
22,795108,"s_and_saveexec_b64 s[6:7], s[2:3]",8,44,12,940,""
22,795112,"s_or_b64 exec, exec, s[6:7]",8,36,4,0,""
22,795116,"s_branch 64901",8,40,8,0,""
22,795120,"v_cmp_eq_u32_e64 s[2:3], 0, v2",0,0,0,0,""
22,795128,"v_cmp_gt_i32_e32 vcc, s35, v11",0,0,0,0,""
22,795132,"s_or_b64 s[2:3], s[2:3], s[18:19]",0,0,0,0,""
22,795136,"s_and_b64 s[2:3], vcc, s[2:3]",0,0,0,0,""
22,795140,"v_cmp_eq_u32_e32 vcc, 0, v10",0,0,0,0,""
22,795144,"s_or_b64 s[6:7], vcc, s[16:17]",0,0,0,0,""
22,795148,"s_and_b64 s[2:3], s[2:3], s[6:7]",0,0,0,0,""
22,795152,"s_mov_b64 s[20:21], 0",0,0,0,0,""
22,795156,"s_and_saveexec_b64 s[6:7], s[2:3]",0,0,0,0,""
22,795160,"s_cbranch_execz 109",0,0,0,0,""
22,795164,"s_load_dword s16, s[0:1], 0x2c8",0,0,0,0,""
22,795172,"s_waitcnt vmcnt(0)",0,0,0,0,""
22,795176,"v_lshl_add_u64 v[2:3], s[22:23], 0, v[0:1]",0,0,0,0,""
22,795184,"s_mov_b64 s[8:9], 0",0,0,0,0,""
22,795188,"v_cmp_ne_u64_e32 vcc, 0, v[6:7]",0,0,0,0,""
22,795192,"s_mov_b64 s[10:11], s[4:5]",0,0,0,0,""
22,795196,"s_waitcnt lgkmcnt(0)",0,0,0,0,""
22,795200,"s_bitcmp1_b32 s16, 0",0,0,0,0,""
22,795204,"s_cselect_b64 s[2:3], -1, 0",0,0,0,0,""
22,795208,"v_cndmask_b32_e64 v0, 0, 1, s[2:3]",0,0,0,0,""
22,795216,"v_cmp_ne_u32_e64 s[2:3], 1, v0",0,0,0,0,""
22,795224,"s_and_saveexec_b64 s[12:13], vcc",0,0,0,0,""
22,795228,"s_xor_b64 s[12:13], exec, s[12:13]",0,0,0,0,""
22,795232,"s_cbranch_execz 44",0,0,0,0,""
22,795236,"s_and_b64 vcc, exec, s[2:3]",0,0,0,0,""
22,795240,"s_cbranch_vccz 9",0,0,0,0,""
22,795244,"s_bfe_u32 s10, s16, 0x10008",0,0,0,0,""
22,795252,"s_cmp_eq_u32 s10, 0",0,0,0,0,""
22,795256,"s_mov_b64 s[10:11], -1",0,0,0,0,""
22,795260,"s_cbranch_scc1 13",0,0,0,0,""
22,795264,"s_andn2_b64 vcc, exec, s[10:11]",0,0,0,0,""
22,795268,"s_mov_b64 s[10:11], s[4:5]",0,0,0,0,""
22,795272,"s_cbranch_vccz 14",0,0,0,0,""
22,795276,"s_branch 30",0,0,0,0,""
22,795280,"global_load_ubyte v0, v[4:5], off",0,0,0,0,""
22,795288,"s_waitcnt vmcnt(0)",0,0,0,0,""
22,795292,"v_and_b32_e32 v12, v12, v0",0,0,0,0,""
22,795296,"s_bfe_u32 s10, s16, 0x10008",0,0,0,0,""
22,795304,"s_cmp_eq_u32 s10, 0",0,0,0,0,""
22,795308,"s_mov_b64 s[10:11], -1",0,0,0,0,""
22,795312,"s_cbranch_scc0 65523",0,0,0,0,""
22,795316,"global_store_byte v[4:5], v12, off",0,0,0,0,""
22,795324,"s_mov_b64 s[10:11], s[4:5]",0,0,0,0,""
22,795328,"s_cbranch_execnz 17",0,0,0,0,""
22,795332,"s_load_dword s10, s[0:1], 0x2cc",0,0,0,0,""
22,795340,"v_and_b32_e32 v0, 1, v12",0,0,0,0,""
22,795344,"s_mov_b64 s[14:15], -1",0,0,0,0,""
22,795348,"scratch_store_byte off, v0, off",0,0,0,0,""
22,795356,"s_waitcnt lgkmcnt(0)",0,0,0,0,""
22,795360,"s_cmp_lg_u32 s10, 1",0,0,0,0,""
22,795364,"s_mov_b64 s[10:11], s[4:5]",0,0,0,0,""
22,795368,"s_cbranch_scc1 69",0,0,0,0,""
22,795372,"s_andn2_b64 vcc, exec, s[14:15]",0,0,0,0,""
22,795376,"s_cbranch_vccnz 5",0,0,0,0,""
22,795380,"scratch_load_ubyte v0, off, off",0,0,0,0,""
22,795388,"s_waitcnt vmcnt(0)",0,0,0,0,""
22,795392,"global_store_byte v[2:3], v0, off",0,0,0,0,""
22,795400,"s_andn2_b64 s[14:15], s[4:5], exec",0,0,0,0,""
22,795404,"s_and_b64 s[10:11], s[10:11], exec",0,0,0,0,""
22,795408,"s_or_b64 s[10:11], s[14:15], s[10:11]",0,0,0,0,""
22,795412,"s_andn2_saveexec_b64 s[12:13], s[12:13]",0,0,0,0,""
22,795416,"s_cbranch_execz 40",0,0,0,0,""
22,795420,"s_and_b64 vcc, exec, s[2:3]",0,0,0,0,""
22,795424,"s_cbranch_vccnz 12",0,0,0,0,""
22,795428,"global_load_ubyte v0, v[2:3], off",0,0,0,0,""
22,795436,"v_and_b32_e32 v1, 1, v12",0,0,0,0,""
22,795440,"scratch_store_byte off, v1, off offset:1",0,0,0,0,""
22,795448,"s_waitcnt vmcnt(1)",0,0,0,0,""
22,795452,"v_bitop3_b16 v1, v12, v0, 1 bitop3:0x80",0,0,0,0,""
22,795460,"v_bitop3_b16 v12, v12, 1, v0 bitop3:0x80",0,0,0,0,""
22,795468,"scratch_store_byte off, v1, off offset:1",0,0,0,0,""
22,795476,"s_bfe_u32 s2, s16, 0x10008",0,0,0,0,""
22,795484,"s_mov_b64 s[8:9], -1",0,0,0,0,""
22,795488,"s_cmp_eq_u32 s2, 0",0,0,0,0,""
22,795492,"v_and_b32_e32 v0, 1, v12",0,0,0,0,""
22,795496,"s_cbranch_scc0 3",0,0,0,0,""
22,795500,"global_store_byte v[2:3], v0, off",0,0,0,0,""
22,795508,"s_mov_b64 s[8:9], 0",0,0,0,0,""
22,795512,"s_mov_b64 s[2:3], 0",0,0,0,0,""
22,795516,"s_andn2_b64 vcc, exec, s[8:9]",0,0,0,0,""
22,795520,"s_mov_b64 s[14:15], s[10:11]",0,0,0,0,""
22,795524,"s_cbranch_vccnz 9",0,0,0,0,""
22,795528,"s_load_dword s0, s[0:1], 0x2cc",0,0,0,0,""
22,795536,"s_mov_b64 s[2:3], -1",0,0,0,0,""
22,795540,"s_mov_b64 s[14:15], s[10:11]",0,0,0,0,""
22,795544,"scratch_store_byte off, v0, off offset:1",0,0,0,0,""
22,795552,"s_waitcnt lgkmcnt(0)",0,0,0,0,""
22,795556,"s_cmp_lg_u32 s0, 1",0,0,0,0,""
22,795560,"s_cbranch_scc1 25",0,0,0,0,""
22,795564,"s_and_b64 s[8:9], s[2:3], exec",0,0,0,0,""
22,795568,"s_andn2_b64 s[0:1], s[10:11], exec",0,0,0,0,""
22,795572,"s_and_b64 s[2:3], s[14:15], exec",0,0,0,0,""
22,795576,"s_or_b64 s[10:11], s[0:1], s[2:3]",0,0,0,0,""
22,795580,"s_or_b64 exec, exec, s[12:13]",0,0,0,0,""
22,795584,"s_andn2_b64 s[0:1], s[4:5], exec",0,0,0,0,""
22,795588,"s_and_b64 s[2:3], s[10:11], exec",0,0,0,0,""
22,795592,"s_and_b64 s[20:21], s[8:9], exec",0,0,0,0,""
22,795596,"s_or_b64 s[4:5], s[0:1], s[2:3]",0,0,0,0,""
22,795600,"s_or_b64 exec, exec, s[6:7]",0,0,0,0,""
22,795604,"s_and_saveexec_b64 s[0:1], s[4:5]",0,0,0,0,""
22,795608,"s_or_b64 exec, exec, s[0:1]",8,32,0,128,""
22,795612,"s_and_saveexec_b64 s[0:1], s[20:21]",8,32,0,0,""
22,795616,"s_cbranch_execnz 1",8,32,0,68,""
22,795620,"s_endpgm",8,32,0,0,""
22,795624,"scratch_load_ubyte v0, off, off offset:1",0,0,0,0,""
22,795632,"s_waitcnt vmcnt(0)",0,0,0,0,""
22,795636,"global_store_byte v[2:3], v0, off",0,0,0,0,""
22,795644,"s_endpgm",0,0,0,0,""
22,795648,"s_or_b64 s[10:11], s[4:5], exec",0,0,0,0,""
22,795652,"s_trap 2",0,0,0,0,""
22,795656,"s_cbranch_execz 65466",0,0,0,0,""
22,795660,"s_branch 65470",0,0,0,0,""
22,795664,"s_mov_b64 s[2:3], 0",0,0,0,0,""
22,795668,"s_or_b64 s[14:15], s[10:11], exec",0,0,0,0,""
22,795672,"s_trap 2",0,0,0,0,""
22,795676,"s_branch 65507",0,0,0,0,""
22,795680,"s_mov_b64 s[4:5], -1",0,0,0,0,""
22,795684,"s_trap 2",0,0,0,0,""
22,795688,"s_cbranch_execz 65317",0,0,0,0,""
22,795692,"s_branch 65324",0,0,0,0,""
22,795696,"s_or_b64 s[12:13], s[4:5], exec",0,0,0,0,""
22,795700,"s_trap 2",0,0,0,0,""
22,795704,"s_cbranch_execz 65368",0,0,0,0,""
22,795708,"s_branch 65375",0,0,0,0,""
