timestamp,gpu,gfx_activity,umc_activity,mm_activity,vcn_activity,jpeg_activity,gfx_busy_inst_xcp_0,jpeg_busy_xcp_0,vcn_busy_xcp_0,socket_power,gfx_voltage,soc_voltage,mem_voltage,throttle_status,power_management,gfx_0_clk,gfx_0_min_clk,gfx_0_max_clk,gfx_0_clk_locked,gfx_0_deep_sleep,gfx_1_clk,gfx_1_min_clk,gfx_1_max_clk,gfx_1_clk_locked,gfx_1_deep_sleep,gfx_2_clk,gfx_2_min_clk,gfx_2_max_clk,gfx_2_clk_locked,gfx_2_deep_sleep,gfx_3_clk,gfx_3_min_clk,gfx_3_max_clk,gfx_3_clk_locked,gfx_3_deep_sleep,gfx_4_clk,gfx_4_min_clk,gfx_4_max_clk,gfx_4_clk_locked,gfx_4_deep_sleep,gfx_5_clk,gfx_5_min_clk,gfx_5_max_clk,gfx_5_clk_locked,gfx_5_deep_sleep,gfx_6_clk,gfx_6_min_clk,gfx_6_max_clk,gfx_6_clk_locked,gfx_6_deep_sleep,gfx_7_clk,gfx_7_min_clk,gfx_7_max_clk,gfx_7_clk_locked,gfx_7_deep_sleep,mem_0_clk,mem_0_min_clk,mem_0_max_clk,mem_0_clk_locked,mem_0_deep_sleep,vclk_0_clk,vclk_0_min_clk,vclk_0_max_clk,vclk_0_clk_locked,vclk_0_deep_sleep,vclk_1_clk,vclk_1_min_clk,vclk_1_max_clk,vclk_1_clk_locked,vclk_1_deep_sleep,vclk_2_clk,vclk_2_min_clk,vclk_2_max_clk,vclk_2_clk_locked,vclk_2_deep_sleep,vclk_3_clk,vclk_3_min_clk,vclk_3_max_clk,vclk_3_clk_locked,vclk_3_deep_sleep,dclk_0_clk,dclk_0_min_clk,dclk_0_max_clk,dclk_0_clk_locked,dclk_0_deep_sleep,dclk_1_clk,dclk_1_min_clk,dclk_1_max_clk,dclk_1_clk_locked,dclk_1_deep_sleep,dclk_2_clk,dclk_2_min_clk,dclk_2_max_clk,dclk_2_clk_locked,dclk_2_deep_sleep,dclk_3_clk,dclk_3_min_clk,dclk_3_max_clk,dclk_3_clk_locked,dclk_3_deep_sleep,fclk_0_clk,fclk_0_min_clk,fclk_0_max_clk,fclk_0_clk_locked,fclk_0_deep_sleep,socclk_0_clk,socclk_0_min_clk,socclk_0_max_clk,socclk_0_clk_locked,socclk_0_deep_sleep,edge,hotspot,mem
1789726567,0,0,0,N/A,"['N/A', 'N/A', 'N/A', 'N/A']","['N/A', 'N/A', 'N/A', 'N/A', 'N/A', 'N/A', 'N/A', 'N/A', 'N/A', 'N/A', 'N/A', 'N/A', 'N/A', 'N/A', 'N/A', 'N/A', 'N/A', 'N/A', 'N/A', 'N/A', 'N/A', 'N/A', 'N/A', 'N/A', 'N/A', 'N/A', 'N/A', 'N/A', 'N/A', 'N/A', 'N/A', 'N/A']","[0, 0, 0, 0, 0, 0, 0, 0]","[0, 0, 0, 0, 0, 0, 0, 0, 0, 0, 0, 0, 0, 0, 0, 0, 0, 0, 0, 0, 0, 0, 0, 0, 0, 0, 0, 0, 0, 0, 0, 0, 0, 0, 0, 0, 0, 0, 0, 0]","[0, 0, 0, 0]",218,N/A,N/A,N/A,N/A,ENABLED,94,500,2400,DISABLED,ENABLED,94,500,2400,DISABLED,ENABLED,94,500,2400,DISABLED,ENABLED,95,500,2400,DISABLED,ENABLED,94,500,2400,DISABLED,ENABLED,94,500,2400,DISABLED,ENABLED,94,500,2400,DISABLED,ENABLED,95,500,2400,DISABLED,ENABLED,1900,1900,1900,N/A,DISABLED,59,1900,1900,N/A,ENABLED,59,1900,1900,N/A,ENABLED,59,1900,1900,N/A,ENABLED,59,1900,1900,N/A,ENABLED,48,1520,1520,N/A,ENABLED,48,1520,1520,N/A,ENABLED,48,1520,1520,N/A,ENABLED,48,1520,1520,N/A,ENABLED,1250,1250,1250,N/A,DISABLED,41,1200,1200,N/A,ENABLED,N/A,42,28
1789726567,1,0,0,N/A,"['N/A', 'N/A', 'N/A', 'N/A']","['N/A', 'N/A', 'N/A', 'N/A', 'N/A', 'N/A', 'N/A', 'N/A', 'N/A', 'N/A', 'N/A', 'N/A', 'N/A', 'N/A', 'N/A', 'N/A', 'N/A', 'N/A', 'N/A', 'N/A', 'N/A', 'N/A', 'N/A', 'N/A', 'N/A', 'N/A', 'N/A', 'N/A', 'N/A', 'N/A', 'N/A', 'N/A']","[0, 0, 0, 0, 0, 0, 0, 0]","[0, 0, 0, 0, 0, 0, 0, 0, 0, 0, 0, 0, 0, 0, 0, 0, 0, 0, 0, 0, 0, 0, 0, 0, 0, 0, 0, 0, 0, 0, 0, 0, 0, 0, 0, 0, 0, 0, 0, 0]","[0, 0, 0, 0]",222,N/A,N/A,N/A,N/A,ENABLED,94,500,2400,DISABLED,ENABLED,95,500,2400,DISABLED,ENABLED,94,500,2400,DISABLED,ENABLED,95,500,2400,DISABLED,ENABLED,94,500,2400,DISABLED,ENABLED,94,500,2400,DISABLED,ENABLED,96,500,2400,DISABLED,ENABLED,96,500,2400,DISABLED,ENABLED,1900,1900,1900,N/A,DISABLED,59,1900,1900,N/A,ENABLED,59,1900,1900,N/A,ENABLED,59,1900,1900,N/A,ENABLED,59,1900,1900,N/A,ENABLED,48,1520,1520,N/A,ENABLED,48,1520,1520,N/A,ENABLED,48,1520,1520,N/A,ENABLED,48,1520,1520,N/A,ENABLED,1250,1250,1250,N/A,DISABLED,41,1200,1200,N/A,ENABLED,N/A,41,28
1789726567,2,0,0,N/A,"['N/A', 'N/A', 'N/A', 'N/A']","['N/A', 'N/A', 'N/A', 'N/A', 'N/A', 'N/A', 'N/A', 'N/A', 'N/A', 'N/A', 'N/A', 'N/A', 'N/A', 'N/A', 'N/A', 'N/A', 'N/A', 'N/A', 'N/A', 'N/A', 'N/A', 'N/A', 'N/A', 'N/A', 'N/A', 'N/A', 'N/A', 'N/A', 'N/A', 'N/A', 'N/A', 'N/A']","[0, 0, 0, 0, 0, 0, 0, 0]","[0, 0, 0, 0, 0, 0, 0, 0, 0, 0, 0, 0, 0, 0, 0, 0, 0, 0, 0, 0, 0, 0, 0, 0, 0, 0, 0, 0, 0, 0, 0, 0, 0, 0, 0, 0, 0, 0, 0, 0]","[0, 0, 0, 0]",211,N/A,N/A,N/A,N/A,ENABLED,94,500,2400,DISABLED,ENABLED,94,500,2400,DISABLED,ENABLED,94,500,2400,DISABLED,ENABLED,95,500,2400,DISABLED,ENABLED,94,500,2400,DISABLED,ENABLED,95,500,2400,DISABLED,ENABLED,110,500,2400,DISABLED,ENABLED,110,500,2400,DISABLED,ENABLED,1900,1900,1900,N/A,DISABLED,59,1900,1900,N/A,ENABLED,59,1900,1900,N/A,ENABLED,59,1900,1900,N/A,ENABLED,59,1900,1900,N/A,ENABLED,48,1520,1520,N/A,ENABLED,48,1520,1520,N/A,ENABLED,48,1520,1520,N/A,ENABLED,48,1520,1520,N/A,ENABLED,1250,1250,1250,N/A,DISABLED,41,1200,1200,N/A,ENABLED,N/A,43,28
1789726567,3,0,0,N/A,"['N/A', 'N/A', 'N/A', 'N/A']","['N/A', 'N/A', 'N/A', 'N/A', 'N/A', 'N/A', 'N/A', 'N/A', 'N/A', 'N/A', 'N/A', 'N/A', 'N/A', 'N/A', 'N/A', 'N/A', 'N/A', 'N/A', 'N/A', 'N/A', 'N/A', 'N/A', 'N/A', 'N/A', 'N/A', 'N/A', 'N/A', 'N/A', 'N/A', 'N/A', 'N/A', 'N/A']","[0, 0, 0, 0, 0, 0, 0, 0]","[0, 0, 0, 0, 0, 0, 0, 0, 0, 0, 0, 0, 0, 0, 0, 0, 0, 0, 0, 0, 0, 0, 0, 0, 0, 0, 0, 0, 0, 0, 0, 0, 0, 0, 0, 0, 0, 0, 0, 0]","[0, 0, 0, 0]",283,N/A,N/A,N/A,N/A,ENABLED,2385,500,2400,DISABLED,DISABLED,2407,500,2400,DISABLED,DISABLED,2391,500,2400,DISABLED,DISABLED,2389,500,2400,DISABLED,DISABLED,2393,500,2400,DISABLED,DISABLED,2394,500,2400,DISABLED,DISABLED,2388,500,2400,DISABLED,DISABLED,2396,500,2400,DISABLED,DISABLED,1900,1900,1900,N/A,DISABLED,59,1900,1900,N/A,ENABLED,59,1900,1900,N/A,ENABLED,59,1900,1900,N/A,ENABLED,59,1900,1900,N/A,ENABLED,48,1520,1520,N/A,ENABLED,48,1520,1520,N/A,ENABLED,48,1520,1520,N/A,ENABLED,48,1520,1520,N/A,ENABLED,1250,1250,1250,N/A,DISABLED,41,1200,1200,N/A,ENABLED,N/A,43,29

1789726568,0,0,0,N/A,"['N/A', 'N/A', 'N/A', 'N/A']","['N/A', 'N/A', 'N/A', 'N/A', 'N/A', 'N/A', 'N/A', 'N/A', 'N/A', 'N/A', 'N/A', 'N/A', 'N/A', 'N/A', 'N/A', 'N/A', 'N/A', 'N/A', 'N/A', 'N/A', 'N/A', 'N/A', 'N/A', 'N/A', 'N/A', 'N/A', 'N/A', 'N/A', 'N/A', 'N/A', 'N/A', 'N/A']","[0, 0, 0, 0, 0, 0, 0, 0]","[0, 0, 0, 0, 0, 0, 0, 0, 0, 0, 0, 0, 0, 0, 0, 0, 0, 0, 0, 0, 0, 0, 0, 0, 0, 0, 0, 0, 0, 0, 0, 0, 0, 0, 0, 0, 0, 0, 0, 0]","[0, 0, 0, 0]",219,N/A,N/A,N/A,N/A,ENABLED,94,500,2400,DISABLED,ENABLED,95,500,2400,DISABLED,ENABLED,94,500,2400,DISABLED,ENABLED,95,500,2400,DISABLED,ENABLED,94,500,2400,DISABLED,ENABLED,94,500,2400,DISABLED,ENABLED,94,500,2400,DISABLED,ENABLED,95,500,2400,DISABLED,ENABLED,1900,1900,1900,N/A,DISABLED,59,1900,1900,N/A,ENABLED,59,1900,1900,N/A,ENABLED,59,1900,1900,N/A,ENABLED,59,1900,1900,N/A,ENABLED,48,1520,1520,N/A,ENABLED,48,1520,1520,N/A,ENABLED,48,1520,1520,N/A,ENABLED,48,1520,1520,N/A,ENABLED,1250,1250,1250,N/A,DISABLED,38,1200,1200,N/A,ENABLED,N/A,42,28
1789726568,1,0,0,N/A,"['N/A', 'N/A', 'N/A', 'N/A']","['N/A', 'N/A', 'N/A', 'N/A', 'N/A', 'N/A', 'N/A', 'N/A', 'N/A', 'N/A', 'N/A', 'N/A', 'N/A', 'N/A', 'N/A', 'N/A', 'N/A', 'N/A', 'N/A', 'N/A', 'N/A', 'N/A', 'N/A', 'N/A', 'N/A', 'N/A', 'N/A', 'N/A', 'N/A', 'N/A', 'N/A', 'N/A']","[0, 0, 0, 0, 0, 0, 0, 0]","[0, 0, 0, 0, 0, 0, 0, 0, 0, 0, 0, 0, 0, 0, 0, 0, 0, 0, 0, 0, 0, 0, 0, 0, 0, 0, 0, 0, 0, 0, 0, 0, 0, 0, 0, 0, 0, 0, 0, 0]","[0, 0, 0, 0]",223,N/A,N/A,N/A,N/A,ENABLED,94,500,2400,DISABLED,ENABLED,95,500,2400,DISABLED,ENABLED,94,500,2400,DISABLED,ENABLED,95,500,2400,DISABLED,ENABLED,94,500,2400,DISABLED,ENABLED,95,500,2400,DISABLED,ENABLED,94,500,2400,DISABLED,ENABLED,95,500,2400,DISABLED,ENABLED,1900,1900,1900,N/A,DISABLED,59,1900,1900,N/A,ENABLED,59,1900,1900,N/A,ENABLED,59,1900,1900,N/A,ENABLED,59,1900,1900,N/A,ENABLED,48,1520,1520,N/A,ENABLED,48,1520,1520,N/A,ENABLED,48,1520,1520,N/A,ENABLED,48,1520,1520,N/A,ENABLED,1250,1250,1250,N/A,DISABLED,38,1200,1200,N/A,ENABLED,N/A,41,28
1789726568,2,0,0,N/A,"['N/A', 'N/A', 'N/A', 'N/A']","['N/A', 'N/A', 'N/A', 'N/A', 'N/A', 'N/A', 'N/A', 'N/A', 'N/A', 'N/A', 'N/A', 'N/A', 'N/A', 'N/A', 'N/A', 'N/A', 'N/A', 'N/A', 'N/A', 'N/A', 'N/A', 'N/A', 'N/A', 'N/A', 'N/A', 'N/A', 'N/A', 'N/A', 'N/A', 'N/A', 'N/A', 'N/A']","[0, 0, 0, 0, 0, 0, 0, 0]","[0, 0, 0, 0, 0, 0, 0, 0, 0, 0, 0, 0, 0, 0, 0, 0, 0, 0, 0, 0, 0, 0, 0, 0, 0, 0, 0, 0, 0, 0, 0, 0, 0, 0, 0, 0, 0, 0, 0, 0]","[0, 0, 0, 0]",211,N/A,N/A,N/A,N/A,ENABLED,94,500,2400,DISABLED,ENABLED,94,500,2400,DISABLED,ENABLED,94,500,2400,DISABLED,ENABLED,95,500,2400,DISABLED,ENABLED,94,500,2400,DISABLED,ENABLED,95,500,2400,DISABLED,ENABLED,110,500,2400,DISABLED,ENABLED,111,500,2400,DISABLED,ENABLED,1900,1900,1900,N/A,DISABLED,59,1900,1900,N/A,ENABLED,59,1900,1900,N/A,ENABLED,59,1900,1900,N/A,ENABLED,59,1900,1900,N/A,ENABLED,48,1520,1520,N/A,ENABLED,48,1520,1520,N/A,ENABLED,48,1520,1520,N/A,ENABLED,48,1520,1520,N/A,ENABLED,1250,1250,1250,N/A,DISABLED,38,1200,1200,N/A,ENABLED,N/A,43,28
1789726568,3,0,0,N/A,"['N/A', 'N/A', 'N/A', 'N/A']","['N/A', 'N/A', 'N/A', 'N/A', 'N/A', 'N/A', 'N/A', 'N/A', 'N/A', 'N/A', 'N/A', 'N/A', 'N/A', 'N/A', 'N/A', 'N/A', 'N/A', 'N/A', 'N/A', 'N/A', 'N/A', 'N/A', 'N/A', 'N/A', 'N/A', 'N/A', 'N/A', 'N/A', 'N/A', 'N/A', 'N/A', 'N/A']","[0, 0, 0, 0, 0, 0, 0, 0]","[0, 0, 0, 0, 0, 0, 0, 0, 0, 0, 0, 0, 0, 0, 0, 0, 0, 0, 0, 0, 0, 0, 0, 0, 0, 0, 0, 0, 0, 0, 0, 0, 0, 0, 0, 0, 0, 0, 0, 0]","[0, 0, 0, 0]",283,N/A,N/A,N/A,N/A,ENABLED,2385,500,2400,DISABLED,DISABLED,2407,500,2400,DISABLED,DISABLED,2391,500,2400,DISABLED,DISABLED,2389,500,2400,DISABLED,DISABLED,2393,500,2400,DISABLED,DISABLED,2393,500,2400,DISABLED,DISABLED,2387,500,2400,DISABLED,DISABLED,2397,500,2400,DISABLED,DISABLED,1900,1900,1900,N/A,DISABLED,59,1900,1900,N/A,ENABLED,59,1900,1900,N/A,ENABLED,59,1900,1900,N/A,ENABLED,59,1900,1900,N/A,ENABLED,48,1520,1520,N/A,ENABLED,48,1520,1520,N/A,ENABLED,48,1520,1520,N/A,ENABLED,48,1520,1520,N/A,ENABLED,1250,1250,1250,N/A,DISABLED,38,1200,1200,N/A,ENABLED,N/A,43,29

1789726569,0,0,0,N/A,"['N/A', 'N/A', 'N/A', 'N/A']","['N/A', 'N/A', 'N/A', 'N/A', 'N/A', 'N/A', 'N/A', 'N/A', 'N/A', 'N/A', 'N/A', 'N/A', 'N/A', 'N/A', 'N/A', 'N/A', 'N/A', 'N/A', 'N/A', 'N/A', 'N/A', 'N/A', 'N/A', 'N/A', 'N/A', 'N/A', 'N/A', 'N/A', 'N/A', 'N/A', 'N/A', 'N/A']","[0, 0, 0, 0, 0, 0, 0, 0]","[0, 0, 0, 0, 0, 0, 0, 0, 0, 0, 0, 0, 0, 0, 0, 0, 0, 0, 0, 0, 0, 0, 0, 0, 0, 0, 0, 0, 0, 0, 0, 0, 0, 0, 0, 0, 0, 0, 0, 0]","[0, 0, 0, 0]",219,N/A,N/A,N/A,N/A,ENABLED,94,500,2400,DISABLED,ENABLED,94,500,2400,DISABLED,ENABLED,94,500,2400,DISABLED,ENABLED,95,500,2400,DISABLED,ENABLED,94,500,2400,DISABLED,ENABLED,94,500,2400,DISABLED,ENABLED,94,500,2400,DISABLED,ENABLED,95,500,2400,DISABLED,ENABLED,1900,1900,1900,N/A,DISABLED,59,1900,1900,N/A,ENABLED,59,1900,1900,N/A,ENABLED,59,1900,1900,N/A,ENABLED,59,1900,1900,N/A,ENABLED,48,1520,1520,N/A,ENABLED,48,1520,1520,N/A,ENABLED,48,1520,1520,N/A,ENABLED,48,1520,1520,N/A,ENABLED,1250,1250,1250,N/A,DISABLED,38,1200,1200,N/A,ENABLED,N/A,42,28
1789726569,1,0,0,N/A,"['N/A', 'N/A', 'N/A', 'N/A']","['N/A', 'N/A', 'N/A', 'N/A', 'N/A', 'N/A', 'N/A', 'N/A', 'N/A', 'N/A', 'N/A', 'N/A', 'N/A', 'N/A', 'N/A', 'N/A', 'N/A', 'N/A', 'N/A', 'N/A', 'N/A', 'N/A', 'N/A', 'N/A', 'N/A', 'N/A', 'N/A', 'N/A', 'N/A', 'N/A', 'N/A', 'N/A']","[0, 0, 0, 0, 0, 0, 0, 0]","[0, 0, 0, 0, 0, 0, 0, 0, 0, 0, 0, 0, 0, 0, 0, 0, 0, 0, 0, 0, 0, 0, 0, 0, 0, 0, 0, 0, 0, 0, 0, 0, 0, 0, 0, 0, 0, 0, 0, 0]","[0, 0, 0, 0]",223,N/A,N/A,N/A,N/A,ENABLED,94,500,2400,DISABLED,ENABLED,95,500,2400,DISABLED,ENABLED,94,500,2400,DISABLED,ENABLED,95,500,2400,DISABLED,ENABLED,94,500,2400,DISABLED,ENABLED,94,500,2400,DISABLED,ENABLED,95,500,2400,DISABLED,ENABLED,95,500,2400,DISABLED,ENABLED,1900,1900,1900,N/A,DISABLED,59,1900,1900,N/A,ENABLED,59,1900,1900,N/A,ENABLED,59,1900,1900,N/A,ENABLED,59,1900,1900,N/A,ENABLED,48,1520,1520,N/A,ENABLED,48,1520,1520,N/A,ENABLED,48,1520,1520,N/A,ENABLED,48,1520,1520,N/A,ENABLED,1250,1250,1250,N/A,DISABLED,38,1200,1200,N/A,ENABLED,N/A,41,28
1789726569,2,0,0,N/A,"['N/A', 'N/A', 'N/A', 'N/A']","['N/A', 'N/A', 'N/A', 'N/A', 'N/A', 'N/A', 'N/A', 'N/A', 'N/A', 'N/A', 'N/A', 'N/A', 'N/A', 'N/A', 'N/A', 'N/A', 'N/A', 'N/A', 'N/A', 'N/A', 'N/A', 'N/A', 'N/A', 'N/A', 'N/A', 'N/A', 'N/A', 'N/A', 'N/A', 'N/A', 'N/A', 'N/A']","[0, 0, 0, 0, 0, 0, 0, 0]","[0, 0, 0, 0, 0, 0, 0, 0, 0, 0, 0, 0, 0, 0, 0, 0, 0, 0, 0, 0, 0, 0, 0, 0, 0, 0, 0, 0, 0, 0, 0, 0, 0, 0, 0, 0, 0, 0, 0, 0]","[0, 0, 0, 0]",212,N/A,N/A,N/A,N/A,ENABLED,94,500,2400,DISABLED,ENABLED,94,500,2400,DISABLED,ENABLED,94,500,2400,DISABLED,ENABLED,95,500,2400,DISABLED,ENABLED,94,500,2400,DISABLED,ENABLED,95,500,2400,DISABLED,ENABLED,103,500,2400,DISABLED,ENABLED,103,500,2400,DISABLED,ENABLED,1900,1900,1900,N/A,DISABLED,59,1900,1900,N/A,ENABLED,59,1900,1900,N/A,ENABLED,59,1900,1900,N/A,ENABLED,59,1900,1900,N/A,ENABLED,48,1520,1520,N/A,ENABLED,48,1520,1520,N/A,ENABLED,48,1520,1520,N/A,ENABLED,48,1520,1520,N/A,ENABLED,1250,1250,1250,N/A,DISABLED,38,1200,1200,N/A,ENABLED,N/A,43,28
1789726569,3,0,0,N/A,"['N/A', 'N/A', 'N/A', 'N/A']","['N/A', 'N/A', 'N/A', 'N/A', 'N/A', 'N/A', 'N/A', 'N/A', 'N/A', 'N/A', 'N/A', 'N/A', 'N/A', 'N/A', 'N/A', 'N/A', 'N/A', 'N/A', 'N/A', 'N/A', 'N/A', 'N/A', 'N/A', 'N/A', 'N/A', 'N/A', 'N/A', 'N/A', 'N/A', 'N/A', 'N/A', 'N/A']","[0, 0, 0, 0, 0, 0, 0, 0]","[0, 0, 0, 0, 0, 0, 0, 0, 0, 0, 0, 0, 0, 0, 0, 0, 0, 0, 0, 0, 0, 0, 0, 0, 0, 0, 0, 0, 0, 0, 0, 0, 0, 0, 0, 0, 0, 0, 0, 0]","[0, 0, 0, 0]",283,N/A,N/A,N/A,N/A,ENABLED,2386,500,2400,DISABLED,DISABLED,2407,500,2400,DISABLED,DISABLED,2391,500,2400,DISABLED,DISABLED,2389,500,2400,DISABLED,DISABLED,2393,500,2400,DISABLED,DISABLED,2393,500,2400,DISABLED,DISABLED,2387,500,2400,DISABLED,DISABLED,2397,500,2400,DISABLED,DISABLED,1900,1900,1900,N/A,DISABLED,59,1900,1900,N/A,ENABLED,59,1900,1900,N/A,ENABLED,59,1900,1900,N/A,ENABLED,59,1900,1900,N/A,ENABLED,48,1520,1520,N/A,ENABLED,48,1520,1520,N/A,ENABLED,48,1520,1520,N/A,ENABLED,48,1520,1520,N/A,ENABLED,1250,1250,1250,N/A,DISABLED,38,1200,1200,N/A,ENABLED,N/A,43,29

1789726570,0,3,0,N/A,"['N/A', 'N/A', 'N/A', 'N/A']","['N/A', 'N/A', 'N/A', 'N/A', 'N/A', 'N/A', 'N/A', 'N/A', 'N/A', 'N/A', 'N/A', 'N/A', 'N/A', 'N/A', 'N/A', 'N/A', 'N/A', 'N/A', 'N/A', 'N/A', 'N/A', 'N/A', 'N/A', 'N/A', 'N/A', 'N/A', 'N/A', 'N/A', 'N/A', 'N/A', 'N/A', 'N/A']","[3, 3, 3, 3, 3, 3, 2, 2]","[0, 0, 0, 0, 0, 0, 0, 0, 0, 0, 0, 0, 0, 0, 0, 0, 0, 0, 0, 0, 0, 0, 0, 0, 0, 0, 0, 0, 0, 0, 0, 0, 0, 0, 0, 0, 0, 0, 0, 0]","[0, 0, 0, 0]",228,N/A,N/A,N/A,N/A,ENABLED,287,500,2400,DISABLED,ENABLED,285,500,2400,DISABLED,ENABLED,280,500,2400,DISABLED,ENABLED,278,500,2400,DISABLED,ENABLED,274,500,2400,DISABLED,ENABLED,272,500,2400,DISABLED,ENABLED,266,500,2400,DISABLED,ENABLED,268,500,2400,DISABLED,ENABLED,1900,1900,1900,N/A,DISABLED,59,1900,1900,N/A,ENABLED,59,1900,1900,N/A,ENABLED,59,1900,1900,N/A,ENABLED,59,1900,1900,N/A,ENABLED,48,1520,1520,N/A,ENABLED,48,1520,1520,N/A,ENABLED,48,1520,1520,N/A,ENABLED,48,1520,1520,N/A,ENABLED,1250,1250,1250,N/A,DISABLED,41,1200,1200,N/A,ENABLED,N/A,42,28
1789726570,1,3,0,N/A,"['N/A', 'N/A', 'N/A', 'N/A']","['N/A', 'N/A', 'N/A', 'N/A', 'N/A', 'N/A', 'N/A', 'N/A', 'N/A', 'N/A', 'N/A', 'N/A', 'N/A', 'N/A', 'N/A', 'N/A', 'N/A', 'N/A', 'N/A', 'N/A', 'N/A', 'N/A', 'N/A', 'N/A', 'N/A', 'N/A', 'N/A', 'N/A', 'N/A', 'N/A', 'N/A', 'N/A']","[3, 3, 3, 3, 3, 2, 2, 2]","[0, 0, 0, 0, 0, 0, 0, 0, 0, 0, 0, 0, 0, 0, 0, 0, 0, 0, 0, 0, 0, 0, 0, 0, 0, 0, 0, 0, 0, 0, 0, 0, 0, 0, 0, 0, 0, 0, 0, 0]","[0, 0, 0, 0]",232,N/A,N/A,N/A,N/A,ENABLED,265,500,2400,DISABLED,ENABLED,266,500,2400,DISABLED,ENABLED,259,500,2400,DISABLED,ENABLED,259,500,2400,DISABLED,ENABLED,256,500,2400,DISABLED,ENABLED,253,500,2400,DISABLED,ENABLED,253,500,2400,DISABLED,ENABLED,249,500,2400,DISABLED,ENABLED,1900,1900,1900,N/A,DISABLED,59,1900,1900,N/A,ENABLED,59,1900,1900,N/A,ENABLED,59,1900,1900,N/A,ENABLED,59,1900,1900,N/A,ENABLED,48,1520,1520,N/A,ENABLED,48,1520,1520,N/A,ENABLED,48,1520,1520,N/A,ENABLED,48,1520,1520,N/A,ENABLED,1250,1250,1250,N/A,DISABLED,40,1200,1200,N/A,ENABLED,N/A,41,28
1789726570,2,3,0,N/A,"['N/A', 'N/A', 'N/A', 'N/A']","['N/A', 'N/A', 'N/A', 'N/A', 'N/A', 'N/A', 'N/A', 'N/A', 'N/A', 'N/A', 'N/A', 'N/A', 'N/A', 'N/A', 'N/A', 'N/A', 'N/A', 'N/A', 'N/A', 'N/A', 'N/A', 'N/A', 'N/A', 'N/A', 'N/A', 'N/A', 'N/A', 'N/A', 'N/A', 'N/A', 'N/A', 'N/A']","[3, 3, 3, 3, 3, 2, 2, 2]","[0, 0, 0, 0, 0, 0, 0, 0, 0, 0, 0, 0, 0, 0, 0, 0, 0, 0, 0, 0, 0, 0, 0, 0, 0, 0, 0, 0, 0, 0, 0, 0, 0, 0, 0, 0, 0, 0, 0, 0]","[0, 0, 0, 0]",221,N/A,N/A,N/A,N/A,ENABLED,274,500,2400,DISABLED,ENABLED,274,500,2400,DISABLED,ENABLED,269,500,2400,DISABLED,ENABLED,267,500,2400,DISABLED,ENABLED,265,500,2400,DISABLED,ENABLED,265,500,2400,DISABLED,ENABLED,264,500,2400,DISABLED,ENABLED,262,500,2400,DISABLED,ENABLED,1900,1900,1900,N/A,DISABLED,59,1900,1900,N/A,ENABLED,59,1900,1900,N/A,ENABLED,59,1900,1900,N/A,ENABLED,59,1900,1900,N/A,ENABLED,48,1520,1520,N/A,ENABLED,48,1520,1520,N/A,ENABLED,48,1520,1520,N/A,ENABLED,48,1520,1520,N/A,ENABLED,1250,1250,1250,N/A,DISABLED,41,1200,1200,N/A,ENABLED,N/A,43,28
1789726570,3,4,0,N/A,"['N/A', 'N/A', 'N/A', 'N/A']","['N/A', 'N/A', 'N/A', 'N/A', 'N/A', 'N/A', 'N/A', 'N/A', 'N/A', 'N/A', 'N/A', 'N/A', 'N/A', 'N/A', 'N/A', 'N/A', 'N/A', 'N/A', 'N/A', 'N/A', 'N/A', 'N/A', 'N/A', 'N/A', 'N/A', 'N/A', 'N/A', 'N/A', 'N/A', 'N/A', 'N/A', 'N/A']","[4, 4, 4, 4, 3, 3, 3, 3]","[0, 0, 0, 0, 0, 0, 0, 0, 0, 0, 0, 0, 0, 0, 0, 0, 0, 0, 0, 0, 0, 0, 0, 0, 0, 0, 0, 0, 0, 0, 0, 0, 0, 0, 0, 0, 0, 0, 0, 0]","[0, 0, 0, 0]",283,N/A,N/A,N/A,N/A,ENABLED,2354,500,2400,DISABLED,DISABLED,2375,500,2400,DISABLED,DISABLED,2358,500,2400,DISABLED,DISABLED,2356,500,2400,DISABLED,DISABLED,2360,500,2400,DISABLED,DISABLED,2360,500,2400,DISABLED,DISABLED,2354,500,2400,DISABLED,DISABLED,2364,500,2400,DISABLED,DISABLED,1900,1900,1900,N/A,DISABLED,59,1900,1900,N/A,ENABLED,59,1900,1900,N/A,ENABLED,59,1900,1900,N/A,ENABLED,59,1900,1900,N/A,ENABLED,48,1520,1520,N/A,ENABLED,48,1520,1520,N/A,ENABLED,48,1520,1520,N/A,ENABLED,48,1520,1520,N/A,ENABLED,1250,1250,1250,N/A,DISABLED,43,1200,1200,N/A,ENABLED,N/A,43,29

1789726571,0,0,0,N/A,"['N/A', 'N/A', 'N/A', 'N/A']","['N/A', 'N/A', 'N/A', 'N/A', 'N/A', 'N/A', 'N/A', 'N/A', 'N/A', 'N/A', 'N/A', 'N/A', 'N/A', 'N/A', 'N/A', 'N/A', 'N/A', 'N/A', 'N/A', 'N/A', 'N/A', 'N/A', 'N/A', 'N/A', 'N/A', 'N/A', 'N/A', 'N/A', 'N/A', 'N/A', 'N/A', 'N/A']","[0, 0, 0, 0, 0, 0, 0, 0]","[0, 0, 0, 0, 0, 0, 0, 0, 0, 0, 0, 0, 0, 0, 0, 0, 0, 0, 0, 0, 0, 0, 0, 0, 0, 0, 0, 0, 0, 0, 0, 0, 0, 0, 0, 0, 0, 0, 0, 0]","[0, 0, 0, 0]",228,N/A,N/A,N/A,N/A,ENABLED,157,500,2400,DISABLED,ENABLED,157,500,2400,DISABLED,ENABLED,157,500,2400,DISABLED,ENABLED,158,500,2400,DISABLED,ENABLED,157,500,2400,DISABLED,ENABLED,158,500,2400,DISABLED,ENABLED,156,500,2400,DISABLED,ENABLED,157,500,2400,DISABLED,ENABLED,1900,1900,1900,N/A,DISABLED,59,1900,1900,N/A,ENABLED,59,1900,1900,N/A,ENABLED,59,1900,1900,N/A,ENABLED,59,1900,1900,N/A,ENABLED,48,1520,1520,N/A,ENABLED,48,1520,1520,N/A,ENABLED,48,1520,1520,N/A,ENABLED,48,1520,1520,N/A,ENABLED,1250,1250,1250,N/A,DISABLED,38,1200,1200,N/A,ENABLED,N/A,42,28
1789726571,1,0,0,N/A,"['N/A', 'N/A', 'N/A', 'N/A']","['N/A', 'N/A', 'N/A', 'N/A', 'N/A', 'N/A', 'N/A', 'N/A', 'N/A', 'N/A', 'N/A', 'N/A', 'N/A', 'N/A', 'N/A', 'N/A', 'N/A', 'N/A', 'N/A', 'N/A', 'N/A', 'N/A', 'N/A', 'N/A', 'N/A', 'N/A', 'N/A', 'N/A', 'N/A', 'N/A', 'N/A', 'N/A']","[0, 0, 0, 0, 0, 0, 0, 0]","[0, 0, 0, 0, 0, 0, 0, 0, 0, 0, 0, 0, 0, 0, 0, 0, 0, 0, 0, 0, 0, 0, 0, 0, 0, 0, 0, 0, 0, 0, 0, 0, 0, 0, 0, 0, 0, 0, 0, 0]","[0, 0, 0, 0]",232,N/A,N/A,N/A,N/A,ENABLED,156,500,2400,DISABLED,ENABLED,157,500,2400,DISABLED,ENABLED,156,500,2400,DISABLED,ENABLED,157,500,2400,DISABLED,ENABLED,157,500,2400,DISABLED,ENABLED,156,500,2400,DISABLED,ENABLED,157,500,2400,DISABLED,ENABLED,156,500,2400,DISABLED,ENABLED,1900,1900,1900,N/A,DISABLED,59,1900,1900,N/A,ENABLED,59,1900,1900,N/A,ENABLED,59,1900,1900,N/A,ENABLED,59,1900,1900,N/A,ENABLED,48,1520,1520,N/A,ENABLED,48,1520,1520,N/A,ENABLED,48,1520,1520,N/A,ENABLED,48,1520,1520,N/A,ENABLED,1250,1250,1250,N/A,DISABLED,38,1200,1200,N/A,ENABLED,N/A,41,28
1789726571,2,0,0,N/A,"['N/A', 'N/A', 'N/A', 'N/A']","['N/A', 'N/A', 'N/A', 'N/A', 'N/A', 'N/A', 'N/A', 'N/A', 'N/A', 'N/A', 'N/A', 'N/A', 'N/A', 'N/A', 'N/A', 'N/A', 'N/A', 'N/A', 'N/A', 'N/A', 'N/A', 'N/A', 'N/A', 'N/A', 'N/A', 'N/A', 'N/A', 'N/A', 'N/A', 'N/A', 'N/A', 'N/A']","[0, 0, 0, 0, 0, 0, 0, 0]","[0, 0, 0, 0, 0, 0, 0, 0, 0, 0, 0, 0, 0, 0, 0, 0, 0, 0, 0, 0, 0, 0, 0, 0, 0, 0, 0, 0, 0, 0, 0, 0, 0, 0, 0, 0, 0, 0, 0, 0]","[0, 0, 0, 0]",221,N/A,N/A,N/A,N/A,ENABLED,156,500,2400,DISABLED,ENABLED,157,500,2400,DISABLED,ENABLED,156,500,2400,DISABLED,ENABLED,158,500,2400,DISABLED,ENABLED,157,500,2400,DISABLED,ENABLED,158,500,2400,DISABLED,ENABLED,157,500,2400,DISABLED,ENABLED,157,500,2400,DISABLED,ENABLED,1900,1900,1900,N/A,DISABLED,59,1900,1900,N/A,ENABLED,59,1900,1900,N/A,ENABLED,59,1900,1900,N/A,ENABLED,59,1900,1900,N/A,ENABLED,48,1520,1520,N/A,ENABLED,48,1520,1520,N/A,ENABLED,48,1520,1520,N/A,ENABLED,48,1520,1520,N/A,ENABLED,1250,1250,1250,N/A,DISABLED,38,1200,1200,N/A,ENABLED,N/A,43,28
1789726571,3,0,0,N/A,"['N/A', 'N/A', 'N/A', 'N/A']","['N/A', 'N/A', 'N/A', 'N/A', 'N/A', 'N/A', 'N/A', 'N/A', 'N/A', 'N/A', 'N/A', 'N/A', 'N/A', 'N/A', 'N/A', 'N/A', 'N/A', 'N/A', 'N/A', 'N/A', 'N/A', 'N/A', 'N/A', 'N/A', 'N/A', 'N/A', 'N/A', 'N/A', 'N/A', 'N/A', 'N/A', 'N/A']","[0, 0, 0, 0, 0, 0, 0, 0]","[0, 0, 0, 0, 0, 0, 0, 0, 0, 0, 0, 0, 0, 0, 0, 0, 0, 0, 0, 0, 0, 0, 0, 0, 0, 0, 0, 0, 0, 0, 0, 0, 0, 0, 0, 0, 0, 0, 0, 0]","[0, 0, 0, 0]",281,N/A,N/A,N/A,N/A,ENABLED,2387,500,2400,DISABLED,DISABLED,2407,500,2400,DISABLED,DISABLED,2392,500,2400,DISABLED,DISABLED,2389,500,2400,DISABLED,DISABLED,2393,500,2400,DISABLED,DISABLED,2394,500,2400,DISABLED,DISABLED,2388,500,2400,DISABLED,DISABLED,2398,500,2400,DISABLED,DISABLED,1900,1900,1900,N/A,DISABLED,59,1900,1900,N/A,ENABLED,59,1900,1900,N/A,ENABLED,59,1900,1900,N/A,ENABLED,59,1900,1900,N/A,ENABLED,48,1520,1520,N/A,ENABLED,48,1520,1520,N/A,ENABLED,48,1520,1520,N/A,ENABLED,48,1520,1520,N/A,ENABLED,1250,1250,1250,N/A,DISABLED,38,1200,1200,N/A,ENABLED,N/A,43,29

1789726572,0,0,0,N/A,"['N/A', 'N/A', 'N/A', 'N/A']","['N/A', 'N/A', 'N/A', 'N/A', 'N/A', 'N/A', 'N/A', 'N/A', 'N/A', 'N/A', 'N/A', 'N/A', 'N/A', 'N/A', 'N/A', 'N/A', 'N/A', 'N/A', 'N/A', 'N/A', 'N/A', 'N/A', 'N/A', 'N/A', 'N/A', 'N/A', 'N/A', 'N/A', 'N/A', 'N/A', 'N/A', 'N/A']","[0, 0, 0, 0, 0, 0, 0, 0]","[0, 0, 0, 0, 0, 0, 0, 0, 0, 0, 0, 0, 0, 0, 0, 0, 0, 0, 0, 0, 0, 0, 0, 0, 0, 0, 0, 0, 0, 0, 0, 0, 0, 0, 0, 0, 0, 0, 0, 0]","[0, 0, 0, 0]",228,N/A,N/A,N/A,N/A,ENABLED,166,500,2400,DISABLED,ENABLED,167,500,2400,DISABLED,ENABLED,166,500,2400,DISABLED,ENABLED,167,500,2400,DISABLED,ENABLED,166,500,2400,DISABLED,ENABLED,166,500,2400,DISABLED,ENABLED,165,500,2400,DISABLED,ENABLED,166,500,2400,DISABLED,ENABLED,1900,1900,1900,N/A,DISABLED,59,1900,1900,N/A,ENABLED,59,1900,1900,N/A,ENABLED,59,1900,1900,N/A,ENABLED,59,1900,1900,N/A,ENABLED,48,1520,1520,N/A,ENABLED,48,1520,1520,N/A,ENABLED,48,1520,1520,N/A,ENABLED,48,1520,1520,N/A,ENABLED,1250,1250,1250,N/A,DISABLED,38,1200,1200,N/A,ENABLED,N/A,42,28
1789726572,1,0,0,N/A,"['N/A', 'N/A', 'N/A', 'N/A']","['N/A', 'N/A', 'N/A', 'N/A', 'N/A', 'N/A', 'N/A', 'N/A', 'N/A', 'N/A', 'N/A', 'N/A', 'N/A', 'N/A', 'N/A', 'N/A', 'N/A', 'N/A', 'N/A', 'N/A', 'N/A', 'N/A', 'N/A', 'N/A', 'N/A', 'N/A', 'N/A', 'N/A', 'N/A', 'N/A', 'N/A', 'N/A']","[0, 0, 0, 0, 0, 0, 0, 0]","[0, 0, 0, 0, 0, 0, 0, 0, 0, 0, 0, 0, 0, 0, 0, 0, 0, 0, 0, 0, 0, 0, 0, 0, 0, 0, 0, 0, 0, 0, 0, 0, 0, 0, 0, 0, 0, 0, 0, 0]","[0, 0, 0, 0]",232,N/A,N/A,N/A,N/A,ENABLED,162,500,2400,DISABLED,ENABLED,163,500,2400,DISABLED,ENABLED,161,500,2400,DISABLED,ENABLED,162,500,2400,DISABLED,ENABLED,162,500,2400,DISABLED,ENABLED,161,500,2400,DISABLED,ENABLED,161,500,2400,DISABLED,ENABLED,161,500,2400,DISABLED,ENABLED,1900,1900,1900,N/A,DISABLED,59,1900,1900,N/A,ENABLED,59,1900,1900,N/A,ENABLED,59,1900,1900,N/A,ENABLED,59,1900,1900,N/A,ENABLED,48,1520,1520,N/A,ENABLED,48,1520,1520,N/A,ENABLED,48,1520,1520,N/A,ENABLED,48,1520,1520,N/A,ENABLED,1250,1250,1250,N/A,DISABLED,38,1200,1200,N/A,ENABLED,N/A,41,28
1789726572,2,0,0,N/A,"['N/A', 'N/A', 'N/A', 'N/A']","['N/A', 'N/A', 'N/A', 'N/A', 'N/A', 'N/A', 'N/A', 'N/A', 'N/A', 'N/A', 'N/A', 'N/A', 'N/A', 'N/A', 'N/A', 'N/A', 'N/A', 'N/A', 'N/A', 'N/A', 'N/A', 'N/A', 'N/A', 'N/A', 'N/A', 'N/A', 'N/A', 'N/A', 'N/A', 'N/A', 'N/A', 'N/A']","[0, 0, 0, 0, 0, 0, 0, 0]","[0, 0, 0, 0, 0, 0, 0, 0, 0, 0, 0, 0, 0, 0, 0, 0, 0, 0, 0, 0, 0, 0, 0, 0, 0, 0, 0, 0, 0, 0, 0, 0, 0, 0, 0, 0, 0, 0, 0, 0]","[0, 0, 0, 0]",221,N/A,N/A,N/A,N/A,ENABLED,165,500,2400,DISABLED,ENABLED,166,500,2400,DISABLED,ENABLED,165,500,2400,DISABLED,ENABLED,166,500,2400,DISABLED,ENABLED,166,500,2400,DISABLED,ENABLED,167,500,2400,DISABLED,ENABLED,165,500,2400,DISABLED,ENABLED,166,500,2400,DISABLED,ENABLED,1900,1900,1900,N/A,DISABLED,59,1900,1900,N/A,ENABLED,59,1900,1900,N/A,ENABLED,59,1900,1900,N/A,ENABLED,59,1900,1900,N/A,ENABLED,48,1520,1520,N/A,ENABLED,48,1520,1520,N/A,ENABLED,48,1520,1520,N/A,ENABLED,48,1520,1520,N/A,ENABLED,1250,1250,1250,N/A,DISABLED,38,1200,1200,N/A,ENABLED,N/A,43,28
1789726572,3,1,0,N/A,"['N/A', 'N/A', 'N/A', 'N/A']","['N/A', 'N/A', 'N/A', 'N/A', 'N/A', 'N/A', 'N/A', 'N/A', 'N/A', 'N/A', 'N/A', 'N/A', 'N/A', 'N/A', 'N/A', 'N/A', 'N/A', 'N/A', 'N/A', 'N/A', 'N/A', 'N/A', 'N/A', 'N/A', 'N/A', 'N/A', 'N/A', 'N/A', 'N/A', 'N/A', 'N/A', 'N/A']","[1, 1, 1, 1, 1, 1, 1, 1]","[0, 0, 0, 0, 0, 0, 0, 0, 0, 0, 0, 0, 0, 0, 0, 0, 0, 0, 0, 0, 0, 0, 0, 0, 0, 0, 0, 0, 0, 0, 0, 0, 0, 0, 0, 0, 0, 0, 0, 0]","[0, 0, 0, 0]",281,N/A,N/A,N/A,N/A,ENABLED,2368,500,2400,DISABLED,DISABLED,2389,500,2400,DISABLED,DISABLED,2374,500,2400,DISABLED,DISABLED,2373,500,2400,DISABLED,DISABLED,2377,500,2400,DISABLED,DISABLED,2377,500,2400,DISABLED,DISABLED,2371,500,2400,DISABLED,DISABLED,2381,500,2400,DISABLED,DISABLED,1900,1900,1900,N/A,DISABLED,59,1900,1900,N/A,ENABLED,59,1900,1900,N/A,ENABLED,59,1900,1900,N/A,ENABLED,59,1900,1900,N/A,ENABLED,48,1520,1520,N/A,ENABLED,48,1520,1520,N/A,ENABLED,48,1520,1520,N/A,ENABLED,48,1520,1520,N/A,ENABLED,1250,1250,1250,N/A,DISABLED,39,1200,1200,N/A,ENABLED,N/A,43,29

1789726573,0,0,0,N/A,"['N/A', 'N/A', 'N/A', 'N/A']","['N/A', 'N/A', 'N/A', 'N/A', 'N/A', 'N/A', 'N/A', 'N/A', 'N/A', 'N/A', 'N/A', 'N/A', 'N/A', 'N/A', 'N/A', 'N/A', 'N/A', 'N/A', 'N/A', 'N/A', 'N/A', 'N/A', 'N/A', 'N/A', 'N/A', 'N/A', 'N/A', 'N/A', 'N/A', 'N/A', 'N/A', 'N/A']","[0, 0, 0, 0, 0, 0, 0, 0]","[0, 0, 0, 0, 0, 0, 0, 0, 0, 0, 0, 0, 0, 0, 0, 0, 0, 0, 0, 0, 0, 0, 0, 0, 0, 0, 0, 0, 0, 0, 0, 0, 0, 0, 0, 0, 0, 0, 0, 0]","[0, 0, 0, 0]",228,N/A,N/A,N/A,N/A,ENABLED,157,500,2400,DISABLED,ENABLED,157,500,2400,DISABLED,ENABLED,157,500,2400,DISABLED,ENABLED,158,500,2400,DISABLED,ENABLED,157,500,2400,DISABLED,ENABLED,158,500,2400,DISABLED,ENABLED,156,500,2400,DISABLED,ENABLED,157,500,2400,DISABLED,ENABLED,1900,1900,1900,N/A,DISABLED,59,1900,1900,N/A,ENABLED,59,1900,1900,N/A,ENABLED,59,1900,1900,N/A,ENABLED,59,1900,1900,N/A,ENABLED,48,1520,1520,N/A,ENABLED,48,1520,1520,N/A,ENABLED,48,1520,1520,N/A,ENABLED,48,1520,1520,N/A,ENABLED,1250,1250,1250,N/A,DISABLED,38,1200,1200,N/A,ENABLED,N/A,42,28
1789726573,1,0,0,N/A,"['N/A', 'N/A', 'N/A', 'N/A']","['N/A', 'N/A', 'N/A', 'N/A', 'N/A', 'N/A', 'N/A', 'N/A', 'N/A', 'N/A', 'N/A', 'N/A', 'N/A', 'N/A', 'N/A', 'N/A', 'N/A', 'N/A', 'N/A', 'N/A', 'N/A', 'N/A', 'N/A', 'N/A', 'N/A', 'N/A', 'N/A', 'N/A', 'N/A', 'N/A', 'N/A', 'N/A']","[0, 0, 0, 0, 0, 0, 0, 0]","[0, 0, 0, 0, 0, 0, 0, 0, 0, 0, 0, 0, 0, 0, 0, 0, 0, 0, 0, 0, 0, 0, 0, 0, 0, 0, 0, 0, 0, 0, 0, 0, 0, 0, 0, 0, 0, 0, 0, 0]","[0, 0, 0, 0]",232,N/A,N/A,N/A,N/A,ENABLED,156,500,2400,DISABLED,ENABLED,158,500,2400,DISABLED,ENABLED,157,500,2400,DISABLED,ENABLED,157,500,2400,DISABLED,ENABLED,157,500,2400,DISABLED,ENABLED,157,500,2400,DISABLED,ENABLED,157,500,2400,DISABLED,ENABLED,156,500,2400,DISABLED,ENABLED,1900,1900,1900,N/A,DISABLED,59,1900,1900,N/A,ENABLED,59,1900,1900,N/A,ENABLED,59,1900,1900,N/A,ENABLED,59,1900,1900,N/A,ENABLED,48,1520,1520,N/A,ENABLED,48,1520,1520,N/A,ENABLED,48,1520,1520,N/A,ENABLED,48,1520,1520,N/A,ENABLED,1250,1250,1250,N/A,DISABLED,38,1200,1200,N/A,ENABLED,N/A,41,28
1789726573,2,0,0,N/A,"['N/A', 'N/A', 'N/A', 'N/A']","['N/A', 'N/A', 'N/A', 'N/A', 'N/A', 'N/A', 'N/A', 'N/A', 'N/A', 'N/A', 'N/A', 'N/A', 'N/A', 'N/A', 'N/A', 'N/A', 'N/A', 'N/A', 'N/A', 'N/A', 'N/A', 'N/A', 'N/A', 'N/A', 'N/A', 'N/A', 'N/A', 'N/A', 'N/A', 'N/A', 'N/A', 'N/A']","[0, 0, 0, 0, 0, 0, 0, 0]","[0, 0, 0, 0, 0, 0, 0, 0, 0, 0, 0, 0, 0, 0, 0, 0, 0, 0, 0, 0, 0, 0, 0, 0, 0, 0, 0, 0, 0, 0, 0, 0, 0, 0, 0, 0, 0, 0, 0, 0]","[0, 0, 0, 0]",221,N/A,N/A,N/A,N/A,ENABLED,156,500,2400,DISABLED,ENABLED,157,500,2400,DISABLED,ENABLED,156,500,2400,DISABLED,ENABLED,158,500,2400,DISABLED,ENABLED,158,500,2400,DISABLED,ENABLED,159,500,2400,DISABLED,ENABLED,157,500,2400,DISABLED,ENABLED,158,500,2400,DISABLED,ENABLED,1900,1900,1900,N/A,DISABLED,59,1900,1900,N/A,ENABLED,59,1900,1900,N/A,ENABLED,59,1900,1900,N/A,ENABLED,59,1900,1900,N/A,ENABLED,48,1520,1520,N/A,ENABLED,48,1520,1520,N/A,ENABLED,48,1520,1520,N/A,ENABLED,48,1520,1520,N/A,ENABLED,1250,1250,1250,N/A,DISABLED,38,1200,1200,N/A,ENABLED,N/A,43,28
1789726573,3,0,0,N/A,"['N/A', 'N/A', 'N/A', 'N/A']","['N/A', 'N/A', 'N/A', 'N/A', 'N/A', 'N/A', 'N/A', 'N/A', 'N/A', 'N/A', 'N/A', 'N/A', 'N/A', 'N/A', 'N/A', 'N/A', 'N/A', 'N/A', 'N/A', 'N/A', 'N/A', 'N/A', 'N/A', 'N/A', 'N/A', 'N/A', 'N/A', 'N/A', 'N/A', 'N/A', 'N/A', 'N/A']","[0, 0, 0, 0, 0, 0, 0, 0]","[0, 0, 0, 0, 0, 0, 0, 0, 0, 0, 0, 0, 0, 0, 0, 0, 0, 0, 0, 0, 0, 0, 0, 0, 0, 0, 0, 0, 0, 0, 0, 0, 0, 0, 0, 0, 0, 0, 0, 0]","[0, 0, 0, 0]",281,N/A,N/A,N/A,N/A,ENABLED,2375,500,2400,DISABLED,DISABLED,2399,500,2400,DISABLED,DISABLED,2391,500,2400,DISABLED,DISABLED,2390,500,2400,DISABLED,DISABLED,2394,500,2400,DISABLED,DISABLED,2394,500,2400,DISABLED,DISABLED,2388,500,2400,DISABLED,DISABLED,2397,500,2400,DISABLED,DISABLED,1900,1900,1900,N/A,DISABLED,59,1900,1900,N/A,ENABLED,59,1900,1900,N/A,ENABLED,59,1900,1900,N/A,ENABLED,59,1900,1900,N/A,ENABLED,48,1520,1520,N/A,ENABLED,48,1520,1520,N/A,ENABLED,48,1520,1520,N/A,ENABLED,48,1520,1520,N/A,ENABLED,1250,1250,1250,N/A,DISABLED,38,1200,1200,N/A,ENABLED,N/A,43,29

1789726574,0,0,0,N/A,"['N/A', 'N/A', 'N/A', 'N/A']","['N/A', 'N/A', 'N/A', 'N/A', 'N/A', 'N/A', 'N/A', 'N/A', 'N/A', 'N/A', 'N/A', 'N/A', 'N/A', 'N/A', 'N/A', 'N/A', 'N/A', 'N/A', 'N/A', 'N/A', 'N/A', 'N/A', 'N/A', 'N/A', 'N/A', 'N/A', 'N/A', 'N/A', 'N/A', 'N/A', 'N/A', 'N/A']","[0, 0, 0, 0, 0, 0, 0, 0]","[0, 0, 0, 0, 0, 0, 0, 0, 0, 0, 0, 0, 0, 0, 0, 0, 0, 0, 0, 0, 0, 0, 0, 0, 0, 0, 0, 0, 0, 0, 0, 0, 0, 0, 0, 0, 0, 0, 0, 0]","[0, 0, 0, 0]",228,N/A,N/A,N/A,N/A,ENABLED,157,500,2400,DISABLED,ENABLED,157,500,2400,DISABLED,ENABLED,157,500,2400,DISABLED,ENABLED,158,500,2400,DISABLED,ENABLED,157,500,2400,DISABLED,ENABLED,158,500,2400,DISABLED,ENABLED,157,500,2400,DISABLED,ENABLED,157,500,2400,DISABLED,ENABLED,1900,1900,1900,N/A,DISABLED,59,1900,1900,N/A,ENABLED,59,1900,1900,N/A,ENABLED,59,1900,1900,N/A,ENABLED,59,1900,1900,N/A,ENABLED,48,1520,1520,N/A,ENABLED,48,1520,1520,N/A,ENABLED,48,1520,1520,N/A,ENABLED,48,1520,1520,N/A,ENABLED,1250,1250,1250,N/A,DISABLED,38,1200,1200,N/A,ENABLED,N/A,42,28
1789726574,1,0,0,N/A,"['N/A', 'N/A', 'N/A', 'N/A']","['N/A', 'N/A', 'N/A', 'N/A', 'N/A', 'N/A', 'N/A', 'N/A', 'N/A', 'N/A', 'N/A', 'N/A', 'N/A', 'N/A', 'N/A', 'N/A', 'N/A', 'N/A', 'N/A', 'N/A', 'N/A', 'N/A', 'N/A', 'N/A', 'N/A', 'N/A', 'N/A', 'N/A', 'N/A', 'N/A', 'N/A', 'N/A']","[0, 0, 0, 0, 0, 0, 0, 0]","[0, 0, 0, 0, 0, 0, 0, 0, 0, 0, 0, 0, 0, 0, 0, 0, 0, 0, 0, 0, 0, 0, 0, 0, 0, 0, 0, 0, 0, 0, 0, 0, 0, 0, 0, 0, 0, 0, 0, 0]","[0, 0, 0, 0]",232,N/A,N/A,N/A,N/A,ENABLED,156,500,2400,DISABLED,ENABLED,158,500,2400,DISABLED,ENABLED,156,500,2400,DISABLED,ENABLED,157,500,2400,DISABLED,ENABLED,157,500,2400,DISABLED,ENABLED,157,500,2400,DISABLED,ENABLED,157,500,2400,DISABLED,ENABLED,156,500,2400,DISABLED,ENABLED,1900,1900,1900,N/A,DISABLED,59,1900,1900,N/A,ENABLED,59,1900,1900,N/A,ENABLED,59,1900,1900,N/A,ENABLED,59,1900,1900,N/A,ENABLED,48,1520,1520,N/A,ENABLED,48,1520,1520,N/A,ENABLED,48,1520,1520,N/A,ENABLED,48,1520,1520,N/A,ENABLED,1250,1250,1250,N/A,DISABLED,38,1200,1200,N/A,ENABLED,N/A,41,28
1789726574,2,0,0,N/A,"['N/A', 'N/A', 'N/A', 'N/A']","['N/A', 'N/A', 'N/A', 'N/A', 'N/A', 'N/A', 'N/A', 'N/A', 'N/A', 'N/A', 'N/A', 'N/A', 'N/A', 'N/A', 'N/A', 'N/A', 'N/A', 'N/A', 'N/A', 'N/A', 'N/A', 'N/A', 'N/A', 'N/A', 'N/A', 'N/A', 'N/A', 'N/A', 'N/A', 'N/A', 'N/A', 'N/A']","[0, 0, 0, 0, 0, 0, 0, 0]","[0, 0, 0, 0, 0, 0, 0, 0, 0, 0, 0, 0, 0, 0, 0, 0, 0, 0, 0, 0, 0, 0, 0, 0, 0, 0, 0, 0, 0, 0, 0, 0, 0, 0, 0, 0, 0, 0, 0, 0]","[0, 0, 0, 0]",222,N/A,N/A,N/A,N/A,ENABLED,156,500,2400,DISABLED,ENABLED,157,500,2400,DISABLED,ENABLED,156,500,2400,DISABLED,ENABLED,158,500,2400,DISABLED,ENABLED,156,500,2400,DISABLED,ENABLED,157,500,2400,DISABLED,ENABLED,157,500,2400,DISABLED,ENABLED,157,500,2400,DISABLED,ENABLED,1900,1900,1900,N/A,DISABLED,59,1900,1900,N/A,ENABLED,59,1900,1900,N/A,ENABLED,59,1900,1900,N/A,ENABLED,59,1900,1900,N/A,ENABLED,48,1520,1520,N/A,ENABLED,48,1520,1520,N/A,ENABLED,48,1520,1520,N/A,ENABLED,48,1520,1520,N/A,ENABLED,1250,1250,1250,N/A,DISABLED,38,1200,1200,N/A,ENABLED,N/A,43,28
1789726574,3,0,0,N/A,"['N/A', 'N/A', 'N/A', 'N/A']","['N/A', 'N/A', 'N/A', 'N/A', 'N/A', 'N/A', 'N/A', 'N/A', 'N/A', 'N/A', 'N/A', 'N/A', 'N/A', 'N/A', 'N/A', 'N/A', 'N/A', 'N/A', 'N/A', 'N/A', 'N/A', 'N/A', 'N/A', 'N/A', 'N/A', 'N/A', 'N/A', 'N/A', 'N/A', 'N/A', 'N/A', 'N/A']","[0, 0, 0, 0, 0, 0, 0, 0]","[0, 0, 0, 0, 0, 0, 0, 0, 0, 0, 0, 0, 0, 0, 0, 0, 0, 0, 0, 0, 0, 0, 0, 0, 0, 0, 0, 0, 0, 0, 0, 0, 0, 0, 0, 0, 0, 0, 0, 0]","[0, 0, 0, 0]",281,N/A,N/A,N/A,N/A,ENABLED,2374,500,2400,DISABLED,DISABLED,2398,500,2400,DISABLED,DISABLED,2392,500,2400,DISABLED,DISABLED,2389,500,2400,DISABLED,DISABLED,2393,500,2400,DISABLED,DISABLED,2394,500,2400,DISABLED,DISABLED,2387,500,2400,DISABLED,DISABLED,2397,500,2400,DISABLED,DISABLED,1900,1900,1900,N/A,DISABLED,59,1900,1900,N/A,ENABLED,59,1900,1900,N/A,ENABLED,59,1900,1900,N/A,ENABLED,59,1900,1900,N/A,ENABLED,48,1520,1520,N/A,ENABLED,48,1520,1520,N/A,ENABLED,48,1520,1520,N/A,ENABLED,48,1520,1520,N/A,ENABLED,1250,1250,1250,N/A,DISABLED,38,1200,1200,N/A,ENABLED,N/A,43,29

1789726575,0,0,0,N/A,"['N/A', 'N/A', 'N/A', 'N/A']","['N/A', 'N/A', 'N/A', 'N/A', 'N/A', 'N/A', 'N/A', 'N/A', 'N/A', 'N/A', 'N/A', 'N/A', 'N/A', 'N/A', 'N/A', 'N/A', 'N/A', 'N/A', 'N/A', 'N/A', 'N/A', 'N/A', 'N/A', 'N/A', 'N/A', 'N/A', 'N/A', 'N/A', 'N/A', 'N/A', 'N/A', 'N/A']","[0, 0, 0, 0, 0, 0, 0, 0]","[0, 0, 0, 0, 0, 0, 0, 0, 0, 0, 0, 0, 0, 0, 0, 0, 0, 0, 0, 0, 0, 0, 0, 0, 0, 0, 0, 0, 0, 0, 0, 0, 0, 0, 0, 0, 0, 0, 0, 0]","[0, 0, 0, 0]",228,N/A,N/A,N/A,N/A,ENABLED,157,500,2400,DISABLED,ENABLED,157,500,2400,DISABLED,ENABLED,157,500,2400,DISABLED,ENABLED,158,500,2400,DISABLED,ENABLED,157,500,2400,DISABLED,ENABLED,158,500,2400,DISABLED,ENABLED,156,500,2400,DISABLED,ENABLED,157,500,2400,DISABLED,ENABLED,1900,1900,1900,N/A,DISABLED,59,1900,1900,N/A,ENABLED,59,1900,1900,N/A,ENABLED,59,1900,1900,N/A,ENABLED,59,1900,1900,N/A,ENABLED,48,1520,1520,N/A,ENABLED,48,1520,1520,N/A,ENABLED,48,1520,1520,N/A,ENABLED,48,1520,1520,N/A,ENABLED,1250,1250,1250,N/A,DISABLED,38,1200,1200,N/A,ENABLED,N/A,42,28
1789726575,1,0,0,N/A,"['N/A', 'N/A', 'N/A', 'N/A']","['N/A', 'N/A', 'N/A', 'N/A', 'N/A', 'N/A', 'N/A', 'N/A', 'N/A', 'N/A', 'N/A', 'N/A', 'N/A', 'N/A', 'N/A', 'N/A', 'N/A', 'N/A', 'N/A', 'N/A', 'N/A', 'N/A', 'N/A', 'N/A', 'N/A', 'N/A', 'N/A', 'N/A', 'N/A', 'N/A', 'N/A', 'N/A']","[0, 0, 0, 0, 0, 0, 0, 0]","[0, 0, 0, 0, 0, 0, 0, 0, 0, 0, 0, 0, 0, 0, 0, 0, 0, 0, 0, 0, 0, 0, 0, 0, 0, 0, 0, 0, 0, 0, 0, 0, 0, 0, 0, 0, 0, 0, 0, 0]","[0, 0, 0, 0]",232,N/A,N/A,N/A,N/A,ENABLED,156,500,2400,DISABLED,ENABLED,157,500,2400,DISABLED,ENABLED,156,500,2400,DISABLED,ENABLED,157,500,2400,DISABLED,ENABLED,157,500,2400,DISABLED,ENABLED,157,500,2400,DISABLED,ENABLED,156,500,2400,DISABLED,ENABLED,156,500,2400,DISABLED,ENABLED,1900,1900,1900,N/A,DISABLED,59,1900,1900,N/A,ENABLED,59,1900,1900,N/A,ENABLED,59,1900,1900,N/A,ENABLED,59,1900,1900,N/A,ENABLED,48,1520,1520,N/A,ENABLED,48,1520,1520,N/A,ENABLED,48,1520,1520,N/A,ENABLED,48,1520,1520,N/A,ENABLED,1250,1250,1250,N/A,DISABLED,38,1200,1200,N/A,ENABLED,N/A,41,28
1789726575,2,0,0,N/A,"['N/A', 'N/A', 'N/A', 'N/A']","['N/A', 'N/A', 'N/A', 'N/A', 'N/A', 'N/A', 'N/A', 'N/A', 'N/A', 'N/A', 'N/A', 'N/A', 'N/A', 'N/A', 'N/A', 'N/A', 'N/A', 'N/A', 'N/A', 'N/A', 'N/A', 'N/A', 'N/A', 'N/A', 'N/A', 'N/A', 'N/A', 'N/A', 'N/A', 'N/A', 'N/A', 'N/A']","[0, 0, 0, 0, 0, 0, 0, 0]","[0, 0, 0, 0, 0, 0, 0, 0, 0, 0, 0, 0, 0, 0, 0, 0, 0, 0, 0, 0, 0, 0, 0, 0, 0, 0, 0, 0, 0, 0, 0, 0, 0, 0, 0, 0, 0, 0, 0, 0]","[0, 0, 0, 0]",221,N/A,N/A,N/A,N/A,ENABLED,156,500,2400,DISABLED,ENABLED,157,500,2400,DISABLED,ENABLED,157,500,2400,DISABLED,ENABLED,158,500,2400,DISABLED,ENABLED,160,500,2400,DISABLED,ENABLED,162,500,2400,DISABLED,ENABLED,157,500,2400,DISABLED,ENABLED,158,500,2400,DISABLED,ENABLED,1900,1900,1900,N/A,DISABLED,59,1900,1900,N/A,ENABLED,59,1900,1900,N/A,ENABLED,59,1900,1900,N/A,ENABLED,59,1900,1900,N/A,ENABLED,48,1520,1520,N/A,ENABLED,48,1520,1520,N/A,ENABLED,48,1520,1520,N/A,ENABLED,48,1520,1520,N/A,ENABLED,1250,1250,1250,N/A,DISABLED,38,1200,1200,N/A,ENABLED,N/A,43,28
1789726575,3,0,0,N/A,"['N/A', 'N/A', 'N/A', 'N/A']","['N/A', 'N/A', 'N/A', 'N/A', 'N/A', 'N/A', 'N/A', 'N/A', 'N/A', 'N/A', 'N/A', 'N/A', 'N/A', 'N/A', 'N/A', 'N/A', 'N/A', 'N/A', 'N/A', 'N/A', 'N/A', 'N/A', 'N/A', 'N/A', 'N/A', 'N/A', 'N/A', 'N/A', 'N/A', 'N/A', 'N/A', 'N/A']","[0, 0, 0, 0, 0, 0, 0, 0]","[0, 0, 0, 0, 0, 0, 0, 0, 0, 0, 0, 0, 0, 0, 0, 0, 0, 0, 0, 0, 0, 0, 0, 0, 0, 0, 0, 0, 0, 0, 0, 0, 0, 0, 0, 0, 0, 0, 0, 0]","[0, 0, 0, 0]",281,N/A,N/A,N/A,N/A,ENABLED,2386,500,2400,DISABLED,DISABLED,2407,500,2400,DISABLED,DISABLED,2390,500,2400,DISABLED,DISABLED,2389,500,2400,DISABLED,DISABLED,2393,500,2400,DISABLED,DISABLED,2394,500,2400,DISABLED,DISABLED,2386,500,2400,DISABLED,DISABLED,2397,500,2400,DISABLED,DISABLED,1900,1900,1900,N/A,DISABLED,59,1900,1900,N/A,ENABLED,59,1900,1900,N/A,ENABLED,59,1900,1900,N/A,ENABLED,59,1900,1900,N/A,ENABLED,48,1520,1520,N/A,ENABLED,48,1520,1520,N/A,ENABLED,48,1520,1520,N/A,ENABLED,48,1520,1520,N/A,ENABLED,1250,1250,1250,N/A,DISABLED,38,1200,1200,N/A,ENABLED,N/A,43,29

1789726576,0,0,0,N/A,"['N/A', 'N/A', 'N/A', 'N/A']","['N/A', 'N/A', 'N/A', 'N/A', 'N/A', 'N/A', 'N/A', 'N/A', 'N/A', 'N/A', 'N/A', 'N/A', 'N/A', 'N/A', 'N/A', 'N/A', 'N/A', 'N/A', 'N/A', 'N/A', 'N/A', 'N/A', 'N/A', 'N/A', 'N/A', 'N/A', 'N/A', 'N/A', 'N/A', 'N/A', 'N/A', 'N/A']","[0, 0, 0, 0, 0, 0, 0, 0]","[0, 0, 0, 0, 0, 0, 0, 0, 0, 0, 0, 0, 0, 0, 0, 0, 0, 0, 0, 0, 0, 0, 0, 0, 0, 0, 0, 0, 0, 0, 0, 0, 0, 0, 0, 0, 0, 0, 0, 0]","[0, 0, 0, 0]",228,N/A,N/A,N/A,N/A,ENABLED,157,500,2400,DISABLED,ENABLED,157,500,2400,DISABLED,ENABLED,157,500,2400,DISABLED,ENABLED,158,500,2400,DISABLED,ENABLED,157,500,2400,DISABLED,ENABLED,157,500,2400,DISABLED,ENABLED,156,500,2400,DISABLED,ENABLED,157,500,2400,DISABLED,ENABLED,1900,1900,1900,N/A,DISABLED,59,1900,1900,N/A,ENABLED,59,1900,1900,N/A,ENABLED,59,1900,1900,N/A,ENABLED,59,1900,1900,N/A,ENABLED,48,1520,1520,N/A,ENABLED,48,1520,1520,N/A,ENABLED,48,1520,1520,N/A,ENABLED,48,1520,1520,N/A,ENABLED,1250,1250,1250,N/A,DISABLED,38,1200,1200,N/A,ENABLED,N/A,42,28
1789726576,1,0,0,N/A,"['N/A', 'N/A', 'N/A', 'N/A']","['N/A', 'N/A', 'N/A', 'N/A', 'N/A', 'N/A', 'N/A', 'N/A', 'N/A', 'N/A', 'N/A', 'N/A', 'N/A', 'N/A', 'N/A', 'N/A', 'N/A', 'N/A', 'N/A', 'N/A', 'N/A', 'N/A', 'N/A', 'N/A', 'N/A', 'N/A', 'N/A', 'N/A', 'N/A', 'N/A', 'N/A', 'N/A']","[0, 0, 0, 0, 0, 0, 0, 0]","[0, 0, 0, 0, 0, 0, 0, 0, 0, 0, 0, 0, 0, 0, 0, 0, 0, 0, 0, 0, 0, 0, 0, 0, 0, 0, 0, 0, 0, 0, 0, 0, 0, 0, 0, 0, 0, 0, 0, 0]","[0, 0, 0, 0]",232,N/A,N/A,N/A,N/A,ENABLED,156,500,2400,DISABLED,ENABLED,157,500,2400,DISABLED,ENABLED,156,500,2400,DISABLED,ENABLED,157,500,2400,DISABLED,ENABLED,157,500,2400,DISABLED,ENABLED,157,500,2400,DISABLED,ENABLED,156,500,2400,DISABLED,ENABLED,156,500,2400,DISABLED,ENABLED,1900,1900,1900,N/A,DISABLED,59,1900,1900,N/A,ENABLED,59,1900,1900,N/A,ENABLED,59,1900,1900,N/A,ENABLED,59,1900,1900,N/A,ENABLED,48,1520,1520,N/A,ENABLED,48,1520,1520,N/A,ENABLED,48,1520,1520,N/A,ENABLED,48,1520,1520,N/A,ENABLED,1250,1250,1250,N/A,DISABLED,38,1200,1200,N/A,ENABLED,N/A,41,28
1789726576,2,0,0,N/A,"['N/A', 'N/A', 'N/A', 'N/A']","['N/A', 'N/A', 'N/A', 'N/A', 'N/A', 'N/A', 'N/A', 'N/A', 'N/A', 'N/A', 'N/A', 'N/A', 'N/A', 'N/A', 'N/A', 'N/A', 'N/A', 'N/A', 'N/A', 'N/A', 'N/A', 'N/A', 'N/A', 'N/A', 'N/A', 'N/A', 'N/A', 'N/A', 'N/A', 'N/A', 'N/A', 'N/A']","[0, 0, 0, 0, 0, 0, 0, 0]","[0, 0, 0, 0, 0, 0, 0, 0, 0, 0, 0, 0, 0, 0, 0, 0, 0, 0, 0, 0, 0, 0, 0, 0, 0, 0, 0, 0, 0, 0, 0, 0, 0, 0, 0, 0, 0, 0, 0, 0]","[0, 0, 0, 0]",221,N/A,N/A,N/A,N/A,ENABLED,156,500,2400,DISABLED,ENABLED,157,500,2400,DISABLED,ENABLED,156,500,2400,DISABLED,ENABLED,158,500,2400,DISABLED,ENABLED,157,500,2400,DISABLED,ENABLED,157,500,2400,DISABLED,ENABLED,157,500,2400,DISABLED,ENABLED,158,500,2400,DISABLED,ENABLED,1900,1900,1900,N/A,DISABLED,59,1900,1900,N/A,ENABLED,59,1900,1900,N/A,ENABLED,59,1900,1900,N/A,ENABLED,59,1900,1900,N/A,ENABLED,48,1520,1520,N/A,ENABLED,48,1520,1520,N/A,ENABLED,48,1520,1520,N/A,ENABLED,48,1520,1520,N/A,ENABLED,1250,1250,1250,N/A,DISABLED,38,1200,1200,N/A,ENABLED,N/A,43,28
1789726576,3,0,0,N/A,"['N/A', 'N/A', 'N/A', 'N/A']","['N/A', 'N/A', 'N/A', 'N/A', 'N/A', 'N/A', 'N/A', 'N/A', 'N/A', 'N/A', 'N/A', 'N/A', 'N/A', 'N/A', 'N/A', 'N/A', 'N/A', 'N/A', 'N/A', 'N/A', 'N/A', 'N/A', 'N/A', 'N/A', 'N/A', 'N/A', 'N/A', 'N/A', 'N/A', 'N/A', 'N/A', 'N/A']","[0, 0, 0, 0, 0, 0, 0, 0]","[0, 0, 0, 0, 0, 0, 0, 0, 0, 0, 0, 0, 0, 0, 0, 0, 0, 0, 0, 0, 0, 0, 0, 0, 0, 0, 0, 0, 0, 0, 0, 0, 0, 0, 0, 0, 0, 0, 0, 0]","[0, 0, 0, 0]",281,N/A,N/A,N/A,N/A,ENABLED,2386,500,2400,DISABLED,DISABLED,2407,500,2400,DISABLED,DISABLED,2391,500,2400,DISABLED,DISABLED,2390,500,2400,DISABLED,DISABLED,2394,500,2400,DISABLED,DISABLED,2393,500,2400,DISABLED,DISABLED,2387,500,2400,DISABLED,DISABLED,2397,500,2400,DISABLED,DISABLED,1900,1900,1900,N/A,DISABLED,59,1900,1900,N/A,ENABLED,59,1900,1900,N/A,ENABLED,59,1900,1900,N/A,ENABLED,59,1900,1900,N/A,ENABLED,48,1520,1520,N/A,ENABLED,48,1520,1520,N/A,ENABLED,48,1520,1520,N/A,ENABLED,48,1520,1520,N/A,ENABLED,1250,1250,1250,N/A,DISABLED,38,1200,1200,N/A,ENABLED,N/A,43,29

1789726577,0,0,0,N/A,"['N/A', 'N/A', 'N/A', 'N/A']","['N/A', 'N/A', 'N/A', 'N/A', 'N/A', 'N/A', 'N/A', 'N/A', 'N/A', 'N/A', 'N/A', 'N/A', 'N/A', 'N/A', 'N/A', 'N/A', 'N/A', 'N/A', 'N/A', 'N/A', 'N/A', 'N/A', 'N/A', 'N/A', 'N/A', 'N/A', 'N/A', 'N/A', 'N/A', 'N/A', 'N/A', 'N/A']","[0, 0, 0, 0, 0, 0, 0, 0]","[0, 0, 0, 0, 0, 0, 0, 0, 0, 0, 0, 0, 0, 0, 0, 0, 0, 0, 0, 0, 0, 0, 0, 0, 0, 0, 0, 0, 0, 0, 0, 0, 0, 0, 0, 0, 0, 0, 0, 0]","[0, 0, 0, 0]",228,N/A,N/A,N/A,N/A,ENABLED,157,500,2400,DISABLED,ENABLED,157,500,2400,DISABLED,ENABLED,157,500,2400,DISABLED,ENABLED,158,500,2400,DISABLED,ENABLED,157,500,2400,DISABLED,ENABLED,157,500,2400,DISABLED,ENABLED,156,500,2400,DISABLED,ENABLED,157,500,2400,DISABLED,ENABLED,1900,1900,1900,N/A,DISABLED,59,1900,1900,N/A,ENABLED,59,1900,1900,N/A,ENABLED,59,1900,1900,N/A,ENABLED,59,1900,1900,N/A,ENABLED,48,1520,1520,N/A,ENABLED,48,1520,1520,N/A,ENABLED,48,1520,1520,N/A,ENABLED,48,1520,1520,N/A,ENABLED,1250,1250,1250,N/A,DISABLED,38,1200,1200,N/A,ENABLED,N/A,42,29
1789726577,1,0,0,N/A,"['N/A', 'N/A', 'N/A', 'N/A']","['N/A', 'N/A', 'N/A', 'N/A', 'N/A', 'N/A', 'N/A', 'N/A', 'N/A', 'N/A', 'N/A', 'N/A', 'N/A', 'N/A', 'N/A', 'N/A', 'N/A', 'N/A', 'N/A', 'N/A', 'N/A', 'N/A', 'N/A', 'N/A', 'N/A', 'N/A', 'N/A', 'N/A', 'N/A', 'N/A', 'N/A', 'N/A']","[0, 0, 0, 0, 0, 0, 0, 0]","[0, 0, 0, 0, 0, 0, 0, 0, 0, 0, 0, 0, 0, 0, 0, 0, 0, 0, 0, 0, 0, 0, 0, 0, 0, 0, 0, 0, 0, 0, 0, 0, 0, 0, 0, 0, 0, 0, 0, 0]","[0, 0, 0, 0]",232,N/A,N/A,N/A,N/A,ENABLED,156,500,2400,DISABLED,ENABLED,157,500,2400,DISABLED,ENABLED,156,500,2400,DISABLED,ENABLED,157,500,2400,DISABLED,ENABLED,157,500,2400,DISABLED,ENABLED,157,500,2400,DISABLED,ENABLED,156,500,2400,DISABLED,ENABLED,156,500,2400,DISABLED,ENABLED,1900,1900,1900,N/A,DISABLED,59,1900,1900,N/A,ENABLED,59,1900,1900,N/A,ENABLED,59,1900,1900,N/A,ENABLED,59,1900,1900,N/A,ENABLED,48,1520,1520,N/A,ENABLED,48,1520,1520,N/A,ENABLED,48,1520,1520,N/A,ENABLED,48,1520,1520,N/A,ENABLED,1250,1250,1250,N/A,DISABLED,38,1200,1200,N/A,ENABLED,N/A,41,28
1789726577,2,0,0,N/A,"['N/A', 'N/A', 'N/A', 'N/A']","['N/A', 'N/A', 'N/A', 'N/A', 'N/A', 'N/A', 'N/A', 'N/A', 'N/A', 'N/A', 'N/A', 'N/A', 'N/A', 'N/A', 'N/A', 'N/A', 'N/A', 'N/A', 'N/A', 'N/A', 'N/A', 'N/A', 'N/A', 'N/A', 'N/A', 'N/A', 'N/A', 'N/A', 'N/A', 'N/A', 'N/A', 'N/A']","[0, 0, 0, 0, 0, 0, 0, 0]","[0, 0, 0, 0, 0, 0, 0, 0, 0, 0, 0, 0, 0, 0, 0, 0, 0, 0, 0, 0, 0, 0, 0, 0, 0, 0, 0, 0, 0, 0, 0, 0, 0, 0, 0, 0, 0, 0, 0, 0]","[0, 0, 0, 0]",221,N/A,N/A,N/A,N/A,ENABLED,156,500,2400,DISABLED,ENABLED,157,500,2400,DISABLED,ENABLED,156,500,2400,DISABLED,ENABLED,158,500,2400,DISABLED,ENABLED,157,500,2400,DISABLED,ENABLED,157,500,2400,DISABLED,ENABLED,157,500,2400,DISABLED,ENABLED,158,500,2400,DISABLED,ENABLED,1900,1900,1900,N/A,DISABLED,59,1900,1900,N/A,ENABLED,59,1900,1900,N/A,ENABLED,59,1900,1900,N/A,ENABLED,59,1900,1900,N/A,ENABLED,48,1520,1520,N/A,ENABLED,48,1520,1520,N/A,ENABLED,48,1520,1520,N/A,ENABLED,48,1520,1520,N/A,ENABLED,1250,1250,1250,N/A,DISABLED,38,1200,1200,N/A,ENABLED,N/A,43,27
1789726577,3,0,0,N/A,"['N/A', 'N/A', 'N/A', 'N/A']","['N/A', 'N/A', 'N/A', 'N/A', 'N/A', 'N/A', 'N/A', 'N/A', 'N/A', 'N/A', 'N/A', 'N/A', 'N/A', 'N/A', 'N/A', 'N/A', 'N/A', 'N/A', 'N/A', 'N/A', 'N/A', 'N/A', 'N/A', 'N/A', 'N/A', 'N/A', 'N/A', 'N/A', 'N/A', 'N/A', 'N/A', 'N/A']","[0, 0, 0, 0, 0, 0, 0, 0]","[0, 0, 0, 0, 0, 0, 0, 0, 0, 0, 0, 0, 0, 0, 0, 0, 0, 0, 0, 0, 0, 0, 0, 0, 0, 0, 0, 0, 0, 0, 0, 0, 0, 0, 0, 0, 0, 0, 0, 0]","[0, 0, 0, 0]",281,N/A,N/A,N/A,N/A,ENABLED,2386,500,2400,DISABLED,DISABLED,2407,500,2400,DISABLED,DISABLED,2391,500,2400,DISABLED,DISABLED,2389,500,2400,DISABLED,DISABLED,2394,500,2400,DISABLED,DISABLED,2393,500,2400,DISABLED,DISABLED,2387,500,2400,DISABLED,DISABLED,2397,500,2400,DISABLED,DISABLED,1900,1900,1900,N/A,DISABLED,59,1900,1900,N/A,ENABLED,59,1900,1900,N/A,ENABLED,59,1900,1900,N/A,ENABLED,59,1900,1900,N/A,ENABLED,48,1520,1520,N/A,ENABLED,48,1520,1520,N/A,ENABLED,48,1520,1520,N/A,ENABLED,48,1520,1520,N/A,ENABLED,1250,1250,1250,N/A,DISABLED,38,1200,1200,N/A,ENABLED,N/A,43,29

1789726578,0,1,0,N/A,"['N/A', 'N/A', 'N/A', 'N/A']","['N/A', 'N/A', 'N/A', 'N/A', 'N/A', 'N/A', 'N/A', 'N/A', 'N/A', 'N/A', 'N/A', 'N/A', 'N/A', 'N/A', 'N/A', 'N/A', 'N/A', 'N/A', 'N/A', 'N/A', 'N/A', 'N/A', 'N/A', 'N/A', 'N/A', 'N/A', 'N/A', 'N/A', 'N/A', 'N/A', 'N/A', 'N/A']","[1, 1, 1, 1, 1, 1, 1, 1]","[0, 0, 0, 0, 0, 0, 0, 0, 0, 0, 0, 0, 0, 0, 0, 0, 0, 0, 0, 0, 0, 0, 0, 0, 0, 0, 0, 0, 0, 0, 0, 0, 0, 0, 0, 0, 0, 0, 0, 0]","[0, 0, 0, 0]",229,N/A,N/A,N/A,N/A,ENABLED,184,500,2400,DISABLED,ENABLED,184,500,2400,DISABLED,ENABLED,183,500,2400,DISABLED,ENABLED,183,500,2400,DISABLED,ENABLED,181,500,2400,DISABLED,ENABLED,180,500,2400,DISABLED,ENABLED,179,500,2400,DISABLED,ENABLED,180,500,2400,DISABLED,ENABLED,1900,1900,1900,N/A,DISABLED,59,1900,1900,N/A,ENABLED,59,1900,1900,N/A,ENABLED,59,1900,1900,N/A,ENABLED,59,1900,1900,N/A,ENABLED,48,1520,1520,N/A,ENABLED,48,1520,1520,N/A,ENABLED,48,1520,1520,N/A,ENABLED,48,1520,1520,N/A,ENABLED,1250,1250,1250,N/A,DISABLED,40,1200,1200,N/A,ENABLED,N/A,42,28
1789726578,1,1,0,N/A,"['N/A', 'N/A', 'N/A', 'N/A']","['N/A', 'N/A', 'N/A', 'N/A', 'N/A', 'N/A', 'N/A', 'N/A', 'N/A', 'N/A', 'N/A', 'N/A', 'N/A', 'N/A', 'N/A', 'N/A', 'N/A', 'N/A', 'N/A', 'N/A', 'N/A', 'N/A', 'N/A', 'N/A', 'N/A', 'N/A', 'N/A', 'N/A', 'N/A', 'N/A', 'N/A', 'N/A']","[1, 1, 1, 1, 1, 1, 1, 1]","[0, 0, 0, 0, 0, 0, 0, 0, 0, 0, 0, 0, 0, 0, 0, 0, 0, 0, 0, 0, 0, 0, 0, 0, 0, 0, 0, 0, 0, 0, 0, 0, 0, 0, 0, 0, 0, 0, 0, 0]","[0, 0, 0, 0]",233,N/A,N/A,N/A,N/A,ENABLED,178,500,2400,DISABLED,ENABLED,179,500,2400,DISABLED,ENABLED,177,500,2400,DISABLED,ENABLED,177,500,2400,DISABLED,ENABLED,176,500,2400,DISABLED,ENABLED,175,500,2400,DISABLED,ENABLED,174,500,2400,DISABLED,ENABLED,175,500,2400,DISABLED,ENABLED,1900,1900,1900,N/A,DISABLED,59,1900,1900,N/A,ENABLED,59,1900,1900,N/A,ENABLED,59,1900,1900,N/A,ENABLED,59,1900,1900,N/A,ENABLED,48,1520,1520,N/A,ENABLED,48,1520,1520,N/A,ENABLED,48,1520,1520,N/A,ENABLED,48,1520,1520,N/A,ENABLED,1250,1250,1250,N/A,DISABLED,39,1200,1200,N/A,ENABLED,N/A,41,28
1789726578,2,1,0,N/A,"['N/A', 'N/A', 'N/A', 'N/A']","['N/A', 'N/A', 'N/A', 'N/A', 'N/A', 'N/A', 'N/A', 'N/A', 'N/A', 'N/A', 'N/A', 'N/A', 'N/A', 'N/A', 'N/A', 'N/A', 'N/A', 'N/A', 'N/A', 'N/A', 'N/A', 'N/A', 'N/A', 'N/A', 'N/A', 'N/A', 'N/A', 'N/A', 'N/A', 'N/A', 'N/A', 'N/A']","[1, 1, 1, 1, 1, 1, 1, 1]","[0, 0, 0, 0, 0, 0, 0, 0, 0, 0, 0, 0, 0, 0, 0, 0, 0, 0, 0, 0, 0, 0, 0, 0, 0, 0, 0, 0, 0, 0, 0, 0, 0, 0, 0, 0, 0, 0, 0, 0]","[0, 0, 0, 0]",222,N/A,N/A,N/A,N/A,ENABLED,180,500,2400,DISABLED,ENABLED,180,500,2400,DISABLED,ENABLED,179,500,2400,DISABLED,ENABLED,179,500,2400,DISABLED,ENABLED,179,500,2400,DISABLED,ENABLED,179,500,2400,DISABLED,ENABLED,177,500,2400,DISABLED,ENABLED,177,500,2400,DISABLED,ENABLED,1900,1900,1900,N/A,DISABLED,59,1900,1900,N/A,ENABLED,59,1900,1900,N/A,ENABLED,59,1900,1900,N/A,ENABLED,59,1900,1900,N/A,ENABLED,48,1520,1520,N/A,ENABLED,48,1520,1520,N/A,ENABLED,48,1520,1520,N/A,ENABLED,48,1520,1520,N/A,ENABLED,1250,1250,1250,N/A,DISABLED,39,1200,1200,N/A,ENABLED,N/A,43,28
1789726578,3,0,0,N/A,"['N/A', 'N/A', 'N/A', 'N/A']","['N/A', 'N/A', 'N/A', 'N/A', 'N/A', 'N/A', 'N/A', 'N/A', 'N/A', 'N/A', 'N/A', 'N/A', 'N/A', 'N/A', 'N/A', 'N/A', 'N/A', 'N/A', 'N/A', 'N/A', 'N/A', 'N/A', 'N/A', 'N/A', 'N/A', 'N/A', 'N/A', 'N/A', 'N/A', 'N/A', 'N/A', 'N/A']","[1, 1, 0, 0, 0, 0, 0, 0]","[0, 0, 0, 0, 0, 0, 0, 0, 0, 0, 0, 0, 0, 0, 0, 0, 0, 0, 0, 0, 0, 0, 0, 0, 0, 0, 0, 0, 0, 0, 0, 0, 0, 0, 0, 0, 0, 0, 0, 0]","[0, 0, 0, 0]",281,N/A,N/A,N/A,N/A,ENABLED,2386,500,2400,DISABLED,DISABLED,2407,500,2400,DISABLED,DISABLED,2392,500,2400,DISABLED,DISABLED,2389,500,2400,DISABLED,DISABLED,2393,500,2400,DISABLED,DISABLED,2394,500,2400,DISABLED,DISABLED,2387,500,2400,DISABLED,DISABLED,2397,500,2400,DISABLED,DISABLED,1900,1900,1900,N/A,DISABLED,59,1900,1900,N/A,ENABLED,59,1900,1900,N/A,ENABLED,59,1900,1900,N/A,ENABLED,59,1900,1900,N/A,ENABLED,48,1520,1520,N/A,ENABLED,48,1520,1520,N/A,ENABLED,48,1520,1520,N/A,ENABLED,48,1520,1520,N/A,ENABLED,1250,1250,1250,N/A,DISABLED,40,1200,1200,N/A,ENABLED,N/A,43,29

1789726579,0,0,0,N/A,"['N/A', 'N/A', 'N/A', 'N/A']","['N/A', 'N/A', 'N/A', 'N/A', 'N/A', 'N/A', 'N/A', 'N/A', 'N/A', 'N/A', 'N/A', 'N/A', 'N/A', 'N/A', 'N/A', 'N/A', 'N/A', 'N/A', 'N/A', 'N/A', 'N/A', 'N/A', 'N/A', 'N/A', 'N/A', 'N/A', 'N/A', 'N/A', 'N/A', 'N/A', 'N/A', 'N/A']","[0, 0, 0, 0, 0, 0, 0, 0]","[0, 0, 0, 0, 0, 0, 0, 0, 0, 0, 0, 0, 0, 0, 0, 0, 0, 0, 0, 0, 0, 0, 0, 0, 0, 0, 0, 0, 0, 0, 0, 0, 0, 0, 0, 0, 0, 0, 0, 0]","[0, 0, 0, 0]",228,N/A,N/A,N/A,N/A,ENABLED,157,500,2400,DISABLED,ENABLED,157,500,2400,DISABLED,ENABLED,157,500,2400,DISABLED,ENABLED,158,500,2400,DISABLED,ENABLED,157,500,2400,DISABLED,ENABLED,158,500,2400,DISABLED,ENABLED,156,500,2400,DISABLED,ENABLED,157,500,2400,DISABLED,ENABLED,1900,1900,1900,N/A,DISABLED,59,1900,1900,N/A,ENABLED,59,1900,1900,N/A,ENABLED,59,1900,1900,N/A,ENABLED,59,1900,1900,N/A,ENABLED,48,1520,1520,N/A,ENABLED,48,1520,1520,N/A,ENABLED,48,1520,1520,N/A,ENABLED,48,1520,1520,N/A,ENABLED,1250,1250,1250,N/A,DISABLED,38,1200,1200,N/A,ENABLED,N/A,42,28
1789726579,1,0,0,N/A,"['N/A', 'N/A', 'N/A', 'N/A']","['N/A', 'N/A', 'N/A', 'N/A', 'N/A', 'N/A', 'N/A', 'N/A', 'N/A', 'N/A', 'N/A', 'N/A', 'N/A', 'N/A', 'N/A', 'N/A', 'N/A', 'N/A', 'N/A', 'N/A', 'N/A', 'N/A', 'N/A', 'N/A', 'N/A', 'N/A', 'N/A', 'N/A', 'N/A', 'N/A', 'N/A', 'N/A']","[0, 0, 0, 0, 0, 0, 0, 0]","[0, 0, 0, 0, 0, 0, 0, 0, 0, 0, 0, 0, 0, 0, 0, 0, 0, 0, 0, 0, 0, 0, 0, 0, 0, 0, 0, 0, 0, 0, 0, 0, 0, 0, 0, 0, 0, 0, 0, 0]","[0, 0, 0, 0]",232,N/A,N/A,N/A,N/A,ENABLED,156,500,2400,DISABLED,ENABLED,158,500,2400,DISABLED,ENABLED,156,500,2400,DISABLED,ENABLED,157,500,2400,DISABLED,ENABLED,157,500,2400,DISABLED,ENABLED,157,500,2400,DISABLED,ENABLED,156,500,2400,DISABLED,ENABLED,156,500,2400,DISABLED,ENABLED,1900,1900,1900,N/A,DISABLED,59,1900,1900,N/A,ENABLED,59,1900,1900,N/A,ENABLED,59,1900,1900,N/A,ENABLED,59,1900,1900,N/A,ENABLED,48,1520,1520,N/A,ENABLED,48,1520,1520,N/A,ENABLED,48,1520,1520,N/A,ENABLED,48,1520,1520,N/A,ENABLED,1250,1250,1250,N/A,DISABLED,38,1200,1200,N/A,ENABLED,N/A,41,28
1789726579,2,0,0,N/A,"['N/A', 'N/A', 'N/A', 'N/A']","['N/A', 'N/A', 'N/A', 'N/A', 'N/A', 'N/A', 'N/A', 'N/A', 'N/A', 'N/A', 'N/A', 'N/A', 'N/A', 'N/A', 'N/A', 'N/A', 'N/A', 'N/A', 'N/A', 'N/A', 'N/A', 'N/A', 'N/A', 'N/A', 'N/A', 'N/A', 'N/A', 'N/A', 'N/A', 'N/A', 'N/A', 'N/A']","[0, 0, 0, 0, 0, 0, 0, 0]","[0, 0, 0, 0, 0, 0, 0, 0, 0, 0, 0, 0, 0, 0, 0, 0, 0, 0, 0, 0, 0, 0, 0, 0, 0, 0, 0, 0, 0, 0, 0, 0, 0, 0, 0, 0, 0, 0, 0, 0]","[0, 0, 0, 0]",221,N/A,N/A,N/A,N/A,ENABLED,156,500,2400,DISABLED,ENABLED,157,500,2400,DISABLED,ENABLED,157,500,2400,DISABLED,ENABLED,158,500,2400,DISABLED,ENABLED,159,500,2400,DISABLED,ENABLED,159,500,2400,DISABLED,ENABLED,157,500,2400,DISABLED,ENABLED,157,500,2400,DISABLED,ENABLED,1900,1900,1900,N/A,DISABLED,59,1900,1900,N/A,ENABLED,59,1900,1900,N/A,ENABLED,59,1900,1900,N/A,ENABLED,59,1900,1900,N/A,ENABLED,48,1520,1520,N/A,ENABLED,48,1520,1520,N/A,ENABLED,48,1520,1520,N/A,ENABLED,48,1520,1520,N/A,ENABLED,1250,1250,1250,N/A,DISABLED,38,1200,1200,N/A,ENABLED,N/A,43,28
1789726579,3,0,0,N/A,"['N/A', 'N/A', 'N/A', 'N/A']","['N/A', 'N/A', 'N/A', 'N/A', 'N/A', 'N/A', 'N/A', 'N/A', 'N/A', 'N/A', 'N/A', 'N/A', 'N/A', 'N/A', 'N/A', 'N/A', 'N/A', 'N/A', 'N/A', 'N/A', 'N/A', 'N/A', 'N/A', 'N/A', 'N/A', 'N/A', 'N/A', 'N/A', 'N/A', 'N/A', 'N/A', 'N/A']","[0, 0, 0, 0, 0, 0, 0, 0]","[0, 0, 0, 0, 0, 0, 0, 0, 0, 0, 0, 0, 0, 0, 0, 0, 0, 0, 0, 0, 0, 0, 0, 0, 0, 0, 0, 0, 0, 0, 0, 0, 0, 0, 0, 0, 0, 0, 0, 0]","[0, 0, 0, 0]",280,N/A,N/A,N/A,N/A,ENABLED,2372,500,2400,DISABLED,DISABLED,2396,500,2400,DISABLED,DISABLED,2390,500,2400,DISABLED,DISABLED,2390,500,2400,DISABLED,DISABLED,2393,500,2400,DISABLED,DISABLED,2393,500,2400,DISABLED,DISABLED,2387,500,2400,DISABLED,DISABLED,2396,500,2400,DISABLED,DISABLED,1900,1900,1900,N/A,DISABLED,59,1900,1900,N/A,ENABLED,59,1900,1900,N/A,ENABLED,59,1900,1900,N/A,ENABLED,59,1900,1900,N/A,ENABLED,48,1520,1520,N/A,ENABLED,48,1520,1520,N/A,ENABLED,48,1520,1520,N/A,ENABLED,48,1520,1520,N/A,ENABLED,1250,1250,1250,N/A,DISABLED,38,1200,1200,N/A,ENABLED,N/A,43,29

1789726580,0,0,0,N/A,"['N/A', 'N/A', 'N/A', 'N/A']","['N/A', 'N/A', 'N/A', 'N/A', 'N/A', 'N/A', 'N/A', 'N/A', 'N/A', 'N/A', 'N/A', 'N/A', 'N/A', 'N/A', 'N/A', 'N/A', 'N/A', 'N/A', 'N/A', 'N/A', 'N/A', 'N/A', 'N/A', 'N/A', 'N/A', 'N/A', 'N/A', 'N/A', 'N/A', 'N/A', 'N/A', 'N/A']","[0, 0, 0, 0, 0, 0, 0, 0]","[0, 0, 0, 0, 0, 0, 0, 0, 0, 0, 0, 0, 0, 0, 0, 0, 0, 0, 0, 0, 0, 0, 0, 0, 0, 0, 0, 0, 0, 0, 0, 0, 0, 0, 0, 0, 0, 0, 0, 0]","[0, 0, 0, 0]",228,N/A,N/A,N/A,N/A,ENABLED,157,500,2400,DISABLED,ENABLED,158,500,2400,DISABLED,ENABLED,158,500,2400,DISABLED,ENABLED,159,500,2400,DISABLED,ENABLED,158,500,2400,DISABLED,ENABLED,158,500,2400,DISABLED,ENABLED,157,500,2400,DISABLED,ENABLED,158,500,2400,DISABLED,ENABLED,1900,1900,1900,N/A,DISABLED,59,1900,1900,N/A,ENABLED,59,1900,1900,N/A,ENABLED,59,1900,1900,N/A,ENABLED,59,1900,1900,N/A,ENABLED,48,1520,1520,N/A,ENABLED,48,1520,1520,N/A,ENABLED,48,1520,1520,N/A,ENABLED,48,1520,1520,N/A,ENABLED,1250,1250,1250,N/A,DISABLED,38,1200,1200,N/A,ENABLED,N/A,42,28
1789726580,1,0,0,N/A,"['N/A', 'N/A', 'N/A', 'N/A']","['N/A', 'N/A', 'N/A', 'N/A', 'N/A', 'N/A', 'N/A', 'N/A', 'N/A', 'N/A', 'N/A', 'N/A', 'N/A', 'N/A', 'N/A', 'N/A', 'N/A', 'N/A', 'N/A', 'N/A', 'N/A', 'N/A', 'N/A', 'N/A', 'N/A', 'N/A', 'N/A', 'N/A', 'N/A', 'N/A', 'N/A', 'N/A']","[0, 0, 0, 0, 0, 0, 0, 0]","[0, 0, 0, 0, 0, 0, 0, 0, 0, 0, 0, 0, 0, 0, 0, 0, 0, 0, 0, 0, 0, 0, 0, 0, 0, 0, 0, 0, 0, 0, 0, 0, 0, 0, 0, 0, 0, 0, 0, 0]","[0, 0, 0, 0]",232,N/A,N/A,N/A,N/A,ENABLED,157,500,2400,DISABLED,ENABLED,158,500,2400,DISABLED,ENABLED,157,500,2400,DISABLED,ENABLED,158,500,2400,DISABLED,ENABLED,158,500,2400,DISABLED,ENABLED,157,500,2400,DISABLED,ENABLED,157,500,2400,DISABLED,ENABLED,157,500,2400,DISABLED,ENABLED,1900,1900,1900,N/A,DISABLED,59,1900,1900,N/A,ENABLED,59,1900,1900,N/A,ENABLED,59,1900,1900,N/A,ENABLED,59,1900,1900,N/A,ENABLED,48,1520,1520,N/A,ENABLED,48,1520,1520,N/A,ENABLED,48,1520,1520,N/A,ENABLED,48,1520,1520,N/A,ENABLED,1250,1250,1250,N/A,DISABLED,38,1200,1200,N/A,ENABLED,N/A,41,28
1789726580,2,0,0,N/A,"['N/A', 'N/A', 'N/A', 'N/A']","['N/A', 'N/A', 'N/A', 'N/A', 'N/A', 'N/A', 'N/A', 'N/A', 'N/A', 'N/A', 'N/A', 'N/A', 'N/A', 'N/A', 'N/A', 'N/A', 'N/A', 'N/A', 'N/A', 'N/A', 'N/A', 'N/A', 'N/A', 'N/A', 'N/A', 'N/A', 'N/A', 'N/A', 'N/A', 'N/A', 'N/A', 'N/A']","[0, 0, 0, 0, 0, 0, 0, 0]","[0, 0, 0, 0, 0, 0, 0, 0, 0, 0, 0, 0, 0, 0, 0, 0, 0, 0, 0, 0, 0, 0, 0, 0, 0, 0, 0, 0, 0, 0, 0, 0, 0, 0, 0, 0, 0, 0, 0, 0]","[0, 0, 0, 0]",221,N/A,N/A,N/A,N/A,ENABLED,157,500,2400,DISABLED,ENABLED,157,500,2400,DISABLED,ENABLED,157,500,2400,DISABLED,ENABLED,158,500,2400,DISABLED,ENABLED,162,500,2400,DISABLED,ENABLED,163,500,2400,DISABLED,ENABLED,158,500,2400,DISABLED,ENABLED,158,500,2400,DISABLED,ENABLED,1900,1900,1900,N/A,DISABLED,59,1900,1900,N/A,ENABLED,59,1900,1900,N/A,ENABLED,59,1900,1900,N/A,ENABLED,59,1900,1900,N/A,ENABLED,48,1520,1520,N/A,ENABLED,48,1520,1520,N/A,ENABLED,48,1520,1520,N/A,ENABLED,48,1520,1520,N/A,ENABLED,1250,1250,1250,N/A,DISABLED,38,1200,1200,N/A,ENABLED,N/A,43,28
1789726580,3,0,0,N/A,"['N/A', 'N/A', 'N/A', 'N/A']","['N/A', 'N/A', 'N/A', 'N/A', 'N/A', 'N/A', 'N/A', 'N/A', 'N/A', 'N/A', 'N/A', 'N/A', 'N/A', 'N/A', 'N/A', 'N/A', 'N/A', 'N/A', 'N/A', 'N/A', 'N/A', 'N/A', 'N/A', 'N/A', 'N/A', 'N/A', 'N/A', 'N/A', 'N/A', 'N/A', 'N/A', 'N/A']","[0, 0, 0, 0, 0, 0, 0, 0]","[0, 0, 0, 0, 0, 0, 0, 0, 0, 0, 0, 0, 0, 0, 0, 0, 0, 0, 0, 0, 0, 0, 0, 0, 0, 0, 0, 0, 0, 0, 0, 0, 0, 0, 0, 0, 0, 0, 0, 0]","[0, 0, 0, 0]",280,N/A,N/A,N/A,N/A,ENABLED,2386,500,2400,DISABLED,DISABLED,2407,500,2400,DISABLED,DISABLED,2391,500,2400,DISABLED,DISABLED,2390,500,2400,DISABLED,DISABLED,2393,500,2400,DISABLED,DISABLED,2393,500,2400,DISABLED,DISABLED,2387,500,2400,DISABLED,DISABLED,2397,500,2400,DISABLED,DISABLED,1900,1900,1900,N/A,DISABLED,59,1900,1900,N/A,ENABLED,59,1900,1900,N/A,ENABLED,59,1900,1900,N/A,ENABLED,59,1900,1900,N/A,ENABLED,48,1520,1520,N/A,ENABLED,48,1520,1520,N/A,ENABLED,48,1520,1520,N/A,ENABLED,48,1520,1520,N/A,ENABLED,1250,1250,1250,N/A,DISABLED,38,1200,1200,N/A,ENABLED,N/A,43,29

1789726581,0,0,0,N/A,"['N/A', 'N/A', 'N/A', 'N/A']","['N/A', 'N/A', 'N/A', 'N/A', 'N/A', 'N/A', 'N/A', 'N/A', 'N/A', 'N/A', 'N/A', 'N/A', 'N/A', 'N/A', 'N/A', 'N/A', 'N/A', 'N/A', 'N/A', 'N/A', 'N/A', 'N/A', 'N/A', 'N/A', 'N/A', 'N/A', 'N/A', 'N/A', 'N/A', 'N/A', 'N/A', 'N/A']","[0, 0, 0, 0, 0, 0, 0, 0]","[0, 0, 0, 0, 0, 0, 0, 0, 0, 0, 0, 0, 0, 0, 0, 0, 0, 0, 0, 0, 0, 0, 0, 0, 0, 0, 0, 0, 0, 0, 0, 0, 0, 0, 0, 0, 0, 0, 0, 0]","[0, 0, 0, 0]",228,N/A,N/A,N/A,N/A,ENABLED,157,500,2400,DISABLED,ENABLED,157,500,2400,DISABLED,ENABLED,157,500,2400,DISABLED,ENABLED,158,500,2400,DISABLED,ENABLED,157,500,2400,DISABLED,ENABLED,158,500,2400,DISABLED,ENABLED,156,500,2400,DISABLED,ENABLED,157,500,2400,DISABLED,ENABLED,1900,1900,1900,N/A,DISABLED,59,1900,1900,N/A,ENABLED,59,1900,1900,N/A,ENABLED,59,1900,1900,N/A,ENABLED,59,1900,1900,N/A,ENABLED,48,1520,1520,N/A,ENABLED,48,1520,1520,N/A,ENABLED,48,1520,1520,N/A,ENABLED,48,1520,1520,N/A,ENABLED,1250,1250,1250,N/A,DISABLED,38,1200,1200,N/A,ENABLED,N/A,42,28
1789726581,1,0,0,N/A,"['N/A', 'N/A', 'N/A', 'N/A']","['N/A', 'N/A', 'N/A', 'N/A', 'N/A', 'N/A', 'N/A', 'N/A', 'N/A', 'N/A', 'N/A', 'N/A', 'N/A', 'N/A', 'N/A', 'N/A', 'N/A', 'N/A', 'N/A', 'N/A', 'N/A', 'N/A', 'N/A', 'N/A', 'N/A', 'N/A', 'N/A', 'N/A', 'N/A', 'N/A', 'N/A', 'N/A']","[0, 0, 0, 0, 0, 0, 0, 0]","[0, 0, 0, 0, 0, 0, 0, 0, 0, 0, 0, 0, 0, 0, 0, 0, 0, 0, 0, 0, 0, 0, 0, 0, 0, 0, 0, 0, 0, 0, 0, 0, 0, 0, 0, 0, 0, 0, 0, 0]","[0, 0, 0, 0]",232,N/A,N/A,N/A,N/A,ENABLED,156,500,2400,DISABLED,ENABLED,158,500,2400,DISABLED,ENABLED,156,500,2400,DISABLED,ENABLED,157,500,2400,DISABLED,ENABLED,157,500,2400,DISABLED,ENABLED,157,500,2400,DISABLED,ENABLED,156,500,2400,DISABLED,ENABLED,156,500,2400,DISABLED,ENABLED,1900,1900,1900,N/A,DISABLED,59,1900,1900,N/A,ENABLED,59,1900,1900,N/A,ENABLED,59,1900,1900,N/A,ENABLED,59,1900,1900,N/A,ENABLED,48,1520,1520,N/A,ENABLED,48,1520,1520,N/A,ENABLED,48,1520,1520,N/A,ENABLED,48,1520,1520,N/A,ENABLED,1250,1250,1250,N/A,DISABLED,38,1200,1200,N/A,ENABLED,N/A,41,28
1789726581,2,0,0,N/A,"['N/A', 'N/A', 'N/A', 'N/A']","['N/A', 'N/A', 'N/A', 'N/A', 'N/A', 'N/A', 'N/A', 'N/A', 'N/A', 'N/A', 'N/A', 'N/A', 'N/A', 'N/A', 'N/A', 'N/A', 'N/A', 'N/A', 'N/A', 'N/A', 'N/A', 'N/A', 'N/A', 'N/A', 'N/A', 'N/A', 'N/A', 'N/A', 'N/A', 'N/A', 'N/A', 'N/A']","[0, 0, 0, 0, 0, 0, 0, 0]","[0, 0, 0, 0, 0, 0, 0, 0, 0, 0, 0, 0, 0, 0, 0, 0, 0, 0, 0, 0, 0, 0, 0, 0, 0, 0, 0, 0, 0, 0, 0, 0, 0, 0, 0, 0, 0, 0, 0, 0]","[0, 0, 0, 0]",222,N/A,N/A,N/A,N/A,ENABLED,156,500,2400,DISABLED,ENABLED,157,500,2400,DISABLED,ENABLED,156,500,2400,DISABLED,ENABLED,158,500,2400,DISABLED,ENABLED,158,500,2400,DISABLED,ENABLED,159,500,2400,DISABLED,ENABLED,157,500,2400,DISABLED,ENABLED,158,500,2400,DISABLED,ENABLED,1900,1900,1900,N/A,DISABLED,59,1900,1900,N/A,ENABLED,59,1900,1900,N/A,ENABLED,59,1900,1900,N/A,ENABLED,59,1900,1900,N/A,ENABLED,48,1520,1520,N/A,ENABLED,48,1520,1520,N/A,ENABLED,48,1520,1520,N/A,ENABLED,48,1520,1520,N/A,ENABLED,1250,1250,1250,N/A,DISABLED,38,1200,1200,N/A,ENABLED,N/A,43,28
1789726581,3,0,0,N/A,"['N/A', 'N/A', 'N/A', 'N/A']","['N/A', 'N/A', 'N/A', 'N/A', 'N/A', 'N/A', 'N/A', 'N/A', 'N/A', 'N/A', 'N/A', 'N/A', 'N/A', 'N/A', 'N/A', 'N/A', 'N/A', 'N/A', 'N/A', 'N/A', 'N/A', 'N/A', 'N/A', 'N/A', 'N/A', 'N/A', 'N/A', 'N/A', 'N/A', 'N/A', 'N/A', 'N/A']","[0, 0, 0, 0, 0, 0, 0, 0]","[0, 0, 0, 0, 0, 0, 0, 0, 0, 0, 0, 0, 0, 0, 0, 0, 0, 0, 0, 0, 0, 0, 0, 0, 0, 0, 0, 0, 0, 0, 0, 0, 0, 0, 0, 0, 0, 0, 0, 0]","[0, 0, 0, 0]",281,N/A,N/A,N/A,N/A,ENABLED,2386,500,2400,DISABLED,DISABLED,2407,500,2400,DISABLED,DISABLED,2390,500,2400,DISABLED,DISABLED,2390,500,2400,DISABLED,DISABLED,2393,500,2400,DISABLED,DISABLED,2394,500,2400,DISABLED,DISABLED,2387,500,2400,DISABLED,DISABLED,2397,500,2400,DISABLED,DISABLED,1900,1900,1900,N/A,DISABLED,59,1900,1900,N/A,ENABLED,59,1900,1900,N/A,ENABLED,59,1900,1900,N/A,ENABLED,59,1900,1900,N/A,ENABLED,48,1520,1520,N/A,ENABLED,48,1520,1520,N/A,ENABLED,48,1520,1520,N/A,ENABLED,48,1520,1520,N/A,ENABLED,1250,1250,1250,N/A,DISABLED,38,1200,1200,N/A,ENABLED,N/A,43,29

1789726582,0,0,0,N/A,"['N/A', 'N/A', 'N/A', 'N/A']","['N/A', 'N/A', 'N/A', 'N/A', 'N/A', 'N/A', 'N/A', 'N/A', 'N/A', 'N/A', 'N/A', 'N/A', 'N/A', 'N/A', 'N/A', 'N/A', 'N/A', 'N/A', 'N/A', 'N/A', 'N/A', 'N/A', 'N/A', 'N/A', 'N/A', 'N/A', 'N/A', 'N/A', 'N/A', 'N/A', 'N/A', 'N/A']","[0, 0, 0, 0, 0, 0, 0, 0]","[0, 0, 0, 0, 0, 0, 0, 0, 0, 0, 0, 0, 0, 0, 0, 0, 0, 0, 0, 0, 0, 0, 0, 0, 0, 0, 0, 0, 0, 0, 0, 0, 0, 0, 0, 0, 0, 0, 0, 0]","[0, 0, 0, 0]",228,N/A,N/A,N/A,N/A,ENABLED,157,500,2400,DISABLED,ENABLED,157,500,2400,DISABLED,ENABLED,157,500,2400,DISABLED,ENABLED,158,500,2400,DISABLED,ENABLED,157,500,2400,DISABLED,ENABLED,158,500,2400,DISABLED,ENABLED,156,500,2400,DISABLED,ENABLED,157,500,2400,DISABLED,ENABLED,1900,1900,1900,N/A,DISABLED,59,1900,1900,N/A,ENABLED,59,1900,1900,N/A,ENABLED,59,1900,1900,N/A,ENABLED,59,1900,1900,N/A,ENABLED,48,1520,1520,N/A,ENABLED,48,1520,1520,N/A,ENABLED,48,1520,1520,N/A,ENABLED,48,1520,1520,N/A,ENABLED,1250,1250,1250,N/A,DISABLED,38,1200,1200,N/A,ENABLED,N/A,42,28
1789726582,1,0,0,N/A,"['N/A', 'N/A', 'N/A', 'N/A']","['N/A', 'N/A', 'N/A', 'N/A', 'N/A', 'N/A', 'N/A', 'N/A', 'N/A', 'N/A', 'N/A', 'N/A', 'N/A', 'N/A', 'N/A', 'N/A', 'N/A', 'N/A', 'N/A', 'N/A', 'N/A', 'N/A', 'N/A', 'N/A', 'N/A', 'N/A', 'N/A', 'N/A', 'N/A', 'N/A', 'N/A', 'N/A']","[0, 0, 0, 0, 0, 0, 0, 0]","[0, 0, 0, 0, 0, 0, 0, 0, 0, 0, 0, 0, 0, 0, 0, 0, 0, 0, 0, 0, 0, 0, 0, 0, 0, 0, 0, 0, 0, 0, 0, 0, 0, 0, 0, 0, 0, 0, 0, 0]","[0, 0, 0, 0]",232,N/A,N/A,N/A,N/A,ENABLED,156,500,2400,DISABLED,ENABLED,158,500,2400,DISABLED,ENABLED,156,500,2400,DISABLED,ENABLED,157,500,2400,DISABLED,ENABLED,157,500,2400,DISABLED,ENABLED,157,500,2400,DISABLED,ENABLED,156,500,2400,DISABLED,ENABLED,156,500,2400,DISABLED,ENABLED,1900,1900,1900,N/A,DISABLED,59,1900,1900,N/A,ENABLED,59,1900,1900,N/A,ENABLED,59,1900,1900,N/A,ENABLED,59,1900,1900,N/A,ENABLED,48,1520,1520,N/A,ENABLED,48,1520,1520,N/A,ENABLED,48,1520,1520,N/A,ENABLED,48,1520,1520,N/A,ENABLED,1250,1250,1250,N/A,DISABLED,38,1200,1200,N/A,ENABLED,N/A,41,28
1789726582,2,0,0,N/A,"['N/A', 'N/A', 'N/A', 'N/A']","['N/A', 'N/A', 'N/A', 'N/A', 'N/A', 'N/A', 'N/A', 'N/A', 'N/A', 'N/A', 'N/A', 'N/A', 'N/A', 'N/A', 'N/A', 'N/A', 'N/A', 'N/A', 'N/A', 'N/A', 'N/A', 'N/A', 'N/A', 'N/A', 'N/A', 'N/A', 'N/A', 'N/A', 'N/A', 'N/A', 'N/A', 'N/A']","[0, 0, 0, 0, 0, 0, 0, 0]","[0, 0, 0, 0, 0, 0, 0, 0, 0, 0, 0, 0, 0, 0, 0, 0, 0, 0, 0, 0, 0, 0, 0, 0, 0, 0, 0, 0, 0, 0, 0, 0, 0, 0, 0, 0, 0, 0, 0, 0]","[0, 0, 0, 0]",222,N/A,N/A,N/A,N/A,ENABLED,156,500,2400,DISABLED,ENABLED,157,500,2400,DISABLED,ENABLED,156,500,2400,DISABLED,ENABLED,158,500,2400,DISABLED,ENABLED,159,500,2400,DISABLED,ENABLED,159,500,2400,DISABLED,ENABLED,157,500,2400,DISABLED,ENABLED,157,500,2400,DISABLED,ENABLED,1900,1900,1900,N/A,DISABLED,59,1900,1900,N/A,ENABLED,59,1900,1900,N/A,ENABLED,59,1900,1900,N/A,ENABLED,59,1900,1900,N/A,ENABLED,48,1520,1520,N/A,ENABLED,48,1520,1520,N/A,ENABLED,48,1520,1520,N/A,ENABLED,48,1520,1520,N/A,ENABLED,1250,1250,1250,N/A,DISABLED,38,1200,1200,N/A,ENABLED,N/A,43,28
1789726582,3,0,0,N/A,"['N/A', 'N/A', 'N/A', 'N/A']","['N/A', 'N/A', 'N/A', 'N/A', 'N/A', 'N/A', 'N/A', 'N/A', 'N/A', 'N/A', 'N/A', 'N/A', 'N/A', 'N/A', 'N/A', 'N/A', 'N/A', 'N/A', 'N/A', 'N/A', 'N/A', 'N/A', 'N/A', 'N/A', 'N/A', 'N/A', 'N/A', 'N/A', 'N/A', 'N/A', 'N/A', 'N/A']","[0, 0, 0, 0, 0, 0, 0, 0]","[0, 0, 0, 0, 0, 0, 0, 0, 0, 0, 0, 0, 0, 0, 0, 0, 0, 0, 0, 0, 0, 0, 0, 0, 0, 0, 0, 0, 0, 0, 0, 0, 0, 0, 0, 0, 0, 0, 0, 0]","[0, 0, 0, 0]",281,N/A,N/A,N/A,N/A,ENABLED,2386,500,2400,DISABLED,DISABLED,2408,500,2400,DISABLED,DISABLED,2391,500,2400,DISABLED,DISABLED,2391,500,2400,DISABLED,DISABLED,2393,500,2400,DISABLED,DISABLED,2393,500,2400,DISABLED,DISABLED,2388,500,2400,DISABLED,DISABLED,2397,500,2400,DISABLED,DISABLED,1900,1900,1900,N/A,DISABLED,59,1900,1900,N/A,ENABLED,59,1900,1900,N/A,ENABLED,59,1900,1900,N/A,ENABLED,59,1900,1900,N/A,ENABLED,48,1520,1520,N/A,ENABLED,48,1520,1520,N/A,ENABLED,48,1520,1520,N/A,ENABLED,48,1520,1520,N/A,ENABLED,1250,1250,1250,N/A,DISABLED,38,1200,1200,N/A,ENABLED,N/A,43,29

1789726583,0,0,0,N/A,"['N/A', 'N/A', 'N/A', 'N/A']","['N/A', 'N/A', 'N/A', 'N/A', 'N/A', 'N/A', 'N/A', 'N/A', 'N/A', 'N/A', 'N/A', 'N/A', 'N/A', 'N/A', 'N/A', 'N/A', 'N/A', 'N/A', 'N/A', 'N/A', 'N/A', 'N/A', 'N/A', 'N/A', 'N/A', 'N/A', 'N/A', 'N/A', 'N/A', 'N/A', 'N/A', 'N/A']","[0, 0, 0, 0, 0, 0, 0, 0]","[0, 0, 0, 0, 0, 0, 0, 0, 0, 0, 0, 0, 0, 0, 0, 0, 0, 0, 0, 0, 0, 0, 0, 0, 0, 0, 0, 0, 0, 0, 0, 0, 0, 0, 0, 0, 0, 0, 0, 0]","[0, 0, 0, 0]",228,N/A,N/A,N/A,N/A,ENABLED,157,500,2400,DISABLED,ENABLED,157,500,2400,DISABLED,ENABLED,157,500,2400,DISABLED,ENABLED,158,500,2400,DISABLED,ENABLED,157,500,2400,DISABLED,ENABLED,158,500,2400,DISABLED,ENABLED,156,500,2400,DISABLED,ENABLED,157,500,2400,DISABLED,ENABLED,1900,1900,1900,N/A,DISABLED,59,1900,1900,N/A,ENABLED,59,1900,1900,N/A,ENABLED,59,1900,1900,N/A,ENABLED,59,1900,1900,N/A,ENABLED,48,1520,1520,N/A,ENABLED,48,1520,1520,N/A,ENABLED,48,1520,1520,N/A,ENABLED,48,1520,1520,N/A,ENABLED,1250,1250,1250,N/A,DISABLED,38,1200,1200,N/A,ENABLED,N/A,42,28
1789726583,1,0,0,N/A,"['N/A', 'N/A', 'N/A', 'N/A']","['N/A', 'N/A', 'N/A', 'N/A', 'N/A', 'N/A', 'N/A', 'N/A', 'N/A', 'N/A', 'N/A', 'N/A', 'N/A', 'N/A', 'N/A', 'N/A', 'N/A', 'N/A', 'N/A', 'N/A', 'N/A', 'N/A', 'N/A', 'N/A', 'N/A', 'N/A', 'N/A', 'N/A', 'N/A', 'N/A', 'N/A', 'N/A']","[0, 0, 0, 0, 0, 0, 0, 0]","[0, 0, 0, 0, 0, 0, 0, 0, 0, 0, 0, 0, 0, 0, 0, 0, 0, 0, 0, 0, 0, 0, 0, 0, 0, 0, 0, 0, 0, 0, 0, 0, 0, 0, 0, 0, 0, 0, 0, 0]","[0, 0, 0, 0]",232,N/A,N/A,N/A,N/A,ENABLED,156,500,2400,DISABLED,ENABLED,158,500,2400,DISABLED,ENABLED,156,500,2400,DISABLED,ENABLED,157,500,2400,DISABLED,ENABLED,157,500,2400,DISABLED,ENABLED,157,500,2400,DISABLED,ENABLED,156,500,2400,DISABLED,ENABLED,156,500,2400,DISABLED,ENABLED,1900,1900,1900,N/A,DISABLED,59,1900,1900,N/A,ENABLED,59,1900,1900,N/A,ENABLED,59,1900,1900,N/A,ENABLED,59,1900,1900,N/A,ENABLED,48,1520,1520,N/A,ENABLED,48,1520,1520,N/A,ENABLED,48,1520,1520,N/A,ENABLED,48,1520,1520,N/A,ENABLED,1250,1250,1250,N/A,DISABLED,38,1200,1200,N/A,ENABLED,N/A,41,28
1789726583,2,0,0,N/A,"['N/A', 'N/A', 'N/A', 'N/A']","['N/A', 'N/A', 'N/A', 'N/A', 'N/A', 'N/A', 'N/A', 'N/A', 'N/A', 'N/A', 'N/A', 'N/A', 'N/A', 'N/A', 'N/A', 'N/A', 'N/A', 'N/A', 'N/A', 'N/A', 'N/A', 'N/A', 'N/A', 'N/A', 'N/A', 'N/A', 'N/A', 'N/A', 'N/A', 'N/A', 'N/A', 'N/A']","[0, 0, 0, 0, 0, 0, 0, 0]","[0, 0, 0, 0, 0, 0, 0, 0, 0, 0, 0, 0, 0, 0, 0, 0, 0, 0, 0, 0, 0, 0, 0, 0, 0, 0, 0, 0, 0, 0, 0, 0, 0, 0, 0, 0, 0, 0, 0, 0]","[0, 0, 0, 0]",221,N/A,N/A,N/A,N/A,ENABLED,156,500,2400,DISABLED,ENABLED,156,500,2400,DISABLED,ENABLED,156,500,2400,DISABLED,ENABLED,158,500,2400,DISABLED,ENABLED,159,500,2400,DISABLED,ENABLED,160,500,2400,DISABLED,ENABLED,157,500,2400,DISABLED,ENABLED,157,500,2400,DISABLED,ENABLED,1900,1900,1900,N/A,DISABLED,59,1900,1900,N/A,ENABLED,59,1900,1900,N/A,ENABLED,59,1900,1900,N/A,ENABLED,59,1900,1900,N/A,ENABLED,48,1520,1520,N/A,ENABLED,48,1520,1520,N/A,ENABLED,48,1520,1520,N/A,ENABLED,48,1520,1520,N/A,ENABLED,1250,1250,1250,N/A,DISABLED,38,1200,1200,N/A,ENABLED,N/A,43,28
1789726583,3,0,0,N/A,"['N/A', 'N/A', 'N/A', 'N/A']","['N/A', 'N/A', 'N/A', 'N/A', 'N/A', 'N/A', 'N/A', 'N/A', 'N/A', 'N/A', 'N/A', 'N/A', 'N/A', 'N/A', 'N/A', 'N/A', 'N/A', 'N/A', 'N/A', 'N/A', 'N/A', 'N/A', 'N/A', 'N/A', 'N/A', 'N/A', 'N/A', 'N/A', 'N/A', 'N/A', 'N/A', 'N/A']","[0, 0, 0, 0, 0, 0, 0, 0]","[0, 0, 0, 0, 0, 0, 0, 0, 0, 0, 0, 0, 0, 0, 0, 0, 0, 0, 0, 0, 0, 0, 0, 0, 0, 0, 0, 0, 0, 0, 0, 0, 0, 0, 0, 0, 0, 0, 0, 0]","[0, 0, 0, 0]",281,N/A,N/A,N/A,N/A,ENABLED,2385,500,2400,DISABLED,DISABLED,2407,500,2400,DISABLED,DISABLED,2390,500,2400,DISABLED,DISABLED,2389,500,2400,DISABLED,DISABLED,2394,500,2400,DISABLED,DISABLED,2394,500,2400,DISABLED,DISABLED,2387,500,2400,DISABLED,DISABLED,2396,500,2400,DISABLED,DISABLED,1900,1900,1900,N/A,DISABLED,59,1900,1900,N/A,ENABLED,59,1900,1900,N/A,ENABLED,59,1900,1900,N/A,ENABLED,59,1900,1900,N/A,ENABLED,48,1520,1520,N/A,ENABLED,48,1520,1520,N/A,ENABLED,48,1520,1520,N/A,ENABLED,48,1520,1520,N/A,ENABLED,1250,1250,1250,N/A,DISABLED,38,1200,1200,N/A,ENABLED,N/A,43,29

1789726584,0,0,0,N/A,"['N/A', 'N/A', 'N/A', 'N/A']","['N/A', 'N/A', 'N/A', 'N/A', 'N/A', 'N/A', 'N/A', 'N/A', 'N/A', 'N/A', 'N/A', 'N/A', 'N/A', 'N/A', 'N/A', 'N/A', 'N/A', 'N/A', 'N/A', 'N/A', 'N/A', 'N/A', 'N/A', 'N/A', 'N/A', 'N/A', 'N/A', 'N/A', 'N/A', 'N/A', 'N/A', 'N/A']","[0, 0, 0, 0, 0, 0, 0, 0]","[0, 0, 0, 0, 0, 0, 0, 0, 0, 0, 0, 0, 0, 0, 0, 0, 0, 0, 0, 0, 0, 0, 0, 0, 0, 0, 0, 0, 0, 0, 0, 0, 0, 0, 0, 0, 0, 0, 0, 0]","[0, 0, 0, 0]",228,N/A,N/A,N/A,N/A,ENABLED,157,500,2400,DISABLED,ENABLED,157,500,2400,DISABLED,ENABLED,157,500,2400,DISABLED,ENABLED,158,500,2400,DISABLED,ENABLED,157,500,2400,DISABLED,ENABLED,158,500,2400,DISABLED,ENABLED,156,500,2400,DISABLED,ENABLED,157,500,2400,DISABLED,ENABLED,1900,1900,1900,N/A,DISABLED,59,1900,1900,N/A,ENABLED,59,1900,1900,N/A,ENABLED,59,1900,1900,N/A,ENABLED,59,1900,1900,N/A,ENABLED,48,1520,1520,N/A,ENABLED,48,1520,1520,N/A,ENABLED,48,1520,1520,N/A,ENABLED,48,1520,1520,N/A,ENABLED,1250,1250,1250,N/A,DISABLED,38,1200,1200,N/A,ENABLED,N/A,42,28
1789726584,1,0,0,N/A,"['N/A', 'N/A', 'N/A', 'N/A']","['N/A', 'N/A', 'N/A', 'N/A', 'N/A', 'N/A', 'N/A', 'N/A', 'N/A', 'N/A', 'N/A', 'N/A', 'N/A', 'N/A', 'N/A', 'N/A', 'N/A', 'N/A', 'N/A', 'N/A', 'N/A', 'N/A', 'N/A', 'N/A', 'N/A', 'N/A', 'N/A', 'N/A', 'N/A', 'N/A', 'N/A', 'N/A']","[0, 0, 0, 0, 0, 0, 0, 0]","[0, 0, 0, 0, 0, 0, 0, 0, 0, 0, 0, 0, 0, 0, 0, 0, 0, 0, 0, 0, 0, 0, 0, 0, 0, 0, 0, 0, 0, 0, 0, 0, 0, 0, 0, 0, 0, 0, 0, 0]","[0, 0, 0, 0]",232,N/A,N/A,N/A,N/A,ENABLED,156,500,2400,DISABLED,ENABLED,157,500,2400,DISABLED,ENABLED,156,500,2400,DISABLED,ENABLED,157,500,2400,DISABLED,ENABLED,157,500,2400,DISABLED,ENABLED,157,500,2400,DISABLED,ENABLED,156,500,2400,DISABLED,ENABLED,156,500,2400,DISABLED,ENABLED,1900,1900,1900,N/A,DISABLED,59,1900,1900,N/A,ENABLED,59,1900,1900,N/A,ENABLED,59,1900,1900,N/A,ENABLED,59,1900,1900,N/A,ENABLED,48,1520,1520,N/A,ENABLED,48,1520,1520,N/A,ENABLED,48,1520,1520,N/A,ENABLED,48,1520,1520,N/A,ENABLED,1250,1250,1250,N/A,DISABLED,38,1200,1200,N/A,ENABLED,N/A,41,28
1789726584,2,0,0,N/A,"['N/A', 'N/A', 'N/A', 'N/A']","['N/A', 'N/A', 'N/A', 'N/A', 'N/A', 'N/A', 'N/A', 'N/A', 'N/A', 'N/A', 'N/A', 'N/A', 'N/A', 'N/A', 'N/A', 'N/A', 'N/A', 'N/A', 'N/A', 'N/A', 'N/A', 'N/A', 'N/A', 'N/A', 'N/A', 'N/A', 'N/A', 'N/A', 'N/A', 'N/A', 'N/A', 'N/A']","[0, 0, 0, 0, 0, 0, 0, 0]","[0, 0, 0, 0, 0, 0, 0, 0, 0, 0, 0, 0, 0, 0, 0, 0, 0, 0, 0, 0, 0, 0, 0, 0, 0, 0, 0, 0, 0, 0, 0, 0, 0, 0, 0, 0, 0, 0, 0, 0]","[0, 0, 0, 0]",221,N/A,N/A,N/A,N/A,ENABLED,156,500,2400,DISABLED,ENABLED,157,500,2400,DISABLED,ENABLED,156,500,2400,DISABLED,ENABLED,158,500,2400,DISABLED,ENABLED,167,500,2400,DISABLED,ENABLED,167,500,2400,DISABLED,ENABLED,157,500,2400,DISABLED,ENABLED,157,500,2400,DISABLED,ENABLED,1900,1900,1900,N/A,DISABLED,59,1900,1900,N/A,ENABLED,59,1900,1900,N/A,ENABLED,59,1900,1900,N/A,ENABLED,59,1900,1900,N/A,ENABLED,48,1520,1520,N/A,ENABLED,48,1520,1520,N/A,ENABLED,48,1520,1520,N/A,ENABLED,48,1520,1520,N/A,ENABLED,1250,1250,1250,N/A,DISABLED,38,1200,1200,N/A,ENABLED,N/A,43,28
1789726584,3,0,0,N/A,"['N/A', 'N/A', 'N/A', 'N/A']","['N/A', 'N/A', 'N/A', 'N/A', 'N/A', 'N/A', 'N/A', 'N/A', 'N/A', 'N/A', 'N/A', 'N/A', 'N/A', 'N/A', 'N/A', 'N/A', 'N/A', 'N/A', 'N/A', 'N/A', 'N/A', 'N/A', 'N/A', 'N/A', 'N/A', 'N/A', 'N/A', 'N/A', 'N/A', 'N/A', 'N/A', 'N/A']","[0, 0, 0, 0, 0, 0, 0, 0]","[0, 0, 0, 0, 0, 0, 0, 0, 0, 0, 0, 0, 0, 0, 0, 0, 0, 0, 0, 0, 0, 0, 0, 0, 0, 0, 0, 0, 0, 0, 0, 0, 0, 0, 0, 0, 0, 0, 0, 0]","[0, 0, 0, 0]",281,N/A,N/A,N/A,N/A,ENABLED,2387,500,2400,DISABLED,DISABLED,2408,500,2400,DISABLED,DISABLED,2390,500,2400,DISABLED,DISABLED,2389,500,2400,DISABLED,DISABLED,2394,500,2400,DISABLED,DISABLED,2393,500,2400,DISABLED,DISABLED,2387,500,2400,DISABLED,DISABLED,2396,500,2400,DISABLED,DISABLED,1900,1900,1900,N/A,DISABLED,59,1900,1900,N/A,ENABLED,59,1900,1900,N/A,ENABLED,59,1900,1900,N/A,ENABLED,59,1900,1900,N/A,ENABLED,48,1520,1520,N/A,ENABLED,48,1520,1520,N/A,ENABLED,48,1520,1520,N/A,ENABLED,48,1520,1520,N/A,ENABLED,1250,1250,1250,N/A,DISABLED,38,1200,1200,N/A,ENABLED,N/A,43,29

1789726585,0,0,0,N/A,"['N/A', 'N/A', 'N/A', 'N/A']","['N/A', 'N/A', 'N/A', 'N/A', 'N/A', 'N/A', 'N/A', 'N/A', 'N/A', 'N/A', 'N/A', 'N/A', 'N/A', 'N/A', 'N/A', 'N/A', 'N/A', 'N/A', 'N/A', 'N/A', 'N/A', 'N/A', 'N/A', 'N/A', 'N/A', 'N/A', 'N/A', 'N/A', 'N/A', 'N/A', 'N/A', 'N/A']","[0, 0, 0, 0, 0, 0, 0, 0]","[0, 0, 0, 0, 0, 0, 0, 0, 0, 0, 0, 0, 0, 0, 0, 0, 0, 0, 0, 0, 0, 0, 0, 0, 0, 0, 0, 0, 0, 0, 0, 0, 0, 0, 0, 0, 0, 0, 0, 0]","[0, 0, 0, 0]",218,N/A,N/A,N/A,N/A,ENABLED,94,500,2400,DISABLED,ENABLED,95,500,2400,DISABLED,ENABLED,95,500,2400,DISABLED,ENABLED,95,500,2400,DISABLED,ENABLED,94,500,2400,DISABLED,ENABLED,94,500,2400,DISABLED,ENABLED,94,500,2400,DISABLED,ENABLED,95,500,2400,DISABLED,ENABLED,1900,1900,1900,N/A,DISABLED,59,1900,1900,N/A,ENABLED,59,1900,1900,N/A,ENABLED,59,1900,1900,N/A,ENABLED,59,1900,1900,N/A,ENABLED,48,1520,1520,N/A,ENABLED,48,1520,1520,N/A,ENABLED,48,1520,1520,N/A,ENABLED,48,1520,1520,N/A,ENABLED,1250,1250,1250,N/A,DISABLED,38,1200,1200,N/A,ENABLED,N/A,42,28
1789726585,1,0,0,N/A,"['N/A', 'N/A', 'N/A', 'N/A']","['N/A', 'N/A', 'N/A', 'N/A', 'N/A', 'N/A', 'N/A', 'N/A', 'N/A', 'N/A', 'N/A', 'N/A', 'N/A', 'N/A', 'N/A', 'N/A', 'N/A', 'N/A', 'N/A', 'N/A', 'N/A', 'N/A', 'N/A', 'N/A', 'N/A', 'N/A', 'N/A', 'N/A', 'N/A', 'N/A', 'N/A', 'N/A']","[0, 0, 0, 0, 0, 0, 0, 0]","[0, 0, 0, 0, 0, 0, 0, 0, 0, 0, 0, 0, 0, 0, 0, 0, 0, 0, 0, 0, 0, 0, 0, 0, 0, 0, 0, 0, 0, 0, 0, 0, 0, 0, 0, 0, 0, 0, 0, 0]","[0, 0, 0, 0]",220,N/A,N/A,N/A,N/A,ENABLED,94,500,2400,DISABLED,ENABLED,95,500,2400,DISABLED,ENABLED,94,500,2400,DISABLED,ENABLED,95,500,2400,DISABLED,ENABLED,95,500,2400,DISABLED,ENABLED,95,500,2400,DISABLED,ENABLED,100,500,2400,DISABLED,ENABLED,100,500,2400,DISABLED,ENABLED,1900,1900,1900,N/A,DISABLED,59,1900,1900,N/A,ENABLED,59,1900,1900,N/A,ENABLED,59,1900,1900,N/A,ENABLED,59,1900,1900,N/A,ENABLED,48,1520,1520,N/A,ENABLED,48,1520,1520,N/A,ENABLED,48,1520,1520,N/A,ENABLED,48,1520,1520,N/A,ENABLED,1250,1250,1250,N/A,DISABLED,38,1200,1200,N/A,ENABLED,N/A,41,28
1789726585,2,0,0,N/A,"['N/A', 'N/A', 'N/A', 'N/A']","['N/A', 'N/A', 'N/A', 'N/A', 'N/A', 'N/A', 'N/A', 'N/A', 'N/A', 'N/A', 'N/A', 'N/A', 'N/A', 'N/A', 'N/A', 'N/A', 'N/A', 'N/A', 'N/A', 'N/A', 'N/A', 'N/A', 'N/A', 'N/A', 'N/A', 'N/A', 'N/A', 'N/A', 'N/A', 'N/A', 'N/A', 'N/A']","[0, 0, 0, 0, 0, 0, 0, 0]","[0, 0, 0, 0, 0, 0, 0, 0, 0, 0, 0, 0, 0, 0, 0, 0, 0, 0, 0, 0, 0, 0, 0, 0, 0, 0, 0, 0, 0, 0, 0, 0, 0, 0, 0, 0, 0, 0, 0, 0]","[0, 0, 0, 0]",211,N/A,N/A,N/A,N/A,ENABLED,93,500,2400,DISABLED,ENABLED,94,500,2400,DISABLED,ENABLED,94,500,2400,DISABLED,ENABLED,95,500,2400,DISABLED,ENABLED,95,500,2400,DISABLED,ENABLED,95,500,2400,DISABLED,ENABLED,114,500,2400,DISABLED,ENABLED,114,500,2400,DISABLED,ENABLED,1900,1900,1900,N/A,DISABLED,59,1900,1900,N/A,ENABLED,59,1900,1900,N/A,ENABLED,59,1900,1900,N/A,ENABLED,59,1900,1900,N/A,ENABLED,48,1520,1520,N/A,ENABLED,48,1520,1520,N/A,ENABLED,48,1520,1520,N/A,ENABLED,48,1520,1520,N/A,ENABLED,1250,1250,1250,N/A,DISABLED,38,1200,1200,N/A,ENABLED,N/A,43,28
1789726585,3,0,0,N/A,"['N/A', 'N/A', 'N/A', 'N/A']","['N/A', 'N/A', 'N/A', 'N/A', 'N/A', 'N/A', 'N/A', 'N/A', 'N/A', 'N/A', 'N/A', 'N/A', 'N/A', 'N/A', 'N/A', 'N/A', 'N/A', 'N/A', 'N/A', 'N/A', 'N/A', 'N/A', 'N/A', 'N/A', 'N/A', 'N/A', 'N/A', 'N/A', 'N/A', 'N/A', 'N/A', 'N/A']","[0, 0, 0, 0, 0, 0, 0, 0]","[0, 0, 0, 0, 0, 0, 0, 0, 0, 0, 0, 0, 0, 0, 0, 0, 0, 0, 0, 0, 0, 0, 0, 0, 0, 0, 0, 0, 0, 0, 0, 0, 0, 0, 0, 0, 0, 0, 0, 0]","[0, 0, 0, 0]",222,N/A,N/A,N/A,N/A,ENABLED,511,500,2400,DISABLED,DISABLED,511,500,2400,DISABLED,DISABLED,508,500,2400,DISABLED,DISABLED,512,500,2400,DISABLED,DISABLED,506,500,2400,DISABLED,DISABLED,515,500,2400,DISABLED,DISABLED,509,500,2400,DISABLED,DISABLED,509,500,2400,DISABLED,DISABLED,1900,1900,1900,N/A,DISABLED,59,1900,1900,N/A,ENABLED,59,1900,1900,N/A,ENABLED,59,1900,1900,N/A,ENABLED,59,1900,1900,N/A,ENABLED,48,1520,1520,N/A,ENABLED,48,1520,1520,N/A,ENABLED,48,1520,1520,N/A,ENABLED,48,1520,1520,N/A,ENABLED,1250,1250,1250,N/A,DISABLED,38,1200,1200,N/A,ENABLED,N/A,43,29

1789726586,0,0,0,N/A,"['N/A', 'N/A', 'N/A', 'N/A']","['N/A', 'N/A', 'N/A', 'N/A', 'N/A', 'N/A', 'N/A', 'N/A', 'N/A', 'N/A', 'N/A', 'N/A', 'N/A', 'N/A', 'N/A', 'N/A', 'N/A', 'N/A', 'N/A', 'N/A', 'N/A', 'N/A', 'N/A', 'N/A', 'N/A', 'N/A', 'N/A', 'N/A', 'N/A', 'N/A', 'N/A', 'N/A']","[0, 0, 0, 0, 0, 0, 0, 0]","[0, 0, 0, 0, 0, 0, 0, 0, 0, 0, 0, 0, 0, 0, 0, 0, 0, 0, 0, 0, 0, 0, 0, 0, 0, 0, 0, 0, 0, 0, 0, 0, 0, 0, 0, 0, 0, 0, 0, 0]","[0, 0, 0, 0]",227,N/A,N/A,N/A,N/A,ENABLED,162,500,2400,DISABLED,ENABLED,162,500,2400,DISABLED,ENABLED,161,500,2400,DISABLED,ENABLED,162,500,2400,DISABLED,ENABLED,161,500,2400,DISABLED,ENABLED,160,500,2400,DISABLED,ENABLED,159,500,2400,DISABLED,ENABLED,160,500,2400,DISABLED,ENABLED,1900,1900,1900,N/A,DISABLED,59,1900,1900,N/A,ENABLED,59,1900,1900,N/A,ENABLED,59,1900,1900,N/A,ENABLED,59,1900,1900,N/A,ENABLED,48,1520,1520,N/A,ENABLED,48,1520,1520,N/A,ENABLED,48,1520,1520,N/A,ENABLED,48,1520,1520,N/A,ENABLED,1250,1250,1250,N/A,DISABLED,38,1200,1200,N/A,ENABLED,N/A,42,28
1789726586,1,0,0,N/A,"['N/A', 'N/A', 'N/A', 'N/A']","['N/A', 'N/A', 'N/A', 'N/A', 'N/A', 'N/A', 'N/A', 'N/A', 'N/A', 'N/A', 'N/A', 'N/A', 'N/A', 'N/A', 'N/A', 'N/A', 'N/A', 'N/A', 'N/A', 'N/A', 'N/A', 'N/A', 'N/A', 'N/A', 'N/A', 'N/A', 'N/A', 'N/A', 'N/A', 'N/A', 'N/A', 'N/A']","[0, 0, 0, 0, 0, 0, 0, 0]","[0, 0, 0, 0, 0, 0, 0, 0, 0, 0, 0, 0, 0, 0, 0, 0, 0, 0, 0, 0, 0, 0, 0, 0, 0, 0, 0, 0, 0, 0, 0, 0, 0, 0, 0, 0, 0, 0, 0, 0]","[0, 0, 0, 0]",231,N/A,N/A,N/A,N/A,ENABLED,165,500,2400,DISABLED,ENABLED,167,500,2400,DISABLED,ENABLED,164,500,2400,DISABLED,ENABLED,165,500,2400,DISABLED,ENABLED,164,500,2400,DISABLED,ENABLED,164,500,2400,DISABLED,ENABLED,165,500,2400,DISABLED,ENABLED,165,500,2400,DISABLED,ENABLED,1900,1900,1900,N/A,DISABLED,59,1900,1900,N/A,ENABLED,59,1900,1900,N/A,ENABLED,59,1900,1900,N/A,ENABLED,59,1900,1900,N/A,ENABLED,48,1520,1520,N/A,ENABLED,48,1520,1520,N/A,ENABLED,48,1520,1520,N/A,ENABLED,48,1520,1520,N/A,ENABLED,1250,1250,1250,N/A,DISABLED,38,1200,1200,N/A,ENABLED,N/A,41,28
1789726586,2,0,0,N/A,"['N/A', 'N/A', 'N/A', 'N/A']","['N/A', 'N/A', 'N/A', 'N/A', 'N/A', 'N/A', 'N/A', 'N/A', 'N/A', 'N/A', 'N/A', 'N/A', 'N/A', 'N/A', 'N/A', 'N/A', 'N/A', 'N/A', 'N/A', 'N/A', 'N/A', 'N/A', 'N/A', 'N/A', 'N/A', 'N/A', 'N/A', 'N/A', 'N/A', 'N/A', 'N/A', 'N/A']","[0, 0, 0, 0, 0, 0, 0, 0]","[0, 0, 0, 0, 0, 0, 0, 0, 0, 0, 0, 0, 0, 0, 0, 0, 0, 0, 0, 0, 0, 0, 0, 0, 0, 0, 0, 0, 0, 0, 0, 0, 0, 0, 0, 0, 0, 0, 0, 0]","[0, 0, 0, 0]",221,N/A,N/A,N/A,N/A,ENABLED,160,500,2400,DISABLED,ENABLED,161,500,2400,DISABLED,ENABLED,160,500,2400,DISABLED,ENABLED,161,500,2400,DISABLED,ENABLED,164,500,2400,DISABLED,ENABLED,164,500,2400,DISABLED,ENABLED,161,500,2400,DISABLED,ENABLED,161,500,2400,DISABLED,ENABLED,1900,1900,1900,N/A,DISABLED,59,1900,1900,N/A,ENABLED,59,1900,1900,N/A,ENABLED,59,1900,1900,N/A,ENABLED,59,1900,1900,N/A,ENABLED,48,1520,1520,N/A,ENABLED,48,1520,1520,N/A,ENABLED,48,1520,1520,N/A,ENABLED,48,1520,1520,N/A,ENABLED,1250,1250,1250,N/A,DISABLED,38,1200,1200,N/A,ENABLED,N/A,43,28
1789726586,3,60,3,N/A,"['N/A', 'N/A', 'N/A', 'N/A']","['N/A', 'N/A', 'N/A', 'N/A', 'N/A', 'N/A', 'N/A', 'N/A', 'N/A', 'N/A', 'N/A', 'N/A', 'N/A', 'N/A', 'N/A', 'N/A', 'N/A', 'N/A', 'N/A', 'N/A', 'N/A', 'N/A', 'N/A', 'N/A', 'N/A', 'N/A', 'N/A', 'N/A', 'N/A', 'N/A', 'N/A', 'N/A']","[60, 60, 60, 60, 60, 60, 60, 60]","[0, 0, 0, 0, 0, 0, 0, 0, 0, 0, 0, 0, 0, 0, 0, 0, 0, 0, 0, 0, 0, 0, 0, 0, 0, 0, 0, 0, 0, 0, 0, 0, 0, 0, 0, 0, 0, 0, 0, 0]","[0, 0, 0, 0]",332,N/A,N/A,N/A,N/A,ENABLED,2140,500,2400,DISABLED,DISABLED,2156,500,2400,DISABLED,DISABLED,2150,500,2400,DISABLED,DISABLED,2146,500,2400,DISABLED,DISABLED,2156,500,2400,DISABLED,DISABLED,2159,500,2400,DISABLED,DISABLED,2143,500,2400,DISABLED,DISABLED,2151,500,2400,DISABLED,DISABLED,1900,1900,1900,N/A,DISABLED,59,1900,1900,N/A,ENABLED,59,1900,1900,N/A,ENABLED,59,1900,1900,N/A,ENABLED,59,1900,1900,N/A,ENABLED,48,1520,1520,N/A,ENABLED,48,1520,1520,N/A,ENABLED,48,1520,1520,N/A,ENABLED,48,1520,1520,N/A,ENABLED,1250,1250,1250,N/A,DISABLED,133,1200,1200,N/A,ENABLED,N/A,43,31

1789726587,0,0,0,N/A,"['N/A', 'N/A', 'N/A', 'N/A']","['N/A', 'N/A', 'N/A', 'N/A', 'N/A', 'N/A', 'N/A', 'N/A', 'N/A', 'N/A', 'N/A', 'N/A', 'N/A', 'N/A', 'N/A', 'N/A', 'N/A', 'N/A', 'N/A', 'N/A', 'N/A', 'N/A', 'N/A', 'N/A', 'N/A', 'N/A', 'N/A', 'N/A', 'N/A', 'N/A', 'N/A', 'N/A']","[0, 0, 0, 0, 0, 0, 0, 0]","[0, 0, 0, 0, 0, 0, 0, 0, 0, 0, 0, 0, 0, 0, 0, 0, 0, 0, 0, 0, 0, 0, 0, 0, 0, 0, 0, 0, 0, 0, 0, 0, 0, 0, 0, 0, 0, 0, 0, 0]","[0, 0, 0, 0]",228,N/A,N/A,N/A,N/A,ENABLED,157,500,2400,DISABLED,ENABLED,157,500,2400,DISABLED,ENABLED,157,500,2400,DISABLED,ENABLED,158,500,2400,DISABLED,ENABLED,157,500,2400,DISABLED,ENABLED,158,500,2400,DISABLED,ENABLED,156,500,2400,DISABLED,ENABLED,157,500,2400,DISABLED,ENABLED,1900,1900,1900,N/A,DISABLED,59,1900,1900,N/A,ENABLED,59,1900,1900,N/A,ENABLED,59,1900,1900,N/A,ENABLED,59,1900,1900,N/A,ENABLED,48,1520,1520,N/A,ENABLED,48,1520,1520,N/A,ENABLED,48,1520,1520,N/A,ENABLED,48,1520,1520,N/A,ENABLED,1250,1250,1250,N/A,DISABLED,38,1200,1200,N/A,ENABLED,N/A,42,28
1789726587,1,0,0,N/A,"['N/A', 'N/A', 'N/A', 'N/A']","['N/A', 'N/A', 'N/A', 'N/A', 'N/A', 'N/A', 'N/A', 'N/A', 'N/A', 'N/A', 'N/A', 'N/A', 'N/A', 'N/A', 'N/A', 'N/A', 'N/A', 'N/A', 'N/A', 'N/A', 'N/A', 'N/A', 'N/A', 'N/A', 'N/A', 'N/A', 'N/A', 'N/A', 'N/A', 'N/A', 'N/A', 'N/A']","[0, 0, 0, 0, 0, 0, 0, 0]","[0, 0, 0, 0, 0, 0, 0, 0, 0, 0, 0, 0, 0, 0, 0, 0, 0, 0, 0, 0, 0, 0, 0, 0, 0, 0, 0, 0, 0, 0, 0, 0, 0, 0, 0, 0, 0, 0, 0, 0]","[0, 0, 0, 0]",232,N/A,N/A,N/A,N/A,ENABLED,156,500,2400,DISABLED,ENABLED,157,500,2400,DISABLED,ENABLED,156,500,2400,DISABLED,ENABLED,157,500,2400,DISABLED,ENABLED,157,500,2400,DISABLED,ENABLED,157,500,2400,DISABLED,ENABLED,156,500,2400,DISABLED,ENABLED,156,500,2400,DISABLED,ENABLED,1900,1900,1900,N/A,DISABLED,59,1900,1900,N/A,ENABLED,59,1900,1900,N/A,ENABLED,59,1900,1900,N/A,ENABLED,59,1900,1900,N/A,ENABLED,48,1520,1520,N/A,ENABLED,48,1520,1520,N/A,ENABLED,48,1520,1520,N/A,ENABLED,48,1520,1520,N/A,ENABLED,1250,1250,1250,N/A,DISABLED,38,1200,1200,N/A,ENABLED,N/A,41,28
1789726587,2,0,0,N/A,"['N/A', 'N/A', 'N/A', 'N/A']","['N/A', 'N/A', 'N/A', 'N/A', 'N/A', 'N/A', 'N/A', 'N/A', 'N/A', 'N/A', 'N/A', 'N/A', 'N/A', 'N/A', 'N/A', 'N/A', 'N/A', 'N/A', 'N/A', 'N/A', 'N/A', 'N/A', 'N/A', 'N/A', 'N/A', 'N/A', 'N/A', 'N/A', 'N/A', 'N/A', 'N/A', 'N/A']","[0, 0, 0, 0, 0, 0, 0, 0]","[0, 0, 0, 0, 0, 0, 0, 0, 0, 0, 0, 0, 0, 0, 0, 0, 0, 0, 0, 0, 0, 0, 0, 0, 0, 0, 0, 0, 0, 0, 0, 0, 0, 0, 0, 0, 0, 0, 0, 0]","[0, 0, 0, 0]",222,N/A,N/A,N/A,N/A,ENABLED,156,500,2400,DISABLED,ENABLED,157,500,2400,DISABLED,ENABLED,156,500,2400,DISABLED,ENABLED,158,500,2400,DISABLED,ENABLED,158,500,2400,DISABLED,ENABLED,159,500,2400,DISABLED,ENABLED,157,500,2400,DISABLED,ENABLED,158,500,2400,DISABLED,ENABLED,1900,1900,1900,N/A,DISABLED,59,1900,1900,N/A,ENABLED,59,1900,1900,N/A,ENABLED,59,1900,1900,N/A,ENABLED,59,1900,1900,N/A,ENABLED,48,1520,1520,N/A,ENABLED,48,1520,1520,N/A,ENABLED,48,1520,1520,N/A,ENABLED,48,1520,1520,N/A,ENABLED,1250,1250,1250,N/A,DISABLED,38,1200,1200,N/A,ENABLED,N/A,43,28
1789726587,3,0,0,N/A,"['N/A', 'N/A', 'N/A', 'N/A']","['N/A', 'N/A', 'N/A', 'N/A', 'N/A', 'N/A', 'N/A', 'N/A', 'N/A', 'N/A', 'N/A', 'N/A', 'N/A', 'N/A', 'N/A', 'N/A', 'N/A', 'N/A', 'N/A', 'N/A', 'N/A', 'N/A', 'N/A', 'N/A', 'N/A', 'N/A', 'N/A', 'N/A', 'N/A', 'N/A', 'N/A', 'N/A']","[0, 0, 0, 0, 0, 0, 0, 0]","[0, 0, 0, 0, 0, 0, 0, 0, 0, 0, 0, 0, 0, 0, 0, 0, 0, 0, 0, 0, 0, 0, 0, 0, 0, 0, 0, 0, 0, 0, 0, 0, 0, 0, 0, 0, 0, 0, 0, 0]","[0, 0, 0, 0]",282,N/A,N/A,N/A,N/A,ENABLED,2373,500,2400,DISABLED,DISABLED,2398,500,2400,DISABLED,DISABLED,2391,500,2400,DISABLED,DISABLED,2389,500,2400,DISABLED,DISABLED,2393,500,2400,DISABLED,DISABLED,2392,500,2400,DISABLED,DISABLED,2387,500,2400,DISABLED,DISABLED,2396,500,2400,DISABLED,DISABLED,1900,1900,1900,N/A,DISABLED,59,1900,1900,N/A,ENABLED,59,1900,1900,N/A,ENABLED,59,1900,1900,N/A,ENABLED,59,1900,1900,N/A,ENABLED,48,1520,1520,N/A,ENABLED,48,1520,1520,N/A,ENABLED,48,1520,1520,N/A,ENABLED,48,1520,1520,N/A,ENABLED,1250,1250,1250,N/A,DISABLED,38,1200,1200,N/A,ENABLED,N/A,43,29

1789726588,0,0,0,N/A,"['N/A', 'N/A', 'N/A', 'N/A']","['N/A', 'N/A', 'N/A', 'N/A', 'N/A', 'N/A', 'N/A', 'N/A', 'N/A', 'N/A', 'N/A', 'N/A', 'N/A', 'N/A', 'N/A', 'N/A', 'N/A', 'N/A', 'N/A', 'N/A', 'N/A', 'N/A', 'N/A', 'N/A', 'N/A', 'N/A', 'N/A', 'N/A', 'N/A', 'N/A', 'N/A', 'N/A']","[0, 0, 0, 0, 0, 0, 0, 0]","[0, 0, 0, 0, 0, 0, 0, 0, 0, 0, 0, 0, 0, 0, 0, 0, 0, 0, 0, 0, 0, 0, 0, 0, 0, 0, 0, 0, 0, 0, 0, 0, 0, 0, 0, 0, 0, 0, 0, 0]","[0, 0, 0, 0]",228,N/A,N/A,N/A,N/A,ENABLED,157,500,2400,DISABLED,ENABLED,157,500,2400,DISABLED,ENABLED,157,500,2400,DISABLED,ENABLED,158,500,2400,DISABLED,ENABLED,157,500,2400,DISABLED,ENABLED,158,500,2400,DISABLED,ENABLED,156,500,2400,DISABLED,ENABLED,157,500,2400,DISABLED,ENABLED,1900,1900,1900,N/A,DISABLED,59,1900,1900,N/A,ENABLED,59,1900,1900,N/A,ENABLED,59,1900,1900,N/A,ENABLED,59,1900,1900,N/A,ENABLED,48,1520,1520,N/A,ENABLED,48,1520,1520,N/A,ENABLED,48,1520,1520,N/A,ENABLED,48,1520,1520,N/A,ENABLED,1250,1250,1250,N/A,DISABLED,38,1200,1200,N/A,ENABLED,N/A,42,28
1789726588,1,0,0,N/A,"['N/A', 'N/A', 'N/A', 'N/A']","['N/A', 'N/A', 'N/A', 'N/A', 'N/A', 'N/A', 'N/A', 'N/A', 'N/A', 'N/A', 'N/A', 'N/A', 'N/A', 'N/A', 'N/A', 'N/A', 'N/A', 'N/A', 'N/A', 'N/A', 'N/A', 'N/A', 'N/A', 'N/A', 'N/A', 'N/A', 'N/A', 'N/A', 'N/A', 'N/A', 'N/A', 'N/A']","[0, 0, 0, 0, 0, 0, 0, 0]","[0, 0, 0, 0, 0, 0, 0, 0, 0, 0, 0, 0, 0, 0, 0, 0, 0, 0, 0, 0, 0, 0, 0, 0, 0, 0, 0, 0, 0, 0, 0, 0, 0, 0, 0, 0, 0, 0, 0, 0]","[0, 0, 0, 0]",232,N/A,N/A,N/A,N/A,ENABLED,156,500,2400,DISABLED,ENABLED,157,500,2400,DISABLED,ENABLED,156,500,2400,DISABLED,ENABLED,157,500,2400,DISABLED,ENABLED,157,500,2400,DISABLED,ENABLED,157,500,2400,DISABLED,ENABLED,156,500,2400,DISABLED,ENABLED,156,500,2400,DISABLED,ENABLED,1900,1900,1900,N/A,DISABLED,59,1900,1900,N/A,ENABLED,59,1900,1900,N/A,ENABLED,59,1900,1900,N/A,ENABLED,59,1900,1900,N/A,ENABLED,48,1520,1520,N/A,ENABLED,48,1520,1520,N/A,ENABLED,48,1520,1520,N/A,ENABLED,48,1520,1520,N/A,ENABLED,1250,1250,1250,N/A,DISABLED,38,1200,1200,N/A,ENABLED,N/A,41,28
1789726588,2,0,0,N/A,"['N/A', 'N/A', 'N/A', 'N/A']","['N/A', 'N/A', 'N/A', 'N/A', 'N/A', 'N/A', 'N/A', 'N/A', 'N/A', 'N/A', 'N/A', 'N/A', 'N/A', 'N/A', 'N/A', 'N/A', 'N/A', 'N/A', 'N/A', 'N/A', 'N/A', 'N/A', 'N/A', 'N/A', 'N/A', 'N/A', 'N/A', 'N/A', 'N/A', 'N/A', 'N/A', 'N/A']","[0, 0, 0, 0, 0, 0, 0, 0]","[0, 0, 0, 0, 0, 0, 0, 0, 0, 0, 0, 0, 0, 0, 0, 0, 0, 0, 0, 0, 0, 0, 0, 0, 0, 0, 0, 0, 0, 0, 0, 0, 0, 0, 0, 0, 0, 0, 0, 0]","[0, 0, 0, 0]",221,N/A,N/A,N/A,N/A,ENABLED,156,500,2400,DISABLED,ENABLED,157,500,2400,DISABLED,ENABLED,156,500,2400,DISABLED,ENABLED,158,500,2400,DISABLED,ENABLED,163,500,2400,DISABLED,ENABLED,164,500,2400,DISABLED,ENABLED,157,500,2400,DISABLED,ENABLED,158,500,2400,DISABLED,ENABLED,1900,1900,1900,N/A,DISABLED,59,1900,1900,N/A,ENABLED,59,1900,1900,N/A,ENABLED,59,1900,1900,N/A,ENABLED,59,1900,1900,N/A,ENABLED,48,1520,1520,N/A,ENABLED,48,1520,1520,N/A,ENABLED,48,1520,1520,N/A,ENABLED,48,1520,1520,N/A,ENABLED,1250,1250,1250,N/A,DISABLED,38,1200,1200,N/A,ENABLED,N/A,43,28
1789726588,3,0,0,N/A,"['N/A', 'N/A', 'N/A', 'N/A']","['N/A', 'N/A', 'N/A', 'N/A', 'N/A', 'N/A', 'N/A', 'N/A', 'N/A', 'N/A', 'N/A', 'N/A', 'N/A', 'N/A', 'N/A', 'N/A', 'N/A', 'N/A', 'N/A', 'N/A', 'N/A', 'N/A', 'N/A', 'N/A', 'N/A', 'N/A', 'N/A', 'N/A', 'N/A', 'N/A', 'N/A', 'N/A']","[0, 0, 0, 0, 0, 0, 0, 0]","[0, 0, 0, 0, 0, 0, 0, 0, 0, 0, 0, 0, 0, 0, 0, 0, 0, 0, 0, 0, 0, 0, 0, 0, 0, 0, 0, 0, 0, 0, 0, 0, 0, 0, 0, 0, 0, 0, 0, 0]","[0, 0, 0, 0]",283,N/A,N/A,N/A,N/A,ENABLED,2374,500,2400,DISABLED,DISABLED,2397,500,2400,DISABLED,DISABLED,2391,500,2400,DISABLED,DISABLED,2389,500,2400,DISABLED,DISABLED,2393,500,2400,DISABLED,DISABLED,2393,500,2400,DISABLED,DISABLED,2387,500,2400,DISABLED,DISABLED,2396,500,2400,DISABLED,DISABLED,1900,1900,1900,N/A,DISABLED,59,1900,1900,N/A,ENABLED,59,1900,1900,N/A,ENABLED,59,1900,1900,N/A,ENABLED,59,1900,1900,N/A,ENABLED,48,1520,1520,N/A,ENABLED,48,1520,1520,N/A,ENABLED,48,1520,1520,N/A,ENABLED,48,1520,1520,N/A,ENABLED,1250,1250,1250,N/A,DISABLED,38,1200,1200,N/A,ENABLED,N/A,43,29

1789726589,0,0,0,N/A,"['N/A', 'N/A', 'N/A', 'N/A']","['N/A', 'N/A', 'N/A', 'N/A', 'N/A', 'N/A', 'N/A', 'N/A', 'N/A', 'N/A', 'N/A', 'N/A', 'N/A', 'N/A', 'N/A', 'N/A', 'N/A', 'N/A', 'N/A', 'N/A', 'N/A', 'N/A', 'N/A', 'N/A', 'N/A', 'N/A', 'N/A', 'N/A', 'N/A', 'N/A', 'N/A', 'N/A']","[0, 0, 0, 0, 0, 0, 0, 0]","[0, 0, 0, 0, 0, 0, 0, 0, 0, 0, 0, 0, 0, 0, 0, 0, 0, 0, 0, 0, 0, 0, 0, 0, 0, 0, 0, 0, 0, 0, 0, 0, 0, 0, 0, 0, 0, 0, 0, 0]","[0, 0, 0, 0]",228,N/A,N/A,N/A,N/A,ENABLED,157,500,2400,DISABLED,ENABLED,157,500,2400,DISABLED,ENABLED,157,500,2400,DISABLED,ENABLED,158,500,2400,DISABLED,ENABLED,158,500,2400,DISABLED,ENABLED,158,500,2400,DISABLED,ENABLED,156,500,2400,DISABLED,ENABLED,157,500,2400,DISABLED,ENABLED,1900,1900,1900,N/A,DISABLED,59,1900,1900,N/A,ENABLED,59,1900,1900,N/A,ENABLED,59,1900,1900,N/A,ENABLED,59,1900,1900,N/A,ENABLED,48,1520,1520,N/A,ENABLED,48,1520,1520,N/A,ENABLED,48,1520,1520,N/A,ENABLED,48,1520,1520,N/A,ENABLED,1250,1250,1250,N/A,DISABLED,38,1200,1200,N/A,ENABLED,N/A,42,28
1789726589,1,0,0,N/A,"['N/A', 'N/A', 'N/A', 'N/A']","['N/A', 'N/A', 'N/A', 'N/A', 'N/A', 'N/A', 'N/A', 'N/A', 'N/A', 'N/A', 'N/A', 'N/A', 'N/A', 'N/A', 'N/A', 'N/A', 'N/A', 'N/A', 'N/A', 'N/A', 'N/A', 'N/A', 'N/A', 'N/A', 'N/A', 'N/A', 'N/A', 'N/A', 'N/A', 'N/A', 'N/A', 'N/A']","[0, 0, 0, 0, 0, 0, 0, 0]","[0, 0, 0, 0, 0, 0, 0, 0, 0, 0, 0, 0, 0, 0, 0, 0, 0, 0, 0, 0, 0, 0, 0, 0, 0, 0, 0, 0, 0, 0, 0, 0, 0, 0, 0, 0, 0, 0, 0, 0]","[0, 0, 0, 0]",232,N/A,N/A,N/A,N/A,ENABLED,156,500,2400,DISABLED,ENABLED,157,500,2400,DISABLED,ENABLED,156,500,2400,DISABLED,ENABLED,157,500,2400,DISABLED,ENABLED,157,500,2400,DISABLED,ENABLED,157,500,2400,DISABLED,ENABLED,157,500,2400,DISABLED,ENABLED,156,500,2400,DISABLED,ENABLED,1900,1900,1900,N/A,DISABLED,59,1900,1900,N/A,ENABLED,59,1900,1900,N/A,ENABLED,59,1900,1900,N/A,ENABLED,59,1900,1900,N/A,ENABLED,48,1520,1520,N/A,ENABLED,48,1520,1520,N/A,ENABLED,48,1520,1520,N/A,ENABLED,48,1520,1520,N/A,ENABLED,1250,1250,1250,N/A,DISABLED,38,1200,1200,N/A,ENABLED,N/A,41,28
1789726589,2,0,0,N/A,"['N/A', 'N/A', 'N/A', 'N/A']","['N/A', 'N/A', 'N/A', 'N/A', 'N/A', 'N/A', 'N/A', 'N/A', 'N/A', 'N/A', 'N/A', 'N/A', 'N/A', 'N/A', 'N/A', 'N/A', 'N/A', 'N/A', 'N/A', 'N/A', 'N/A', 'N/A', 'N/A', 'N/A', 'N/A', 'N/A', 'N/A', 'N/A', 'N/A', 'N/A', 'N/A', 'N/A']","[0, 0, 0, 0, 0, 0, 0, 0]","[0, 0, 0, 0, 0, 0, 0, 0, 0, 0, 0, 0, 0, 0, 0, 0, 0, 0, 0, 0, 0, 0, 0, 0, 0, 0, 0, 0, 0, 0, 0, 0, 0, 0, 0, 0, 0, 0, 0, 0]","[0, 0, 0, 0]",221,N/A,N/A,N/A,N/A,ENABLED,156,500,2400,DISABLED,ENABLED,156,500,2400,DISABLED,ENABLED,156,500,2400,DISABLED,ENABLED,158,500,2400,DISABLED,ENABLED,162,500,2400,DISABLED,ENABLED,163,500,2400,DISABLED,ENABLED,157,500,2400,DISABLED,ENABLED,157,500,2400,DISABLED,ENABLED,1900,1900,1900,N/A,DISABLED,59,1900,1900,N/A,ENABLED,59,1900,1900,N/A,ENABLED,59,1900,1900,N/A,ENABLED,59,1900,1900,N/A,ENABLED,48,1520,1520,N/A,ENABLED,48,1520,1520,N/A,ENABLED,48,1520,1520,N/A,ENABLED,48,1520,1520,N/A,ENABLED,1250,1250,1250,N/A,DISABLED,38,1200,1200,N/A,ENABLED,N/A,43,28
1789726589,3,0,0,N/A,"['N/A', 'N/A', 'N/A', 'N/A']","['N/A', 'N/A', 'N/A', 'N/A', 'N/A', 'N/A', 'N/A', 'N/A', 'N/A', 'N/A', 'N/A', 'N/A', 'N/A', 'N/A', 'N/A', 'N/A', 'N/A', 'N/A', 'N/A', 'N/A', 'N/A', 'N/A', 'N/A', 'N/A', 'N/A', 'N/A', 'N/A', 'N/A', 'N/A', 'N/A', 'N/A', 'N/A']","[0, 0, 0, 0, 0, 0, 0, 0]","[0, 0, 0, 0, 0, 0, 0, 0, 0, 0, 0, 0, 0, 0, 0, 0, 0, 0, 0, 0, 0, 0, 0, 0, 0, 0, 0, 0, 0, 0, 0, 0, 0, 0, 0, 0, 0, 0, 0, 0]","[0, 0, 0, 0]",283,N/A,N/A,N/A,N/A,ENABLED,2373,500,2400,DISABLED,DISABLED,2397,500,2400,DISABLED,DISABLED,2391,500,2400,DISABLED,DISABLED,2390,500,2400,DISABLED,DISABLED,2393,500,2400,DISABLED,DISABLED,2392,500,2400,DISABLED,DISABLED,2386,500,2400,DISABLED,DISABLED,2396,500,2400,DISABLED,DISABLED,1900,1900,1900,N/A,DISABLED,59,1900,1900,N/A,ENABLED,59,1900,1900,N/A,ENABLED,59,1900,1900,N/A,ENABLED,59,1900,1900,N/A,ENABLED,48,1520,1520,N/A,ENABLED,48,1520,1520,N/A,ENABLED,48,1520,1520,N/A,ENABLED,48,1520,1520,N/A,ENABLED,1250,1250,1250,N/A,DISABLED,38,1200,1200,N/A,ENABLED,N/A,43,29

1789726590,0,0,0,N/A,"['N/A', 'N/A', 'N/A', 'N/A']","['N/A', 'N/A', 'N/A', 'N/A', 'N/A', 'N/A', 'N/A', 'N/A', 'N/A', 'N/A', 'N/A', 'N/A', 'N/A', 'N/A', 'N/A', 'N/A', 'N/A', 'N/A', 'N/A', 'N/A', 'N/A', 'N/A', 'N/A', 'N/A', 'N/A', 'N/A', 'N/A', 'N/A', 'N/A', 'N/A', 'N/A', 'N/A']","[0, 0, 0, 0, 0, 0, 0, 0]","[0, 0, 0, 0, 0, 0, 0, 0, 0, 0, 0, 0, 0, 0, 0, 0, 0, 0, 0, 0, 0, 0, 0, 0, 0, 0, 0, 0, 0, 0, 0, 0, 0, 0, 0, 0, 0, 0, 0, 0]","[0, 0, 0, 0]",228,N/A,N/A,N/A,N/A,ENABLED,157,500,2400,DISABLED,ENABLED,157,500,2400,DISABLED,ENABLED,157,500,2400,DISABLED,ENABLED,158,500,2400,DISABLED,ENABLED,158,500,2400,DISABLED,ENABLED,158,500,2400,DISABLED,ENABLED,156,500,2400,DISABLED,ENABLED,157,500,2400,DISABLED,ENABLED,1900,1900,1900,N/A,DISABLED,59,1900,1900,N/A,ENABLED,59,1900,1900,N/A,ENABLED,59,1900,1900,N/A,ENABLED,59,1900,1900,N/A,ENABLED,48,1520,1520,N/A,ENABLED,48,1520,1520,N/A,ENABLED,48,1520,1520,N/A,ENABLED,48,1520,1520,N/A,ENABLED,1250,1250,1250,N/A,DISABLED,38,1200,1200,N/A,ENABLED,N/A,42,28
1789726590,1,0,0,N/A,"['N/A', 'N/A', 'N/A', 'N/A']","['N/A', 'N/A', 'N/A', 'N/A', 'N/A', 'N/A', 'N/A', 'N/A', 'N/A', 'N/A', 'N/A', 'N/A', 'N/A', 'N/A', 'N/A', 'N/A', 'N/A', 'N/A', 'N/A', 'N/A', 'N/A', 'N/A', 'N/A', 'N/A', 'N/A', 'N/A', 'N/A', 'N/A', 'N/A', 'N/A', 'N/A', 'N/A']","[0, 0, 0, 0, 0, 0, 0, 0]","[0, 0, 0, 0, 0, 0, 0, 0, 0, 0, 0, 0, 0, 0, 0, 0, 0, 0, 0, 0, 0, 0, 0, 0, 0, 0, 0, 0, 0, 0, 0, 0, 0, 0, 0, 0, 0, 0, 0, 0]","[0, 0, 0, 0]",232,N/A,N/A,N/A,N/A,ENABLED,156,500,2400,DISABLED,ENABLED,157,500,2400,DISABLED,ENABLED,156,500,2400,DISABLED,ENABLED,157,500,2400,DISABLED,ENABLED,157,500,2400,DISABLED,ENABLED,157,500,2400,DISABLED,ENABLED,157,500,2400,DISABLED,ENABLED,156,500,2400,DISABLED,ENABLED,1900,1900,1900,N/A,DISABLED,59,1900,1900,N/A,ENABLED,59,1900,1900,N/A,ENABLED,59,1900,1900,N/A,ENABLED,59,1900,1900,N/A,ENABLED,48,1520,1520,N/A,ENABLED,48,1520,1520,N/A,ENABLED,48,1520,1520,N/A,ENABLED,48,1520,1520,N/A,ENABLED,1250,1250,1250,N/A,DISABLED,38,1200,1200,N/A,ENABLED,N/A,41,28
1789726590,2,0,0,N/A,"['N/A', 'N/A', 'N/A', 'N/A']","['N/A', 'N/A', 'N/A', 'N/A', 'N/A', 'N/A', 'N/A', 'N/A', 'N/A', 'N/A', 'N/A', 'N/A', 'N/A', 'N/A', 'N/A', 'N/A', 'N/A', 'N/A', 'N/A', 'N/A', 'N/A', 'N/A', 'N/A', 'N/A', 'N/A', 'N/A', 'N/A', 'N/A', 'N/A', 'N/A', 'N/A', 'N/A']","[0, 0, 0, 0, 0, 0, 0, 0]","[0, 0, 0, 0, 0, 0, 0, 0, 0, 0, 0, 0, 0, 0, 0, 0, 0, 0, 0, 0, 0, 0, 0, 0, 0, 0, 0, 0, 0, 0, 0, 0, 0, 0, 0, 0, 0, 0, 0, 0]","[0, 0, 0, 0]",222,N/A,N/A,N/A,N/A,ENABLED,156,500,2400,DISABLED,ENABLED,157,500,2400,DISABLED,ENABLED,156,500,2400,DISABLED,ENABLED,158,500,2400,DISABLED,ENABLED,163,500,2400,DISABLED,ENABLED,164,500,2400,DISABLED,ENABLED,157,500,2400,DISABLED,ENABLED,157,500,2400,DISABLED,ENABLED,1900,1900,1900,N/A,DISABLED,59,1900,1900,N/A,ENABLED,59,1900,1900,N/A,ENABLED,59,1900,1900,N/A,ENABLED,59,1900,1900,N/A,ENABLED,48,1520,1520,N/A,ENABLED,48,1520,1520,N/A,ENABLED,48,1520,1520,N/A,ENABLED,48,1520,1520,N/A,ENABLED,1250,1250,1250,N/A,DISABLED,38,1200,1200,N/A,ENABLED,N/A,43,28
1789726590,3,0,0,N/A,"['N/A', 'N/A', 'N/A', 'N/A']","['N/A', 'N/A', 'N/A', 'N/A', 'N/A', 'N/A', 'N/A', 'N/A', 'N/A', 'N/A', 'N/A', 'N/A', 'N/A', 'N/A', 'N/A', 'N/A', 'N/A', 'N/A', 'N/A', 'N/A', 'N/A', 'N/A', 'N/A', 'N/A', 'N/A', 'N/A', 'N/A', 'N/A', 'N/A', 'N/A', 'N/A', 'N/A']","[0, 0, 0, 0, 0, 0, 0, 0]","[0, 0, 0, 0, 0, 0, 0, 0, 0, 0, 0, 0, 0, 0, 0, 0, 0, 0, 0, 0, 0, 0, 0, 0, 0, 0, 0, 0, 0, 0, 0, 0, 0, 0, 0, 0, 0, 0, 0, 0]","[0, 0, 0, 0]",282,N/A,N/A,N/A,N/A,ENABLED,2373,500,2400,DISABLED,DISABLED,2396,500,2400,DISABLED,DISABLED,2391,500,2400,DISABLED,DISABLED,2389,500,2400,DISABLED,DISABLED,2392,500,2400,DISABLED,DISABLED,2393,500,2400,DISABLED,DISABLED,2386,500,2400,DISABLED,DISABLED,2397,500,2400,DISABLED,DISABLED,1900,1900,1900,N/A,DISABLED,59,1900,1900,N/A,ENABLED,59,1900,1900,N/A,ENABLED,59,1900,1900,N/A,ENABLED,59,1900,1900,N/A,ENABLED,48,1520,1520,N/A,ENABLED,48,1520,1520,N/A,ENABLED,48,1520,1520,N/A,ENABLED,48,1520,1520,N/A,ENABLED,1250,1250,1250,N/A,DISABLED,38,1200,1200,N/A,ENABLED,N/A,43,29

1789726591,0,1,0,N/A,"['N/A', 'N/A', 'N/A', 'N/A']","['N/A', 'N/A', 'N/A', 'N/A', 'N/A', 'N/A', 'N/A', 'N/A', 'N/A', 'N/A', 'N/A', 'N/A', 'N/A', 'N/A', 'N/A', 'N/A', 'N/A', 'N/A', 'N/A', 'N/A', 'N/A', 'N/A', 'N/A', 'N/A', 'N/A', 'N/A', 'N/A', 'N/A', 'N/A', 'N/A', 'N/A', 'N/A']","[1, 1, 1, 1, 1, 1, 1, 1]","[0, 0, 0, 0, 0, 0, 0, 0, 0, 0, 0, 0, 0, 0, 0, 0, 0, 0, 0, 0, 0, 0, 0, 0, 0, 0, 0, 0, 0, 0, 0, 0, 0, 0, 0, 0, 0, 0, 0, 0]","[0, 0, 0, 0]",223,N/A,N/A,N/A,N/A,ENABLED,168,500,2400,DISABLED,ENABLED,168,500,2400,DISABLED,ENABLED,165,500,2400,DISABLED,ENABLED,164,500,2400,DISABLED,ENABLED,165,500,2400,DISABLED,ENABLED,166,500,2400,DISABLED,ENABLED,162,500,2400,DISABLED,ENABLED,166,500,2400,DISABLED,ENABLED,1900,1900,1900,N/A,DISABLED,59,1900,1900,N/A,ENABLED,59,1900,1900,N/A,ENABLED,59,1900,1900,N/A,ENABLED,59,1900,1900,N/A,ENABLED,48,1520,1520,N/A,ENABLED,48,1520,1520,N/A,ENABLED,48,1520,1520,N/A,ENABLED,48,1520,1520,N/A,ENABLED,1250,1250,1250,N/A,DISABLED,40,1200,1200,N/A,ENABLED,N/A,42,28
1789726591,1,1,0,N/A,"['N/A', 'N/A', 'N/A', 'N/A']","['N/A', 'N/A', 'N/A', 'N/A', 'N/A', 'N/A', 'N/A', 'N/A', 'N/A', 'N/A', 'N/A', 'N/A', 'N/A', 'N/A', 'N/A', 'N/A', 'N/A', 'N/A', 'N/A', 'N/A', 'N/A', 'N/A', 'N/A', 'N/A', 'N/A', 'N/A', 'N/A', 'N/A', 'N/A', 'N/A', 'N/A', 'N/A']","[1, 1, 1, 1, 1, 1, 1, 1]","[0, 0, 0, 0, 0, 0, 0, 0, 0, 0, 0, 0, 0, 0, 0, 0, 0, 0, 0, 0, 0, 0, 0, 0, 0, 0, 0, 0, 0, 0, 0, 0, 0, 0, 0, 0, 0, 0, 0, 0]","[0, 0, 0, 0]",225,N/A,N/A,N/A,N/A,ENABLED,128,500,2400,DISABLED,ENABLED,129,500,2400,DISABLED,ENABLED,128,500,2400,DISABLED,ENABLED,128,500,2400,DISABLED,ENABLED,128,500,2400,DISABLED,ENABLED,128,500,2400,DISABLED,ENABLED,136,500,2400,DISABLED,ENABLED,136,500,2400,DISABLED,ENABLED,1900,1900,1900,N/A,DISABLED,59,1900,1900,N/A,ENABLED,59,1900,1900,N/A,ENABLED,59,1900,1900,N/A,ENABLED,59,1900,1900,N/A,ENABLED,48,1520,1520,N/A,ENABLED,48,1520,1520,N/A,ENABLED,48,1520,1520,N/A,ENABLED,48,1520,1520,N/A,ENABLED,1250,1250,1250,N/A,DISABLED,39,1200,1200,N/A,ENABLED,N/A,41,28
1789726591,2,1,0,N/A,"['N/A', 'N/A', 'N/A', 'N/A']","['N/A', 'N/A', 'N/A', 'N/A', 'N/A', 'N/A', 'N/A', 'N/A', 'N/A', 'N/A', 'N/A', 'N/A', 'N/A', 'N/A', 'N/A', 'N/A', 'N/A', 'N/A', 'N/A', 'N/A', 'N/A', 'N/A', 'N/A', 'N/A', 'N/A', 'N/A', 'N/A', 'N/A', 'N/A', 'N/A', 'N/A', 'N/A']","[1, 1, 1, 1, 1, 1, 1, 1]","[0, 0, 0, 0, 0, 0, 0, 0, 0, 0, 0, 0, 0, 0, 0, 0, 0, 0, 0, 0, 0, 0, 0, 0, 0, 0, 0, 0, 0, 0, 0, 0, 0, 0, 0, 0, 0, 0, 0, 0]","[0, 0, 0, 0]",216,N/A,N/A,N/A,N/A,ENABLED,170,500,2400,DISABLED,ENABLED,170,500,2400,DISABLED,ENABLED,169,500,2400,DISABLED,ENABLED,170,500,2400,DISABLED,ENABLED,169,500,2400,DISABLED,ENABLED,169,500,2400,DISABLED,ENABLED,175,500,2400,DISABLED,ENABLED,175,500,2400,DISABLED,ENABLED,1900,1900,1900,N/A,DISABLED,59,1900,1900,N/A,ENABLED,59,1900,1900,N/A,ENABLED,59,1900,1900,N/A,ENABLED,59,1900,1900,N/A,ENABLED,48,1520,1520,N/A,ENABLED,48,1520,1520,N/A,ENABLED,48,1520,1520,N/A,ENABLED,48,1520,1520,N/A,ENABLED,1250,1250,1250,N/A,DISABLED,39,1200,1200,N/A,ENABLED,N/A,43,28
1789726591,3,1,0,N/A,"['N/A', 'N/A', 'N/A', 'N/A']","['N/A', 'N/A', 'N/A', 'N/A', 'N/A', 'N/A', 'N/A', 'N/A', 'N/A', 'N/A', 'N/A', 'N/A', 'N/A', 'N/A', 'N/A', 'N/A', 'N/A', 'N/A', 'N/A', 'N/A', 'N/A', 'N/A', 'N/A', 'N/A', 'N/A', 'N/A', 'N/A', 'N/A', 'N/A', 'N/A', 'N/A', 'N/A']","[1, 1, 1, 1, 1, 1, 1, 1]","[0, 0, 0, 0, 0, 0, 0, 0, 0, 0, 0, 0, 0, 0, 0, 0, 0, 0, 0, 0, 0, 0, 0, 0, 0, 0, 0, 0, 0, 0, 0, 0, 0, 0, 0, 0, 0, 0, 0, 0]","[0, 0, 0, 0]",270,N/A,N/A,N/A,N/A,ENABLED,1980,500,2400,DISABLED,DISABLED,1996,500,2400,DISABLED,DISABLED,1991,500,2400,DISABLED,DISABLED,1990,500,2400,DISABLED,DISABLED,1992,500,2400,DISABLED,DISABLED,1995,500,2400,DISABLED,DISABLED,1988,500,2400,DISABLED,DISABLED,1995,500,2400,DISABLED,DISABLED,1900,1900,1900,N/A,DISABLED,59,1900,1900,N/A,ENABLED,59,1900,1900,N/A,ENABLED,59,1900,1900,N/A,ENABLED,59,1900,1900,N/A,ENABLED,48,1520,1520,N/A,ENABLED,48,1520,1520,N/A,ENABLED,48,1520,1520,N/A,ENABLED,48,1520,1520,N/A,ENABLED,1250,1250,1250,N/A,DISABLED,40,1200,1200,N/A,ENABLED,N/A,43,29

1789726592,0,0,0,N/A,"['N/A', 'N/A', 'N/A', 'N/A']","['N/A', 'N/A', 'N/A', 'N/A', 'N/A', 'N/A', 'N/A', 'N/A', 'N/A', 'N/A', 'N/A', 'N/A', 'N/A', 'N/A', 'N/A', 'N/A', 'N/A', 'N/A', 'N/A', 'N/A', 'N/A', 'N/A', 'N/A', 'N/A', 'N/A', 'N/A', 'N/A', 'N/A', 'N/A', 'N/A', 'N/A', 'N/A']","[0, 0, 0, 0, 0, 0, 0, 0]","[0, 0, 0, 0, 0, 0, 0, 0, 0, 0, 0, 0, 0, 0, 0, 0, 0, 0, 0, 0, 0, 0, 0, 0, 0, 0, 0, 0, 0, 0, 0, 0, 0, 0, 0, 0, 0, 0, 0, 0]","[0, 0, 0, 0]",228,N/A,N/A,N/A,N/A,ENABLED,157,500,2400,DISABLED,ENABLED,157,500,2400,DISABLED,ENABLED,157,500,2400,DISABLED,ENABLED,158,500,2400,DISABLED,ENABLED,157,500,2400,DISABLED,ENABLED,158,500,2400,DISABLED,ENABLED,156,500,2400,DISABLED,ENABLED,157,500,2400,DISABLED,ENABLED,1900,1900,1900,N/A,DISABLED,59,1900,1900,N/A,ENABLED,59,1900,1900,N/A,ENABLED,59,1900,1900,N/A,ENABLED,59,1900,1900,N/A,ENABLED,48,1520,1520,N/A,ENABLED,48,1520,1520,N/A,ENABLED,48,1520,1520,N/A,ENABLED,48,1520,1520,N/A,ENABLED,1250,1250,1250,N/A,DISABLED,38,1200,1200,N/A,ENABLED,N/A,42,28
1789726592,1,0,0,N/A,"['N/A', 'N/A', 'N/A', 'N/A']","['N/A', 'N/A', 'N/A', 'N/A', 'N/A', 'N/A', 'N/A', 'N/A', 'N/A', 'N/A', 'N/A', 'N/A', 'N/A', 'N/A', 'N/A', 'N/A', 'N/A', 'N/A', 'N/A', 'N/A', 'N/A', 'N/A', 'N/A', 'N/A', 'N/A', 'N/A', 'N/A', 'N/A', 'N/A', 'N/A', 'N/A', 'N/A']","[0, 0, 0, 0, 0, 0, 0, 0]","[0, 0, 0, 0, 0, 0, 0, 0, 0, 0, 0, 0, 0, 0, 0, 0, 0, 0, 0, 0, 0, 0, 0, 0, 0, 0, 0, 0, 0, 0, 0, 0, 0, 0, 0, 0, 0, 0, 0, 0]","[0, 0, 0, 0]",231,N/A,N/A,N/A,N/A,ENABLED,156,500,2400,DISABLED,ENABLED,157,500,2400,DISABLED,ENABLED,156,500,2400,DISABLED,ENABLED,157,500,2400,DISABLED,ENABLED,157,500,2400,DISABLED,ENABLED,157,500,2400,DISABLED,ENABLED,156,500,2400,DISABLED,ENABLED,156,500,2400,DISABLED,ENABLED,1900,1900,1900,N/A,DISABLED,59,1900,1900,N/A,ENABLED,59,1900,1900,N/A,ENABLED,59,1900,1900,N/A,ENABLED,59,1900,1900,N/A,ENABLED,48,1520,1520,N/A,ENABLED,48,1520,1520,N/A,ENABLED,48,1520,1520,N/A,ENABLED,48,1520,1520,N/A,ENABLED,1250,1250,1250,N/A,DISABLED,38,1200,1200,N/A,ENABLED,N/A,41,28
1789726592,2,0,0,N/A,"['N/A', 'N/A', 'N/A', 'N/A']","['N/A', 'N/A', 'N/A', 'N/A', 'N/A', 'N/A', 'N/A', 'N/A', 'N/A', 'N/A', 'N/A', 'N/A', 'N/A', 'N/A', 'N/A', 'N/A', 'N/A', 'N/A', 'N/A', 'N/A', 'N/A', 'N/A', 'N/A', 'N/A', 'N/A', 'N/A', 'N/A', 'N/A', 'N/A', 'N/A', 'N/A', 'N/A']","[0, 0, 0, 0, 0, 0, 0, 0]","[0, 0, 0, 0, 0, 0, 0, 0, 0, 0, 0, 0, 0, 0, 0, 0, 0, 0, 0, 0, 0, 0, 0, 0, 0, 0, 0, 0, 0, 0, 0, 0, 0, 0, 0, 0, 0, 0, 0, 0]","[0, 0, 0, 0]",221,N/A,N/A,N/A,N/A,ENABLED,156,500,2400,DISABLED,ENABLED,156,500,2400,DISABLED,ENABLED,157,500,2400,DISABLED,ENABLED,158,500,2400,DISABLED,ENABLED,167,500,2400,DISABLED,ENABLED,168,500,2400,DISABLED,ENABLED,157,500,2400,DISABLED,ENABLED,158,500,2400,DISABLED,ENABLED,1900,1900,1900,N/A,DISABLED,59,1900,1900,N/A,ENABLED,59,1900,1900,N/A,ENABLED,59,1900,1900,N/A,ENABLED,59,1900,1900,N/A,ENABLED,48,1520,1520,N/A,ENABLED,48,1520,1520,N/A,ENABLED,48,1520,1520,N/A,ENABLED,48,1520,1520,N/A,ENABLED,1250,1250,1250,N/A,DISABLED,38,1200,1200,N/A,ENABLED,N/A,43,28
1789726592,3,0,0,N/A,"['N/A', 'N/A', 'N/A', 'N/A']","['N/A', 'N/A', 'N/A', 'N/A', 'N/A', 'N/A', 'N/A', 'N/A', 'N/A', 'N/A', 'N/A', 'N/A', 'N/A', 'N/A', 'N/A', 'N/A', 'N/A', 'N/A', 'N/A', 'N/A', 'N/A', 'N/A', 'N/A', 'N/A', 'N/A', 'N/A', 'N/A', 'N/A', 'N/A', 'N/A', 'N/A', 'N/A']","[0, 0, 0, 0, 0, 0, 0, 0]","[0, 0, 0, 0, 0, 0, 0, 0, 0, 0, 0, 0, 0, 0, 0, 0, 0, 0, 0, 0, 0, 0, 0, 0, 0, 0, 0, 0, 0, 0, 0, 0, 0, 0, 0, 0, 0, 0, 0, 0]","[0, 0, 0, 0]",283,N/A,N/A,N/A,N/A,ENABLED,2385,500,2400,DISABLED,DISABLED,2407,500,2400,DISABLED,DISABLED,2391,500,2400,DISABLED,DISABLED,2389,500,2400,DISABLED,DISABLED,2392,500,2400,DISABLED,DISABLED,2392,500,2400,DISABLED,DISABLED,2387,500,2400,DISABLED,DISABLED,2396,500,2400,DISABLED,DISABLED,1900,1900,1900,N/A,DISABLED,59,1900,1900,N/A,ENABLED,59,1900,1900,N/A,ENABLED,59,1900,1900,N/A,ENABLED,59,1900,1900,N/A,ENABLED,48,1520,1520,N/A,ENABLED,48,1520,1520,N/A,ENABLED,48,1520,1520,N/A,ENABLED,48,1520,1520,N/A,ENABLED,1250,1250,1250,N/A,DISABLED,38,1200,1200,N/A,ENABLED,N/A,43,29

1789726593,0,0,0,N/A,"['N/A', 'N/A', 'N/A', 'N/A']","['N/A', 'N/A', 'N/A', 'N/A', 'N/A', 'N/A', 'N/A', 'N/A', 'N/A', 'N/A', 'N/A', 'N/A', 'N/A', 'N/A', 'N/A', 'N/A', 'N/A', 'N/A', 'N/A', 'N/A', 'N/A', 'N/A', 'N/A', 'N/A', 'N/A', 'N/A', 'N/A', 'N/A', 'N/A', 'N/A', 'N/A', 'N/A']","[0, 0, 0, 0, 0, 0, 0, 0]","[0, 0, 0, 0, 0, 0, 0, 0, 0, 0, 0, 0, 0, 0, 0, 0, 0, 0, 0, 0, 0, 0, 0, 0, 0, 0, 0, 0, 0, 0, 0, 0, 0, 0, 0, 0, 0, 0, 0, 0]","[0, 0, 0, 0]",228,N/A,N/A,N/A,N/A,ENABLED,157,500,2400,DISABLED,ENABLED,157,500,2400,DISABLED,ENABLED,157,500,2400,DISABLED,ENABLED,158,500,2400,DISABLED,ENABLED,157,500,2400,DISABLED,ENABLED,157,500,2400,DISABLED,ENABLED,156,500,2400,DISABLED,ENABLED,157,500,2400,DISABLED,ENABLED,1900,1900,1900,N/A,DISABLED,59,1900,1900,N/A,ENABLED,59,1900,1900,N/A,ENABLED,59,1900,1900,N/A,ENABLED,59,1900,1900,N/A,ENABLED,48,1520,1520,N/A,ENABLED,48,1520,1520,N/A,ENABLED,48,1520,1520,N/A,ENABLED,48,1520,1520,N/A,ENABLED,1250,1250,1250,N/A,DISABLED,38,1200,1200,N/A,ENABLED,N/A,42,28
1789726593,1,0,0,N/A,"['N/A', 'N/A', 'N/A', 'N/A']","['N/A', 'N/A', 'N/A', 'N/A', 'N/A', 'N/A', 'N/A', 'N/A', 'N/A', 'N/A', 'N/A', 'N/A', 'N/A', 'N/A', 'N/A', 'N/A', 'N/A', 'N/A', 'N/A', 'N/A', 'N/A', 'N/A', 'N/A', 'N/A', 'N/A', 'N/A', 'N/A', 'N/A', 'N/A', 'N/A', 'N/A', 'N/A']","[0, 0, 0, 0, 0, 0, 0, 0]","[0, 0, 0, 0, 0, 0, 0, 0, 0, 0, 0, 0, 0, 0, 0, 0, 0, 0, 0, 0, 0, 0, 0, 0, 0, 0, 0, 0, 0, 0, 0, 0, 0, 0, 0, 0, 0, 0, 0, 0]","[0, 0, 0, 0]",232,N/A,N/A,N/A,N/A,ENABLED,156,500,2400,DISABLED,ENABLED,157,500,2400,DISABLED,ENABLED,156,500,2400,DISABLED,ENABLED,157,500,2400,DISABLED,ENABLED,157,500,2400,DISABLED,ENABLED,157,500,2400,DISABLED,ENABLED,156,500,2400,DISABLED,ENABLED,156,500,2400,DISABLED,ENABLED,1900,1900,1900,N/A,DISABLED,59,1900,1900,N/A,ENABLED,59,1900,1900,N/A,ENABLED,59,1900,1900,N/A,ENABLED,59,1900,1900,N/A,ENABLED,48,1520,1520,N/A,ENABLED,48,1520,1520,N/A,ENABLED,48,1520,1520,N/A,ENABLED,48,1520,1520,N/A,ENABLED,1250,1250,1250,N/A,DISABLED,38,1200,1200,N/A,ENABLED,N/A,41,28
1789726593,2,0,0,N/A,"['N/A', 'N/A', 'N/A', 'N/A']","['N/A', 'N/A', 'N/A', 'N/A', 'N/A', 'N/A', 'N/A', 'N/A', 'N/A', 'N/A', 'N/A', 'N/A', 'N/A', 'N/A', 'N/A', 'N/A', 'N/A', 'N/A', 'N/A', 'N/A', 'N/A', 'N/A', 'N/A', 'N/A', 'N/A', 'N/A', 'N/A', 'N/A', 'N/A', 'N/A', 'N/A', 'N/A']","[0, 0, 0, 0, 0, 0, 0, 0]","[0, 0, 0, 0, 0, 0, 0, 0, 0, 0, 0, 0, 0, 0, 0, 0, 0, 0, 0, 0, 0, 0, 0, 0, 0, 0, 0, 0, 0, 0, 0, 0, 0, 0, 0, 0, 0, 0, 0, 0]","[0, 0, 0, 0]",221,N/A,N/A,N/A,N/A,ENABLED,156,500,2400,DISABLED,ENABLED,157,500,2400,DISABLED,ENABLED,156,500,2400,DISABLED,ENABLED,158,500,2400,DISABLED,ENABLED,164,500,2400,DISABLED,ENABLED,165,500,2400,DISABLED,ENABLED,157,500,2400,DISABLED,ENABLED,157,500,2400,DISABLED,ENABLED,1900,1900,1900,N/A,DISABLED,59,1900,1900,N/A,ENABLED,59,1900,1900,N/A,ENABLED,59,1900,1900,N/A,ENABLED,59,1900,1900,N/A,ENABLED,48,1520,1520,N/A,ENABLED,48,1520,1520,N/A,ENABLED,48,1520,1520,N/A,ENABLED,48,1520,1520,N/A,ENABLED,1250,1250,1250,N/A,DISABLED,38,1200,1200,N/A,ENABLED,N/A,43,28
1789726593,3,0,0,N/A,"['N/A', 'N/A', 'N/A', 'N/A']","['N/A', 'N/A', 'N/A', 'N/A', 'N/A', 'N/A', 'N/A', 'N/A', 'N/A', 'N/A', 'N/A', 'N/A', 'N/A', 'N/A', 'N/A', 'N/A', 'N/A', 'N/A', 'N/A', 'N/A', 'N/A', 'N/A', 'N/A', 'N/A', 'N/A', 'N/A', 'N/A', 'N/A', 'N/A', 'N/A', 'N/A', 'N/A']","[0, 0, 0, 0, 0, 0, 0, 0]","[0, 0, 0, 0, 0, 0, 0, 0, 0, 0, 0, 0, 0, 0, 0, 0, 0, 0, 0, 0, 0, 0, 0, 0, 0, 0, 0, 0, 0, 0, 0, 0, 0, 0, 0, 0, 0, 0, 0, 0]","[0, 0, 0, 0]",283,N/A,N/A,N/A,N/A,ENABLED,2385,500,2400,DISABLED,DISABLED,2407,500,2400,DISABLED,DISABLED,2390,500,2400,DISABLED,DISABLED,2390,500,2400,DISABLED,DISABLED,2392,500,2400,DISABLED,DISABLED,2392,500,2400,DISABLED,DISABLED,2386,500,2400,DISABLED,DISABLED,2396,500,2400,DISABLED,DISABLED,1900,1900,1900,N/A,DISABLED,59,1900,1900,N/A,ENABLED,59,1900,1900,N/A,ENABLED,59,1900,1900,N/A,ENABLED,59,1900,1900,N/A,ENABLED,48,1520,1520,N/A,ENABLED,48,1520,1520,N/A,ENABLED,48,1520,1520,N/A,ENABLED,48,1520,1520,N/A,ENABLED,1250,1250,1250,N/A,DISABLED,38,1200,1200,N/A,ENABLED,N/A,43,29

1789726594,0,0,0,N/A,"['N/A', 'N/A', 'N/A', 'N/A']","['N/A', 'N/A', 'N/A', 'N/A', 'N/A', 'N/A', 'N/A', 'N/A', 'N/A', 'N/A', 'N/A', 'N/A', 'N/A', 'N/A', 'N/A', 'N/A', 'N/A', 'N/A', 'N/A', 'N/A', 'N/A', 'N/A', 'N/A', 'N/A', 'N/A', 'N/A', 'N/A', 'N/A', 'N/A', 'N/A', 'N/A', 'N/A']","[0, 0, 0, 0, 0, 0, 0, 0]","[0, 0, 0, 0, 0, 0, 0, 0, 0, 0, 0, 0, 0, 0, 0, 0, 0, 0, 0, 0, 0, 0, 0, 0, 0, 0, 0, 0, 0, 0, 0, 0, 0, 0, 0, 0, 0, 0, 0, 0]","[0, 0, 0, 0]",228,N/A,N/A,N/A,N/A,ENABLED,157,500,2400,DISABLED,ENABLED,157,500,2400,DISABLED,ENABLED,157,500,2400,DISABLED,ENABLED,158,500,2400,DISABLED,ENABLED,157,500,2400,DISABLED,ENABLED,158,500,2400,DISABLED,ENABLED,156,500,2400,DISABLED,ENABLED,157,500,2400,DISABLED,ENABLED,1900,1900,1900,N/A,DISABLED,59,1900,1900,N/A,ENABLED,59,1900,1900,N/A,ENABLED,59,1900,1900,N/A,ENABLED,59,1900,1900,N/A,ENABLED,48,1520,1520,N/A,ENABLED,48,1520,1520,N/A,ENABLED,48,1520,1520,N/A,ENABLED,48,1520,1520,N/A,ENABLED,1250,1250,1250,N/A,DISABLED,38,1200,1200,N/A,ENABLED,N/A,42,28
1789726594,1,0,0,N/A,"['N/A', 'N/A', 'N/A', 'N/A']","['N/A', 'N/A', 'N/A', 'N/A', 'N/A', 'N/A', 'N/A', 'N/A', 'N/A', 'N/A', 'N/A', 'N/A', 'N/A', 'N/A', 'N/A', 'N/A', 'N/A', 'N/A', 'N/A', 'N/A', 'N/A', 'N/A', 'N/A', 'N/A', 'N/A', 'N/A', 'N/A', 'N/A', 'N/A', 'N/A', 'N/A', 'N/A']","[0, 0, 0, 0, 0, 0, 0, 0]","[0, 0, 0, 0, 0, 0, 0, 0, 0, 0, 0, 0, 0, 0, 0, 0, 0, 0, 0, 0, 0, 0, 0, 0, 0, 0, 0, 0, 0, 0, 0, 0, 0, 0, 0, 0, 0, 0, 0, 0]","[0, 0, 0, 0]",232,N/A,N/A,N/A,N/A,ENABLED,156,500,2400,DISABLED,ENABLED,157,500,2400,DISABLED,ENABLED,156,500,2400,DISABLED,ENABLED,157,500,2400,DISABLED,ENABLED,157,500,2400,DISABLED,ENABLED,156,500,2400,DISABLED,ENABLED,156,500,2400,DISABLED,ENABLED,156,500,2400,DISABLED,ENABLED,1900,1900,1900,N/A,DISABLED,59,1900,1900,N/A,ENABLED,59,1900,1900,N/A,ENABLED,59,1900,1900,N/A,ENABLED,59,1900,1900,N/A,ENABLED,48,1520,1520,N/A,ENABLED,48,1520,1520,N/A,ENABLED,48,1520,1520,N/A,ENABLED,48,1520,1520,N/A,ENABLED,1250,1250,1250,N/A,DISABLED,38,1200,1200,N/A,ENABLED,N/A,41,28
1789726594,2,0,0,N/A,"['N/A', 'N/A', 'N/A', 'N/A']","['N/A', 'N/A', 'N/A', 'N/A', 'N/A', 'N/A', 'N/A', 'N/A', 'N/A', 'N/A', 'N/A', 'N/A', 'N/A', 'N/A', 'N/A', 'N/A', 'N/A', 'N/A', 'N/A', 'N/A', 'N/A', 'N/A', 'N/A', 'N/A', 'N/A', 'N/A', 'N/A', 'N/A', 'N/A', 'N/A', 'N/A', 'N/A']","[0, 0, 0, 0, 0, 0, 0, 0]","[0, 0, 0, 0, 0, 0, 0, 0, 0, 0, 0, 0, 0, 0, 0, 0, 0, 0, 0, 0, 0, 0, 0, 0, 0, 0, 0, 0, 0, 0, 0, 0, 0, 0, 0, 0, 0, 0, 0, 0]","[0, 0, 0, 0]",221,N/A,N/A,N/A,N/A,ENABLED,156,500,2400,DISABLED,ENABLED,157,500,2400,DISABLED,ENABLED,156,500,2400,DISABLED,ENABLED,158,500,2400,DISABLED,ENABLED,165,500,2400,DISABLED,ENABLED,165,500,2400,DISABLED,ENABLED,157,500,2400,DISABLED,ENABLED,158,500,2400,DISABLED,ENABLED,1900,1900,1900,N/A,DISABLED,59,1900,1900,N/A,ENABLED,59,1900,1900,N/A,ENABLED,59,1900,1900,N/A,ENABLED,59,1900,1900,N/A,ENABLED,48,1520,1520,N/A,ENABLED,48,1520,1520,N/A,ENABLED,48,1520,1520,N/A,ENABLED,48,1520,1520,N/A,ENABLED,1250,1250,1250,N/A,DISABLED,38,1200,1200,N/A,ENABLED,N/A,43,28
1789726594,3,0,0,N/A,"['N/A', 'N/A', 'N/A', 'N/A']","['N/A', 'N/A', 'N/A', 'N/A', 'N/A', 'N/A', 'N/A', 'N/A', 'N/A', 'N/A', 'N/A', 'N/A', 'N/A', 'N/A', 'N/A', 'N/A', 'N/A', 'N/A', 'N/A', 'N/A', 'N/A', 'N/A', 'N/A', 'N/A', 'N/A', 'N/A', 'N/A', 'N/A', 'N/A', 'N/A', 'N/A', 'N/A']","[0, 0, 0, 0, 0, 0, 0, 0]","[0, 0, 0, 0, 0, 0, 0, 0, 0, 0, 0, 0, 0, 0, 0, 0, 0, 0, 0, 0, 0, 0, 0, 0, 0, 0, 0, 0, 0, 0, 0, 0, 0, 0, 0, 0, 0, 0, 0, 0]","[0, 0, 0, 0]",283,N/A,N/A,N/A,N/A,ENABLED,2385,500,2400,DISABLED,DISABLED,2406,500,2400,DISABLED,DISABLED,2391,500,2400,DISABLED,DISABLED,2389,500,2400,DISABLED,DISABLED,2392,500,2400,DISABLED,DISABLED,2393,500,2400,DISABLED,DISABLED,2386,500,2400,DISABLED,DISABLED,2396,500,2400,DISABLED,DISABLED,1900,1900,1900,N/A,DISABLED,59,1900,1900,N/A,ENABLED,59,1900,1900,N/A,ENABLED,59,1900,1900,N/A,ENABLED,59,1900,1900,N/A,ENABLED,48,1520,1520,N/A,ENABLED,48,1520,1520,N/A,ENABLED,48,1520,1520,N/A,ENABLED,48,1520,1520,N/A,ENABLED,1250,1250,1250,N/A,DISABLED,38,1200,1200,N/A,ENABLED,N/A,43,30

1789726595,0,0,0,N/A,"['N/A', 'N/A', 'N/A', 'N/A']","['N/A', 'N/A', 'N/A', 'N/A', 'N/A', 'N/A', 'N/A', 'N/A', 'N/A', 'N/A', 'N/A', 'N/A', 'N/A', 'N/A', 'N/A', 'N/A', 'N/A', 'N/A', 'N/A', 'N/A', 'N/A', 'N/A', 'N/A', 'N/A', 'N/A', 'N/A', 'N/A', 'N/A', 'N/A', 'N/A', 'N/A', 'N/A']","[0, 0, 0, 0, 0, 0, 0, 0]","[0, 0, 0, 0, 0, 0, 0, 0, 0, 0, 0, 0, 0, 0, 0, 0, 0, 0, 0, 0, 0, 0, 0, 0, 0, 0, 0, 0, 0, 0, 0, 0, 0, 0, 0, 0, 0, 0, 0, 0]","[0, 0, 0, 0]",228,N/A,N/A,N/A,N/A,ENABLED,157,500,2400,DISABLED,ENABLED,157,500,2400,DISABLED,ENABLED,157,500,2400,DISABLED,ENABLED,158,500,2400,DISABLED,ENABLED,157,500,2400,DISABLED,ENABLED,158,500,2400,DISABLED,ENABLED,156,500,2400,DISABLED,ENABLED,157,500,2400,DISABLED,ENABLED,1900,1900,1900,N/A,DISABLED,59,1900,1900,N/A,ENABLED,59,1900,1900,N/A,ENABLED,59,1900,1900,N/A,ENABLED,59,1900,1900,N/A,ENABLED,48,1520,1520,N/A,ENABLED,48,1520,1520,N/A,ENABLED,48,1520,1520,N/A,ENABLED,48,1520,1520,N/A,ENABLED,1250,1250,1250,N/A,DISABLED,38,1200,1200,N/A,ENABLED,N/A,42,28
1789726595,1,0,0,N/A,"['N/A', 'N/A', 'N/A', 'N/A']","['N/A', 'N/A', 'N/A', 'N/A', 'N/A', 'N/A', 'N/A', 'N/A', 'N/A', 'N/A', 'N/A', 'N/A', 'N/A', 'N/A', 'N/A', 'N/A', 'N/A', 'N/A', 'N/A', 'N/A', 'N/A', 'N/A', 'N/A', 'N/A', 'N/A', 'N/A', 'N/A', 'N/A', 'N/A', 'N/A', 'N/A', 'N/A']","[0, 0, 0, 0, 0, 0, 0, 0]","[0, 0, 0, 0, 0, 0, 0, 0, 0, 0, 0, 0, 0, 0, 0, 0, 0, 0, 0, 0, 0, 0, 0, 0, 0, 0, 0, 0, 0, 0, 0, 0, 0, 0, 0, 0, 0, 0, 0, 0]","[0, 0, 0, 0]",232,N/A,N/A,N/A,N/A,ENABLED,156,500,2400,DISABLED,ENABLED,157,500,2400,DISABLED,ENABLED,156,500,2400,DISABLED,ENABLED,157,500,2400,DISABLED,ENABLED,157,500,2400,DISABLED,ENABLED,157,500,2400,DISABLED,ENABLED,156,500,2400,DISABLED,ENABLED,156,500,2400,DISABLED,ENABLED,1900,1900,1900,N/A,DISABLED,59,1900,1900,N/A,ENABLED,59,1900,1900,N/A,ENABLED,59,1900,1900,N/A,ENABLED,59,1900,1900,N/A,ENABLED,48,1520,1520,N/A,ENABLED,48,1520,1520,N/A,ENABLED,48,1520,1520,N/A,ENABLED,48,1520,1520,N/A,ENABLED,1250,1250,1250,N/A,DISABLED,38,1200,1200,N/A,ENABLED,N/A,41,28
1789726595,2,0,0,N/A,"['N/A', 'N/A', 'N/A', 'N/A']","['N/A', 'N/A', 'N/A', 'N/A', 'N/A', 'N/A', 'N/A', 'N/A', 'N/A', 'N/A', 'N/A', 'N/A', 'N/A', 'N/A', 'N/A', 'N/A', 'N/A', 'N/A', 'N/A', 'N/A', 'N/A', 'N/A', 'N/A', 'N/A', 'N/A', 'N/A', 'N/A', 'N/A', 'N/A', 'N/A', 'N/A', 'N/A']","[0, 0, 0, 0, 0, 0, 0, 0]","[0, 0, 0, 0, 0, 0, 0, 0, 0, 0, 0, 0, 0, 0, 0, 0, 0, 0, 0, 0, 0, 0, 0, 0, 0, 0, 0, 0, 0, 0, 0, 0, 0, 0, 0, 0, 0, 0, 0, 0]","[0, 0, 0, 0]",221,N/A,N/A,N/A,N/A,ENABLED,156,500,2400,DISABLED,ENABLED,157,500,2400,DISABLED,ENABLED,156,500,2400,DISABLED,ENABLED,158,500,2400,DISABLED,ENABLED,160,500,2400,DISABLED,ENABLED,161,500,2400,DISABLED,ENABLED,157,500,2400,DISABLED,ENABLED,157,500,2400,DISABLED,ENABLED,1900,1900,1900,N/A,DISABLED,59,1900,1900,N/A,ENABLED,59,1900,1900,N/A,ENABLED,59,1900,1900,N/A,ENABLED,59,1900,1900,N/A,ENABLED,48,1520,1520,N/A,ENABLED,48,1520,1520,N/A,ENABLED,48,1520,1520,N/A,ENABLED,48,1520,1520,N/A,ENABLED,1250,1250,1250,N/A,DISABLED,38,1200,1200,N/A,ENABLED,N/A,43,28
1789726595,3,0,0,N/A,"['N/A', 'N/A', 'N/A', 'N/A']","['N/A', 'N/A', 'N/A', 'N/A', 'N/A', 'N/A', 'N/A', 'N/A', 'N/A', 'N/A', 'N/A', 'N/A', 'N/A', 'N/A', 'N/A', 'N/A', 'N/A', 'N/A', 'N/A', 'N/A', 'N/A', 'N/A', 'N/A', 'N/A', 'N/A', 'N/A', 'N/A', 'N/A', 'N/A', 'N/A', 'N/A', 'N/A']","[0, 0, 0, 0, 0, 0, 0, 0]","[0, 0, 0, 0, 0, 0, 0, 0, 0, 0, 0, 0, 0, 0, 0, 0, 0, 0, 0, 0, 0, 0, 0, 0, 0, 0, 0, 0, 0, 0, 0, 0, 0, 0, 0, 0, 0, 0, 0, 0]","[0, 0, 0, 0]",283,N/A,N/A,N/A,N/A,ENABLED,2385,500,2400,DISABLED,DISABLED,2408,500,2400,DISABLED,DISABLED,2391,500,2400,DISABLED,DISABLED,2389,500,2400,DISABLED,DISABLED,2392,500,2400,DISABLED,DISABLED,2393,500,2400,DISABLED,DISABLED,2385,500,2400,DISABLED,DISABLED,2397,500,2400,DISABLED,DISABLED,1900,1900,1900,N/A,DISABLED,59,1900,1900,N/A,ENABLED,59,1900,1900,N/A,ENABLED,59,1900,1900,N/A,ENABLED,59,1900,1900,N/A,ENABLED,48,1520,1520,N/A,ENABLED,48,1520,1520,N/A,ENABLED,48,1520,1520,N/A,ENABLED,48,1520,1520,N/A,ENABLED,1250,1250,1250,N/A,DISABLED,38,1200,1200,N/A,ENABLED,N/A,43,29

1789726596,0,0,0,N/A,"['N/A', 'N/A', 'N/A', 'N/A']","['N/A', 'N/A', 'N/A', 'N/A', 'N/A', 'N/A', 'N/A', 'N/A', 'N/A', 'N/A', 'N/A', 'N/A', 'N/A', 'N/A', 'N/A', 'N/A', 'N/A', 'N/A', 'N/A', 'N/A', 'N/A', 'N/A', 'N/A', 'N/A', 'N/A', 'N/A', 'N/A', 'N/A', 'N/A', 'N/A', 'N/A', 'N/A']","[0, 0, 0, 0, 0, 0, 0, 0]","[0, 0, 0, 0, 0, 0, 0, 0, 0, 0, 0, 0, 0, 0, 0, 0, 0, 0, 0, 0, 0, 0, 0, 0, 0, 0, 0, 0, 0, 0, 0, 0, 0, 0, 0, 0, 0, 0, 0, 0]","[0, 0, 0, 0]",222,N/A,N/A,N/A,N/A,ENABLED,126,500,2400,DISABLED,ENABLED,126,500,2400,DISABLED,ENABLED,126,500,2400,DISABLED,ENABLED,127,500,2400,DISABLED,ENABLED,130,500,2400,DISABLED,ENABLED,130,500,2400,DISABLED,ENABLED,125,500,2400,DISABLED,ENABLED,126,500,2400,DISABLED,ENABLED,1900,1900,1900,N/A,DISABLED,59,1900,1900,N/A,ENABLED,59,1900,1900,N/A,ENABLED,59,1900,1900,N/A,ENABLED,59,1900,1900,N/A,ENABLED,48,1520,1520,N/A,ENABLED,48,1520,1520,N/A,ENABLED,48,1520,1520,N/A,ENABLED,48,1520,1520,N/A,ENABLED,1250,1250,1250,N/A,DISABLED,38,1200,1200,N/A,ENABLED,N/A,42,28
1789726596,1,0,0,N/A,"['N/A', 'N/A', 'N/A', 'N/A']","['N/A', 'N/A', 'N/A', 'N/A', 'N/A', 'N/A', 'N/A', 'N/A', 'N/A', 'N/A', 'N/A', 'N/A', 'N/A', 'N/A', 'N/A', 'N/A', 'N/A', 'N/A', 'N/A', 'N/A', 'N/A', 'N/A', 'N/A', 'N/A', 'N/A', 'N/A', 'N/A', 'N/A', 'N/A', 'N/A', 'N/A', 'N/A']","[0, 0, 0, 0, 0, 0, 0, 0]","[0, 0, 0, 0, 0, 0, 0, 0, 0, 0, 0, 0, 0, 0, 0, 0, 0, 0, 0, 0, 0, 0, 0, 0, 0, 0, 0, 0, 0, 0, 0, 0, 0, 0, 0, 0, 0, 0, 0, 0]","[0, 0, 0, 0]",227,N/A,N/A,N/A,N/A,ENABLED,125,500,2400,DISABLED,ENABLED,126,500,2400,DISABLED,ENABLED,125,500,2400,DISABLED,ENABLED,126,500,2400,DISABLED,ENABLED,125,500,2400,DISABLED,ENABLED,125,500,2400,DISABLED,ENABLED,125,500,2400,DISABLED,ENABLED,125,500,2400,DISABLED,ENABLED,1900,1900,1900,N/A,DISABLED,59,1900,1900,N/A,ENABLED,59,1900,1900,N/A,ENABLED,59,1900,1900,N/A,ENABLED,59,1900,1900,N/A,ENABLED,48,1520,1520,N/A,ENABLED,48,1520,1520,N/A,ENABLED,48,1520,1520,N/A,ENABLED,48,1520,1520,N/A,ENABLED,1250,1250,1250,N/A,DISABLED,38,1200,1200,N/A,ENABLED,N/A,41,28
1789726596,2,0,0,N/A,"['N/A', 'N/A', 'N/A', 'N/A']","['N/A', 'N/A', 'N/A', 'N/A', 'N/A', 'N/A', 'N/A', 'N/A', 'N/A', 'N/A', 'N/A', 'N/A', 'N/A', 'N/A', 'N/A', 'N/A', 'N/A', 'N/A', 'N/A', 'N/A', 'N/A', 'N/A', 'N/A', 'N/A', 'N/A', 'N/A', 'N/A', 'N/A', 'N/A', 'N/A', 'N/A', 'N/A']","[0, 0, 0, 0, 0, 0, 0, 0]","[0, 0, 0, 0, 0, 0, 0, 0, 0, 0, 0, 0, 0, 0, 0, 0, 0, 0, 0, 0, 0, 0, 0, 0, 0, 0, 0, 0, 0, 0, 0, 0, 0, 0, 0, 0, 0, 0, 0, 0]","[0, 0, 0, 0]",215,N/A,N/A,N/A,N/A,ENABLED,124,500,2400,DISABLED,ENABLED,124,500,2400,DISABLED,ENABLED,124,500,2400,DISABLED,ENABLED,125,500,2400,DISABLED,ENABLED,129,500,2400,DISABLED,ENABLED,129,500,2400,DISABLED,ENABLED,131,500,2400,DISABLED,ENABLED,131,500,2400,DISABLED,ENABLED,1900,1900,1900,N/A,DISABLED,59,1900,1900,N/A,ENABLED,59,1900,1900,N/A,ENABLED,59,1900,1900,N/A,ENABLED,59,1900,1900,N/A,ENABLED,48,1520,1520,N/A,ENABLED,48,1520,1520,N/A,ENABLED,48,1520,1520,N/A,ENABLED,48,1520,1520,N/A,ENABLED,1250,1250,1250,N/A,DISABLED,38,1200,1200,N/A,ENABLED,N/A,43,28
1789726596,3,0,0,N/A,"['N/A', 'N/A', 'N/A', 'N/A']","['N/A', 'N/A', 'N/A', 'N/A', 'N/A', 'N/A', 'N/A', 'N/A', 'N/A', 'N/A', 'N/A', 'N/A', 'N/A', 'N/A', 'N/A', 'N/A', 'N/A', 'N/A', 'N/A', 'N/A', 'N/A', 'N/A', 'N/A', 'N/A', 'N/A', 'N/A', 'N/A', 'N/A', 'N/A', 'N/A', 'N/A', 'N/A']","[0, 0, 0, 0, 0, 0, 0, 0]","[0, 0, 0, 0, 0, 0, 0, 0, 0, 0, 0, 0, 0, 0, 0, 0, 0, 0, 0, 0, 0, 0, 0, 0, 0, 0, 0, 0, 0, 0, 0, 0, 0, 0, 0, 0, 0, 0, 0, 0]","[0, 0, 0, 0]",250,N/A,N/A,N/A,N/A,ENABLED,1377,500,2400,DISABLED,DISABLED,1391,500,2400,DISABLED,DISABLED,1381,500,2400,DISABLED,DISABLED,1382,500,2400,DISABLED,DISABLED,1380,500,2400,DISABLED,DISABLED,1384,500,2400,DISABLED,DISABLED,1375,500,2400,DISABLED,DISABLED,1384,500,2400,DISABLED,DISABLED,1900,1900,1900,N/A,DISABLED,59,1900,1900,N/A,ENABLED,59,1900,1900,N/A,ENABLED,59,1900,1900,N/A,ENABLED,59,1900,1900,N/A,ENABLED,48,1520,1520,N/A,ENABLED,48,1520,1520,N/A,ENABLED,48,1520,1520,N/A,ENABLED,48,1520,1520,N/A,ENABLED,1250,1250,1250,N/A,DISABLED,38,1200,1200,N/A,ENABLED,N/A,43,29

1789726597,0,0,0,N/A,"['N/A', 'N/A', 'N/A', 'N/A']","['N/A', 'N/A', 'N/A', 'N/A', 'N/A', 'N/A', 'N/A', 'N/A', 'N/A', 'N/A', 'N/A', 'N/A', 'N/A', 'N/A', 'N/A', 'N/A', 'N/A', 'N/A', 'N/A', 'N/A', 'N/A', 'N/A', 'N/A', 'N/A', 'N/A', 'N/A', 'N/A', 'N/A', 'N/A', 'N/A', 'N/A', 'N/A']","[0, 0, 0, 0, 0, 0, 0, 0]","[0, 0, 0, 0, 0, 0, 0, 0, 0, 0, 0, 0, 0, 0, 0, 0, 0, 0, 0, 0, 0, 0, 0, 0, 0, 0, 0, 0, 0, 0, 0, 0, 0, 0, 0, 0, 0, 0, 0, 0]","[0, 0, 0, 0]",228,N/A,N/A,N/A,N/A,ENABLED,157,500,2400,DISABLED,ENABLED,158,500,2400,DISABLED,ENABLED,157,500,2400,DISABLED,ENABLED,158,500,2400,DISABLED,ENABLED,158,500,2400,DISABLED,ENABLED,158,500,2400,DISABLED,ENABLED,157,500,2400,DISABLED,ENABLED,158,500,2400,DISABLED,ENABLED,1900,1900,1900,N/A,DISABLED,59,1900,1900,N/A,ENABLED,59,1900,1900,N/A,ENABLED,59,1900,1900,N/A,ENABLED,59,1900,1900,N/A,ENABLED,48,1520,1520,N/A,ENABLED,48,1520,1520,N/A,ENABLED,48,1520,1520,N/A,ENABLED,48,1520,1520,N/A,ENABLED,1250,1250,1250,N/A,DISABLED,38,1200,1200,N/A,ENABLED,N/A,42,28
1789726597,1,0,0,N/A,"['N/A', 'N/A', 'N/A', 'N/A']","['N/A', 'N/A', 'N/A', 'N/A', 'N/A', 'N/A', 'N/A', 'N/A', 'N/A', 'N/A', 'N/A', 'N/A', 'N/A', 'N/A', 'N/A', 'N/A', 'N/A', 'N/A', 'N/A', 'N/A', 'N/A', 'N/A', 'N/A', 'N/A', 'N/A', 'N/A', 'N/A', 'N/A', 'N/A', 'N/A', 'N/A', 'N/A']","[0, 0, 0, 0, 0, 0, 0, 0]","[0, 0, 0, 0, 0, 0, 0, 0, 0, 0, 0, 0, 0, 0, 0, 0, 0, 0, 0, 0, 0, 0, 0, 0, 0, 0, 0, 0, 0, 0, 0, 0, 0, 0, 0, 0, 0, 0, 0, 0]","[0, 0, 0, 0]",232,N/A,N/A,N/A,N/A,ENABLED,156,500,2400,DISABLED,ENABLED,158,500,2400,DISABLED,ENABLED,157,500,2400,DISABLED,ENABLED,157,500,2400,DISABLED,ENABLED,157,500,2400,DISABLED,ENABLED,157,500,2400,DISABLED,ENABLED,157,500,2400,DISABLED,ENABLED,156,500,2400,DISABLED,ENABLED,1900,1900,1900,N/A,DISABLED,59,1900,1900,N/A,ENABLED,59,1900,1900,N/A,ENABLED,59,1900,1900,N/A,ENABLED,59,1900,1900,N/A,ENABLED,48,1520,1520,N/A,ENABLED,48,1520,1520,N/A,ENABLED,48,1520,1520,N/A,ENABLED,48,1520,1520,N/A,ENABLED,1250,1250,1250,N/A,DISABLED,38,1200,1200,N/A,ENABLED,N/A,41,28
1789726597,2,0,0,N/A,"['N/A', 'N/A', 'N/A', 'N/A']","['N/A', 'N/A', 'N/A', 'N/A', 'N/A', 'N/A', 'N/A', 'N/A', 'N/A', 'N/A', 'N/A', 'N/A', 'N/A', 'N/A', 'N/A', 'N/A', 'N/A', 'N/A', 'N/A', 'N/A', 'N/A', 'N/A', 'N/A', 'N/A', 'N/A', 'N/A', 'N/A', 'N/A', 'N/A', 'N/A', 'N/A', 'N/A']","[0, 0, 0, 0, 0, 0, 0, 0]","[0, 0, 0, 0, 0, 0, 0, 0, 0, 0, 0, 0, 0, 0, 0, 0, 0, 0, 0, 0, 0, 0, 0, 0, 0, 0, 0, 0, 0, 0, 0, 0, 0, 0, 0, 0, 0, 0, 0, 0]","[0, 0, 0, 0]",222,N/A,N/A,N/A,N/A,ENABLED,156,500,2400,DISABLED,ENABLED,157,500,2400,DISABLED,ENABLED,157,500,2400,DISABLED,ENABLED,158,500,2400,DISABLED,ENABLED,167,500,2400,DISABLED,ENABLED,168,500,2400,DISABLED,ENABLED,158,500,2400,DISABLED,ENABLED,158,500,2400,DISABLED,ENABLED,1900,1900,1900,N/A,DISABLED,59,1900,1900,N/A,ENABLED,59,1900,1900,N/A,ENABLED,59,1900,1900,N/A,ENABLED,59,1900,1900,N/A,ENABLED,48,1520,1520,N/A,ENABLED,48,1520,1520,N/A,ENABLED,48,1520,1520,N/A,ENABLED,48,1520,1520,N/A,ENABLED,1250,1250,1250,N/A,DISABLED,38,1200,1200,N/A,ENABLED,N/A,43,28
1789726597,3,0,0,N/A,"['N/A', 'N/A', 'N/A', 'N/A']","['N/A', 'N/A', 'N/A', 'N/A', 'N/A', 'N/A', 'N/A', 'N/A', 'N/A', 'N/A', 'N/A', 'N/A', 'N/A', 'N/A', 'N/A', 'N/A', 'N/A', 'N/A', 'N/A', 'N/A', 'N/A', 'N/A', 'N/A', 'N/A', 'N/A', 'N/A', 'N/A', 'N/A', 'N/A', 'N/A', 'N/A', 'N/A']","[0, 0, 0, 0, 0, 0, 0, 0]","[0, 0, 0, 0, 0, 0, 0, 0, 0, 0, 0, 0, 0, 0, 0, 0, 0, 0, 0, 0, 0, 0, 0, 0, 0, 0, 0, 0, 0, 0, 0, 0, 0, 0, 0, 0, 0, 0, 0, 0]","[0, 0, 0, 0]",281,N/A,N/A,N/A,N/A,ENABLED,2384,500,2400,DISABLED,DISABLED,2407,500,2400,DISABLED,DISABLED,2390,500,2400,DISABLED,DISABLED,2389,500,2400,DISABLED,DISABLED,2392,500,2400,DISABLED,DISABLED,2392,500,2400,DISABLED,DISABLED,2386,500,2400,DISABLED,DISABLED,2396,500,2400,DISABLED,DISABLED,1900,1900,1900,N/A,DISABLED,59,1900,1900,N/A,ENABLED,59,1900,1900,N/A,ENABLED,59,1900,1900,N/A,ENABLED,59,1900,1900,N/A,ENABLED,48,1520,1520,N/A,ENABLED,48,1520,1520,N/A,ENABLED,48,1520,1520,N/A,ENABLED,48,1520,1520,N/A,ENABLED,1250,1250,1250,N/A,DISABLED,38,1200,1200,N/A,ENABLED,N/A,43,29

1789726598,0,0,0,N/A,"['N/A', 'N/A', 'N/A', 'N/A']","['N/A', 'N/A', 'N/A', 'N/A', 'N/A', 'N/A', 'N/A', 'N/A', 'N/A', 'N/A', 'N/A', 'N/A', 'N/A', 'N/A', 'N/A', 'N/A', 'N/A', 'N/A', 'N/A', 'N/A', 'N/A', 'N/A', 'N/A', 'N/A', 'N/A', 'N/A', 'N/A', 'N/A', 'N/A', 'N/A', 'N/A', 'N/A']","[0, 0, 0, 0, 0, 0, 0, 0]","[0, 0, 0, 0, 0, 0, 0, 0, 0, 0, 0, 0, 0, 0, 0, 0, 0, 0, 0, 0, 0, 0, 0, 0, 0, 0, 0, 0, 0, 0, 0, 0, 0, 0, 0, 0, 0, 0, 0, 0]","[0, 0, 0, 0]",228,N/A,N/A,N/A,N/A,ENABLED,165,500,2400,DISABLED,ENABLED,165,500,2400,DISABLED,ENABLED,164,500,2400,DISABLED,ENABLED,166,500,2400,DISABLED,ENABLED,165,500,2400,DISABLED,ENABLED,165,500,2400,DISABLED,ENABLED,164,500,2400,DISABLED,ENABLED,165,500,2400,DISABLED,ENABLED,1900,1900,1900,N/A,DISABLED,59,1900,1900,N/A,ENABLED,59,1900,1900,N/A,ENABLED,59,1900,1900,N/A,ENABLED,59,1900,1900,N/A,ENABLED,48,1520,1520,N/A,ENABLED,48,1520,1520,N/A,ENABLED,48,1520,1520,N/A,ENABLED,48,1520,1520,N/A,ENABLED,1250,1250,1250,N/A,DISABLED,38,1200,1200,N/A,ENABLED,N/A,42,28
1789726598,1,0,0,N/A,"['N/A', 'N/A', 'N/A', 'N/A']","['N/A', 'N/A', 'N/A', 'N/A', 'N/A', 'N/A', 'N/A', 'N/A', 'N/A', 'N/A', 'N/A', 'N/A', 'N/A', 'N/A', 'N/A', 'N/A', 'N/A', 'N/A', 'N/A', 'N/A', 'N/A', 'N/A', 'N/A', 'N/A', 'N/A', 'N/A', 'N/A', 'N/A', 'N/A', 'N/A', 'N/A', 'N/A']","[0, 0, 0, 0, 0, 0, 0, 0]","[0, 0, 0, 0, 0, 0, 0, 0, 0, 0, 0, 0, 0, 0, 0, 0, 0, 0, 0, 0, 0, 0, 0, 0, 0, 0, 0, 0, 0, 0, 0, 0, 0, 0, 0, 0, 0, 0, 0, 0]","[0, 0, 0, 0]",232,N/A,N/A,N/A,N/A,ENABLED,161,500,2400,DISABLED,ENABLED,163,500,2400,DISABLED,ENABLED,161,500,2400,DISABLED,ENABLED,162,500,2400,DISABLED,ENABLED,162,500,2400,DISABLED,ENABLED,161,500,2400,DISABLED,ENABLED,161,500,2400,DISABLED,ENABLED,161,500,2400,DISABLED,ENABLED,1900,1900,1900,N/A,DISABLED,59,1900,1900,N/A,ENABLED,59,1900,1900,N/A,ENABLED,59,1900,1900,N/A,ENABLED,59,1900,1900,N/A,ENABLED,48,1520,1520,N/A,ENABLED,48,1520,1520,N/A,ENABLED,48,1520,1520,N/A,ENABLED,48,1520,1520,N/A,ENABLED,1250,1250,1250,N/A,DISABLED,38,1200,1200,N/A,ENABLED,N/A,41,28
1789726598,2,0,0,N/A,"['N/A', 'N/A', 'N/A', 'N/A']","['N/A', 'N/A', 'N/A', 'N/A', 'N/A', 'N/A', 'N/A', 'N/A', 'N/A', 'N/A', 'N/A', 'N/A', 'N/A', 'N/A', 'N/A', 'N/A', 'N/A', 'N/A', 'N/A', 'N/A', 'N/A', 'N/A', 'N/A', 'N/A', 'N/A', 'N/A', 'N/A', 'N/A', 'N/A', 'N/A', 'N/A', 'N/A']","[0, 0, 0, 0, 0, 0, 0, 0]","[0, 0, 0, 0, 0, 0, 0, 0, 0, 0, 0, 0, 0, 0, 0, 0, 0, 0, 0, 0, 0, 0, 0, 0, 0, 0, 0, 0, 0, 0, 0, 0, 0, 0, 0, 0, 0, 0, 0, 0]","[0, 0, 0, 0]",222,N/A,N/A,N/A,N/A,ENABLED,164,500,2400,DISABLED,ENABLED,165,500,2400,DISABLED,ENABLED,165,500,2400,DISABLED,ENABLED,166,500,2400,DISABLED,ENABLED,174,500,2400,DISABLED,ENABLED,175,500,2400,DISABLED,ENABLED,164,500,2400,DISABLED,ENABLED,165,500,2400,DISABLED,ENABLED,1900,1900,1900,N/A,DISABLED,59,1900,1900,N/A,ENABLED,59,1900,1900,N/A,ENABLED,59,1900,1900,N/A,ENABLED,59,1900,1900,N/A,ENABLED,48,1520,1520,N/A,ENABLED,48,1520,1520,N/A,ENABLED,48,1520,1520,N/A,ENABLED,48,1520,1520,N/A,ENABLED,1250,1250,1250,N/A,DISABLED,38,1200,1200,N/A,ENABLED,N/A,43,28
1789726598,3,0,0,N/A,"['N/A', 'N/A', 'N/A', 'N/A']","['N/A', 'N/A', 'N/A', 'N/A', 'N/A', 'N/A', 'N/A', 'N/A', 'N/A', 'N/A', 'N/A', 'N/A', 'N/A', 'N/A', 'N/A', 'N/A', 'N/A', 'N/A', 'N/A', 'N/A', 'N/A', 'N/A', 'N/A', 'N/A', 'N/A', 'N/A', 'N/A', 'N/A', 'N/A', 'N/A', 'N/A', 'N/A']","[0, 0, 0, 0, 0, 0, 0, 0]","[0, 0, 0, 0, 0, 0, 0, 0, 0, 0, 0, 0, 0, 0, 0, 0, 0, 0, 0, 0, 0, 0, 0, 0, 0, 0, 0, 0, 0, 0, 0, 0, 0, 0, 0, 0, 0, 0, 0, 0]","[0, 0, 0, 0]",282,N/A,N/A,N/A,N/A,ENABLED,2383,500,2400,DISABLED,DISABLED,2406,500,2400,DISABLED,DISABLED,2390,500,2400,DISABLED,DISABLED,2388,500,2400,DISABLED,DISABLED,2392,500,2400,DISABLED,DISABLED,2393,500,2400,DISABLED,DISABLED,2386,500,2400,DISABLED,DISABLED,2395,500,2400,DISABLED,DISABLED,1900,1900,1900,N/A,DISABLED,59,1900,1900,N/A,ENABLED,59,1900,1900,N/A,ENABLED,59,1900,1900,N/A,ENABLED,59,1900,1900,N/A,ENABLED,48,1520,1520,N/A,ENABLED,48,1520,1520,N/A,ENABLED,48,1520,1520,N/A,ENABLED,48,1520,1520,N/A,ENABLED,1250,1250,1250,N/A,DISABLED,38,1200,1200,N/A,ENABLED,N/A,43,29

1789726599,0,0,0,N/A,"['N/A', 'N/A', 'N/A', 'N/A']","['N/A', 'N/A', 'N/A', 'N/A', 'N/A', 'N/A', 'N/A', 'N/A', 'N/A', 'N/A', 'N/A', 'N/A', 'N/A', 'N/A', 'N/A', 'N/A', 'N/A', 'N/A', 'N/A', 'N/A', 'N/A', 'N/A', 'N/A', 'N/A', 'N/A', 'N/A', 'N/A', 'N/A', 'N/A', 'N/A', 'N/A', 'N/A']","[0, 0, 0, 0, 0, 0, 0, 0]","[0, 0, 0, 0, 0, 0, 0, 0, 0, 0, 0, 0, 0, 0, 0, 0, 0, 0, 0, 0, 0, 0, 0, 0, 0, 0, 0, 0, 0, 0, 0, 0, 0, 0, 0, 0, 0, 0, 0, 0]","[0, 0, 0, 0]",228,N/A,N/A,N/A,N/A,ENABLED,157,500,2400,DISABLED,ENABLED,157,500,2400,DISABLED,ENABLED,156,500,2400,DISABLED,ENABLED,158,500,2400,DISABLED,ENABLED,157,500,2400,DISABLED,ENABLED,157,500,2400,DISABLED,ENABLED,156,500,2400,DISABLED,ENABLED,157,500,2400,DISABLED,ENABLED,1900,1900,1900,N/A,DISABLED,59,1900,1900,N/A,ENABLED,59,1900,1900,N/A,ENABLED,59,1900,1900,N/A,ENABLED,59,1900,1900,N/A,ENABLED,48,1520,1520,N/A,ENABLED,48,1520,1520,N/A,ENABLED,48,1520,1520,N/A,ENABLED,48,1520,1520,N/A,ENABLED,1250,1250,1250,N/A,DISABLED,38,1200,1200,N/A,ENABLED,N/A,42,28
1789726599,1,0,0,N/A,"['N/A', 'N/A', 'N/A', 'N/A']","['N/A', 'N/A', 'N/A', 'N/A', 'N/A', 'N/A', 'N/A', 'N/A', 'N/A', 'N/A', 'N/A', 'N/A', 'N/A', 'N/A', 'N/A', 'N/A', 'N/A', 'N/A', 'N/A', 'N/A', 'N/A', 'N/A', 'N/A', 'N/A', 'N/A', 'N/A', 'N/A', 'N/A', 'N/A', 'N/A', 'N/A', 'N/A']","[0, 0, 0, 0, 0, 0, 0, 0]","[0, 0, 0, 0, 0, 0, 0, 0, 0, 0, 0, 0, 0, 0, 0, 0, 0, 0, 0, 0, 0, 0, 0, 0, 0, 0, 0, 0, 0, 0, 0, 0, 0, 0, 0, 0, 0, 0, 0, 0]","[0, 0, 0, 0]",232,N/A,N/A,N/A,N/A,ENABLED,156,500,2400,DISABLED,ENABLED,157,500,2400,DISABLED,ENABLED,156,500,2400,DISABLED,ENABLED,157,500,2400,DISABLED,ENABLED,157,500,2400,DISABLED,ENABLED,157,500,2400,DISABLED,ENABLED,157,500,2400,DISABLED,ENABLED,156,500,2400,DISABLED,ENABLED,1900,1900,1900,N/A,DISABLED,59,1900,1900,N/A,ENABLED,59,1900,1900,N/A,ENABLED,59,1900,1900,N/A,ENABLED,59,1900,1900,N/A,ENABLED,48,1520,1520,N/A,ENABLED,48,1520,1520,N/A,ENABLED,48,1520,1520,N/A,ENABLED,48,1520,1520,N/A,ENABLED,1250,1250,1250,N/A,DISABLED,38,1200,1200,N/A,ENABLED,N/A,41,28
1789726599,2,0,0,N/A,"['N/A', 'N/A', 'N/A', 'N/A']","['N/A', 'N/A', 'N/A', 'N/A', 'N/A', 'N/A', 'N/A', 'N/A', 'N/A', 'N/A', 'N/A', 'N/A', 'N/A', 'N/A', 'N/A', 'N/A', 'N/A', 'N/A', 'N/A', 'N/A', 'N/A', 'N/A', 'N/A', 'N/A', 'N/A', 'N/A', 'N/A', 'N/A', 'N/A', 'N/A', 'N/A', 'N/A']","[0, 0, 0, 0, 0, 0, 0, 0]","[0, 0, 0, 0, 0, 0, 0, 0, 0, 0, 0, 0, 0, 0, 0, 0, 0, 0, 0, 0, 0, 0, 0, 0, 0, 0, 0, 0, 0, 0, 0, 0, 0, 0, 0, 0, 0, 0, 0, 0]","[0, 0, 0, 0]",221,N/A,N/A,N/A,N/A,ENABLED,156,500,2400,DISABLED,ENABLED,157,500,2400,DISABLED,ENABLED,157,500,2400,DISABLED,ENABLED,157,500,2400,DISABLED,ENABLED,163,500,2400,DISABLED,ENABLED,164,500,2400,DISABLED,ENABLED,157,500,2400,DISABLED,ENABLED,158,500,2400,DISABLED,ENABLED,1900,1900,1900,N/A,DISABLED,59,1900,1900,N/A,ENABLED,59,1900,1900,N/A,ENABLED,59,1900,1900,N/A,ENABLED,59,1900,1900,N/A,ENABLED,48,1520,1520,N/A,ENABLED,48,1520,1520,N/A,ENABLED,48,1520,1520,N/A,ENABLED,48,1520,1520,N/A,ENABLED,1250,1250,1250,N/A,DISABLED,38,1200,1200,N/A,ENABLED,N/A,43,28
1789726599,3,0,0,N/A,"['N/A', 'N/A', 'N/A', 'N/A']","['N/A', 'N/A', 'N/A', 'N/A', 'N/A', 'N/A', 'N/A', 'N/A', 'N/A', 'N/A', 'N/A', 'N/A', 'N/A', 'N/A', 'N/A', 'N/A', 'N/A', 'N/A', 'N/A', 'N/A', 'N/A', 'N/A', 'N/A', 'N/A', 'N/A', 'N/A', 'N/A', 'N/A', 'N/A', 'N/A', 'N/A', 'N/A']","[0, 0, 0, 0, 0, 0, 0, 0]","[0, 0, 0, 0, 0, 0, 0, 0, 0, 0, 0, 0, 0, 0, 0, 0, 0, 0, 0, 0, 0, 0, 0, 0, 0, 0, 0, 0, 0, 0, 0, 0, 0, 0, 0, 0, 0, 0, 0, 0]","[0, 0, 0, 0]",281,N/A,N/A,N/A,N/A,ENABLED,2384,500,2400,DISABLED,DISABLED,2407,500,2400,DISABLED,DISABLED,2390,500,2400,DISABLED,DISABLED,2390,500,2400,DISABLED,DISABLED,2393,500,2400,DISABLED,DISABLED,2392,500,2400,DISABLED,DISABLED,2387,500,2400,DISABLED,DISABLED,2397,500,2400,DISABLED,DISABLED,1900,1900,1900,N/A,DISABLED,59,1900,1900,N/A,ENABLED,59,1900,1900,N/A,ENABLED,59,1900,1900,N/A,ENABLED,59,1900,1900,N/A,ENABLED,48,1520,1520,N/A,ENABLED,48,1520,1520,N/A,ENABLED,48,1520,1520,N/A,ENABLED,48,1520,1520,N/A,ENABLED,1250,1250,1250,N/A,DISABLED,38,1200,1200,N/A,ENABLED,N/A,43,29

1789726600,0,0,0,N/A,"['N/A', 'N/A', 'N/A', 'N/A']","['N/A', 'N/A', 'N/A', 'N/A', 'N/A', 'N/A', 'N/A', 'N/A', 'N/A', 'N/A', 'N/A', 'N/A', 'N/A', 'N/A', 'N/A', 'N/A', 'N/A', 'N/A', 'N/A', 'N/A', 'N/A', 'N/A', 'N/A', 'N/A', 'N/A', 'N/A', 'N/A', 'N/A', 'N/A', 'N/A', 'N/A', 'N/A']","[0, 0, 0, 0, 0, 0, 0, 0]","[0, 0, 0, 0, 0, 0, 0, 0, 0, 0, 0, 0, 0, 0, 0, 0, 0, 0, 0, 0, 0, 0, 0, 0, 0, 0, 0, 0, 0, 0, 0, 0, 0, 0, 0, 0, 0, 0, 0, 0]","[0, 0, 0, 0]",228,N/A,N/A,N/A,N/A,ENABLED,157,500,2400,DISABLED,ENABLED,157,500,2400,DISABLED,ENABLED,157,500,2400,DISABLED,ENABLED,158,500,2400,DISABLED,ENABLED,157,500,2400,DISABLED,ENABLED,158,500,2400,DISABLED,ENABLED,156,500,2400,DISABLED,ENABLED,157,500,2400,DISABLED,ENABLED,1900,1900,1900,N/A,DISABLED,59,1900,1900,N/A,ENABLED,59,1900,1900,N/A,ENABLED,59,1900,1900,N/A,ENABLED,59,1900,1900,N/A,ENABLED,48,1520,1520,N/A,ENABLED,48,1520,1520,N/A,ENABLED,48,1520,1520,N/A,ENABLED,48,1520,1520,N/A,ENABLED,1250,1250,1250,N/A,DISABLED,38,1200,1200,N/A,ENABLED,N/A,42,28
1789726600,1,0,0,N/A,"['N/A', 'N/A', 'N/A', 'N/A']","['N/A', 'N/A', 'N/A', 'N/A', 'N/A', 'N/A', 'N/A', 'N/A', 'N/A', 'N/A', 'N/A', 'N/A', 'N/A', 'N/A', 'N/A', 'N/A', 'N/A', 'N/A', 'N/A', 'N/A', 'N/A', 'N/A', 'N/A', 'N/A', 'N/A', 'N/A', 'N/A', 'N/A', 'N/A', 'N/A', 'N/A', 'N/A']","[0, 0, 0, 0, 0, 0, 0, 0]","[0, 0, 0, 0, 0, 0, 0, 0, 0, 0, 0, 0, 0, 0, 0, 0, 0, 0, 0, 0, 0, 0, 0, 0, 0, 0, 0, 0, 0, 0, 0, 0, 0, 0, 0, 0, 0, 0, 0, 0]","[0, 0, 0, 0]",232,N/A,N/A,N/A,N/A,ENABLED,156,500,2400,DISABLED,ENABLED,158,500,2400,DISABLED,ENABLED,156,500,2400,DISABLED,ENABLED,157,500,2400,DISABLED,ENABLED,157,500,2400,DISABLED,ENABLED,157,500,2400,DISABLED,ENABLED,156,500,2400,DISABLED,ENABLED,156,500,2400,DISABLED,ENABLED,1900,1900,1900,N/A,DISABLED,59,1900,1900,N/A,ENABLED,59,1900,1900,N/A,ENABLED,59,1900,1900,N/A,ENABLED,59,1900,1900,N/A,ENABLED,48,1520,1520,N/A,ENABLED,48,1520,1520,N/A,ENABLED,48,1520,1520,N/A,ENABLED,48,1520,1520,N/A,ENABLED,1250,1250,1250,N/A,DISABLED,38,1200,1200,N/A,ENABLED,N/A,41,28
1789726600,2,0,0,N/A,"['N/A', 'N/A', 'N/A', 'N/A']","['N/A', 'N/A', 'N/A', 'N/A', 'N/A', 'N/A', 'N/A', 'N/A', 'N/A', 'N/A', 'N/A', 'N/A', 'N/A', 'N/A', 'N/A', 'N/A', 'N/A', 'N/A', 'N/A', 'N/A', 'N/A', 'N/A', 'N/A', 'N/A', 'N/A', 'N/A', 'N/A', 'N/A', 'N/A', 'N/A', 'N/A', 'N/A']","[0, 0, 0, 0, 0, 0, 0, 0]","[0, 0, 0, 0, 0, 0, 0, 0, 0, 0, 0, 0, 0, 0, 0, 0, 0, 0, 0, 0, 0, 0, 0, 0, 0, 0, 0, 0, 0, 0, 0, 0, 0, 0, 0, 0, 0, 0, 0, 0]","[0, 0, 0, 0]",221,N/A,N/A,N/A,N/A,ENABLED,156,500,2400,DISABLED,ENABLED,157,500,2400,DISABLED,ENABLED,156,500,2400,DISABLED,ENABLED,158,500,2400,DISABLED,ENABLED,170,500,2400,DISABLED,ENABLED,170,500,2400,DISABLED,ENABLED,157,500,2400,DISABLED,ENABLED,157,500,2400,DISABLED,ENABLED,1900,1900,1900,N/A,DISABLED,59,1900,1900,N/A,ENABLED,59,1900,1900,N/A,ENABLED,59,1900,1900,N/A,ENABLED,59,1900,1900,N/A,ENABLED,48,1520,1520,N/A,ENABLED,48,1520,1520,N/A,ENABLED,48,1520,1520,N/A,ENABLED,48,1520,1520,N/A,ENABLED,1250,1250,1250,N/A,DISABLED,38,1200,1200,N/A,ENABLED,N/A,43,28
1789726600,3,0,0,N/A,"['N/A', 'N/A', 'N/A', 'N/A']","['N/A', 'N/A', 'N/A', 'N/A', 'N/A', 'N/A', 'N/A', 'N/A', 'N/A', 'N/A', 'N/A', 'N/A', 'N/A', 'N/A', 'N/A', 'N/A', 'N/A', 'N/A', 'N/A', 'N/A', 'N/A', 'N/A', 'N/A', 'N/A', 'N/A', 'N/A', 'N/A', 'N/A', 'N/A', 'N/A', 'N/A', 'N/A']","[0, 0, 0, 0, 0, 0, 0, 0]","[0, 0, 0, 0, 0, 0, 0, 0, 0, 0, 0, 0, 0, 0, 0, 0, 0, 0, 0, 0, 0, 0, 0, 0, 0, 0, 0, 0, 0, 0, 0, 0, 0, 0, 0, 0, 0, 0, 0, 0]","[0, 0, 0, 0]",282,N/A,N/A,N/A,N/A,ENABLED,2385,500,2400,DISABLED,DISABLED,2406,500,2400,DISABLED,DISABLED,2391,500,2400,DISABLED,DISABLED,2390,500,2400,DISABLED,DISABLED,2392,500,2400,DISABLED,DISABLED,2393,500,2400,DISABLED,DISABLED,2387,500,2400,DISABLED,DISABLED,2397,500,2400,DISABLED,DISABLED,1900,1900,1900,N/A,DISABLED,59,1900,1900,N/A,ENABLED,59,1900,1900,N/A,ENABLED,59,1900,1900,N/A,ENABLED,59,1900,1900,N/A,ENABLED,48,1520,1520,N/A,ENABLED,48,1520,1520,N/A,ENABLED,48,1520,1520,N/A,ENABLED,48,1520,1520,N/A,ENABLED,1250,1250,1250,N/A,DISABLED,38,1200,1200,N/A,ENABLED,N/A,43,29

1789726601,0,0,0,N/A,"['N/A', 'N/A', 'N/A', 'N/A']","['N/A', 'N/A', 'N/A', 'N/A', 'N/A', 'N/A', 'N/A', 'N/A', 'N/A', 'N/A', 'N/A', 'N/A', 'N/A', 'N/A', 'N/A', 'N/A', 'N/A', 'N/A', 'N/A', 'N/A', 'N/A', 'N/A', 'N/A', 'N/A', 'N/A', 'N/A', 'N/A', 'N/A', 'N/A', 'N/A', 'N/A', 'N/A']","[0, 0, 0, 0, 0, 0, 0, 0]","[0, 0, 0, 0, 0, 0, 0, 0, 0, 0, 0, 0, 0, 0, 0, 0, 0, 0, 0, 0, 0, 0, 0, 0, 0, 0, 0, 0, 0, 0, 0, 0, 0, 0, 0, 0, 0, 0, 0, 0]","[0, 0, 0, 0]",228,N/A,N/A,N/A,N/A,ENABLED,157,500,2400,DISABLED,ENABLED,157,500,2400,DISABLED,ENABLED,157,500,2400,DISABLED,ENABLED,158,500,2400,DISABLED,ENABLED,157,500,2400,DISABLED,ENABLED,158,500,2400,DISABLED,ENABLED,156,500,2400,DISABLED,ENABLED,157,500,2400,DISABLED,ENABLED,1900,1900,1900,N/A,DISABLED,59,1900,1900,N/A,ENABLED,59,1900,1900,N/A,ENABLED,59,1900,1900,N/A,ENABLED,59,1900,1900,N/A,ENABLED,48,1520,1520,N/A,ENABLED,48,1520,1520,N/A,ENABLED,48,1520,1520,N/A,ENABLED,48,1520,1520,N/A,ENABLED,1250,1250,1250,N/A,DISABLED,38,1200,1200,N/A,ENABLED,N/A,42,28
1789726601,1,0,0,N/A,"['N/A', 'N/A', 'N/A', 'N/A']","['N/A', 'N/A', 'N/A', 'N/A', 'N/A', 'N/A', 'N/A', 'N/A', 'N/A', 'N/A', 'N/A', 'N/A', 'N/A', 'N/A', 'N/A', 'N/A', 'N/A', 'N/A', 'N/A', 'N/A', 'N/A', 'N/A', 'N/A', 'N/A', 'N/A', 'N/A', 'N/A', 'N/A', 'N/A', 'N/A', 'N/A', 'N/A']","[0, 0, 0, 0, 0, 0, 0, 0]","[0, 0, 0, 0, 0, 0, 0, 0, 0, 0, 0, 0, 0, 0, 0, 0, 0, 0, 0, 0, 0, 0, 0, 0, 0, 0, 0, 0, 0, 0, 0, 0, 0, 0, 0, 0, 0, 0, 0, 0]","[0, 0, 0, 0]",231,N/A,N/A,N/A,N/A,ENABLED,156,500,2400,DISABLED,ENABLED,158,500,2400,DISABLED,ENABLED,156,500,2400,DISABLED,ENABLED,157,500,2400,DISABLED,ENABLED,157,500,2400,DISABLED,ENABLED,157,500,2400,DISABLED,ENABLED,156,500,2400,DISABLED,ENABLED,156,500,2400,DISABLED,ENABLED,1900,1900,1900,N/A,DISABLED,59,1900,1900,N/A,ENABLED,59,1900,1900,N/A,ENABLED,59,1900,1900,N/A,ENABLED,59,1900,1900,N/A,ENABLED,48,1520,1520,N/A,ENABLED,48,1520,1520,N/A,ENABLED,48,1520,1520,N/A,ENABLED,48,1520,1520,N/A,ENABLED,1250,1250,1250,N/A,DISABLED,38,1200,1200,N/A,ENABLED,N/A,41,28
1789726601,2,0,0,N/A,"['N/A', 'N/A', 'N/A', 'N/A']","['N/A', 'N/A', 'N/A', 'N/A', 'N/A', 'N/A', 'N/A', 'N/A', 'N/A', 'N/A', 'N/A', 'N/A', 'N/A', 'N/A', 'N/A', 'N/A', 'N/A', 'N/A', 'N/A', 'N/A', 'N/A', 'N/A', 'N/A', 'N/A', 'N/A', 'N/A', 'N/A', 'N/A', 'N/A', 'N/A', 'N/A', 'N/A']","[0, 0, 0, 0, 0, 0, 0, 0]","[0, 0, 0, 0, 0, 0, 0, 0, 0, 0, 0, 0, 0, 0, 0, 0, 0, 0, 0, 0, 0, 0, 0, 0, 0, 0, 0, 0, 0, 0, 0, 0, 0, 0, 0, 0, 0, 0, 0, 0]","[0, 0, 0, 0]",222,N/A,N/A,N/A,N/A,ENABLED,156,500,2400,DISABLED,ENABLED,157,500,2400,DISABLED,ENABLED,156,500,2400,DISABLED,ENABLED,158,500,2400,DISABLED,ENABLED,162,500,2400,DISABLED,ENABLED,162,500,2400,DISABLED,ENABLED,157,500,2400,DISABLED,ENABLED,157,500,2400,DISABLED,ENABLED,1900,1900,1900,N/A,DISABLED,59,1900,1900,N/A,ENABLED,59,1900,1900,N/A,ENABLED,59,1900,1900,N/A,ENABLED,59,1900,1900,N/A,ENABLED,48,1520,1520,N/A,ENABLED,48,1520,1520,N/A,ENABLED,48,1520,1520,N/A,ENABLED,48,1520,1520,N/A,ENABLED,1250,1250,1250,N/A,DISABLED,38,1200,1200,N/A,ENABLED,N/A,43,28
1789726601,3,0,0,N/A,"['N/A', 'N/A', 'N/A', 'N/A']","['N/A', 'N/A', 'N/A', 'N/A', 'N/A', 'N/A', 'N/A', 'N/A', 'N/A', 'N/A', 'N/A', 'N/A', 'N/A', 'N/A', 'N/A', 'N/A', 'N/A', 'N/A', 'N/A', 'N/A', 'N/A', 'N/A', 'N/A', 'N/A', 'N/A', 'N/A', 'N/A', 'N/A', 'N/A', 'N/A', 'N/A', 'N/A']","[0, 0, 0, 0, 0, 0, 0, 0]","[0, 0, 0, 0, 0, 0, 0, 0, 0, 0, 0, 0, 0, 0, 0, 0, 0, 0, 0, 0, 0, 0, 0, 0, 0, 0, 0, 0, 0, 0, 0, 0, 0, 0, 0, 0, 0, 0, 0, 0]","[0, 0, 0, 0]",281,N/A,N/A,N/A,N/A,ENABLED,2383,500,2400,DISABLED,DISABLED,2406,500,2400,DISABLED,DISABLED,2390,500,2400,DISABLED,DISABLED,2390,500,2400,DISABLED,DISABLED,2392,500,2400,DISABLED,DISABLED,2393,500,2400,DISABLED,DISABLED,2386,500,2400,DISABLED,DISABLED,2398,500,2400,DISABLED,DISABLED,1900,1900,1900,N/A,DISABLED,59,1900,1900,N/A,ENABLED,59,1900,1900,N/A,ENABLED,59,1900,1900,N/A,ENABLED,59,1900,1900,N/A,ENABLED,48,1520,1520,N/A,ENABLED,48,1520,1520,N/A,ENABLED,48,1520,1520,N/A,ENABLED,48,1520,1520,N/A,ENABLED,1250,1250,1250,N/A,DISABLED,38,1200,1200,N/A,ENABLED,N/A,43,29

1789726602,0,0,0,N/A,"['N/A', 'N/A', 'N/A', 'N/A']","['N/A', 'N/A', 'N/A', 'N/A', 'N/A', 'N/A', 'N/A', 'N/A', 'N/A', 'N/A', 'N/A', 'N/A', 'N/A', 'N/A', 'N/A', 'N/A', 'N/A', 'N/A', 'N/A', 'N/A', 'N/A', 'N/A', 'N/A', 'N/A', 'N/A', 'N/A', 'N/A', 'N/A', 'N/A', 'N/A', 'N/A', 'N/A']","[0, 0, 0, 0, 0, 0, 0, 0]","[0, 0, 0, 0, 0, 0, 0, 0, 0, 0, 0, 0, 0, 0, 0, 0, 0, 0, 0, 0, 0, 0, 0, 0, 0, 0, 0, 0, 0, 0, 0, 0, 0, 0, 0, 0, 0, 0, 0, 0]","[0, 0, 0, 0]",228,N/A,N/A,N/A,N/A,ENABLED,157,500,2400,DISABLED,ENABLED,157,500,2400,DISABLED,ENABLED,157,500,2400,DISABLED,ENABLED,158,500,2400,DISABLED,ENABLED,157,500,2400,DISABLED,ENABLED,158,500,2400,DISABLED,ENABLED,156,500,2400,DISABLED,ENABLED,157,500,2400,DISABLED,ENABLED,1900,1900,1900,N/A,DISABLED,59,1900,1900,N/A,ENABLED,59,1900,1900,N/A,ENABLED,59,1900,1900,N/A,ENABLED,59,1900,1900,N/A,ENABLED,48,1520,1520,N/A,ENABLED,48,1520,1520,N/A,ENABLED,48,1520,1520,N/A,ENABLED,48,1520,1520,N/A,ENABLED,1250,1250,1250,N/A,DISABLED,38,1200,1200,N/A,ENABLED,N/A,42,28
1789726602,1,0,0,N/A,"['N/A', 'N/A', 'N/A', 'N/A']","['N/A', 'N/A', 'N/A', 'N/A', 'N/A', 'N/A', 'N/A', 'N/A', 'N/A', 'N/A', 'N/A', 'N/A', 'N/A', 'N/A', 'N/A', 'N/A', 'N/A', 'N/A', 'N/A', 'N/A', 'N/A', 'N/A', 'N/A', 'N/A', 'N/A', 'N/A', 'N/A', 'N/A', 'N/A', 'N/A', 'N/A', 'N/A']","[0, 0, 0, 0, 0, 0, 0, 0]","[0, 0, 0, 0, 0, 0, 0, 0, 0, 0, 0, 0, 0, 0, 0, 0, 0, 0, 0, 0, 0, 0, 0, 0, 0, 0, 0, 0, 0, 0, 0, 0, 0, 0, 0, 0, 0, 0, 0, 0]","[0, 0, 0, 0]",232,N/A,N/A,N/A,N/A,ENABLED,156,500,2400,DISABLED,ENABLED,157,500,2400,DISABLED,ENABLED,156,500,2400,DISABLED,ENABLED,157,500,2400,DISABLED,ENABLED,157,500,2400,DISABLED,ENABLED,156,500,2400,DISABLED,ENABLED,156,500,2400,DISABLED,ENABLED,156,500,2400,DISABLED,ENABLED,1900,1900,1900,N/A,DISABLED,59,1900,1900,N/A,ENABLED,59,1900,1900,N/A,ENABLED,59,1900,1900,N/A,ENABLED,59,1900,1900,N/A,ENABLED,48,1520,1520,N/A,ENABLED,48,1520,1520,N/A,ENABLED,48,1520,1520,N/A,ENABLED,48,1520,1520,N/A,ENABLED,1250,1250,1250,N/A,DISABLED,38,1200,1200,N/A,ENABLED,N/A,41,28
1789726602,2,0,0,N/A,"['N/A', 'N/A', 'N/A', 'N/A']","['N/A', 'N/A', 'N/A', 'N/A', 'N/A', 'N/A', 'N/A', 'N/A', 'N/A', 'N/A', 'N/A', 'N/A', 'N/A', 'N/A', 'N/A', 'N/A', 'N/A', 'N/A', 'N/A', 'N/A', 'N/A', 'N/A', 'N/A', 'N/A', 'N/A', 'N/A', 'N/A', 'N/A', 'N/A', 'N/A', 'N/A', 'N/A']","[0, 0, 0, 0, 0, 0, 0, 0]","[0, 0, 0, 0, 0, 0, 0, 0, 0, 0, 0, 0, 0, 0, 0, 0, 0, 0, 0, 0, 0, 0, 0, 0, 0, 0, 0, 0, 0, 0, 0, 0, 0, 0, 0, 0, 0, 0, 0, 0]","[0, 0, 0, 0]",222,N/A,N/A,N/A,N/A,ENABLED,156,500,2400,DISABLED,ENABLED,157,500,2400,DISABLED,ENABLED,157,500,2400,DISABLED,ENABLED,158,500,2400,DISABLED,ENABLED,166,500,2400,DISABLED,ENABLED,167,500,2400,DISABLED,ENABLED,157,500,2400,DISABLED,ENABLED,157,500,2400,DISABLED,ENABLED,1900,1900,1900,N/A,DISABLED,59,1900,1900,N/A,ENABLED,59,1900,1900,N/A,ENABLED,59,1900,1900,N/A,ENABLED,59,1900,1900,N/A,ENABLED,48,1520,1520,N/A,ENABLED,48,1520,1520,N/A,ENABLED,48,1520,1520,N/A,ENABLED,48,1520,1520,N/A,ENABLED,1250,1250,1250,N/A,DISABLED,38,1200,1200,N/A,ENABLED,N/A,43,28
1789726602,3,0,0,N/A,"['N/A', 'N/A', 'N/A', 'N/A']","['N/A', 'N/A', 'N/A', 'N/A', 'N/A', 'N/A', 'N/A', 'N/A', 'N/A', 'N/A', 'N/A', 'N/A', 'N/A', 'N/A', 'N/A', 'N/A', 'N/A', 'N/A', 'N/A', 'N/A', 'N/A', 'N/A', 'N/A', 'N/A', 'N/A', 'N/A', 'N/A', 'N/A', 'N/A', 'N/A', 'N/A', 'N/A']","[0, 0, 0, 0, 0, 0, 0, 0]","[0, 0, 0, 0, 0, 0, 0, 0, 0, 0, 0, 0, 0, 0, 0, 0, 0, 0, 0, 0, 0, 0, 0, 0, 0, 0, 0, 0, 0, 0, 0, 0, 0, 0, 0, 0, 0, 0, 0, 0]","[0, 0, 0, 0]",281,N/A,N/A,N/A,N/A,ENABLED,2384,500,2400,DISABLED,DISABLED,2406,500,2400,DISABLED,DISABLED,2391,500,2400,DISABLED,DISABLED,2391,500,2400,DISABLED,DISABLED,2393,500,2400,DISABLED,DISABLED,2393,500,2400,DISABLED,DISABLED,2387,500,2400,DISABLED,DISABLED,2397,500,2400,DISABLED,DISABLED,1900,1900,1900,N/A,DISABLED,59,1900,1900,N/A,ENABLED,59,1900,1900,N/A,ENABLED,59,1900,1900,N/A,ENABLED,59,1900,1900,N/A,ENABLED,48,1520,1520,N/A,ENABLED,48,1520,1520,N/A,ENABLED,48,1520,1520,N/A,ENABLED,48,1520,1520,N/A,ENABLED,1250,1250,1250,N/A,DISABLED,38,1200,1200,N/A,ENABLED,N/A,43,29

1789726603,0,0,0,N/A,"['N/A', 'N/A', 'N/A', 'N/A']","['N/A', 'N/A', 'N/A', 'N/A', 'N/A', 'N/A', 'N/A', 'N/A', 'N/A', 'N/A', 'N/A', 'N/A', 'N/A', 'N/A', 'N/A', 'N/A', 'N/A', 'N/A', 'N/A', 'N/A', 'N/A', 'N/A', 'N/A', 'N/A', 'N/A', 'N/A', 'N/A', 'N/A', 'N/A', 'N/A', 'N/A', 'N/A']","[0, 0, 0, 0, 0, 0, 0, 0]","[0, 0, 0, 0, 0, 0, 0, 0, 0, 0, 0, 0, 0, 0, 0, 0, 0, 0, 0, 0, 0, 0, 0, 0, 0, 0, 0, 0, 0, 0, 0, 0, 0, 0, 0, 0, 0, 0, 0, 0]","[0, 0, 0, 0]",216,N/A,N/A,N/A,N/A,ENABLED,96,500,2400,DISABLED,ENABLED,96,500,2400,DISABLED,ENABLED,96,500,2400,DISABLED,ENABLED,97,500,2400,DISABLED,ENABLED,100,500,2400,DISABLED,ENABLED,100,500,2400,DISABLED,ENABLED,96,500,2400,DISABLED,ENABLED,97,500,2400,DISABLED,ENABLED,1900,1900,1900,N/A,DISABLED,59,1900,1900,N/A,ENABLED,59,1900,1900,N/A,ENABLED,59,1900,1900,N/A,ENABLED,59,1900,1900,N/A,ENABLED,48,1520,1520,N/A,ENABLED,48,1520,1520,N/A,ENABLED,48,1520,1520,N/A,ENABLED,48,1520,1520,N/A,ENABLED,1250,1250,1250,N/A,DISABLED,38,1200,1200,N/A,ENABLED,N/A,42,28
1789726603,1,0,0,N/A,"['N/A', 'N/A', 'N/A', 'N/A']","['N/A', 'N/A', 'N/A', 'N/A', 'N/A', 'N/A', 'N/A', 'N/A', 'N/A', 'N/A', 'N/A', 'N/A', 'N/A', 'N/A', 'N/A', 'N/A', 'N/A', 'N/A', 'N/A', 'N/A', 'N/A', 'N/A', 'N/A', 'N/A', 'N/A', 'N/A', 'N/A', 'N/A', 'N/A', 'N/A', 'N/A', 'N/A']","[0, 0, 0, 0, 0, 0, 0, 0]","[0, 0, 0, 0, 0, 0, 0, 0, 0, 0, 0, 0, 0, 0, 0, 0, 0, 0, 0, 0, 0, 0, 0, 0, 0, 0, 0, 0, 0, 0, 0, 0, 0, 0, 0, 0, 0, 0, 0, 0]","[0, 0, 0, 0]",221,N/A,N/A,N/A,N/A,ENABLED,96,500,2400,DISABLED,ENABLED,97,500,2400,DISABLED,ENABLED,97,500,2400,DISABLED,ENABLED,97,500,2400,DISABLED,ENABLED,97,500,2400,DISABLED,ENABLED,97,500,2400,DISABLED,ENABLED,101,500,2400,DISABLED,ENABLED,102,500,2400,DISABLED,ENABLED,1900,1900,1900,N/A,DISABLED,59,1900,1900,N/A,ENABLED,59,1900,1900,N/A,ENABLED,59,1900,1900,N/A,ENABLED,59,1900,1900,N/A,ENABLED,48,1520,1520,N/A,ENABLED,48,1520,1520,N/A,ENABLED,48,1520,1520,N/A,ENABLED,48,1520,1520,N/A,ENABLED,1250,1250,1250,N/A,DISABLED,38,1200,1200,N/A,ENABLED,N/A,41,28
1789726603,2,0,0,N/A,"['N/A', 'N/A', 'N/A', 'N/A']","['N/A', 'N/A', 'N/A', 'N/A', 'N/A', 'N/A', 'N/A', 'N/A', 'N/A', 'N/A', 'N/A', 'N/A', 'N/A', 'N/A', 'N/A', 'N/A', 'N/A', 'N/A', 'N/A', 'N/A', 'N/A', 'N/A', 'N/A', 'N/A', 'N/A', 'N/A', 'N/A', 'N/A', 'N/A', 'N/A', 'N/A', 'N/A']","[0, 0, 0, 0, 0, 0, 0, 0]","[0, 0, 0, 0, 0, 0, 0, 0, 0, 0, 0, 0, 0, 0, 0, 0, 0, 0, 0, 0, 0, 0, 0, 0, 0, 0, 0, 0, 0, 0, 0, 0, 0, 0, 0, 0, 0, 0, 0, 0]","[0, 0, 0, 0]",212,N/A,N/A,N/A,N/A,ENABLED,96,500,2400,DISABLED,ENABLED,96,500,2400,DISABLED,ENABLED,96,500,2400,DISABLED,ENABLED,97,500,2400,DISABLED,ENABLED,97,500,2400,DISABLED,ENABLED,97,500,2400,DISABLED,ENABLED,114,500,2400,DISABLED,ENABLED,114,500,2400,DISABLED,ENABLED,1900,1900,1900,N/A,DISABLED,59,1900,1900,N/A,ENABLED,59,1900,1900,N/A,ENABLED,59,1900,1900,N/A,ENABLED,59,1900,1900,N/A,ENABLED,48,1520,1520,N/A,ENABLED,48,1520,1520,N/A,ENABLED,48,1520,1520,N/A,ENABLED,48,1520,1520,N/A,ENABLED,1250,1250,1250,N/A,DISABLED,38,1200,1200,N/A,ENABLED,N/A,43,28
1789726603,3,0,0,N/A,"['N/A', 'N/A', 'N/A', 'N/A']","['N/A', 'N/A', 'N/A', 'N/A', 'N/A', 'N/A', 'N/A', 'N/A', 'N/A', 'N/A', 'N/A', 'N/A', 'N/A', 'N/A', 'N/A', 'N/A', 'N/A', 'N/A', 'N/A', 'N/A', 'N/A', 'N/A', 'N/A', 'N/A', 'N/A', 'N/A', 'N/A', 'N/A', 'N/A', 'N/A', 'N/A', 'N/A']","[0, 0, 0, 0, 0, 0, 0, 0]","[0, 0, 0, 0, 0, 0, 0, 0, 0, 0, 0, 0, 0, 0, 0, 0, 0, 0, 0, 0, 0, 0, 0, 0, 0, 0, 0, 0, 0, 0, 0, 0, 0, 0, 0, 0, 0, 0, 0, 0]","[0, 0, 0, 0]",221,N/A,N/A,N/A,N/A,ENABLED,566,500,2400,DISABLED,DISABLED,567,500,2400,DISABLED,DISABLED,564,500,2400,DISABLED,DISABLED,567,500,2400,DISABLED,DISABLED,562,500,2400,DISABLED,DISABLED,572,500,2400,DISABLED,DISABLED,565,500,2400,DISABLED,DISABLED,566,500,2400,DISABLED,DISABLED,1900,1900,1900,N/A,DISABLED,59,1900,1900,N/A,ENABLED,59,1900,1900,N/A,ENABLED,59,1900,1900,N/A,ENABLED,59,1900,1900,N/A,ENABLED,48,1520,1520,N/A,ENABLED,48,1520,1520,N/A,ENABLED,48,1520,1520,N/A,ENABLED,48,1520,1520,N/A,ENABLED,1250,1250,1250,N/A,DISABLED,38,1200,1200,N/A,ENABLED,N/A,43,29

1789726604,0,0,0,N/A,"['N/A', 'N/A', 'N/A', 'N/A']","['N/A', 'N/A', 'N/A', 'N/A', 'N/A', 'N/A', 'N/A', 'N/A', 'N/A', 'N/A', 'N/A', 'N/A', 'N/A', 'N/A', 'N/A', 'N/A', 'N/A', 'N/A', 'N/A', 'N/A', 'N/A', 'N/A', 'N/A', 'N/A', 'N/A', 'N/A', 'N/A', 'N/A', 'N/A', 'N/A', 'N/A', 'N/A']","[0, 0, 0, 0, 0, 0, 0, 0]","[0, 0, 0, 0, 0, 0, 0, 0, 0, 0, 0, 0, 0, 0, 0, 0, 0, 0, 0, 0, 0, 0, 0, 0, 0, 0, 0, 0, 0, 0, 0, 0, 0, 0, 0, 0, 0, 0, 0, 0]","[0, 0, 0, 0]",215,N/A,N/A,N/A,N/A,ENABLED,94,500,2400,DISABLED,ENABLED,94,500,2400,DISABLED,ENABLED,94,500,2400,DISABLED,ENABLED,94,500,2400,DISABLED,ENABLED,94,500,2400,DISABLED,ENABLED,94,500,2400,DISABLED,ENABLED,94,500,2400,DISABLED,ENABLED,95,500,2400,DISABLED,ENABLED,1900,1900,1900,N/A,DISABLED,59,1900,1900,N/A,ENABLED,59,1900,1900,N/A,ENABLED,59,1900,1900,N/A,ENABLED,59,1900,1900,N/A,ENABLED,48,1520,1520,N/A,ENABLED,48,1520,1520,N/A,ENABLED,48,1520,1520,N/A,ENABLED,48,1520,1520,N/A,ENABLED,1250,1250,1250,N/A,DISABLED,38,1200,1200,N/A,ENABLED,N/A,42,28
1789726604,1,0,0,N/A,"['N/A', 'N/A', 'N/A', 'N/A']","['N/A', 'N/A', 'N/A', 'N/A', 'N/A', 'N/A', 'N/A', 'N/A', 'N/A', 'N/A', 'N/A', 'N/A', 'N/A', 'N/A', 'N/A', 'N/A', 'N/A', 'N/A', 'N/A', 'N/A', 'N/A', 'N/A', 'N/A', 'N/A', 'N/A', 'N/A', 'N/A', 'N/A', 'N/A', 'N/A', 'N/A', 'N/A']","[0, 0, 0, 0, 0, 0, 0, 0]","[0, 0, 0, 0, 0, 0, 0, 0, 0, 0, 0, 0, 0, 0, 0, 0, 0, 0, 0, 0, 0, 0, 0, 0, 0, 0, 0, 0, 0, 0, 0, 0, 0, 0, 0, 0, 0, 0, 0, 0]","[0, 0, 0, 0]",220,N/A,N/A,N/A,N/A,ENABLED,94,500,2400,DISABLED,ENABLED,95,500,2400,DISABLED,ENABLED,94,500,2400,DISABLED,ENABLED,95,500,2400,DISABLED,ENABLED,94,500,2400,DISABLED,ENABLED,95,500,2400,DISABLED,ENABLED,105,500,2400,DISABLED,ENABLED,105,500,2400,DISABLED,ENABLED,1900,1900,1900,N/A,DISABLED,59,1900,1900,N/A,ENABLED,59,1900,1900,N/A,ENABLED,59,1900,1900,N/A,ENABLED,59,1900,1900,N/A,ENABLED,48,1520,1520,N/A,ENABLED,48,1520,1520,N/A,ENABLED,48,1520,1520,N/A,ENABLED,48,1520,1520,N/A,ENABLED,1250,1250,1250,N/A,DISABLED,38,1200,1200,N/A,ENABLED,N/A,41,28
1789726604,2,0,0,N/A,"['N/A', 'N/A', 'N/A', 'N/A']","['N/A', 'N/A', 'N/A', 'N/A', 'N/A', 'N/A', 'N/A', 'N/A', 'N/A', 'N/A', 'N/A', 'N/A', 'N/A', 'N/A', 'N/A', 'N/A', 'N/A', 'N/A', 'N/A', 'N/A', 'N/A', 'N/A', 'N/A', 'N/A', 'N/A', 'N/A', 'N/A', 'N/A', 'N/A', 'N/A', 'N/A', 'N/A']","[0, 0, 0, 0, 0, 0, 0, 0]","[0, 0, 0, 0, 0, 0, 0, 0, 0, 0, 0, 0, 0, 0, 0, 0, 0, 0, 0, 0, 0, 0, 0, 0, 0, 0, 0, 0, 0, 0, 0, 0, 0, 0, 0, 0, 0, 0, 0, 0]","[0, 0, 0, 0]",212,N/A,N/A,N/A,N/A,ENABLED,94,500,2400,DISABLED,ENABLED,95,500,2400,DISABLED,ENABLED,94,500,2400,DISABLED,ENABLED,95,500,2400,DISABLED,ENABLED,94,500,2400,DISABLED,ENABLED,95,500,2400,DISABLED,ENABLED,111,500,2400,DISABLED,ENABLED,111,500,2400,DISABLED,ENABLED,1900,1900,1900,N/A,DISABLED,59,1900,1900,N/A,ENABLED,59,1900,1900,N/A,ENABLED,59,1900,1900,N/A,ENABLED,59,1900,1900,N/A,ENABLED,48,1520,1520,N/A,ENABLED,48,1520,1520,N/A,ENABLED,48,1520,1520,N/A,ENABLED,48,1520,1520,N/A,ENABLED,1250,1250,1250,N/A,DISABLED,38,1200,1200,N/A,ENABLED,N/A,43,28
1789726604,3,0,0,N/A,"['N/A', 'N/A', 'N/A', 'N/A']","['N/A', 'N/A', 'N/A', 'N/A', 'N/A', 'N/A', 'N/A', 'N/A', 'N/A', 'N/A', 'N/A', 'N/A', 'N/A', 'N/A', 'N/A', 'N/A', 'N/A', 'N/A', 'N/A', 'N/A', 'N/A', 'N/A', 'N/A', 'N/A', 'N/A', 'N/A', 'N/A', 'N/A', 'N/A', 'N/A', 'N/A', 'N/A']","[0, 0, 0, 0, 0, 0, 0, 0]","[0, 0, 0, 0, 0, 0, 0, 0, 0, 0, 0, 0, 0, 0, 0, 0, 0, 0, 0, 0, 0, 0, 0, 0, 0, 0, 0, 0, 0, 0, 0, 0, 0, 0, 0, 0, 0, 0, 0, 0]","[0, 0, 0, 0]",219,N/A,N/A,N/A,N/A,ENABLED,504,500,2400,DISABLED,DISABLED,505,500,2400,DISABLED,DISABLED,502,500,2400,DISABLED,DISABLED,506,500,2400,DISABLED,DISABLED,500,500,2400,DISABLED,DISABLED,510,500,2400,DISABLED,DISABLED,503,500,2400,DISABLED,DISABLED,504,500,2400,DISABLED,DISABLED,1900,1900,1900,N/A,DISABLED,59,1900,1900,N/A,ENABLED,59,1900,1900,N/A,ENABLED,59,1900,1900,N/A,ENABLED,59,1900,1900,N/A,ENABLED,48,1520,1520,N/A,ENABLED,48,1520,1520,N/A,ENABLED,48,1520,1520,N/A,ENABLED,48,1520,1520,N/A,ENABLED,1250,1250,1250,N/A,DISABLED,38,1200,1200,N/A,ENABLED,N/A,43,29

1789726605,0,0,0,N/A,"['N/A', 'N/A', 'N/A', 'N/A']","['N/A', 'N/A', 'N/A', 'N/A', 'N/A', 'N/A', 'N/A', 'N/A', 'N/A', 'N/A', 'N/A', 'N/A', 'N/A', 'N/A', 'N/A', 'N/A', 'N/A', 'N/A', 'N/A', 'N/A', 'N/A', 'N/A', 'N/A', 'N/A', 'N/A', 'N/A', 'N/A', 'N/A', 'N/A', 'N/A', 'N/A', 'N/A']","[0, 0, 0, 0, 0, 0, 0, 0]","[0, 0, 0, 0, 0, 0, 0, 0, 0, 0, 0, 0, 0, 0, 0, 0, 0, 0, 0, 0, 0, 0, 0, 0, 0, 0, 0, 0, 0, 0, 0, 0, 0, 0, 0, 0, 0, 0, 0, 0]","[0, 0, 0, 0]",215,N/A,N/A,N/A,N/A,ENABLED,93,500,2400,DISABLED,ENABLED,94,500,2400,DISABLED,ENABLED,94,500,2400,DISABLED,ENABLED,94,500,2400,DISABLED,ENABLED,95,500,2400,DISABLED,ENABLED,94,500,2400,DISABLED,ENABLED,94,500,2400,DISABLED,ENABLED,95,500,2400,DISABLED,ENABLED,1900,1900,1900,N/A,DISABLED,59,1900,1900,N/A,ENABLED,59,1900,1900,N/A,ENABLED,59,1900,1900,N/A,ENABLED,59,1900,1900,N/A,ENABLED,48,1520,1520,N/A,ENABLED,48,1520,1520,N/A,ENABLED,48,1520,1520,N/A,ENABLED,48,1520,1520,N/A,ENABLED,1250,1250,1250,N/A,DISABLED,38,1200,1200,N/A,ENABLED,N/A,42,28
1789726605,1,0,0,N/A,"['N/A', 'N/A', 'N/A', 'N/A']","['N/A', 'N/A', 'N/A', 'N/A', 'N/A', 'N/A', 'N/A', 'N/A', 'N/A', 'N/A', 'N/A', 'N/A', 'N/A', 'N/A', 'N/A', 'N/A', 'N/A', 'N/A', 'N/A', 'N/A', 'N/A', 'N/A', 'N/A', 'N/A', 'N/A', 'N/A', 'N/A', 'N/A', 'N/A', 'N/A', 'N/A', 'N/A']","[0, 0, 0, 0, 0, 0, 0, 0]","[0, 0, 0, 0, 0, 0, 0, 0, 0, 0, 0, 0, 0, 0, 0, 0, 0, 0, 0, 0, 0, 0, 0, 0, 0, 0, 0, 0, 0, 0, 0, 0, 0, 0, 0, 0, 0, 0, 0, 0]","[0, 0, 0, 0]",220,N/A,N/A,N/A,N/A,ENABLED,94,500,2400,DISABLED,ENABLED,95,500,2400,DISABLED,ENABLED,94,500,2400,DISABLED,ENABLED,95,500,2400,DISABLED,ENABLED,94,500,2400,DISABLED,ENABLED,95,500,2400,DISABLED,ENABLED,95,500,2400,DISABLED,ENABLED,95,500,2400,DISABLED,ENABLED,1900,1900,1900,N/A,DISABLED,59,1900,1900,N/A,ENABLED,59,1900,1900,N/A,ENABLED,59,1900,1900,N/A,ENABLED,59,1900,1900,N/A,ENABLED,48,1520,1520,N/A,ENABLED,48,1520,1520,N/A,ENABLED,48,1520,1520,N/A,ENABLED,48,1520,1520,N/A,ENABLED,1250,1250,1250,N/A,DISABLED,38,1200,1200,N/A,ENABLED,N/A,41,28
1789726605,2,0,0,N/A,"['N/A', 'N/A', 'N/A', 'N/A']","['N/A', 'N/A', 'N/A', 'N/A', 'N/A', 'N/A', 'N/A', 'N/A', 'N/A', 'N/A', 'N/A', 'N/A', 'N/A', 'N/A', 'N/A', 'N/A', 'N/A', 'N/A', 'N/A', 'N/A', 'N/A', 'N/A', 'N/A', 'N/A', 'N/A', 'N/A', 'N/A', 'N/A', 'N/A', 'N/A', 'N/A', 'N/A']","[0, 0, 0, 0, 0, 0, 0, 0]","[0, 0, 0, 0, 0, 0, 0, 0, 0, 0, 0, 0, 0, 0, 0, 0, 0, 0, 0, 0, 0, 0, 0, 0, 0, 0, 0, 0, 0, 0, 0, 0, 0, 0, 0, 0, 0, 0, 0, 0]","[0, 0, 0, 0]",212,N/A,N/A,N/A,N/A,ENABLED,94,500,2400,DISABLED,ENABLED,95,500,2400,DISABLED,ENABLED,95,500,2400,DISABLED,ENABLED,95,500,2400,DISABLED,ENABLED,94,500,2400,DISABLED,ENABLED,95,500,2400,DISABLED,ENABLED,117,500,2400,DISABLED,ENABLED,117,500,2400,DISABLED,ENABLED,1900,1900,1900,N/A,DISABLED,59,1900,1900,N/A,ENABLED,59,1900,1900,N/A,ENABLED,59,1900,1900,N/A,ENABLED,59,1900,1900,N/A,ENABLED,48,1520,1520,N/A,ENABLED,48,1520,1520,N/A,ENABLED,48,1520,1520,N/A,ENABLED,48,1520,1520,N/A,ENABLED,1250,1250,1250,N/A,DISABLED,38,1200,1200,N/A,ENABLED,N/A,43,28
1789726605,3,0,0,N/A,"['N/A', 'N/A', 'N/A', 'N/A']","['N/A', 'N/A', 'N/A', 'N/A', 'N/A', 'N/A', 'N/A', 'N/A', 'N/A', 'N/A', 'N/A', 'N/A', 'N/A', 'N/A', 'N/A', 'N/A', 'N/A', 'N/A', 'N/A', 'N/A', 'N/A', 'N/A', 'N/A', 'N/A', 'N/A', 'N/A', 'N/A', 'N/A', 'N/A', 'N/A', 'N/A', 'N/A']","[0, 0, 0, 0, 0, 0, 0, 0]","[0, 0, 0, 0, 0, 0, 0, 0, 0, 0, 0, 0, 0, 0, 0, 0, 0, 0, 0, 0, 0, 0, 0, 0, 0, 0, 0, 0, 0, 0, 0, 0, 0, 0, 0, 0, 0, 0, 0, 0]","[0, 0, 0, 0]",218,N/A,N/A,N/A,N/A,ENABLED,505,500,2400,DISABLED,DISABLED,505,500,2400,DISABLED,DISABLED,502,500,2400,DISABLED,DISABLED,505,500,2400,DISABLED,DISABLED,500,500,2400,DISABLED,DISABLED,510,500,2400,DISABLED,DISABLED,503,500,2400,DISABLED,DISABLED,504,500,2400,DISABLED,DISABLED,1900,1900,1900,N/A,DISABLED,59,1900,1900,N/A,ENABLED,59,1900,1900,N/A,ENABLED,59,1900,1900,N/A,ENABLED,59,1900,1900,N/A,ENABLED,48,1520,1520,N/A,ENABLED,48,1520,1520,N/A,ENABLED,48,1520,1520,N/A,ENABLED,48,1520,1520,N/A,ENABLED,1250,1250,1250,N/A,DISABLED,38,1200,1200,N/A,ENABLED,N/A,43,29

1789726606,0,0,0,N/A,"['N/A', 'N/A', 'N/A', 'N/A']","['N/A', 'N/A', 'N/A', 'N/A', 'N/A', 'N/A', 'N/A', 'N/A', 'N/A', 'N/A', 'N/A', 'N/A', 'N/A', 'N/A', 'N/A', 'N/A', 'N/A', 'N/A', 'N/A', 'N/A', 'N/A', 'N/A', 'N/A', 'N/A', 'N/A', 'N/A', 'N/A', 'N/A', 'N/A', 'N/A', 'N/A', 'N/A']","[0, 0, 0, 0, 0, 0, 0, 0]","[0, 0, 0, 0, 0, 0, 0, 0, 0, 0, 0, 0, 0, 0, 0, 0, 0, 0, 0, 0, 0, 0, 0, 0, 0, 0, 0, 0, 0, 0, 0, 0, 0, 0, 0, 0, 0, 0, 0, 0]","[0, 0, 0, 0]",215,N/A,N/A,N/A,N/A,ENABLED,94,500,2400,DISABLED,ENABLED,95,500,2400,DISABLED,ENABLED,94,500,2400,DISABLED,ENABLED,95,500,2400,DISABLED,ENABLED,94,500,2400,DISABLED,ENABLED,94,500,2400,DISABLED,ENABLED,94,500,2400,DISABLED,ENABLED,95,500,2400,DISABLED,ENABLED,1900,1900,1900,N/A,DISABLED,59,1900,1900,N/A,ENABLED,59,1900,1900,N/A,ENABLED,59,1900,1900,N/A,ENABLED,59,1900,1900,N/A,ENABLED,48,1520,1520,N/A,ENABLED,48,1520,1520,N/A,ENABLED,48,1520,1520,N/A,ENABLED,48,1520,1520,N/A,ENABLED,1250,1250,1250,N/A,DISABLED,38,1200,1200,N/A,ENABLED,N/A,42,29
1789726606,1,0,0,N/A,"['N/A', 'N/A', 'N/A', 'N/A']","['N/A', 'N/A', 'N/A', 'N/A', 'N/A', 'N/A', 'N/A', 'N/A', 'N/A', 'N/A', 'N/A', 'N/A', 'N/A', 'N/A', 'N/A', 'N/A', 'N/A', 'N/A', 'N/A', 'N/A', 'N/A', 'N/A', 'N/A', 'N/A', 'N/A', 'N/A', 'N/A', 'N/A', 'N/A', 'N/A', 'N/A', 'N/A']","[0, 0, 0, 0, 0, 0, 0, 0]","[0, 0, 0, 0, 0, 0, 0, 0, 0, 0, 0, 0, 0, 0, 0, 0, 0, 0, 0, 0, 0, 0, 0, 0, 0, 0, 0, 0, 0, 0, 0, 0, 0, 0, 0, 0, 0, 0, 0, 0]","[0, 0, 0, 0]",219,N/A,N/A,N/A,N/A,ENABLED,94,500,2400,DISABLED,ENABLED,95,500,2400,DISABLED,ENABLED,94,500,2400,DISABLED,ENABLED,95,500,2400,DISABLED,ENABLED,94,500,2400,DISABLED,ENABLED,95,500,2400,DISABLED,ENABLED,97,500,2400,DISABLED,ENABLED,97,500,2400,DISABLED,ENABLED,1900,1900,1900,N/A,DISABLED,59,1900,1900,N/A,ENABLED,59,1900,1900,N/A,ENABLED,59,1900,1900,N/A,ENABLED,59,1900,1900,N/A,ENABLED,48,1520,1520,N/A,ENABLED,48,1520,1520,N/A,ENABLED,48,1520,1520,N/A,ENABLED,48,1520,1520,N/A,ENABLED,1250,1250,1250,N/A,DISABLED,38,1200,1200,N/A,ENABLED,N/A,41,28
1789726606,2,0,0,N/A,"['N/A', 'N/A', 'N/A', 'N/A']","['N/A', 'N/A', 'N/A', 'N/A', 'N/A', 'N/A', 'N/A', 'N/A', 'N/A', 'N/A', 'N/A', 'N/A', 'N/A', 'N/A', 'N/A', 'N/A', 'N/A', 'N/A', 'N/A', 'N/A', 'N/A', 'N/A', 'N/A', 'N/A', 'N/A', 'N/A', 'N/A', 'N/A', 'N/A', 'N/A', 'N/A', 'N/A']","[0, 0, 0, 0, 0, 0, 0, 0]","[0, 0, 0, 0, 0, 0, 0, 0, 0, 0, 0, 0, 0, 0, 0, 0, 0, 0, 0, 0, 0, 0, 0, 0, 0, 0, 0, 0, 0, 0, 0, 0, 0, 0, 0, 0, 0, 0, 0, 0]","[0, 0, 0, 0]",211,N/A,N/A,N/A,N/A,ENABLED,94,500,2400,DISABLED,ENABLED,95,500,2400,DISABLED,ENABLED,94,500,2400,DISABLED,ENABLED,95,500,2400,DISABLED,ENABLED,94,500,2400,DISABLED,ENABLED,95,500,2400,DISABLED,ENABLED,111,500,2400,DISABLED,ENABLED,111,500,2400,DISABLED,ENABLED,1900,1900,1900,N/A,DISABLED,59,1900,1900,N/A,ENABLED,59,1900,1900,N/A,ENABLED,59,1900,1900,N/A,ENABLED,59,1900,1900,N/A,ENABLED,48,1520,1520,N/A,ENABLED,48,1520,1520,N/A,ENABLED,48,1520,1520,N/A,ENABLED,48,1520,1520,N/A,ENABLED,1250,1250,1250,N/A,DISABLED,38,1200,1200,N/A,ENABLED,N/A,43,28
1789726606,3,0,0,N/A,"['N/A', 'N/A', 'N/A', 'N/A']","['N/A', 'N/A', 'N/A', 'N/A', 'N/A', 'N/A', 'N/A', 'N/A', 'N/A', 'N/A', 'N/A', 'N/A', 'N/A', 'N/A', 'N/A', 'N/A', 'N/A', 'N/A', 'N/A', 'N/A', 'N/A', 'N/A', 'N/A', 'N/A', 'N/A', 'N/A', 'N/A', 'N/A', 'N/A', 'N/A', 'N/A', 'N/A']","[0, 0, 0, 0, 0, 0, 0, 0]","[0, 0, 0, 0, 0, 0, 0, 0, 0, 0, 0, 0, 0, 0, 0, 0, 0, 0, 0, 0, 0, 0, 0, 0, 0, 0, 0, 0, 0, 0, 0, 0, 0, 0, 0, 0, 0, 0, 0, 0]","[0, 0, 0, 0]",219,N/A,N/A,N/A,N/A,ENABLED,505,500,2400,DISABLED,DISABLED,505,500,2400,DISABLED,DISABLED,502,500,2400,DISABLED,DISABLED,505,500,2400,DISABLED,DISABLED,500,500,2400,DISABLED,DISABLED,510,500,2400,DISABLED,DISABLED,503,500,2400,DISABLED,DISABLED,504,500,2400,DISABLED,DISABLED,1900,1900,1900,N/A,DISABLED,59,1900,1900,N/A,ENABLED,59,1900,1900,N/A,ENABLED,59,1900,1900,N/A,ENABLED,59,1900,1900,N/A,ENABLED,48,1520,1520,N/A,ENABLED,48,1520,1520,N/A,ENABLED,48,1520,1520,N/A,ENABLED,48,1520,1520,N/A,ENABLED,1250,1250,1250,N/A,DISABLED,38,1200,1200,N/A,ENABLED,N/A,43,29

1789726607,0,0,0,N/A,"['N/A', 'N/A', 'N/A', 'N/A']","['N/A', 'N/A', 'N/A', 'N/A', 'N/A', 'N/A', 'N/A', 'N/A', 'N/A', 'N/A', 'N/A', 'N/A', 'N/A', 'N/A', 'N/A', 'N/A', 'N/A', 'N/A', 'N/A', 'N/A', 'N/A', 'N/A', 'N/A', 'N/A', 'N/A', 'N/A', 'N/A', 'N/A', 'N/A', 'N/A', 'N/A', 'N/A']","[0, 0, 0, 0, 0, 0, 0, 0]","[0, 0, 0, 0, 0, 0, 0, 0, 0, 0, 0, 0, 0, 0, 0, 0, 0, 0, 0, 0, 0, 0, 0, 0, 0, 0, 0, 0, 0, 0, 0, 0, 0, 0, 0, 0, 0, 0, 0, 0]","[0, 0, 0, 0]",216,N/A,N/A,N/A,N/A,ENABLED,94,500,2400,DISABLED,ENABLED,94,500,2400,DISABLED,ENABLED,94,500,2400,DISABLED,ENABLED,95,500,2400,DISABLED,ENABLED,97,500,2400,DISABLED,ENABLED,97,500,2400,DISABLED,ENABLED,94,500,2400,DISABLED,ENABLED,95,500,2400,DISABLED,ENABLED,1900,1900,1900,N/A,DISABLED,59,1900,1900,N/A,ENABLED,59,1900,1900,N/A,ENABLED,59,1900,1900,N/A,ENABLED,59,1900,1900,N/A,ENABLED,48,1520,1520,N/A,ENABLED,48,1520,1520,N/A,ENABLED,48,1520,1520,N/A,ENABLED,48,1520,1520,N/A,ENABLED,1250,1250,1250,N/A,DISABLED,38,1200,1200,N/A,ENABLED,N/A,42,28
1789726607,1,0,0,N/A,"['N/A', 'N/A', 'N/A', 'N/A']","['N/A', 'N/A', 'N/A', 'N/A', 'N/A', 'N/A', 'N/A', 'N/A', 'N/A', 'N/A', 'N/A', 'N/A', 'N/A', 'N/A', 'N/A', 'N/A', 'N/A', 'N/A', 'N/A', 'N/A', 'N/A', 'N/A', 'N/A', 'N/A', 'N/A', 'N/A', 'N/A', 'N/A', 'N/A', 'N/A', 'N/A', 'N/A']","[0, 0, 0, 0, 0, 0, 0, 0]","[0, 0, 0, 0, 0, 0, 0, 0, 0, 0, 0, 0, 0, 0, 0, 0, 0, 0, 0, 0, 0, 0, 0, 0, 0, 0, 0, 0, 0, 0, 0, 0, 0, 0, 0, 0, 0, 0, 0, 0]","[0, 0, 0, 0]",220,N/A,N/A,N/A,N/A,ENABLED,94,500,2400,DISABLED,ENABLED,95,500,2400,DISABLED,ENABLED,94,500,2400,DISABLED,ENABLED,95,500,2400,DISABLED,ENABLED,94,500,2400,DISABLED,ENABLED,95,500,2400,DISABLED,ENABLED,98,500,2400,DISABLED,ENABLED,98,500,2400,DISABLED,ENABLED,1900,1900,1900,N/A,DISABLED,59,1900,1900,N/A,ENABLED,59,1900,1900,N/A,ENABLED,59,1900,1900,N/A,ENABLED,59,1900,1900,N/A,ENABLED,48,1520,1520,N/A,ENABLED,48,1520,1520,N/A,ENABLED,48,1520,1520,N/A,ENABLED,48,1520,1520,N/A,ENABLED,1250,1250,1250,N/A,DISABLED,38,1200,1200,N/A,ENABLED,N/A,41,28
1789726607,2,0,0,N/A,"['N/A', 'N/A', 'N/A', 'N/A']","['N/A', 'N/A', 'N/A', 'N/A', 'N/A', 'N/A', 'N/A', 'N/A', 'N/A', 'N/A', 'N/A', 'N/A', 'N/A', 'N/A', 'N/A', 'N/A', 'N/A', 'N/A', 'N/A', 'N/A', 'N/A', 'N/A', 'N/A', 'N/A', 'N/A', 'N/A', 'N/A', 'N/A', 'N/A', 'N/A', 'N/A', 'N/A']","[0, 0, 0, 0, 0, 0, 0, 0]","[0, 0, 0, 0, 0, 0, 0, 0, 0, 0, 0, 0, 0, 0, 0, 0, 0, 0, 0, 0, 0, 0, 0, 0, 0, 0, 0, 0, 0, 0, 0, 0, 0, 0, 0, 0, 0, 0, 0, 0]","[0, 0, 0, 0]",212,N/A,N/A,N/A,N/A,ENABLED,94,500,2400,DISABLED,ENABLED,94,500,2400,DISABLED,ENABLED,94,500,2400,DISABLED,ENABLED,95,500,2400,DISABLED,ENABLED,94,500,2400,DISABLED,ENABLED,95,500,2400,DISABLED,ENABLED,111,500,2400,DISABLED,ENABLED,111,500,2400,DISABLED,ENABLED,1900,1900,1900,N/A,DISABLED,59,1900,1900,N/A,ENABLED,59,1900,1900,N/A,ENABLED,59,1900,1900,N/A,ENABLED,59,1900,1900,N/A,ENABLED,48,1520,1520,N/A,ENABLED,48,1520,1520,N/A,ENABLED,48,1520,1520,N/A,ENABLED,48,1520,1520,N/A,ENABLED,1250,1250,1250,N/A,DISABLED,38,1200,1200,N/A,ENABLED,N/A,43,28
1789726607,3,0,0,N/A,"['N/A', 'N/A', 'N/A', 'N/A']","['N/A', 'N/A', 'N/A', 'N/A', 'N/A', 'N/A', 'N/A', 'N/A', 'N/A', 'N/A', 'N/A', 'N/A', 'N/A', 'N/A', 'N/A', 'N/A', 'N/A', 'N/A', 'N/A', 'N/A', 'N/A', 'N/A', 'N/A', 'N/A', 'N/A', 'N/A', 'N/A', 'N/A', 'N/A', 'N/A', 'N/A', 'N/A']","[0, 0, 0, 0, 0, 0, 0, 0]","[0, 0, 0, 0, 0, 0, 0, 0, 0, 0, 0, 0, 0, 0, 0, 0, 0, 0, 0, 0, 0, 0, 0, 0, 0, 0, 0, 0, 0, 0, 0, 0, 0, 0, 0, 0, 0, 0, 0, 0]","[0, 0, 0, 0]",219,N/A,N/A,N/A,N/A,ENABLED,505,500,2400,DISABLED,DISABLED,505,500,2400,DISABLED,DISABLED,502,500,2400,DISABLED,DISABLED,505,500,2400,DISABLED,DISABLED,500,500,2400,DISABLED,DISABLED,510,500,2400,DISABLED,DISABLED,503,500,2400,DISABLED,DISABLED,504,500,2400,DISABLED,DISABLED,1900,1900,1900,N/A,DISABLED,59,1900,1900,N/A,ENABLED,59,1900,1900,N/A,ENABLED,59,1900,1900,N/A,ENABLED,59,1900,1900,N/A,ENABLED,48,1520,1520,N/A,ENABLED,48,1520,1520,N/A,ENABLED,48,1520,1520,N/A,ENABLED,48,1520,1520,N/A,ENABLED,1250,1250,1250,N/A,DISABLED,38,1200,1200,N/A,ENABLED,N/A,42,29

1789726608,0,0,0,N/A,"['N/A', 'N/A', 'N/A', 'N/A']","['N/A', 'N/A', 'N/A', 'N/A', 'N/A', 'N/A', 'N/A', 'N/A', 'N/A', 'N/A', 'N/A', 'N/A', 'N/A', 'N/A', 'N/A', 'N/A', 'N/A', 'N/A', 'N/A', 'N/A', 'N/A', 'N/A', 'N/A', 'N/A', 'N/A', 'N/A', 'N/A', 'N/A', 'N/A', 'N/A', 'N/A', 'N/A']","[0, 0, 0, 0, 0, 0, 0, 0]","[0, 0, 0, 0, 0, 0, 0, 0, 0, 0, 0, 0, 0, 0, 0, 0, 0, 0, 0, 0, 0, 0, 0, 0, 0, 0, 0, 0, 0, 0, 0, 0, 0, 0, 0, 0, 0, 0, 0, 0]","[0, 0, 0, 0]",216,N/A,N/A,N/A,N/A,ENABLED,94,500,2400,DISABLED,ENABLED,94,500,2400,DISABLED,ENABLED,94,500,2400,DISABLED,ENABLED,95,500,2400,DISABLED,ENABLED,94,500,2400,DISABLED,ENABLED,94,500,2400,DISABLED,ENABLED,94,500,2400,DISABLED,ENABLED,95,500,2400,DISABLED,ENABLED,1900,1900,1900,N/A,DISABLED,59,1900,1900,N/A,ENABLED,59,1900,1900,N/A,ENABLED,59,1900,1900,N/A,ENABLED,59,1900,1900,N/A,ENABLED,48,1520,1520,N/A,ENABLED,48,1520,1520,N/A,ENABLED,48,1520,1520,N/A,ENABLED,48,1520,1520,N/A,ENABLED,1250,1250,1250,N/A,DISABLED,38,1200,1200,N/A,ENABLED,N/A,42,28
1789726608,1,0,0,N/A,"['N/A', 'N/A', 'N/A', 'N/A']","['N/A', 'N/A', 'N/A', 'N/A', 'N/A', 'N/A', 'N/A', 'N/A', 'N/A', 'N/A', 'N/A', 'N/A', 'N/A', 'N/A', 'N/A', 'N/A', 'N/A', 'N/A', 'N/A', 'N/A', 'N/A', 'N/A', 'N/A', 'N/A', 'N/A', 'N/A', 'N/A', 'N/A', 'N/A', 'N/A', 'N/A', 'N/A']","[0, 0, 0, 0, 0, 0, 0, 0]","[0, 0, 0, 0, 0, 0, 0, 0, 0, 0, 0, 0, 0, 0, 0, 0, 0, 0, 0, 0, 0, 0, 0, 0, 0, 0, 0, 0, 0, 0, 0, 0, 0, 0, 0, 0, 0, 0, 0, 0]","[0, 0, 0, 0]",219,N/A,N/A,N/A,N/A,ENABLED,94,500,2400,DISABLED,ENABLED,95,500,2400,DISABLED,ENABLED,94,500,2400,DISABLED,ENABLED,95,500,2400,DISABLED,ENABLED,94,500,2400,DISABLED,ENABLED,95,500,2400,DISABLED,ENABLED,100,500,2400,DISABLED,ENABLED,100,500,2400,DISABLED,ENABLED,1900,1900,1900,N/A,DISABLED,59,1900,1900,N/A,ENABLED,59,1900,1900,N/A,ENABLED,59,1900,1900,N/A,ENABLED,59,1900,1900,N/A,ENABLED,48,1520,1520,N/A,ENABLED,48,1520,1520,N/A,ENABLED,48,1520,1520,N/A,ENABLED,48,1520,1520,N/A,ENABLED,1250,1250,1250,N/A,DISABLED,38,1200,1200,N/A,ENABLED,N/A,41,28
1789726608,2,0,0,N/A,"['N/A', 'N/A', 'N/A', 'N/A']","['N/A', 'N/A', 'N/A', 'N/A', 'N/A', 'N/A', 'N/A', 'N/A', 'N/A', 'N/A', 'N/A', 'N/A', 'N/A', 'N/A', 'N/A', 'N/A', 'N/A', 'N/A', 'N/A', 'N/A', 'N/A', 'N/A', 'N/A', 'N/A', 'N/A', 'N/A', 'N/A', 'N/A', 'N/A', 'N/A', 'N/A', 'N/A']","[0, 0, 0, 0, 0, 0, 0, 0]","[0, 0, 0, 0, 0, 0, 0, 0, 0, 0, 0, 0, 0, 0, 0, 0, 0, 0, 0, 0, 0, 0, 0, 0, 0, 0, 0, 0, 0, 0, 0, 0, 0, 0, 0, 0, 0, 0, 0, 0]","[0, 0, 0, 0]",212,N/A,N/A,N/A,N/A,ENABLED,94,500,2400,DISABLED,ENABLED,94,500,2400,DISABLED,ENABLED,94,500,2400,DISABLED,ENABLED,95,500,2400,DISABLED,ENABLED,94,500,2400,DISABLED,ENABLED,95,500,2400,DISABLED,ENABLED,109,500,2400,DISABLED,ENABLED,109,500,2400,DISABLED,ENABLED,1900,1900,1900,N/A,DISABLED,59,1900,1900,N/A,ENABLED,59,1900,1900,N/A,ENABLED,59,1900,1900,N/A,ENABLED,59,1900,1900,N/A,ENABLED,48,1520,1520,N/A,ENABLED,48,1520,1520,N/A,ENABLED,48,1520,1520,N/A,ENABLED,48,1520,1520,N/A,ENABLED,1250,1250,1250,N/A,DISABLED,38,1200,1200,N/A,ENABLED,N/A,43,28
1789726608,3,0,0,N/A,"['N/A', 'N/A', 'N/A', 'N/A']","['N/A', 'N/A', 'N/A', 'N/A', 'N/A', 'N/A', 'N/A', 'N/A', 'N/A', 'N/A', 'N/A', 'N/A', 'N/A', 'N/A', 'N/A', 'N/A', 'N/A', 'N/A', 'N/A', 'N/A', 'N/A', 'N/A', 'N/A', 'N/A', 'N/A', 'N/A', 'N/A', 'N/A', 'N/A', 'N/A', 'N/A', 'N/A']","[0, 0, 0, 0, 0, 0, 0, 0]","[0, 0, 0, 0, 0, 0, 0, 0, 0, 0, 0, 0, 0, 0, 0, 0, 0, 0, 0, 0, 0, 0, 0, 0, 0, 0, 0, 0, 0, 0, 0, 0, 0, 0, 0, 0, 0, 0, 0, 0]","[0, 0, 0, 0]",219,N/A,N/A,N/A,N/A,ENABLED,505,500,2400,DISABLED,DISABLED,505,500,2400,DISABLED,DISABLED,502,500,2400,DISABLED,DISABLED,505,500,2400,DISABLED,DISABLED,499,500,2400,DISABLED,ENABLED,510,500,2400,DISABLED,DISABLED,503,500,2400,DISABLED,DISABLED,504,500,2400,DISABLED,DISABLED,1900,1900,1900,N/A,DISABLED,59,1900,1900,N/A,ENABLED,59,1900,1900,N/A,ENABLED,59,1900,1900,N/A,ENABLED,59,1900,1900,N/A,ENABLED,48,1520,1520,N/A,ENABLED,48,1520,1520,N/A,ENABLED,48,1520,1520,N/A,ENABLED,48,1520,1520,N/A,ENABLED,1250,1250,1250,N/A,DISABLED,38,1200,1200,N/A,ENABLED,N/A,42,29

1789726609,0,0,0,N/A,"['N/A', 'N/A', 'N/A', 'N/A']","['N/A', 'N/A', 'N/A', 'N/A', 'N/A', 'N/A', 'N/A', 'N/A', 'N/A', 'N/A', 'N/A', 'N/A', 'N/A', 'N/A', 'N/A', 'N/A', 'N/A', 'N/A', 'N/A', 'N/A', 'N/A', 'N/A', 'N/A', 'N/A', 'N/A', 'N/A', 'N/A', 'N/A', 'N/A', 'N/A', 'N/A', 'N/A']","[0, 0, 0, 0, 0, 0, 0, 0]","[0, 0, 0, 0, 0, 0, 0, 0, 0, 0, 0, 0, 0, 0, 0, 0, 0, 0, 0, 0, 0, 0, 0, 0, 0, 0, 0, 0, 0, 0, 0, 0, 0, 0, 0, 0, 0, 0, 0, 0]","[0, 0, 0, 0]",215,N/A,N/A,N/A,N/A,ENABLED,94,500,2400,DISABLED,ENABLED,95,500,2400,DISABLED,ENABLED,94,500,2400,DISABLED,ENABLED,95,500,2400,DISABLED,ENABLED,97,500,2400,DISABLED,ENABLED,97,500,2400,DISABLED,ENABLED,94,500,2400,DISABLED,ENABLED,95,500,2400,DISABLED,ENABLED,1900,1900,1900,N/A,DISABLED,59,1900,1900,N/A,ENABLED,59,1900,1900,N/A,ENABLED,59,1900,1900,N/A,ENABLED,59,1900,1900,N/A,ENABLED,48,1520,1520,N/A,ENABLED,48,1520,1520,N/A,ENABLED,48,1520,1520,N/A,ENABLED,48,1520,1520,N/A,ENABLED,1250,1250,1250,N/A,DISABLED,38,1200,1200,N/A,ENABLED,N/A,42,29
1789726609,1,0,0,N/A,"['N/A', 'N/A', 'N/A', 'N/A']","['N/A', 'N/A', 'N/A', 'N/A', 'N/A', 'N/A', 'N/A', 'N/A', 'N/A', 'N/A', 'N/A', 'N/A', 'N/A', 'N/A', 'N/A', 'N/A', 'N/A', 'N/A', 'N/A', 'N/A', 'N/A', 'N/A', 'N/A', 'N/A', 'N/A', 'N/A', 'N/A', 'N/A', 'N/A', 'N/A', 'N/A', 'N/A']","[0, 0, 0, 0, 0, 0, 0, 0]","[0, 0, 0, 0, 0, 0, 0, 0, 0, 0, 0, 0, 0, 0, 0, 0, 0, 0, 0, 0, 0, 0, 0, 0, 0, 0, 0, 0, 0, 0, 0, 0, 0, 0, 0, 0, 0, 0, 0, 0]","[0, 0, 0, 0]",219,N/A,N/A,N/A,N/A,ENABLED,94,500,2400,DISABLED,ENABLED,95,500,2400,DISABLED,ENABLED,94,500,2400,DISABLED,ENABLED,95,500,2400,DISABLED,ENABLED,94,500,2400,DISABLED,ENABLED,95,500,2400,DISABLED,ENABLED,95,500,2400,DISABLED,ENABLED,95,500,2400,DISABLED,ENABLED,1900,1900,1900,N/A,DISABLED,59,1900,1900,N/A,ENABLED,59,1900,1900,N/A,ENABLED,59,1900,1900,N/A,ENABLED,59,1900,1900,N/A,ENABLED,48,1520,1520,N/A,ENABLED,48,1520,1520,N/A,ENABLED,48,1520,1520,N/A,ENABLED,48,1520,1520,N/A,ENABLED,1250,1250,1250,N/A,DISABLED,38,1200,1200,N/A,ENABLED,N/A,41,28
1789726609,2,0,0,N/A,"['N/A', 'N/A', 'N/A', 'N/A']","['N/A', 'N/A', 'N/A', 'N/A', 'N/A', 'N/A', 'N/A', 'N/A', 'N/A', 'N/A', 'N/A', 'N/A', 'N/A', 'N/A', 'N/A', 'N/A', 'N/A', 'N/A', 'N/A', 'N/A', 'N/A', 'N/A', 'N/A', 'N/A', 'N/A', 'N/A', 'N/A', 'N/A', 'N/A', 'N/A', 'N/A', 'N/A']","[0, 0, 0, 0, 0, 0, 0, 0]","[0, 0, 0, 0, 0, 0, 0, 0, 0, 0, 0, 0, 0, 0, 0, 0, 0, 0, 0, 0, 0, 0, 0, 0, 0, 0, 0, 0, 0, 0, 0, 0, 0, 0, 0, 0, 0, 0, 0, 0]","[0, 0, 0, 0]",212,N/A,N/A,N/A,N/A,ENABLED,94,500,2400,DISABLED,ENABLED,94,500,2400,DISABLED,ENABLED,94,500,2400,DISABLED,ENABLED,95,500,2400,DISABLED,ENABLED,94,500,2400,DISABLED,ENABLED,95,500,2400,DISABLED,ENABLED,112,500,2400,DISABLED,ENABLED,111,500,2400,DISABLED,ENABLED,1900,1900,1900,N/A,DISABLED,59,1900,1900,N/A,ENABLED,59,1900,1900,N/A,ENABLED,59,1900,1900,N/A,ENABLED,59,1900,1900,N/A,ENABLED,48,1520,1520,N/A,ENABLED,48,1520,1520,N/A,ENABLED,48,1520,1520,N/A,ENABLED,48,1520,1520,N/A,ENABLED,1250,1250,1250,N/A,DISABLED,38,1200,1200,N/A,ENABLED,N/A,43,28
1789726609,3,0,0,N/A,"['N/A', 'N/A', 'N/A', 'N/A']","['N/A', 'N/A', 'N/A', 'N/A', 'N/A', 'N/A', 'N/A', 'N/A', 'N/A', 'N/A', 'N/A', 'N/A', 'N/A', 'N/A', 'N/A', 'N/A', 'N/A', 'N/A', 'N/A', 'N/A', 'N/A', 'N/A', 'N/A', 'N/A', 'N/A', 'N/A', 'N/A', 'N/A', 'N/A', 'N/A', 'N/A', 'N/A']","[0, 0, 0, 0, 0, 0, 0, 0]","[0, 0, 0, 0, 0, 0, 0, 0, 0, 0, 0, 0, 0, 0, 0, 0, 0, 0, 0, 0, 0, 0, 0, 0, 0, 0, 0, 0, 0, 0, 0, 0, 0, 0, 0, 0, 0, 0, 0, 0]","[0, 0, 0, 0]",219,N/A,N/A,N/A,N/A,ENABLED,505,500,2400,DISABLED,DISABLED,505,500,2400,DISABLED,DISABLED,502,500,2400,DISABLED,DISABLED,505,500,2400,DISABLED,DISABLED,499,500,2400,DISABLED,ENABLED,510,500,2400,DISABLED,DISABLED,503,500,2400,DISABLED,DISABLED,503,500,2400,DISABLED,DISABLED,1900,1900,1900,N/A,DISABLED,59,1900,1900,N/A,ENABLED,59,1900,1900,N/A,ENABLED,59,1900,1900,N/A,ENABLED,59,1900,1900,N/A,ENABLED,48,1520,1520,N/A,ENABLED,48,1520,1520,N/A,ENABLED,48,1520,1520,N/A,ENABLED,48,1520,1520,N/A,ENABLED,1250,1250,1250,N/A,DISABLED,38,1200,1200,N/A,ENABLED,N/A,42,29

1789726610,0,0,0,N/A,"['N/A', 'N/A', 'N/A', 'N/A']","['N/A', 'N/A', 'N/A', 'N/A', 'N/A', 'N/A', 'N/A', 'N/A', 'N/A', 'N/A', 'N/A', 'N/A', 'N/A', 'N/A', 'N/A', 'N/A', 'N/A', 'N/A', 'N/A', 'N/A', 'N/A', 'N/A', 'N/A', 'N/A', 'N/A', 'N/A', 'N/A', 'N/A', 'N/A', 'N/A', 'N/A', 'N/A']","[0, 0, 0, 0, 0, 0, 0, 0]","[0, 0, 0, 0, 0, 0, 0, 0, 0, 0, 0, 0, 0, 0, 0, 0, 0, 0, 0, 0, 0, 0, 0, 0, 0, 0, 0, 0, 0, 0, 0, 0, 0, 0, 0, 0, 0, 0, 0, 0]","[0, 0, 0, 0]",215,N/A,N/A,N/A,N/A,ENABLED,94,500,2400,DISABLED,ENABLED,94,500,2400,DISABLED,ENABLED,94,500,2400,DISABLED,ENABLED,95,500,2400,DISABLED,ENABLED,99,500,2400,DISABLED,ENABLED,99,500,2400,DISABLED,ENABLED,94,500,2400,DISABLED,ENABLED,95,500,2400,DISABLED,ENABLED,1900,1900,1900,N/A,DISABLED,59,1900,1900,N/A,ENABLED,59,1900,1900,N/A,ENABLED,59,1900,1900,N/A,ENABLED,59,1900,1900,N/A,ENABLED,48,1520,1520,N/A,ENABLED,48,1520,1520,N/A,ENABLED,48,1520,1520,N/A,ENABLED,48,1520,1520,N/A,ENABLED,1250,1250,1250,N/A,DISABLED,38,1200,1200,N/A,ENABLED,N/A,42,28
1789726610,1,0,0,N/A,"['N/A', 'N/A', 'N/A', 'N/A']","['N/A', 'N/A', 'N/A', 'N/A', 'N/A', 'N/A', 'N/A', 'N/A', 'N/A', 'N/A', 'N/A', 'N/A', 'N/A', 'N/A', 'N/A', 'N/A', 'N/A', 'N/A', 'N/A', 'N/A', 'N/A', 'N/A', 'N/A', 'N/A', 'N/A', 'N/A', 'N/A', 'N/A', 'N/A', 'N/A', 'N/A', 'N/A']","[0, 0, 0, 0, 0, 0, 0, 0]","[0, 0, 0, 0, 0, 0, 0, 0, 0, 0, 0, 0, 0, 0, 0, 0, 0, 0, 0, 0, 0, 0, 0, 0, 0, 0, 0, 0, 0, 0, 0, 0, 0, 0, 0, 0, 0, 0, 0, 0]","[0, 0, 0, 0]",220,N/A,N/A,N/A,N/A,ENABLED,94,500,2400,DISABLED,ENABLED,95,500,2400,DISABLED,ENABLED,94,500,2400,DISABLED,ENABLED,95,500,2400,DISABLED,ENABLED,94,500,2400,DISABLED,ENABLED,95,500,2400,DISABLED,ENABLED,100,500,2400,DISABLED,ENABLED,100,500,2400,DISABLED,ENABLED,1900,1900,1900,N/A,DISABLED,59,1900,1900,N/A,ENABLED,59,1900,1900,N/A,ENABLED,59,1900,1900,N/A,ENABLED,59,1900,1900,N/A,ENABLED,48,1520,1520,N/A,ENABLED,48,1520,1520,N/A,ENABLED,48,1520,1520,N/A,ENABLED,48,1520,1520,N/A,ENABLED,1250,1250,1250,N/A,DISABLED,38,1200,1200,N/A,ENABLED,N/A,41,28
1789726610,2,0,0,N/A,"['N/A', 'N/A', 'N/A', 'N/A']","['N/A', 'N/A', 'N/A', 'N/A', 'N/A', 'N/A', 'N/A', 'N/A', 'N/A', 'N/A', 'N/A', 'N/A', 'N/A', 'N/A', 'N/A', 'N/A', 'N/A', 'N/A', 'N/A', 'N/A', 'N/A', 'N/A', 'N/A', 'N/A', 'N/A', 'N/A', 'N/A', 'N/A', 'N/A', 'N/A', 'N/A', 'N/A']","[0, 0, 0, 0, 0, 0, 0, 0]","[0, 0, 0, 0, 0, 0, 0, 0, 0, 0, 0, 0, 0, 0, 0, 0, 0, 0, 0, 0, 0, 0, 0, 0, 0, 0, 0, 0, 0, 0, 0, 0, 0, 0, 0, 0, 0, 0, 0, 0]","[0, 0, 0, 0]",211,N/A,N/A,N/A,N/A,ENABLED,94,500,2400,DISABLED,ENABLED,95,500,2400,DISABLED,ENABLED,94,500,2400,DISABLED,ENABLED,95,500,2400,DISABLED,ENABLED,94,500,2400,DISABLED,ENABLED,95,500,2400,DISABLED,ENABLED,103,500,2400,DISABLED,ENABLED,103,500,2400,DISABLED,ENABLED,1900,1900,1900,N/A,DISABLED,59,1900,1900,N/A,ENABLED,59,1900,1900,N/A,ENABLED,59,1900,1900,N/A,ENABLED,59,1900,1900,N/A,ENABLED,48,1520,1520,N/A,ENABLED,48,1520,1520,N/A,ENABLED,48,1520,1520,N/A,ENABLED,48,1520,1520,N/A,ENABLED,1250,1250,1250,N/A,DISABLED,38,1200,1200,N/A,ENABLED,N/A,43,27
1789726610,3,0,0,N/A,"['N/A', 'N/A', 'N/A', 'N/A']","['N/A', 'N/A', 'N/A', 'N/A', 'N/A', 'N/A', 'N/A', 'N/A', 'N/A', 'N/A', 'N/A', 'N/A', 'N/A', 'N/A', 'N/A', 'N/A', 'N/A', 'N/A', 'N/A', 'N/A', 'N/A', 'N/A', 'N/A', 'N/A', 'N/A', 'N/A', 'N/A', 'N/A', 'N/A', 'N/A', 'N/A', 'N/A']","[0, 0, 0, 0, 0, 0, 0, 0]","[0, 0, 0, 0, 0, 0, 0, 0, 0, 0, 0, 0, 0, 0, 0, 0, 0, 0, 0, 0, 0, 0, 0, 0, 0, 0, 0, 0, 0, 0, 0, 0, 0, 0, 0, 0, 0, 0, 0, 0]","[0, 0, 0, 0]",219,N/A,N/A,N/A,N/A,ENABLED,505,500,2400,DISABLED,DISABLED,505,500,2400,DISABLED,DISABLED,502,500,2400,DISABLED,DISABLED,505,500,2400,DISABLED,DISABLED,499,500,2400,DISABLED,ENABLED,510,500,2400,DISABLED,DISABLED,503,500,2400,DISABLED,DISABLED,503,500,2400,DISABLED,DISABLED,1900,1900,1900,N/A,DISABLED,59,1900,1900,N/A,ENABLED,59,1900,1900,N/A,ENABLED,59,1900,1900,N/A,ENABLED,59,1900,1900,N/A,ENABLED,48,1520,1520,N/A,ENABLED,48,1520,1520,N/A,ENABLED,48,1520,1520,N/A,ENABLED,48,1520,1520,N/A,ENABLED,1250,1250,1250,N/A,DISABLED,38,1200,1200,N/A,ENABLED,N/A,42,29

1789726611,0,0,0,N/A,"['N/A', 'N/A', 'N/A', 'N/A']","['N/A', 'N/A', 'N/A', 'N/A', 'N/A', 'N/A', 'N/A', 'N/A', 'N/A', 'N/A', 'N/A', 'N/A', 'N/A', 'N/A', 'N/A', 'N/A', 'N/A', 'N/A', 'N/A', 'N/A', 'N/A', 'N/A', 'N/A', 'N/A', 'N/A', 'N/A', 'N/A', 'N/A', 'N/A', 'N/A', 'N/A', 'N/A']","[0, 0, 0, 0, 0, 0, 0, 0]","[0, 0, 0, 0, 0, 0, 0, 0, 0, 0, 0, 0, 0, 0, 0, 0, 0, 0, 0, 0, 0, 0, 0, 0, 0, 0, 0, 0, 0, 0, 0, 0, 0, 0, 0, 0, 0, 0, 0, 0]","[0, 0, 0, 0]",216,N/A,N/A,N/A,N/A,ENABLED,94,500,2400,DISABLED,ENABLED,94,500,2400,DISABLED,ENABLED,94,500,2400,DISABLED,ENABLED,95,500,2400,DISABLED,ENABLED,95,500,2400,DISABLED,ENABLED,95,500,2400,DISABLED,ENABLED,94,500,2400,DISABLED,ENABLED,95,500,2400,DISABLED,ENABLED,1900,1900,1900,N/A,DISABLED,59,1900,1900,N/A,ENABLED,59,1900,1900,N/A,ENABLED,59,1900,1900,N/A,ENABLED,59,1900,1900,N/A,ENABLED,48,1520,1520,N/A,ENABLED,48,1520,1520,N/A,ENABLED,48,1520,1520,N/A,ENABLED,48,1520,1520,N/A,ENABLED,1250,1250,1250,N/A,DISABLED,38,1200,1200,N/A,ENABLED,N/A,42,28
1789726611,1,0,0,N/A,"['N/A', 'N/A', 'N/A', 'N/A']","['N/A', 'N/A', 'N/A', 'N/A', 'N/A', 'N/A', 'N/A', 'N/A', 'N/A', 'N/A', 'N/A', 'N/A', 'N/A', 'N/A', 'N/A', 'N/A', 'N/A', 'N/A', 'N/A', 'N/A', 'N/A', 'N/A', 'N/A', 'N/A', 'N/A', 'N/A', 'N/A', 'N/A', 'N/A', 'N/A', 'N/A', 'N/A']","[0, 0, 0, 0, 0, 0, 0, 0]","[0, 0, 0, 0, 0, 0, 0, 0, 0, 0, 0, 0, 0, 0, 0, 0, 0, 0, 0, 0, 0, 0, 0, 0, 0, 0, 0, 0, 0, 0, 0, 0, 0, 0, 0, 0, 0, 0, 0, 0]","[0, 0, 0, 0]",219,N/A,N/A,N/A,N/A,ENABLED,94,500,2400,DISABLED,ENABLED,95,500,2400,DISABLED,ENABLED,94,500,2400,DISABLED,ENABLED,95,500,2400,DISABLED,ENABLED,94,500,2400,DISABLED,ENABLED,95,500,2400,DISABLED,ENABLED,98,500,2400,DISABLED,ENABLED,98,500,2400,DISABLED,ENABLED,1900,1900,1900,N/A,DISABLED,59,1900,1900,N/A,ENABLED,59,1900,1900,N/A,ENABLED,59,1900,1900,N/A,ENABLED,59,1900,1900,N/A,ENABLED,48,1520,1520,N/A,ENABLED,48,1520,1520,N/A,ENABLED,48,1520,1520,N/A,ENABLED,48,1520,1520,N/A,ENABLED,1250,1250,1250,N/A,DISABLED,38,1200,1200,N/A,ENABLED,N/A,41,28
1789726611,2,0,0,N/A,"['N/A', 'N/A', 'N/A', 'N/A']","['N/A', 'N/A', 'N/A', 'N/A', 'N/A', 'N/A', 'N/A', 'N/A', 'N/A', 'N/A', 'N/A', 'N/A', 'N/A', 'N/A', 'N/A', 'N/A', 'N/A', 'N/A', 'N/A', 'N/A', 'N/A', 'N/A', 'N/A', 'N/A', 'N/A', 'N/A', 'N/A', 'N/A', 'N/A', 'N/A', 'N/A', 'N/A']","[0, 0, 0, 0, 0, 0, 0, 0]","[0, 0, 0, 0, 0, 0, 0, 0, 0, 0, 0, 0, 0, 0, 0, 0, 0, 0, 0, 0, 0, 0, 0, 0, 0, 0, 0, 0, 0, 0, 0, 0, 0, 0, 0, 0, 0, 0, 0, 0]","[0, 0, 0, 0]",211,N/A,N/A,N/A,N/A,ENABLED,94,500,2400,DISABLED,ENABLED,94,500,2400,DISABLED,ENABLED,94,500,2400,DISABLED,ENABLED,95,500,2400,DISABLED,ENABLED,94,500,2400,DISABLED,ENABLED,95,500,2400,DISABLED,ENABLED,101,500,2400,DISABLED,ENABLED,101,500,2400,DISABLED,ENABLED,1900,1900,1900,N/A,DISABLED,59,1900,1900,N/A,ENABLED,59,1900,1900,N/A,ENABLED,59,1900,1900,N/A,ENABLED,59,1900,1900,N/A,ENABLED,48,1520,1520,N/A,ENABLED,48,1520,1520,N/A,ENABLED,48,1520,1520,N/A,ENABLED,48,1520,1520,N/A,ENABLED,1250,1250,1250,N/A,DISABLED,38,1200,1200,N/A,ENABLED,N/A,43,28
1789726611,3,0,0,N/A,"['N/A', 'N/A', 'N/A', 'N/A']","['N/A', 'N/A', 'N/A', 'N/A', 'N/A', 'N/A', 'N/A', 'N/A', 'N/A', 'N/A', 'N/A', 'N/A', 'N/A', 'N/A', 'N/A', 'N/A', 'N/A', 'N/A', 'N/A', 'N/A', 'N/A', 'N/A', 'N/A', 'N/A', 'N/A', 'N/A', 'N/A', 'N/A', 'N/A', 'N/A', 'N/A', 'N/A']","[0, 0, 0, 0, 0, 0, 0, 0]","[0, 0, 0, 0, 0, 0, 0, 0, 0, 0, 0, 0, 0, 0, 0, 0, 0, 0, 0, 0, 0, 0, 0, 0, 0, 0, 0, 0, 0, 0, 0, 0, 0, 0, 0, 0, 0, 0, 0, 0]","[0, 0, 0, 0]",219,N/A,N/A,N/A,N/A,ENABLED,505,500,2400,DISABLED,DISABLED,505,500,2400,DISABLED,DISABLED,502,500,2400,DISABLED,DISABLED,505,500,2400,DISABLED,DISABLED,500,500,2400,DISABLED,DISABLED,510,500,2400,DISABLED,DISABLED,503,500,2400,DISABLED,DISABLED,504,500,2400,DISABLED,DISABLED,1900,1900,1900,N/A,DISABLED,59,1900,1900,N/A,ENABLED,59,1900,1900,N/A,ENABLED,59,1900,1900,N/A,ENABLED,59,1900,1900,N/A,ENABLED,48,1520,1520,N/A,ENABLED,48,1520,1520,N/A,ENABLED,48,1520,1520,N/A,ENABLED,48,1520,1520,N/A,ENABLED,1250,1250,1250,N/A,DISABLED,38,1200,1200,N/A,ENABLED,N/A,42,29

1789726612,0,0,0,N/A,"['N/A', 'N/A', 'N/A', 'N/A']","['N/A', 'N/A', 'N/A', 'N/A', 'N/A', 'N/A', 'N/A', 'N/A', 'N/A', 'N/A', 'N/A', 'N/A', 'N/A', 'N/A', 'N/A', 'N/A', 'N/A', 'N/A', 'N/A', 'N/A', 'N/A', 'N/A', 'N/A', 'N/A', 'N/A', 'N/A', 'N/A', 'N/A', 'N/A', 'N/A', 'N/A', 'N/A']","[0, 0, 0, 0, 0, 0, 0, 0]","[0, 0, 0, 0, 0, 0, 0, 0, 0, 0, 0, 0, 0, 0, 0, 0, 0, 0, 0, 0, 0, 0, 0, 0, 0, 0, 0, 0, 0, 0, 0, 0, 0, 0, 0, 0, 0, 0, 0, 0]","[0, 0, 0, 0]",215,N/A,N/A,N/A,N/A,ENABLED,94,500,2400,DISABLED,ENABLED,94,500,2400,DISABLED,ENABLED,94,500,2400,DISABLED,ENABLED,94,500,2400,DISABLED,ENABLED,94,500,2400,DISABLED,ENABLED,94,500,2400,DISABLED,ENABLED,94,500,2400,DISABLED,ENABLED,95,500,2400,DISABLED,ENABLED,1900,1900,1900,N/A,DISABLED,59,1900,1900,N/A,ENABLED,59,1900,1900,N/A,ENABLED,59,1900,1900,N/A,ENABLED,59,1900,1900,N/A,ENABLED,48,1520,1520,N/A,ENABLED,48,1520,1520,N/A,ENABLED,48,1520,1520,N/A,ENABLED,48,1520,1520,N/A,ENABLED,1250,1250,1250,N/A,DISABLED,38,1200,1200,N/A,ENABLED,N/A,42,28
1789726612,1,0,0,N/A,"['N/A', 'N/A', 'N/A', 'N/A']","['N/A', 'N/A', 'N/A', 'N/A', 'N/A', 'N/A', 'N/A', 'N/A', 'N/A', 'N/A', 'N/A', 'N/A', 'N/A', 'N/A', 'N/A', 'N/A', 'N/A', 'N/A', 'N/A', 'N/A', 'N/A', 'N/A', 'N/A', 'N/A', 'N/A', 'N/A', 'N/A', 'N/A', 'N/A', 'N/A', 'N/A', 'N/A']","[0, 0, 0, 0, 0, 0, 0, 0]","[0, 0, 0, 0, 0, 0, 0, 0, 0, 0, 0, 0, 0, 0, 0, 0, 0, 0, 0, 0, 0, 0, 0, 0, 0, 0, 0, 0, 0, 0, 0, 0, 0, 0, 0, 0, 0, 0, 0, 0]","[0, 0, 0, 0]",220,N/A,N/A,N/A,N/A,ENABLED,94,500,2400,DISABLED,ENABLED,95,500,2400,DISABLED,ENABLED,94,500,2400,DISABLED,ENABLED,95,500,2400,DISABLED,ENABLED,94,500,2400,DISABLED,ENABLED,95,500,2400,DISABLED,ENABLED,94,500,2400,DISABLED,ENABLED,95,500,2400,DISABLED,ENABLED,1900,1900,1900,N/A,DISABLED,59,1900,1900,N/A,ENABLED,59,1900,1900,N/A,ENABLED,59,1900,1900,N/A,ENABLED,59,1900,1900,N/A,ENABLED,48,1520,1520,N/A,ENABLED,48,1520,1520,N/A,ENABLED,48,1520,1520,N/A,ENABLED,48,1520,1520,N/A,ENABLED,1250,1250,1250,N/A,DISABLED,38,1200,1200,N/A,ENABLED,N/A,41,28
1789726612,2,0,0,N/A,"['N/A', 'N/A', 'N/A', 'N/A']","['N/A', 'N/A', 'N/A', 'N/A', 'N/A', 'N/A', 'N/A', 'N/A', 'N/A', 'N/A', 'N/A', 'N/A', 'N/A', 'N/A', 'N/A', 'N/A', 'N/A', 'N/A', 'N/A', 'N/A', 'N/A', 'N/A', 'N/A', 'N/A', 'N/A', 'N/A', 'N/A', 'N/A', 'N/A', 'N/A', 'N/A', 'N/A']","[0, 0, 0, 0, 0, 0, 0, 0]","[0, 0, 0, 0, 0, 0, 0, 0, 0, 0, 0, 0, 0, 0, 0, 0, 0, 0, 0, 0, 0, 0, 0, 0, 0, 0, 0, 0, 0, 0, 0, 0, 0, 0, 0, 0, 0, 0, 0, 0]","[0, 0, 0, 0]",211,N/A,N/A,N/A,N/A,ENABLED,94,500,2400,DISABLED,ENABLED,94,500,2400,DISABLED,ENABLED,94,500,2400,DISABLED,ENABLED,95,500,2400,DISABLED,ENABLED,94,500,2400,DISABLED,ENABLED,95,500,2400,DISABLED,ENABLED,106,500,2400,DISABLED,ENABLED,106,500,2400,DISABLED,ENABLED,1900,1900,1900,N/A,DISABLED,59,1900,1900,N/A,ENABLED,59,1900,1900,N/A,ENABLED,59,1900,1900,N/A,ENABLED,59,1900,1900,N/A,ENABLED,48,1520,1520,N/A,ENABLED,48,1520,1520,N/A,ENABLED,48,1520,1520,N/A,ENABLED,48,1520,1520,N/A,ENABLED,1250,1250,1250,N/A,DISABLED,38,1200,1200,N/A,ENABLED,N/A,43,28
1789726612,3,76,7,N/A,"['N/A', 'N/A', 'N/A', 'N/A']","['N/A', 'N/A', 'N/A', 'N/A', 'N/A', 'N/A', 'N/A', 'N/A', 'N/A', 'N/A', 'N/A', 'N/A', 'N/A', 'N/A', 'N/A', 'N/A', 'N/A', 'N/A', 'N/A', 'N/A', 'N/A', 'N/A', 'N/A', 'N/A', 'N/A', 'N/A', 'N/A', 'N/A', 'N/A', 'N/A', 'N/A', 'N/A']","[76, 76, 76, 76, 76, 76, 76, 76]","[0, 0, 0, 0, 0, 0, 0, 0, 0, 0, 0, 0, 0, 0, 0, 0, 0, 0, 0, 0, 0, 0, 0, 0, 0, 0, 0, 0, 0, 0, 0, 0, 0, 0, 0, 0, 0, 0, 0, 0]","[0, 0, 0, 0]",889,N/A,N/A,N/A,N/A,ENABLED,2275,500,2400,DISABLED,DISABLED,2275,500,2400,DISABLED,DISABLED,2283,500,2400,DISABLED,DISABLED,2263,500,2400,DISABLED,DISABLED,2298,500,2400,DISABLED,DISABLED,2275,500,2400,DISABLED,DISABLED,2285,500,2400,DISABLED,DISABLED,2272,500,2400,DISABLED,DISABLED,1900,1900,1900,N/A,DISABLED,59,1900,1900,N/A,ENABLED,59,1900,1900,N/A,ENABLED,59,1900,1900,N/A,ENABLED,59,1900,1900,N/A,ENABLED,48,1520,1520,N/A,ENABLED,48,1520,1520,N/A,ENABLED,48,1520,1520,N/A,ENABLED,48,1520,1520,N/A,ENABLED,1250,1250,1250,N/A,DISABLED,82,1200,1200,N/A,ENABLED,N/A,43,35

1789726613,0,0,0,N/A,"['N/A', 'N/A', 'N/A', 'N/A']","['N/A', 'N/A', 'N/A', 'N/A', 'N/A', 'N/A', 'N/A', 'N/A', 'N/A', 'N/A', 'N/A', 'N/A', 'N/A', 'N/A', 'N/A', 'N/A', 'N/A', 'N/A', 'N/A', 'N/A', 'N/A', 'N/A', 'N/A', 'N/A', 'N/A', 'N/A', 'N/A', 'N/A', 'N/A', 'N/A', 'N/A', 'N/A']","[0, 0, 0, 0, 0, 0, 0, 0]","[0, 0, 0, 0, 0, 0, 0, 0, 0, 0, 0, 0, 0, 0, 0, 0, 0, 0, 0, 0, 0, 0, 0, 0, 0, 0, 0, 0, 0, 0, 0, 0, 0, 0, 0, 0, 0, 0, 0, 0]","[0, 0, 0, 0]",215,N/A,N/A,N/A,N/A,ENABLED,94,500,2400,DISABLED,ENABLED,95,500,2400,DISABLED,ENABLED,94,500,2400,DISABLED,ENABLED,95,500,2400,DISABLED,ENABLED,96,500,2400,DISABLED,ENABLED,96,500,2400,DISABLED,ENABLED,94,500,2400,DISABLED,ENABLED,95,500,2400,DISABLED,ENABLED,1900,1900,1900,N/A,DISABLED,59,1900,1900,N/A,ENABLED,59,1900,1900,N/A,ENABLED,59,1900,1900,N/A,ENABLED,59,1900,1900,N/A,ENABLED,48,1520,1520,N/A,ENABLED,48,1520,1520,N/A,ENABLED,48,1520,1520,N/A,ENABLED,48,1520,1520,N/A,ENABLED,1250,1250,1250,N/A,DISABLED,38,1200,1200,N/A,ENABLED,N/A,42,28
1789726613,1,0,0,N/A,"['N/A', 'N/A', 'N/A', 'N/A']","['N/A', 'N/A', 'N/A', 'N/A', 'N/A', 'N/A', 'N/A', 'N/A', 'N/A', 'N/A', 'N/A', 'N/A', 'N/A', 'N/A', 'N/A', 'N/A', 'N/A', 'N/A', 'N/A', 'N/A', 'N/A', 'N/A', 'N/A', 'N/A', 'N/A', 'N/A', 'N/A', 'N/A', 'N/A', 'N/A', 'N/A', 'N/A']","[0, 0, 0, 0, 0, 0, 0, 0]","[0, 0, 0, 0, 0, 0, 0, 0, 0, 0, 0, 0, 0, 0, 0, 0, 0, 0, 0, 0, 0, 0, 0, 0, 0, 0, 0, 0, 0, 0, 0, 0, 0, 0, 0, 0, 0, 0, 0, 0]","[0, 0, 0, 0]",219,N/A,N/A,N/A,N/A,ENABLED,94,500,2400,DISABLED,ENABLED,95,500,2400,DISABLED,ENABLED,94,500,2400,DISABLED,ENABLED,95,500,2400,DISABLED,ENABLED,94,500,2400,DISABLED,ENABLED,95,500,2400,DISABLED,ENABLED,96,500,2400,DISABLED,ENABLED,96,500,2400,DISABLED,ENABLED,1900,1900,1900,N/A,DISABLED,59,1900,1900,N/A,ENABLED,59,1900,1900,N/A,ENABLED,59,1900,1900,N/A,ENABLED,59,1900,1900,N/A,ENABLED,48,1520,1520,N/A,ENABLED,48,1520,1520,N/A,ENABLED,48,1520,1520,N/A,ENABLED,48,1520,1520,N/A,ENABLED,1250,1250,1250,N/A,DISABLED,38,1200,1200,N/A,ENABLED,N/A,41,28
1789726613,2,0,0,N/A,"['N/A', 'N/A', 'N/A', 'N/A']","['N/A', 'N/A', 'N/A', 'N/A', 'N/A', 'N/A', 'N/A', 'N/A', 'N/A', 'N/A', 'N/A', 'N/A', 'N/A', 'N/A', 'N/A', 'N/A', 'N/A', 'N/A', 'N/A', 'N/A', 'N/A', 'N/A', 'N/A', 'N/A', 'N/A', 'N/A', 'N/A', 'N/A', 'N/A', 'N/A', 'N/A', 'N/A']","[0, 0, 0, 0, 0, 0, 0, 0]","[0, 0, 0, 0, 0, 0, 0, 0, 0, 0, 0, 0, 0, 0, 0, 0, 0, 0, 0, 0, 0, 0, 0, 0, 0, 0, 0, 0, 0, 0, 0, 0, 0, 0, 0, 0, 0, 0, 0, 0]","[0, 0, 0, 0]",211,N/A,N/A,N/A,N/A,ENABLED,94,500,2400,DISABLED,ENABLED,94,500,2400,DISABLED,ENABLED,94,500,2400,DISABLED,ENABLED,95,500,2400,DISABLED,ENABLED,94,500,2400,DISABLED,ENABLED,95,500,2400,DISABLED,ENABLED,101,500,2400,DISABLED,ENABLED,101,500,2400,DISABLED,ENABLED,1900,1900,1900,N/A,DISABLED,59,1900,1900,N/A,ENABLED,59,1900,1900,N/A,ENABLED,59,1900,1900,N/A,ENABLED,59,1900,1900,N/A,ENABLED,48,1520,1520,N/A,ENABLED,48,1520,1520,N/A,ENABLED,48,1520,1520,N/A,ENABLED,48,1520,1520,N/A,ENABLED,1250,1250,1250,N/A,DISABLED,38,1200,1200,N/A,ENABLED,N/A,43,28
1789726613,3,50,8,N/A,"['N/A', 'N/A', 'N/A', 'N/A']","['N/A', 'N/A', 'N/A', 'N/A', 'N/A', 'N/A', 'N/A', 'N/A', 'N/A', 'N/A', 'N/A', 'N/A', 'N/A', 'N/A', 'N/A', 'N/A', 'N/A', 'N/A', 'N/A', 'N/A', 'N/A', 'N/A', 'N/A', 'N/A', 'N/A', 'N/A', 'N/A', 'N/A', 'N/A', 'N/A', 'N/A', 'N/A']","[50, 50, 50, 50, 50, 50, 50, 50]","[0, 0, 0, 0, 0, 0, 0, 0, 0, 0, 0, 0, 0, 0, 0, 0, 0, 0, 0, 0, 0, 0, 0, 0, 0, 0, 0, 0, 0, 0, 0, 0, 0, 0, 0, 0, 0, 0, 0, 0]","[0, 0, 0, 0]",693,N/A,N/A,N/A,N/A,ENABLED,2342,500,2400,DISABLED,DISABLED,2346,500,2400,DISABLED,DISABLED,2346,500,2400,DISABLED,DISABLED,2334,500,2400,DISABLED,DISABLED,2353,500,2400,DISABLED,DISABLED,2345,500,2400,DISABLED,DISABLED,2347,500,2400,DISABLED,DISABLED,2342,500,2400,DISABLED,DISABLED,1900,1900,1900,N/A,DISABLED,59,1900,1900,N/A,ENABLED,59,1900,1900,N/A,ENABLED,59,1900,1900,N/A,ENABLED,59,1900,1900,N/A,ENABLED,48,1520,1520,N/A,ENABLED,48,1520,1520,N/A,ENABLED,48,1520,1520,N/A,ENABLED,48,1520,1520,N/A,ENABLED,1250,1250,1250,N/A,DISABLED,80,1200,1200,N/A,ENABLED,N/A,46,36

1789726614,0,0,0,N/A,"['N/A', 'N/A', 'N/A', 'N/A']","['N/A', 'N/A', 'N/A', 'N/A', 'N/A', 'N/A', 'N/A', 'N/A', 'N/A', 'N/A', 'N/A', 'N/A', 'N/A', 'N/A', 'N/A', 'N/A', 'N/A', 'N/A', 'N/A', 'N/A', 'N/A', 'N/A', 'N/A', 'N/A', 'N/A', 'N/A', 'N/A', 'N/A', 'N/A', 'N/A', 'N/A', 'N/A']","[0, 0, 0, 0, 0, 0, 0, 0]","[0, 0, 0, 0, 0, 0, 0, 0, 0, 0, 0, 0, 0, 0, 0, 0, 0, 0, 0, 0, 0, 0, 0, 0, 0, 0, 0, 0, 0, 0, 0, 0, 0, 0, 0, 0, 0, 0, 0, 0]","[0, 0, 0, 0]",215,N/A,N/A,N/A,N/A,ENABLED,94,500,2400,DISABLED,ENABLED,94,500,2400,DISABLED,ENABLED,94,500,2400,DISABLED,ENABLED,95,500,2400,DISABLED,ENABLED,98,500,2400,DISABLED,ENABLED,98,500,2400,DISABLED,ENABLED,94,500,2400,DISABLED,ENABLED,95,500,2400,DISABLED,ENABLED,1900,1900,1900,N/A,DISABLED,59,1900,1900,N/A,ENABLED,59,1900,1900,N/A,ENABLED,59,1900,1900,N/A,ENABLED,59,1900,1900,N/A,ENABLED,48,1520,1520,N/A,ENABLED,48,1520,1520,N/A,ENABLED,48,1520,1520,N/A,ENABLED,48,1520,1520,N/A,ENABLED,1250,1250,1250,N/A,DISABLED,38,1200,1200,N/A,ENABLED,N/A,42,28
1789726614,1,0,0,N/A,"['N/A', 'N/A', 'N/A', 'N/A']","['N/A', 'N/A', 'N/A', 'N/A', 'N/A', 'N/A', 'N/A', 'N/A', 'N/A', 'N/A', 'N/A', 'N/A', 'N/A', 'N/A', 'N/A', 'N/A', 'N/A', 'N/A', 'N/A', 'N/A', 'N/A', 'N/A', 'N/A', 'N/A', 'N/A', 'N/A', 'N/A', 'N/A', 'N/A', 'N/A', 'N/A', 'N/A']","[0, 0, 0, 0, 0, 0, 0, 0]","[0, 0, 0, 0, 0, 0, 0, 0, 0, 0, 0, 0, 0, 0, 0, 0, 0, 0, 0, 0, 0, 0, 0, 0, 0, 0, 0, 0, 0, 0, 0, 0, 0, 0, 0, 0, 0, 0, 0, 0]","[0, 0, 0, 0]",218,N/A,N/A,N/A,N/A,ENABLED,94,500,2400,DISABLED,ENABLED,95,500,2400,DISABLED,ENABLED,94,500,2400,DISABLED,ENABLED,95,500,2400,DISABLED,ENABLED,94,500,2400,DISABLED,ENABLED,95,500,2400,DISABLED,ENABLED,95,500,2400,DISABLED,ENABLED,95,500,2400,DISABLED,ENABLED,1900,1900,1900,N/A,DISABLED,59,1900,1900,N/A,ENABLED,59,1900,1900,N/A,ENABLED,59,1900,1900,N/A,ENABLED,59,1900,1900,N/A,ENABLED,48,1520,1520,N/A,ENABLED,48,1520,1520,N/A,ENABLED,48,1520,1520,N/A,ENABLED,48,1520,1520,N/A,ENABLED,1250,1250,1250,N/A,DISABLED,38,1200,1200,N/A,ENABLED,N/A,41,28
1789726614,2,0,0,N/A,"['N/A', 'N/A', 'N/A', 'N/A']","['N/A', 'N/A', 'N/A', 'N/A', 'N/A', 'N/A', 'N/A', 'N/A', 'N/A', 'N/A', 'N/A', 'N/A', 'N/A', 'N/A', 'N/A', 'N/A', 'N/A', 'N/A', 'N/A', 'N/A', 'N/A', 'N/A', 'N/A', 'N/A', 'N/A', 'N/A', 'N/A', 'N/A', 'N/A', 'N/A', 'N/A', 'N/A']","[0, 0, 0, 0, 0, 0, 0, 0]","[0, 0, 0, 0, 0, 0, 0, 0, 0, 0, 0, 0, 0, 0, 0, 0, 0, 0, 0, 0, 0, 0, 0, 0, 0, 0, 0, 0, 0, 0, 0, 0, 0, 0, 0, 0, 0, 0, 0, 0]","[0, 0, 0, 0]",211,N/A,N/A,N/A,N/A,ENABLED,94,500,2400,DISABLED,ENABLED,94,500,2400,DISABLED,ENABLED,94,500,2400,DISABLED,ENABLED,95,500,2400,DISABLED,ENABLED,94,500,2400,DISABLED,ENABLED,95,500,2400,DISABLED,ENABLED,102,500,2400,DISABLED,ENABLED,102,500,2400,DISABLED,ENABLED,1900,1900,1900,N/A,DISABLED,59,1900,1900,N/A,ENABLED,59,1900,1900,N/A,ENABLED,59,1900,1900,N/A,ENABLED,59,1900,1900,N/A,ENABLED,48,1520,1520,N/A,ENABLED,48,1520,1520,N/A,ENABLED,48,1520,1520,N/A,ENABLED,48,1520,1520,N/A,ENABLED,1250,1250,1250,N/A,DISABLED,38,1200,1200,N/A,ENABLED,N/A,43,28
1789726614,3,90,12,N/A,"['N/A', 'N/A', 'N/A', 'N/A']","['N/A', 'N/A', 'N/A', 'N/A', 'N/A', 'N/A', 'N/A', 'N/A', 'N/A', 'N/A', 'N/A', 'N/A', 'N/A', 'N/A', 'N/A', 'N/A', 'N/A', 'N/A', 'N/A', 'N/A', 'N/A', 'N/A', 'N/A', 'N/A', 'N/A', 'N/A', 'N/A', 'N/A', 'N/A', 'N/A', 'N/A', 'N/A']","[90, 90, 90, 90, 90, 90, 90, 90]","[0, 0, 0, 0, 0, 0, 0, 0, 0, 0, 0, 0, 0, 0, 0, 0, 0, 0, 0, 0, 0, 0, 0, 0, 0, 0, 0, 0, 0, 0, 0, 0, 0, 0, 0, 0, 0, 0, 0, 0]","[0, 0, 0, 0]",1115,N/A,N/A,N/A,N/A,ENABLED,2217,500,2400,DISABLED,DISABLED,2205,500,2400,DISABLED,DISABLED,2229,500,2400,DISABLED,DISABLED,2205,500,2400,DISABLED,DISABLED,2244,500,2400,DISABLED,DISABLED,2211,500,2400,DISABLED,DISABLED,2230,500,2400,DISABLED,DISABLED,2206,500,2400,DISABLED,DISABLED,1900,1900,1900,N/A,DISABLED,59,1900,1900,N/A,ENABLED,59,1900,1900,N/A,ENABLED,59,1900,1900,N/A,ENABLED,59,1900,1900,N/A,ENABLED,48,1520,1520,N/A,ENABLED,48,1520,1520,N/A,ENABLED,48,1520,1520,N/A,ENABLED,48,1520,1520,N/A,ENABLED,1250,1250,1250,N/A,DISABLED,105,1200,1200,N/A,ENABLED,N/A,47,40

1789726615,0,0,0,N/A,"['N/A', 'N/A', 'N/A', 'N/A']","['N/A', 'N/A', 'N/A', 'N/A', 'N/A', 'N/A', 'N/A', 'N/A', 'N/A', 'N/A', 'N/A', 'N/A', 'N/A', 'N/A', 'N/A', 'N/A', 'N/A', 'N/A', 'N/A', 'N/A', 'N/A', 'N/A', 'N/A', 'N/A', 'N/A', 'N/A', 'N/A', 'N/A', 'N/A', 'N/A', 'N/A', 'N/A']","[0, 0, 0, 0, 0, 0, 0, 0]","[0, 0, 0, 0, 0, 0, 0, 0, 0, 0, 0, 0, 0, 0, 0, 0, 0, 0, 0, 0, 0, 0, 0, 0, 0, 0, 0, 0, 0, 0, 0, 0, 0, 0, 0, 0, 0, 0, 0, 0]","[0, 0, 0, 0]",216,N/A,N/A,N/A,N/A,ENABLED,94,500,2400,DISABLED,ENABLED,94,500,2400,DISABLED,ENABLED,94,500,2400,DISABLED,ENABLED,94,500,2400,DISABLED,ENABLED,97,500,2400,DISABLED,ENABLED,97,500,2400,DISABLED,ENABLED,94,500,2400,DISABLED,ENABLED,95,500,2400,DISABLED,ENABLED,1900,1900,1900,N/A,DISABLED,59,1900,1900,N/A,ENABLED,59,1900,1900,N/A,ENABLED,59,1900,1900,N/A,ENABLED,59,1900,1900,N/A,ENABLED,48,1520,1520,N/A,ENABLED,48,1520,1520,N/A,ENABLED,48,1520,1520,N/A,ENABLED,48,1520,1520,N/A,ENABLED,1250,1250,1250,N/A,DISABLED,38,1200,1200,N/A,ENABLED,N/A,42,28
1789726615,1,0,0,N/A,"['N/A', 'N/A', 'N/A', 'N/A']","['N/A', 'N/A', 'N/A', 'N/A', 'N/A', 'N/A', 'N/A', 'N/A', 'N/A', 'N/A', 'N/A', 'N/A', 'N/A', 'N/A', 'N/A', 'N/A', 'N/A', 'N/A', 'N/A', 'N/A', 'N/A', 'N/A', 'N/A', 'N/A', 'N/A', 'N/A', 'N/A', 'N/A', 'N/A', 'N/A', 'N/A', 'N/A']","[0, 0, 0, 0, 0, 0, 0, 0]","[0, 0, 0, 0, 0, 0, 0, 0, 0, 0, 0, 0, 0, 0, 0, 0, 0, 0, 0, 0, 0, 0, 0, 0, 0, 0, 0, 0, 0, 0, 0, 0, 0, 0, 0, 0, 0, 0, 0, 0]","[0, 0, 0, 0]",219,N/A,N/A,N/A,N/A,ENABLED,94,500,2400,DISABLED,ENABLED,95,500,2400,DISABLED,ENABLED,94,500,2400,DISABLED,ENABLED,95,500,2400,DISABLED,ENABLED,94,500,2400,DISABLED,ENABLED,95,500,2400,DISABLED,ENABLED,102,500,2400,DISABLED,ENABLED,102,500,2400,DISABLED,ENABLED,1900,1900,1900,N/A,DISABLED,59,1900,1900,N/A,ENABLED,59,1900,1900,N/A,ENABLED,59,1900,1900,N/A,ENABLED,59,1900,1900,N/A,ENABLED,48,1520,1520,N/A,ENABLED,48,1520,1520,N/A,ENABLED,48,1520,1520,N/A,ENABLED,48,1520,1520,N/A,ENABLED,1250,1250,1250,N/A,DISABLED,38,1200,1200,N/A,ENABLED,N/A,41,28
1789726615,2,0,0,N/A,"['N/A', 'N/A', 'N/A', 'N/A']","['N/A', 'N/A', 'N/A', 'N/A', 'N/A', 'N/A', 'N/A', 'N/A', 'N/A', 'N/A', 'N/A', 'N/A', 'N/A', 'N/A', 'N/A', 'N/A', 'N/A', 'N/A', 'N/A', 'N/A', 'N/A', 'N/A', 'N/A', 'N/A', 'N/A', 'N/A', 'N/A', 'N/A', 'N/A', 'N/A', 'N/A', 'N/A']","[0, 0, 0, 0, 0, 0, 0, 0]","[0, 0, 0, 0, 0, 0, 0, 0, 0, 0, 0, 0, 0, 0, 0, 0, 0, 0, 0, 0, 0, 0, 0, 0, 0, 0, 0, 0, 0, 0, 0, 0, 0, 0, 0, 0, 0, 0, 0, 0]","[0, 0, 0, 0]",212,N/A,N/A,N/A,N/A,ENABLED,94,500,2400,DISABLED,ENABLED,94,500,2400,DISABLED,ENABLED,94,500,2400,DISABLED,ENABLED,95,500,2400,DISABLED,ENABLED,94,500,2400,DISABLED,ENABLED,95,500,2400,DISABLED,ENABLED,96,500,2400,DISABLED,ENABLED,96,500,2400,DISABLED,ENABLED,1900,1900,1900,N/A,DISABLED,59,1900,1900,N/A,ENABLED,59,1900,1900,N/A,ENABLED,59,1900,1900,N/A,ENABLED,59,1900,1900,N/A,ENABLED,48,1520,1520,N/A,ENABLED,48,1520,1520,N/A,ENABLED,48,1520,1520,N/A,ENABLED,48,1520,1520,N/A,ENABLED,1250,1250,1250,N/A,DISABLED,38,1200,1200,N/A,ENABLED,N/A,43,28
1789726615,3,1,0,N/A,"['N/A', 'N/A', 'N/A', 'N/A']","['N/A', 'N/A', 'N/A', 'N/A', 'N/A', 'N/A', 'N/A', 'N/A', 'N/A', 'N/A', 'N/A', 'N/A', 'N/A', 'N/A', 'N/A', 'N/A', 'N/A', 'N/A', 'N/A', 'N/A', 'N/A', 'N/A', 'N/A', 'N/A', 'N/A', 'N/A', 'N/A', 'N/A', 'N/A', 'N/A', 'N/A', 'N/A']","[1, 1, 1, 1, 1, 1, 1, 1]","[0, 0, 0, 0, 0, 0, 0, 0, 0, 0, 0, 0, 0, 0, 0, 0, 0, 0, 0, 0, 0, 0, 0, 0, 0, 0, 0, 0, 0, 0, 0, 0, 0, 0, 0, 0, 0, 0, 0, 0]","[0, 0, 0, 0]",248,N/A,N/A,N/A,N/A,ENABLED,651,500,2400,DISABLED,DISABLED,653,500,2400,DISABLED,DISABLED,645,500,2400,DISABLED,DISABLED,645,500,2400,DISABLED,DISABLED,649,500,2400,DISABLED,DISABLED,649,500,2400,DISABLED,DISABLED,647,500,2400,DISABLED,DISABLED,646,500,2400,DISABLED,DISABLED,1900,1900,1900,N/A,DISABLED,59,1900,1900,N/A,ENABLED,59,1900,1900,N/A,ENABLED,59,1900,1900,N/A,ENABLED,59,1900,1900,N/A,ENABLED,48,1520,1520,N/A,ENABLED,48,1520,1520,N/A,ENABLED,48,1520,1520,N/A,ENABLED,48,1520,1520,N/A,ENABLED,1250,1250,1250,N/A,DISABLED,38,1200,1200,N/A,ENABLED,N/A,48,32

1789726616,0,0,0,N/A,"['N/A', 'N/A', 'N/A', 'N/A']","['N/A', 'N/A', 'N/A', 'N/A', 'N/A', 'N/A', 'N/A', 'N/A', 'N/A', 'N/A', 'N/A', 'N/A', 'N/A', 'N/A', 'N/A', 'N/A', 'N/A', 'N/A', 'N/A', 'N/A', 'N/A', 'N/A', 'N/A', 'N/A', 'N/A', 'N/A', 'N/A', 'N/A', 'N/A', 'N/A', 'N/A', 'N/A']","[0, 0, 0, 0, 0, 0, 0, 0]","[0, 0, 0, 0, 0, 0, 0, 0, 0, 0, 0, 0, 0, 0, 0, 0, 0, 0, 0, 0, 0, 0, 0, 0, 0, 0, 0, 0, 0, 0, 0, 0, 0, 0, 0, 0, 0, 0, 0, 0]","[0, 0, 0, 0]",216,N/A,N/A,N/A,N/A,ENABLED,94,500,2400,DISABLED,ENABLED,94,500,2400,DISABLED,ENABLED,94,500,2400,DISABLED,ENABLED,95,500,2400,DISABLED,ENABLED,94,500,2400,DISABLED,ENABLED,94,500,2400,DISABLED,ENABLED,94,500,2400,DISABLED,ENABLED,94,500,2400,DISABLED,ENABLED,1900,1900,1900,N/A,DISABLED,59,1900,1900,N/A,ENABLED,59,1900,1900,N/A,ENABLED,59,1900,1900,N/A,ENABLED,59,1900,1900,N/A,ENABLED,48,1520,1520,N/A,ENABLED,48,1520,1520,N/A,ENABLED,48,1520,1520,N/A,ENABLED,48,1520,1520,N/A,ENABLED,1250,1250,1250,N/A,DISABLED,38,1200,1200,N/A,ENABLED,N/A,42,28
1789726616,1,0,0,N/A,"['N/A', 'N/A', 'N/A', 'N/A']","['N/A', 'N/A', 'N/A', 'N/A', 'N/A', 'N/A', 'N/A', 'N/A', 'N/A', 'N/A', 'N/A', 'N/A', 'N/A', 'N/A', 'N/A', 'N/A', 'N/A', 'N/A', 'N/A', 'N/A', 'N/A', 'N/A', 'N/A', 'N/A', 'N/A', 'N/A', 'N/A', 'N/A', 'N/A', 'N/A', 'N/A', 'N/A']","[0, 0, 0, 0, 0, 0, 0, 0]","[0, 0, 0, 0, 0, 0, 0, 0, 0, 0, 0, 0, 0, 0, 0, 0, 0, 0, 0, 0, 0, 0, 0, 0, 0, 0, 0, 0, 0, 0, 0, 0, 0, 0, 0, 0, 0, 0, 0, 0]","[0, 0, 0, 0]",219,N/A,N/A,N/A,N/A,ENABLED,94,500,2400,DISABLED,ENABLED,95,500,2400,DISABLED,ENABLED,94,500,2400,DISABLED,ENABLED,95,500,2400,DISABLED,ENABLED,94,500,2400,DISABLED,ENABLED,95,500,2400,DISABLED,ENABLED,102,500,2400,DISABLED,ENABLED,102,500,2400,DISABLED,ENABLED,1900,1900,1900,N/A,DISABLED,59,1900,1900,N/A,ENABLED,59,1900,1900,N/A,ENABLED,59,1900,1900,N/A,ENABLED,59,1900,1900,N/A,ENABLED,48,1520,1520,N/A,ENABLED,48,1520,1520,N/A,ENABLED,48,1520,1520,N/A,ENABLED,48,1520,1520,N/A,ENABLED,1250,1250,1250,N/A,DISABLED,38,1200,1200,N/A,ENABLED,N/A,41,28
1789726616,2,0,0,N/A,"['N/A', 'N/A', 'N/A', 'N/A']","['N/A', 'N/A', 'N/A', 'N/A', 'N/A', 'N/A', 'N/A', 'N/A', 'N/A', 'N/A', 'N/A', 'N/A', 'N/A', 'N/A', 'N/A', 'N/A', 'N/A', 'N/A', 'N/A', 'N/A', 'N/A', 'N/A', 'N/A', 'N/A', 'N/A', 'N/A', 'N/A', 'N/A', 'N/A', 'N/A', 'N/A', 'N/A']","[0, 0, 0, 0, 0, 0, 0, 0]","[0, 0, 0, 0, 0, 0, 0, 0, 0, 0, 0, 0, 0, 0, 0, 0, 0, 0, 0, 0, 0, 0, 0, 0, 0, 0, 0, 0, 0, 0, 0, 0, 0, 0, 0, 0, 0, 0, 0, 0]","[0, 0, 0, 0]",211,N/A,N/A,N/A,N/A,ENABLED,94,500,2400,DISABLED,ENABLED,94,500,2400,DISABLED,ENABLED,94,500,2400,DISABLED,ENABLED,95,500,2400,DISABLED,ENABLED,94,500,2400,DISABLED,ENABLED,95,500,2400,DISABLED,ENABLED,97,500,2400,DISABLED,ENABLED,97,500,2400,DISABLED,ENABLED,1900,1900,1900,N/A,DISABLED,59,1900,1900,N/A,ENABLED,59,1900,1900,N/A,ENABLED,59,1900,1900,N/A,ENABLED,59,1900,1900,N/A,ENABLED,48,1520,1520,N/A,ENABLED,48,1520,1520,N/A,ENABLED,48,1520,1520,N/A,ENABLED,48,1520,1520,N/A,ENABLED,1250,1250,1250,N/A,DISABLED,38,1200,1200,N/A,ENABLED,N/A,43,28
1789726616,3,0,0,N/A,"['N/A', 'N/A', 'N/A', 'N/A']","['N/A', 'N/A', 'N/A', 'N/A', 'N/A', 'N/A', 'N/A', 'N/A', 'N/A', 'N/A', 'N/A', 'N/A', 'N/A', 'N/A', 'N/A', 'N/A', 'N/A', 'N/A', 'N/A', 'N/A', 'N/A', 'N/A', 'N/A', 'N/A', 'N/A', 'N/A', 'N/A', 'N/A', 'N/A', 'N/A', 'N/A', 'N/A']","[0, 0, 0, 0, 0, 0, 0, 0]","[0, 0, 0, 0, 0, 0, 0, 0, 0, 0, 0, 0, 0, 0, 0, 0, 0, 0, 0, 0, 0, 0, 0, 0, 0, 0, 0, 0, 0, 0, 0, 0, 0, 0, 0, 0, 0, 0, 0, 0]","[0, 0, 0, 0]",287,N/A,N/A,N/A,N/A,ENABLED,2383,500,2400,DISABLED,DISABLED,2403,500,2400,DISABLED,DISABLED,2388,500,2400,DISABLED,DISABLED,2387,500,2400,DISABLED,DISABLED,2390,500,2400,DISABLED,DISABLED,2390,500,2400,DISABLED,DISABLED,2385,500,2400,DISABLED,DISABLED,2392,500,2400,DISABLED,DISABLED,1900,1900,1900,N/A,DISABLED,59,1900,1900,N/A,ENABLED,59,1900,1900,N/A,ENABLED,59,1900,1900,N/A,ENABLED,59,1900,1900,N/A,ENABLED,48,1520,1520,N/A,ENABLED,48,1520,1520,N/A,ENABLED,48,1520,1520,N/A,ENABLED,48,1520,1520,N/A,ENABLED,1250,1250,1250,N/A,DISABLED,38,1200,1200,N/A,ENABLED,N/A,46,31

1789726617,0,0,0,N/A,"['N/A', 'N/A', 'N/A', 'N/A']","['N/A', 'N/A', 'N/A', 'N/A', 'N/A', 'N/A', 'N/A', 'N/A', 'N/A', 'N/A', 'N/A', 'N/A', 'N/A', 'N/A', 'N/A', 'N/A', 'N/A', 'N/A', 'N/A', 'N/A', 'N/A', 'N/A', 'N/A', 'N/A', 'N/A', 'N/A', 'N/A', 'N/A', 'N/A', 'N/A', 'N/A', 'N/A']","[0, 0, 0, 0, 0, 0, 0, 0]","[0, 0, 0, 0, 0, 0, 0, 0, 0, 0, 0, 0, 0, 0, 0, 0, 0, 0, 0, 0, 0, 0, 0, 0, 0, 0, 0, 0, 0, 0, 0, 0, 0, 0, 0, 0, 0, 0, 0, 0]","[0, 0, 0, 0]",215,N/A,N/A,N/A,N/A,ENABLED,94,500,2400,DISABLED,ENABLED,94,500,2400,DISABLED,ENABLED,94,500,2400,DISABLED,ENABLED,95,500,2400,DISABLED,ENABLED,94,500,2400,DISABLED,ENABLED,94,500,2400,DISABLED,ENABLED,94,500,2400,DISABLED,ENABLED,95,500,2400,DISABLED,ENABLED,1900,1900,1900,N/A,DISABLED,59,1900,1900,N/A,ENABLED,59,1900,1900,N/A,ENABLED,59,1900,1900,N/A,ENABLED,59,1900,1900,N/A,ENABLED,48,1520,1520,N/A,ENABLED,48,1520,1520,N/A,ENABLED,48,1520,1520,N/A,ENABLED,48,1520,1520,N/A,ENABLED,1250,1250,1250,N/A,DISABLED,38,1200,1200,N/A,ENABLED,N/A,42,28
1789726617,1,0,0,N/A,"['N/A', 'N/A', 'N/A', 'N/A']","['N/A', 'N/A', 'N/A', 'N/A', 'N/A', 'N/A', 'N/A', 'N/A', 'N/A', 'N/A', 'N/A', 'N/A', 'N/A', 'N/A', 'N/A', 'N/A', 'N/A', 'N/A', 'N/A', 'N/A', 'N/A', 'N/A', 'N/A', 'N/A', 'N/A', 'N/A', 'N/A', 'N/A', 'N/A', 'N/A', 'N/A', 'N/A']","[0, 0, 0, 0, 0, 0, 0, 0]","[0, 0, 0, 0, 0, 0, 0, 0, 0, 0, 0, 0, 0, 0, 0, 0, 0, 0, 0, 0, 0, 0, 0, 0, 0, 0, 0, 0, 0, 0, 0, 0, 0, 0, 0, 0, 0, 0, 0, 0]","[0, 0, 0, 0]",220,N/A,N/A,N/A,N/A,ENABLED,94,500,2400,DISABLED,ENABLED,95,500,2400,DISABLED,ENABLED,94,500,2400,DISABLED,ENABLED,95,500,2400,DISABLED,ENABLED,94,500,2400,DISABLED,ENABLED,95,500,2400,DISABLED,ENABLED,99,500,2400,DISABLED,ENABLED,99,500,2400,DISABLED,ENABLED,1900,1900,1900,N/A,DISABLED,59,1900,1900,N/A,ENABLED,59,1900,1900,N/A,ENABLED,59,1900,1900,N/A,ENABLED,59,1900,1900,N/A,ENABLED,48,1520,1520,N/A,ENABLED,48,1520,1520,N/A,ENABLED,48,1520,1520,N/A,ENABLED,48,1520,1520,N/A,ENABLED,1250,1250,1250,N/A,DISABLED,38,1200,1200,N/A,ENABLED,N/A,41,28
1789726617,2,0,0,N/A,"['N/A', 'N/A', 'N/A', 'N/A']","['N/A', 'N/A', 'N/A', 'N/A', 'N/A', 'N/A', 'N/A', 'N/A', 'N/A', 'N/A', 'N/A', 'N/A', 'N/A', 'N/A', 'N/A', 'N/A', 'N/A', 'N/A', 'N/A', 'N/A', 'N/A', 'N/A', 'N/A', 'N/A', 'N/A', 'N/A', 'N/A', 'N/A', 'N/A', 'N/A', 'N/A', 'N/A']","[0, 0, 0, 0, 0, 0, 0, 0]","[0, 0, 0, 0, 0, 0, 0, 0, 0, 0, 0, 0, 0, 0, 0, 0, 0, 0, 0, 0, 0, 0, 0, 0, 0, 0, 0, 0, 0, 0, 0, 0, 0, 0, 0, 0, 0, 0, 0, 0]","[0, 0, 0, 0]",211,N/A,N/A,N/A,N/A,ENABLED,94,500,2400,DISABLED,ENABLED,95,500,2400,DISABLED,ENABLED,94,500,2400,DISABLED,ENABLED,95,500,2400,DISABLED,ENABLED,94,500,2400,DISABLED,ENABLED,95,500,2400,DISABLED,ENABLED,101,500,2400,DISABLED,ENABLED,100,500,2400,DISABLED,ENABLED,1900,1900,1900,N/A,DISABLED,59,1900,1900,N/A,ENABLED,59,1900,1900,N/A,ENABLED,59,1900,1900,N/A,ENABLED,59,1900,1900,N/A,ENABLED,48,1520,1520,N/A,ENABLED,48,1520,1520,N/A,ENABLED,48,1520,1520,N/A,ENABLED,48,1520,1520,N/A,ENABLED,1250,1250,1250,N/A,DISABLED,38,1200,1200,N/A,ENABLED,N/A,43,28
1789726617,3,0,0,N/A,"['N/A', 'N/A', 'N/A', 'N/A']","['N/A', 'N/A', 'N/A', 'N/A', 'N/A', 'N/A', 'N/A', 'N/A', 'N/A', 'N/A', 'N/A', 'N/A', 'N/A', 'N/A', 'N/A', 'N/A', 'N/A', 'N/A', 'N/A', 'N/A', 'N/A', 'N/A', 'N/A', 'N/A', 'N/A', 'N/A', 'N/A', 'N/A', 'N/A', 'N/A', 'N/A', 'N/A']","[0, 0, 0, 0, 0, 0, 0, 0]","[0, 0, 0, 0, 0, 0, 0, 0, 0, 0, 0, 0, 0, 0, 0, 0, 0, 0, 0, 0, 0, 0, 0, 0, 0, 0, 0, 0, 0, 0, 0, 0, 0, 0, 0, 0, 0, 0, 0, 0]","[0, 0, 0, 0]",284,N/A,N/A,N/A,N/A,ENABLED,2384,500,2400,DISABLED,DISABLED,2406,500,2400,DISABLED,DISABLED,2390,500,2400,DISABLED,DISABLED,2389,500,2400,DISABLED,DISABLED,2392,500,2400,DISABLED,DISABLED,2393,500,2400,DISABLED,DISABLED,2387,500,2400,DISABLED,DISABLED,2396,500,2400,DISABLED,DISABLED,1900,1900,1900,N/A,DISABLED,59,1900,1900,N/A,ENABLED,59,1900,1900,N/A,ENABLED,59,1900,1900,N/A,ENABLED,59,1900,1900,N/A,ENABLED,48,1520,1520,N/A,ENABLED,48,1520,1520,N/A,ENABLED,48,1520,1520,N/A,ENABLED,48,1520,1520,N/A,ENABLED,1250,1250,1250,N/A,DISABLED,38,1200,1200,N/A,ENABLED,N/A,44,30

1789726618,0,0,0,N/A,"['N/A', 'N/A', 'N/A', 'N/A']","['N/A', 'N/A', 'N/A', 'N/A', 'N/A', 'N/A', 'N/A', 'N/A', 'N/A', 'N/A', 'N/A', 'N/A', 'N/A', 'N/A', 'N/A', 'N/A', 'N/A', 'N/A', 'N/A', 'N/A', 'N/A', 'N/A', 'N/A', 'N/A', 'N/A', 'N/A', 'N/A', 'N/A', 'N/A', 'N/A', 'N/A', 'N/A']","[0, 0, 0, 0, 0, 0, 0, 0]","[0, 0, 0, 0, 0, 0, 0, 0, 0, 0, 0, 0, 0, 0, 0, 0, 0, 0, 0, 0, 0, 0, 0, 0, 0, 0, 0, 0, 0, 0, 0, 0, 0, 0, 0, 0, 0, 0, 0, 0]","[0, 0, 0, 0]",215,N/A,N/A,N/A,N/A,ENABLED,94,500,2400,DISABLED,ENABLED,94,500,2400,DISABLED,ENABLED,94,500,2400,DISABLED,ENABLED,95,500,2400,DISABLED,ENABLED,95,500,2400,DISABLED,ENABLED,95,500,2400,DISABLED,ENABLED,94,500,2400,DISABLED,ENABLED,95,500,2400,DISABLED,ENABLED,1900,1900,1900,N/A,DISABLED,59,1900,1900,N/A,ENABLED,59,1900,1900,N/A,ENABLED,59,1900,1900,N/A,ENABLED,59,1900,1900,N/A,ENABLED,48,1520,1520,N/A,ENABLED,48,1520,1520,N/A,ENABLED,48,1520,1520,N/A,ENABLED,48,1520,1520,N/A,ENABLED,1250,1250,1250,N/A,DISABLED,38,1200,1200,N/A,ENABLED,N/A,42,28
1789726618,1,0,0,N/A,"['N/A', 'N/A', 'N/A', 'N/A']","['N/A', 'N/A', 'N/A', 'N/A', 'N/A', 'N/A', 'N/A', 'N/A', 'N/A', 'N/A', 'N/A', 'N/A', 'N/A', 'N/A', 'N/A', 'N/A', 'N/A', 'N/A', 'N/A', 'N/A', 'N/A', 'N/A', 'N/A', 'N/A', 'N/A', 'N/A', 'N/A', 'N/A', 'N/A', 'N/A', 'N/A', 'N/A']","[0, 0, 0, 0, 0, 0, 0, 0]","[0, 0, 0, 0, 0, 0, 0, 0, 0, 0, 0, 0, 0, 0, 0, 0, 0, 0, 0, 0, 0, 0, 0, 0, 0, 0, 0, 0, 0, 0, 0, 0, 0, 0, 0, 0, 0, 0, 0, 0]","[0, 0, 0, 0]",220,N/A,N/A,N/A,N/A,ENABLED,94,500,2400,DISABLED,ENABLED,94,500,2400,DISABLED,ENABLED,94,500,2400,DISABLED,ENABLED,95,500,2400,DISABLED,ENABLED,94,500,2400,DISABLED,ENABLED,95,500,2400,DISABLED,ENABLED,112,500,2400,DISABLED,ENABLED,112,500,2400,DISABLED,ENABLED,1900,1900,1900,N/A,DISABLED,59,1900,1900,N/A,ENABLED,59,1900,1900,N/A,ENABLED,59,1900,1900,N/A,ENABLED,59,1900,1900,N/A,ENABLED,48,1520,1520,N/A,ENABLED,48,1520,1520,N/A,ENABLED,48,1520,1520,N/A,ENABLED,48,1520,1520,N/A,ENABLED,1250,1250,1250,N/A,DISABLED,38,1200,1200,N/A,ENABLED,N/A,41,28
1789726618,2,0,0,N/A,"['N/A', 'N/A', 'N/A', 'N/A']","['N/A', 'N/A', 'N/A', 'N/A', 'N/A', 'N/A', 'N/A', 'N/A', 'N/A', 'N/A', 'N/A', 'N/A', 'N/A', 'N/A', 'N/A', 'N/A', 'N/A', 'N/A', 'N/A', 'N/A', 'N/A', 'N/A', 'N/A', 'N/A', 'N/A', 'N/A', 'N/A', 'N/A', 'N/A', 'N/A', 'N/A', 'N/A']","[0, 0, 0, 0, 0, 0, 0, 0]","[0, 0, 0, 0, 0, 0, 0, 0, 0, 0, 0, 0, 0, 0, 0, 0, 0, 0, 0, 0, 0, 0, 0, 0, 0, 0, 0, 0, 0, 0, 0, 0, 0, 0, 0, 0, 0, 0, 0, 0]","[0, 0, 0, 0]",211,N/A,N/A,N/A,N/A,ENABLED,94,500,2400,DISABLED,ENABLED,95,500,2400,DISABLED,ENABLED,94,500,2400,DISABLED,ENABLED,95,500,2400,DISABLED,ENABLED,94,500,2400,DISABLED,ENABLED,95,500,2400,DISABLED,ENABLED,99,500,2400,DISABLED,ENABLED,99,500,2400,DISABLED,ENABLED,1900,1900,1900,N/A,DISABLED,59,1900,1900,N/A,ENABLED,59,1900,1900,N/A,ENABLED,59,1900,1900,N/A,ENABLED,59,1900,1900,N/A,ENABLED,48,1520,1520,N/A,ENABLED,48,1520,1520,N/A,ENABLED,48,1520,1520,N/A,ENABLED,48,1520,1520,N/A,ENABLED,1250,1250,1250,N/A,DISABLED,38,1200,1200,N/A,ENABLED,N/A,43,28
1789726618,3,0,0,N/A,"['N/A', 'N/A', 'N/A', 'N/A']","['N/A', 'N/A', 'N/A', 'N/A', 'N/A', 'N/A', 'N/A', 'N/A', 'N/A', 'N/A', 'N/A', 'N/A', 'N/A', 'N/A', 'N/A', 'N/A', 'N/A', 'N/A', 'N/A', 'N/A', 'N/A', 'N/A', 'N/A', 'N/A', 'N/A', 'N/A', 'N/A', 'N/A', 'N/A', 'N/A', 'N/A', 'N/A']","[0, 0, 0, 0, 0, 0, 0, 0]","[0, 0, 0, 0, 0, 0, 0, 0, 0, 0, 0, 0, 0, 0, 0, 0, 0, 0, 0, 0, 0, 0, 0, 0, 0, 0, 0, 0, 0, 0, 0, 0, 0, 0, 0, 0, 0, 0, 0, 0]","[0, 0, 0, 0]",284,N/A,N/A,N/A,N/A,ENABLED,2385,500,2400,DISABLED,DISABLED,2406,500,2400,DISABLED,DISABLED,2391,500,2400,DISABLED,DISABLED,2389,500,2400,DISABLED,DISABLED,2393,500,2400,DISABLED,DISABLED,2392,500,2400,DISABLED,DISABLED,2388,500,2400,DISABLED,DISABLED,2395,500,2400,DISABLED,DISABLED,1900,1900,1900,N/A,DISABLED,59,1900,1900,N/A,ENABLED,59,1900,1900,N/A,ENABLED,59,1900,1900,N/A,ENABLED,59,1900,1900,N/A,ENABLED,48,1520,1520,N/A,ENABLED,48,1520,1520,N/A,ENABLED,48,1520,1520,N/A,ENABLED,48,1520,1520,N/A,ENABLED,1250,1250,1250,N/A,DISABLED,38,1200,1200,N/A,ENABLED,N/A,44,30

1789726619,0,0,0,N/A,"['N/A', 'N/A', 'N/A', 'N/A']","['N/A', 'N/A', 'N/A', 'N/A', 'N/A', 'N/A', 'N/A', 'N/A', 'N/A', 'N/A', 'N/A', 'N/A', 'N/A', 'N/A', 'N/A', 'N/A', 'N/A', 'N/A', 'N/A', 'N/A', 'N/A', 'N/A', 'N/A', 'N/A', 'N/A', 'N/A', 'N/A', 'N/A', 'N/A', 'N/A', 'N/A', 'N/A']","[0, 0, 0, 0, 0, 0, 0, 0]","[0, 0, 0, 0, 0, 0, 0, 0, 0, 0, 0, 0, 0, 0, 0, 0, 0, 0, 0, 0, 0, 0, 0, 0, 0, 0, 0, 0, 0, 0, 0, 0, 0, 0, 0, 0, 0, 0, 0, 0]","[0, 0, 0, 0]",216,N/A,N/A,N/A,N/A,ENABLED,94,500,2400,DISABLED,ENABLED,94,500,2400,DISABLED,ENABLED,94,500,2400,DISABLED,ENABLED,95,500,2400,DISABLED,ENABLED,94,500,2400,DISABLED,ENABLED,94,500,2400,DISABLED,ENABLED,94,500,2400,DISABLED,ENABLED,95,500,2400,DISABLED,ENABLED,1900,1900,1900,N/A,DISABLED,59,1900,1900,N/A,ENABLED,59,1900,1900,N/A,ENABLED,59,1900,1900,N/A,ENABLED,59,1900,1900,N/A,ENABLED,48,1520,1520,N/A,ENABLED,48,1520,1520,N/A,ENABLED,48,1520,1520,N/A,ENABLED,48,1520,1520,N/A,ENABLED,1250,1250,1250,N/A,DISABLED,38,1200,1200,N/A,ENABLED,N/A,42,28
1789726619,1,0,0,N/A,"['N/A', 'N/A', 'N/A', 'N/A']","['N/A', 'N/A', 'N/A', 'N/A', 'N/A', 'N/A', 'N/A', 'N/A', 'N/A', 'N/A', 'N/A', 'N/A', 'N/A', 'N/A', 'N/A', 'N/A', 'N/A', 'N/A', 'N/A', 'N/A', 'N/A', 'N/A', 'N/A', 'N/A', 'N/A', 'N/A', 'N/A', 'N/A', 'N/A', 'N/A', 'N/A', 'N/A']","[0, 0, 0, 0, 0, 0, 0, 0]","[0, 0, 0, 0, 0, 0, 0, 0, 0, 0, 0, 0, 0, 0, 0, 0, 0, 0, 0, 0, 0, 0, 0, 0, 0, 0, 0, 0, 0, 0, 0, 0, 0, 0, 0, 0, 0, 0, 0, 0]","[0, 0, 0, 0]",219,N/A,N/A,N/A,N/A,ENABLED,94,500,2400,DISABLED,ENABLED,95,500,2400,DISABLED,ENABLED,94,500,2400,DISABLED,ENABLED,95,500,2400,DISABLED,ENABLED,94,500,2400,DISABLED,ENABLED,95,500,2400,DISABLED,ENABLED,98,500,2400,DISABLED,ENABLED,98,500,2400,DISABLED,ENABLED,1900,1900,1900,N/A,DISABLED,59,1900,1900,N/A,ENABLED,59,1900,1900,N/A,ENABLED,59,1900,1900,N/A,ENABLED,59,1900,1900,N/A,ENABLED,48,1520,1520,N/A,ENABLED,48,1520,1520,N/A,ENABLED,48,1520,1520,N/A,ENABLED,48,1520,1520,N/A,ENABLED,1250,1250,1250,N/A,DISABLED,38,1200,1200,N/A,ENABLED,N/A,41,28
1789726619,2,0,0,N/A,"['N/A', 'N/A', 'N/A', 'N/A']","['N/A', 'N/A', 'N/A', 'N/A', 'N/A', 'N/A', 'N/A', 'N/A', 'N/A', 'N/A', 'N/A', 'N/A', 'N/A', 'N/A', 'N/A', 'N/A', 'N/A', 'N/A', 'N/A', 'N/A', 'N/A', 'N/A', 'N/A', 'N/A', 'N/A', 'N/A', 'N/A', 'N/A', 'N/A', 'N/A', 'N/A', 'N/A']","[0, 0, 0, 0, 0, 0, 0, 0]","[0, 0, 0, 0, 0, 0, 0, 0, 0, 0, 0, 0, 0, 0, 0, 0, 0, 0, 0, 0, 0, 0, 0, 0, 0, 0, 0, 0, 0, 0, 0, 0, 0, 0, 0, 0, 0, 0, 0, 0]","[0, 0, 0, 0]",211,N/A,N/A,N/A,N/A,ENABLED,94,500,2400,DISABLED,ENABLED,95,500,2400,DISABLED,ENABLED,94,500,2400,DISABLED,ENABLED,95,500,2400,DISABLED,ENABLED,94,500,2400,DISABLED,ENABLED,95,500,2400,DISABLED,ENABLED,97,500,2400,DISABLED,ENABLED,97,500,2400,DISABLED,ENABLED,1900,1900,1900,N/A,DISABLED,59,1900,1900,N/A,ENABLED,59,1900,1900,N/A,ENABLED,59,1900,1900,N/A,ENABLED,59,1900,1900,N/A,ENABLED,48,1520,1520,N/A,ENABLED,48,1520,1520,N/A,ENABLED,48,1520,1520,N/A,ENABLED,48,1520,1520,N/A,ENABLED,1250,1250,1250,N/A,DISABLED,38,1200,1200,N/A,ENABLED,N/A,43,28
1789726619,3,0,0,N/A,"['N/A', 'N/A', 'N/A', 'N/A']","['N/A', 'N/A', 'N/A', 'N/A', 'N/A', 'N/A', 'N/A', 'N/A', 'N/A', 'N/A', 'N/A', 'N/A', 'N/A', 'N/A', 'N/A', 'N/A', 'N/A', 'N/A', 'N/A', 'N/A', 'N/A', 'N/A', 'N/A', 'N/A', 'N/A', 'N/A', 'N/A', 'N/A', 'N/A', 'N/A', 'N/A', 'N/A']","[0, 0, 0, 0, 0, 0, 0, 0]","[0, 0, 0, 0, 0, 0, 0, 0, 0, 0, 0, 0, 0, 0, 0, 0, 0, 0, 0, 0, 0, 0, 0, 0, 0, 0, 0, 0, 0, 0, 0, 0, 0, 0, 0, 0, 0, 0, 0, 0]","[0, 0, 0, 0]",286,N/A,N/A,N/A,N/A,ENABLED,2374,500,2400,DISABLED,DISABLED,2399,500,2400,DISABLED,DISABLED,2387,500,2400,DISABLED,DISABLED,2386,500,2400,DISABLED,DISABLED,2389,500,2400,DISABLED,DISABLED,2390,500,2400,DISABLED,DISABLED,2383,500,2400,DISABLED,DISABLED,2392,500,2400,DISABLED,DISABLED,1900,1900,1900,N/A,DISABLED,59,1900,1900,N/A,ENABLED,59,1900,1900,N/A,ENABLED,59,1900,1900,N/A,ENABLED,59,1900,1900,N/A,ENABLED,48,1520,1520,N/A,ENABLED,48,1520,1520,N/A,ENABLED,48,1520,1520,N/A,ENABLED,48,1520,1520,N/A,ENABLED,1250,1250,1250,N/A,DISABLED,38,1200,1200,N/A,ENABLED,N/A,44,30

1789726620,0,0,0,N/A,"['N/A', 'N/A', 'N/A', 'N/A']","['N/A', 'N/A', 'N/A', 'N/A', 'N/A', 'N/A', 'N/A', 'N/A', 'N/A', 'N/A', 'N/A', 'N/A', 'N/A', 'N/A', 'N/A', 'N/A', 'N/A', 'N/A', 'N/A', 'N/A', 'N/A', 'N/A', 'N/A', 'N/A', 'N/A', 'N/A', 'N/A', 'N/A', 'N/A', 'N/A', 'N/A', 'N/A']","[0, 0, 0, 0, 0, 0, 0, 0]","[0, 0, 0, 0, 0, 0, 0, 0, 0, 0, 0, 0, 0, 0, 0, 0, 0, 0, 0, 0, 0, 0, 0, 0, 0, 0, 0, 0, 0, 0, 0, 0, 0, 0, 0, 0, 0, 0, 0, 0]","[0, 0, 0, 0]",216,N/A,N/A,N/A,N/A,ENABLED,94,500,2400,DISABLED,ENABLED,94,500,2400,DISABLED,ENABLED,94,500,2400,DISABLED,ENABLED,95,500,2400,DISABLED,ENABLED,94,500,2400,DISABLED,ENABLED,94,500,2400,DISABLED,ENABLED,94,500,2400,DISABLED,ENABLED,95,500,2400,DISABLED,ENABLED,1900,1900,1900,N/A,DISABLED,59,1900,1900,N/A,ENABLED,59,1900,1900,N/A,ENABLED,59,1900,1900,N/A,ENABLED,59,1900,1900,N/A,ENABLED,48,1520,1520,N/A,ENABLED,48,1520,1520,N/A,ENABLED,48,1520,1520,N/A,ENABLED,48,1520,1520,N/A,ENABLED,1250,1250,1250,N/A,DISABLED,38,1200,1200,N/A,ENABLED,N/A,42,28
1789726620,1,0,0,N/A,"['N/A', 'N/A', 'N/A', 'N/A']","['N/A', 'N/A', 'N/A', 'N/A', 'N/A', 'N/A', 'N/A', 'N/A', 'N/A', 'N/A', 'N/A', 'N/A', 'N/A', 'N/A', 'N/A', 'N/A', 'N/A', 'N/A', 'N/A', 'N/A', 'N/A', 'N/A', 'N/A', 'N/A', 'N/A', 'N/A', 'N/A', 'N/A', 'N/A', 'N/A', 'N/A', 'N/A']","[0, 0, 0, 0, 0, 0, 0, 0]","[0, 0, 0, 0, 0, 0, 0, 0, 0, 0, 0, 0, 0, 0, 0, 0, 0, 0, 0, 0, 0, 0, 0, 0, 0, 0, 0, 0, 0, 0, 0, 0, 0, 0, 0, 0, 0, 0, 0, 0]","[0, 0, 0, 0]",220,N/A,N/A,N/A,N/A,ENABLED,94,500,2400,DISABLED,ENABLED,95,500,2400,DISABLED,ENABLED,94,500,2400,DISABLED,ENABLED,95,500,2400,DISABLED,ENABLED,94,500,2400,DISABLED,ENABLED,95,500,2400,DISABLED,ENABLED,114,500,2400,DISABLED,ENABLED,114,500,2400,DISABLED,ENABLED,1900,1900,1900,N/A,DISABLED,59,1900,1900,N/A,ENABLED,59,1900,1900,N/A,ENABLED,59,1900,1900,N/A,ENABLED,59,1900,1900,N/A,ENABLED,48,1520,1520,N/A,ENABLED,48,1520,1520,N/A,ENABLED,48,1520,1520,N/A,ENABLED,48,1520,1520,N/A,ENABLED,1250,1250,1250,N/A,DISABLED,38,1200,1200,N/A,ENABLED,N/A,41,28
1789726620,2,0,0,N/A,"['N/A', 'N/A', 'N/A', 'N/A']","['N/A', 'N/A', 'N/A', 'N/A', 'N/A', 'N/A', 'N/A', 'N/A', 'N/A', 'N/A', 'N/A', 'N/A', 'N/A', 'N/A', 'N/A', 'N/A', 'N/A', 'N/A', 'N/A', 'N/A', 'N/A', 'N/A', 'N/A', 'N/A', 'N/A', 'N/A', 'N/A', 'N/A', 'N/A', 'N/A', 'N/A', 'N/A']","[0, 0, 0, 0, 0, 0, 0, 0]","[0, 0, 0, 0, 0, 0, 0, 0, 0, 0, 0, 0, 0, 0, 0, 0, 0, 0, 0, 0, 0, 0, 0, 0, 0, 0, 0, 0, 0, 0, 0, 0, 0, 0, 0, 0, 0, 0, 0, 0]","[0, 0, 0, 0]",211,N/A,N/A,N/A,N/A,ENABLED,94,500,2400,DISABLED,ENABLED,95,500,2400,DISABLED,ENABLED,94,500,2400,DISABLED,ENABLED,95,500,2400,DISABLED,ENABLED,94,500,2400,DISABLED,ENABLED,95,500,2400,DISABLED,ENABLED,106,500,2400,DISABLED,ENABLED,106,500,2400,DISABLED,ENABLED,1900,1900,1900,N/A,DISABLED,59,1900,1900,N/A,ENABLED,59,1900,1900,N/A,ENABLED,59,1900,1900,N/A,ENABLED,59,1900,1900,N/A,ENABLED,48,1520,1520,N/A,ENABLED,48,1520,1520,N/A,ENABLED,48,1520,1520,N/A,ENABLED,48,1520,1520,N/A,ENABLED,1250,1250,1250,N/A,DISABLED,38,1200,1200,N/A,ENABLED,N/A,43,28
1789726620,3,2,1,N/A,"['N/A', 'N/A', 'N/A', 'N/A']","['N/A', 'N/A', 'N/A', 'N/A', 'N/A', 'N/A', 'N/A', 'N/A', 'N/A', 'N/A', 'N/A', 'N/A', 'N/A', 'N/A', 'N/A', 'N/A', 'N/A', 'N/A', 'N/A', 'N/A', 'N/A', 'N/A', 'N/A', 'N/A', 'N/A', 'N/A', 'N/A', 'N/A', 'N/A', 'N/A', 'N/A', 'N/A']","[2, 2, 2, 2, 2, 2, 2, 2]","[0, 0, 0, 0, 0, 0, 0, 0, 0, 0, 0, 0, 0, 0, 0, 0, 0, 0, 0, 0, 0, 0, 0, 0, 0, 0, 0, 0, 0, 0, 0, 0, 0, 0, 0, 0, 0, 0, 0, 0]","[0, 0, 0, 0]",300,N/A,N/A,N/A,N/A,ENABLED,2375,500,2400,DISABLED,DISABLED,2396,500,2400,DISABLED,DISABLED,2383,500,2400,DISABLED,DISABLED,2380,500,2400,DISABLED,DISABLED,2385,500,2400,DISABLED,DISABLED,2385,500,2400,DISABLED,DISABLED,2380,500,2400,DISABLED,DISABLED,2387,500,2400,DISABLED,DISABLED,1900,1900,1900,N/A,DISABLED,59,1900,1900,N/A,ENABLED,59,1900,1900,N/A,ENABLED,59,1900,1900,N/A,ENABLED,59,1900,1900,N/A,ENABLED,48,1520,1520,N/A,ENABLED,48,1520,1520,N/A,ENABLED,48,1520,1520,N/A,ENABLED,48,1520,1520,N/A,ENABLED,1250,1250,1250,N/A,DISABLED,38,1200,1200,N/A,ENABLED,N/A,44,30

1789726621,0,0,0,N/A,"['N/A', 'N/A', 'N/A', 'N/A']","['N/A', 'N/A', 'N/A', 'N/A', 'N/A', 'N/A', 'N/A', 'N/A', 'N/A', 'N/A', 'N/A', 'N/A', 'N/A', 'N/A', 'N/A', 'N/A', 'N/A', 'N/A', 'N/A', 'N/A', 'N/A', 'N/A', 'N/A', 'N/A', 'N/A', 'N/A', 'N/A', 'N/A', 'N/A', 'N/A', 'N/A', 'N/A']","[0, 0, 0, 0, 0, 0, 0, 0]","[0, 0, 0, 0, 0, 0, 0, 0, 0, 0, 0, 0, 0, 0, 0, 0, 0, 0, 0, 0, 0, 0, 0, 0, 0, 0, 0, 0, 0, 0, 0, 0, 0, 0, 0, 0, 0, 0, 0, 0]","[0, 0, 0, 0]",215,N/A,N/A,N/A,N/A,ENABLED,94,500,2400,DISABLED,ENABLED,94,500,2400,DISABLED,ENABLED,94,500,2400,DISABLED,ENABLED,95,500,2400,DISABLED,ENABLED,95,500,2400,DISABLED,ENABLED,94,500,2400,DISABLED,ENABLED,94,500,2400,DISABLED,ENABLED,95,500,2400,DISABLED,ENABLED,1900,1900,1900,N/A,DISABLED,59,1900,1900,N/A,ENABLED,59,1900,1900,N/A,ENABLED,59,1900,1900,N/A,ENABLED,59,1900,1900,N/A,ENABLED,48,1520,1520,N/A,ENABLED,48,1520,1520,N/A,ENABLED,48,1520,1520,N/A,ENABLED,48,1520,1520,N/A,ENABLED,1250,1250,1250,N/A,DISABLED,38,1200,1200,N/A,ENABLED,N/A,42,28
1789726621,1,0,0,N/A,"['N/A', 'N/A', 'N/A', 'N/A']","['N/A', 'N/A', 'N/A', 'N/A', 'N/A', 'N/A', 'N/A', 'N/A', 'N/A', 'N/A', 'N/A', 'N/A', 'N/A', 'N/A', 'N/A', 'N/A', 'N/A', 'N/A', 'N/A', 'N/A', 'N/A', 'N/A', 'N/A', 'N/A', 'N/A', 'N/A', 'N/A', 'N/A', 'N/A', 'N/A', 'N/A', 'N/A']","[0, 0, 0, 0, 0, 0, 0, 0]","[0, 0, 0, 0, 0, 0, 0, 0, 0, 0, 0, 0, 0, 0, 0, 0, 0, 0, 0, 0, 0, 0, 0, 0, 0, 0, 0, 0, 0, 0, 0, 0, 0, 0, 0, 0, 0, 0, 0, 0]","[0, 0, 0, 0]",219,N/A,N/A,N/A,N/A,ENABLED,94,500,2400,DISABLED,ENABLED,95,500,2400,DISABLED,ENABLED,94,500,2400,DISABLED,ENABLED,95,500,2400,DISABLED,ENABLED,94,500,2400,DISABLED,ENABLED,95,500,2400,DISABLED,ENABLED,96,500,2400,DISABLED,ENABLED,96,500,2400,DISABLED,ENABLED,1900,1900,1900,N/A,DISABLED,59,1900,1900,N/A,ENABLED,59,1900,1900,N/A,ENABLED,59,1900,1900,N/A,ENABLED,59,1900,1900,N/A,ENABLED,48,1520,1520,N/A,ENABLED,48,1520,1520,N/A,ENABLED,48,1520,1520,N/A,ENABLED,48,1520,1520,N/A,ENABLED,1250,1250,1250,N/A,DISABLED,38,1200,1200,N/A,ENABLED,N/A,41,28
1789726621,2,0,0,N/A,"['N/A', 'N/A', 'N/A', 'N/A']","['N/A', 'N/A', 'N/A', 'N/A', 'N/A', 'N/A', 'N/A', 'N/A', 'N/A', 'N/A', 'N/A', 'N/A', 'N/A', 'N/A', 'N/A', 'N/A', 'N/A', 'N/A', 'N/A', 'N/A', 'N/A', 'N/A', 'N/A', 'N/A', 'N/A', 'N/A', 'N/A', 'N/A', 'N/A', 'N/A', 'N/A', 'N/A']","[0, 0, 0, 0, 0, 0, 0, 0]","[0, 0, 0, 0, 0, 0, 0, 0, 0, 0, 0, 0, 0, 0, 0, 0, 0, 0, 0, 0, 0, 0, 0, 0, 0, 0, 0, 0, 0, 0, 0, 0, 0, 0, 0, 0, 0, 0, 0, 0]","[0, 0, 0, 0]",211,N/A,N/A,N/A,N/A,ENABLED,94,500,2400,DISABLED,ENABLED,95,500,2400,DISABLED,ENABLED,94,500,2400,DISABLED,ENABLED,95,500,2400,DISABLED,ENABLED,94,500,2400,DISABLED,ENABLED,95,500,2400,DISABLED,ENABLED,107,500,2400,DISABLED,ENABLED,107,500,2400,DISABLED,ENABLED,1900,1900,1900,N/A,DISABLED,59,1900,1900,N/A,ENABLED,59,1900,1900,N/A,ENABLED,59,1900,1900,N/A,ENABLED,59,1900,1900,N/A,ENABLED,48,1520,1520,N/A,ENABLED,48,1520,1520,N/A,ENABLED,48,1520,1520,N/A,ENABLED,48,1520,1520,N/A,ENABLED,1250,1250,1250,N/A,DISABLED,38,1200,1200,N/A,ENABLED,N/A,43,28
1789726621,3,46,11,N/A,"['N/A', 'N/A', 'N/A', 'N/A']","['N/A', 'N/A', 'N/A', 'N/A', 'N/A', 'N/A', 'N/A', 'N/A', 'N/A', 'N/A', 'N/A', 'N/A', 'N/A', 'N/A', 'N/A', 'N/A', 'N/A', 'N/A', 'N/A', 'N/A', 'N/A', 'N/A', 'N/A', 'N/A', 'N/A', 'N/A', 'N/A', 'N/A', 'N/A', 'N/A', 'N/A', 'N/A']","[46, 46, 46, 46, 46, 46, 46, 46]","[0, 0, 0, 0, 0, 0, 0, 0, 0, 0, 0, 0, 0, 0, 0, 0, 0, 0, 0, 0, 0, 0, 0, 0, 0, 0, 0, 0, 0, 0, 0, 0, 0, 0, 0, 0, 0, 0, 0, 0]","[0, 0, 0, 0]",660,N/A,N/A,N/A,N/A,ENABLED,2240,500,2400,DISABLED,DISABLED,2245,500,2400,DISABLED,DISABLED,2239,500,2400,DISABLED,DISABLED,2229,500,2400,DISABLED,DISABLED,2266,500,2400,DISABLED,DISABLED,2247,500,2400,DISABLED,DISABLED,2252,500,2400,DISABLED,DISABLED,2245,500,2400,DISABLED,DISABLED,1900,1900,1900,N/A,DISABLED,59,1900,1900,N/A,ENABLED,59,1900,1900,N/A,ENABLED,59,1900,1900,N/A,ENABLED,59,1900,1900,N/A,ENABLED,48,1520,1520,N/A,ENABLED,48,1520,1520,N/A,ENABLED,48,1520,1520,N/A,ENABLED,48,1520,1520,N/A,ENABLED,1250,1250,1250,N/A,DISABLED,83,1200,1200,N/A,ENABLED,N/A,44,35

1789726622,0,0,0,N/A,"['N/A', 'N/A', 'N/A', 'N/A']","['N/A', 'N/A', 'N/A', 'N/A', 'N/A', 'N/A', 'N/A', 'N/A', 'N/A', 'N/A', 'N/A', 'N/A', 'N/A', 'N/A', 'N/A', 'N/A', 'N/A', 'N/A', 'N/A', 'N/A', 'N/A', 'N/A', 'N/A', 'N/A', 'N/A', 'N/A', 'N/A', 'N/A', 'N/A', 'N/A', 'N/A', 'N/A']","[0, 0, 0, 0, 0, 0, 0, 0]","[0, 0, 0, 0, 0, 0, 0, 0, 0, 0, 0, 0, 0, 0, 0, 0, 0, 0, 0, 0, 0, 0, 0, 0, 0, 0, 0, 0, 0, 0, 0, 0, 0, 0, 0, 0, 0, 0, 0, 0]","[0, 0, 0, 0]",216,N/A,N/A,N/A,N/A,ENABLED,94,500,2400,DISABLED,ENABLED,94,500,2400,DISABLED,ENABLED,94,500,2400,DISABLED,ENABLED,95,500,2400,DISABLED,ENABLED,96,500,2400,DISABLED,ENABLED,96,500,2400,DISABLED,ENABLED,94,500,2400,DISABLED,ENABLED,95,500,2400,DISABLED,ENABLED,1900,1900,1900,N/A,DISABLED,59,1900,1900,N/A,ENABLED,59,1900,1900,N/A,ENABLED,59,1900,1900,N/A,ENABLED,59,1900,1900,N/A,ENABLED,48,1520,1520,N/A,ENABLED,48,1520,1520,N/A,ENABLED,48,1520,1520,N/A,ENABLED,48,1520,1520,N/A,ENABLED,1250,1250,1250,N/A,DISABLED,38,1200,1200,N/A,ENABLED,N/A,42,28
1789726622,1,0,0,N/A,"['N/A', 'N/A', 'N/A', 'N/A']","['N/A', 'N/A', 'N/A', 'N/A', 'N/A', 'N/A', 'N/A', 'N/A', 'N/A', 'N/A', 'N/A', 'N/A', 'N/A', 'N/A', 'N/A', 'N/A', 'N/A', 'N/A', 'N/A', 'N/A', 'N/A', 'N/A', 'N/A', 'N/A', 'N/A', 'N/A', 'N/A', 'N/A', 'N/A', 'N/A', 'N/A', 'N/A']","[0, 0, 0, 0, 0, 0, 0, 0]","[0, 0, 0, 0, 0, 0, 0, 0, 0, 0, 0, 0, 0, 0, 0, 0, 0, 0, 0, 0, 0, 0, 0, 0, 0, 0, 0, 0, 0, 0, 0, 0, 0, 0, 0, 0, 0, 0, 0, 0]","[0, 0, 0, 0]",220,N/A,N/A,N/A,N/A,ENABLED,94,500,2400,DISABLED,ENABLED,95,500,2400,DISABLED,ENABLED,94,500,2400,DISABLED,ENABLED,95,500,2400,DISABLED,ENABLED,94,500,2400,DISABLED,ENABLED,95,500,2400,DISABLED,ENABLED,110,500,2400,DISABLED,ENABLED,110,500,2400,DISABLED,ENABLED,1900,1900,1900,N/A,DISABLED,59,1900,1900,N/A,ENABLED,59,1900,1900,N/A,ENABLED,59,1900,1900,N/A,ENABLED,59,1900,1900,N/A,ENABLED,48,1520,1520,N/A,ENABLED,48,1520,1520,N/A,ENABLED,48,1520,1520,N/A,ENABLED,48,1520,1520,N/A,ENABLED,1250,1250,1250,N/A,DISABLED,38,1200,1200,N/A,ENABLED,N/A,41,28
1789726622,2,0,0,N/A,"['N/A', 'N/A', 'N/A', 'N/A']","['N/A', 'N/A', 'N/A', 'N/A', 'N/A', 'N/A', 'N/A', 'N/A', 'N/A', 'N/A', 'N/A', 'N/A', 'N/A', 'N/A', 'N/A', 'N/A', 'N/A', 'N/A', 'N/A', 'N/A', 'N/A', 'N/A', 'N/A', 'N/A', 'N/A', 'N/A', 'N/A', 'N/A', 'N/A', 'N/A', 'N/A', 'N/A']","[0, 0, 0, 0, 0, 0, 0, 0]","[0, 0, 0, 0, 0, 0, 0, 0, 0, 0, 0, 0, 0, 0, 0, 0, 0, 0, 0, 0, 0, 0, 0, 0, 0, 0, 0, 0, 0, 0, 0, 0, 0, 0, 0, 0, 0, 0, 0, 0]","[0, 0, 0, 0]",211,N/A,N/A,N/A,N/A,ENABLED,94,500,2400,DISABLED,ENABLED,95,500,2400,DISABLED,ENABLED,94,500,2400,DISABLED,ENABLED,95,500,2400,DISABLED,ENABLED,94,500,2400,DISABLED,ENABLED,95,500,2400,DISABLED,ENABLED,104,500,2400,DISABLED,ENABLED,104,500,2400,DISABLED,ENABLED,1900,1900,1900,N/A,DISABLED,59,1900,1900,N/A,ENABLED,59,1900,1900,N/A,ENABLED,59,1900,1900,N/A,ENABLED,59,1900,1900,N/A,ENABLED,48,1520,1520,N/A,ENABLED,48,1520,1520,N/A,ENABLED,48,1520,1520,N/A,ENABLED,48,1520,1520,N/A,ENABLED,1250,1250,1250,N/A,DISABLED,38,1200,1200,N/A,ENABLED,N/A,43,28
1789726622,3,46,10,N/A,"['N/A', 'N/A', 'N/A', 'N/A']","['N/A', 'N/A', 'N/A', 'N/A', 'N/A', 'N/A', 'N/A', 'N/A', 'N/A', 'N/A', 'N/A', 'N/A', 'N/A', 'N/A', 'N/A', 'N/A', 'N/A', 'N/A', 'N/A', 'N/A', 'N/A', 'N/A', 'N/A', 'N/A', 'N/A', 'N/A', 'N/A', 'N/A', 'N/A', 'N/A', 'N/A', 'N/A']","[46, 46, 46, 46, 46, 46, 46, 46]","[0, 0, 0, 0, 0, 0, 0, 0, 0, 0, 0, 0, 0, 0, 0, 0, 0, 0, 0, 0, 0, 0, 0, 0, 0, 0, 0, 0, 0, 0, 0, 0, 0, 0, 0, 0, 0, 0, 0, 0]","[0, 0, 0, 0]",624,N/A,N/A,N/A,N/A,ENABLED,2253,500,2400,DISABLED,DISABLED,2260,500,2400,DISABLED,DISABLED,2251,500,2400,DISABLED,DISABLED,2240,500,2400,DISABLED,DISABLED,2270,500,2400,DISABLED,DISABLED,2251,500,2400,DISABLED,DISABLED,2262,500,2400,DISABLED,DISABLED,2256,500,2400,DISABLED,DISABLED,1900,1900,1900,N/A,DISABLED,59,1900,1900,N/A,ENABLED,59,1900,1900,N/A,ENABLED,59,1900,1900,N/A,ENABLED,59,1900,1900,N/A,ENABLED,48,1520,1520,N/A,ENABLED,48,1520,1520,N/A,ENABLED,48,1520,1520,N/A,ENABLED,48,1520,1520,N/A,ENABLED,1250,1250,1250,N/A,DISABLED,86,1200,1200,N/A,ENABLED,N/A,45,37

1789726623,0,0,0,N/A,"['N/A', 'N/A', 'N/A', 'N/A']","['N/A', 'N/A', 'N/A', 'N/A', 'N/A', 'N/A', 'N/A', 'N/A', 'N/A', 'N/A', 'N/A', 'N/A', 'N/A', 'N/A', 'N/A', 'N/A', 'N/A', 'N/A', 'N/A', 'N/A', 'N/A', 'N/A', 'N/A', 'N/A', 'N/A', 'N/A', 'N/A', 'N/A', 'N/A', 'N/A', 'N/A', 'N/A']","[0, 0, 0, 0, 0, 0, 0, 0]","[0, 0, 0, 0, 0, 0, 0, 0, 0, 0, 0, 0, 0, 0, 0, 0, 0, 0, 0, 0, 0, 0, 0, 0, 0, 0, 0, 0, 0, 0, 0, 0, 0, 0, 0, 0, 0, 0, 0, 0]","[0, 0, 0, 0]",216,N/A,N/A,N/A,N/A,ENABLED,94,500,2400,DISABLED,ENABLED,94,500,2400,DISABLED,ENABLED,94,500,2400,DISABLED,ENABLED,95,500,2400,DISABLED,ENABLED,95,500,2400,DISABLED,ENABLED,95,500,2400,DISABLED,ENABLED,94,500,2400,DISABLED,ENABLED,95,500,2400,DISABLED,ENABLED,1900,1900,1900,N/A,DISABLED,59,1900,1900,N/A,ENABLED,59,1900,1900,N/A,ENABLED,59,1900,1900,N/A,ENABLED,59,1900,1900,N/A,ENABLED,48,1520,1520,N/A,ENABLED,48,1520,1520,N/A,ENABLED,48,1520,1520,N/A,ENABLED,48,1520,1520,N/A,ENABLED,1250,1250,1250,N/A,DISABLED,38,1200,1200,N/A,ENABLED,N/A,42,28
1789726623,1,0,0,N/A,"['N/A', 'N/A', 'N/A', 'N/A']","['N/A', 'N/A', 'N/A', 'N/A', 'N/A', 'N/A', 'N/A', 'N/A', 'N/A', 'N/A', 'N/A', 'N/A', 'N/A', 'N/A', 'N/A', 'N/A', 'N/A', 'N/A', 'N/A', 'N/A', 'N/A', 'N/A', 'N/A', 'N/A', 'N/A', 'N/A', 'N/A', 'N/A', 'N/A', 'N/A', 'N/A', 'N/A']","[0, 0, 0, 0, 0, 0, 0, 0]","[0, 0, 0, 0, 0, 0, 0, 0, 0, 0, 0, 0, 0, 0, 0, 0, 0, 0, 0, 0, 0, 0, 0, 0, 0, 0, 0, 0, 0, 0, 0, 0, 0, 0, 0, 0, 0, 0, 0, 0]","[0, 0, 0, 0]",220,N/A,N/A,N/A,N/A,ENABLED,94,500,2400,DISABLED,ENABLED,95,500,2400,DISABLED,ENABLED,94,500,2400,DISABLED,ENABLED,95,500,2400,DISABLED,ENABLED,94,500,2400,DISABLED,ENABLED,95,500,2400,DISABLED,ENABLED,116,500,2400,DISABLED,ENABLED,116,500,2400,DISABLED,ENABLED,1900,1900,1900,N/A,DISABLED,59,1900,1900,N/A,ENABLED,59,1900,1900,N/A,ENABLED,59,1900,1900,N/A,ENABLED,59,1900,1900,N/A,ENABLED,48,1520,1520,N/A,ENABLED,48,1520,1520,N/A,ENABLED,48,1520,1520,N/A,ENABLED,48,1520,1520,N/A,ENABLED,1250,1250,1250,N/A,DISABLED,38,1200,1200,N/A,ENABLED,N/A,41,28
1789726623,2,0,0,N/A,"['N/A', 'N/A', 'N/A', 'N/A']","['N/A', 'N/A', 'N/A', 'N/A', 'N/A', 'N/A', 'N/A', 'N/A', 'N/A', 'N/A', 'N/A', 'N/A', 'N/A', 'N/A', 'N/A', 'N/A', 'N/A', 'N/A', 'N/A', 'N/A', 'N/A', 'N/A', 'N/A', 'N/A', 'N/A', 'N/A', 'N/A', 'N/A', 'N/A', 'N/A', 'N/A', 'N/A']","[0, 0, 0, 0, 0, 0, 0, 0]","[0, 0, 0, 0, 0, 0, 0, 0, 0, 0, 0, 0, 0, 0, 0, 0, 0, 0, 0, 0, 0, 0, 0, 0, 0, 0, 0, 0, 0, 0, 0, 0, 0, 0, 0, 0, 0, 0, 0, 0]","[0, 0, 0, 0]",212,N/A,N/A,N/A,N/A,ENABLED,94,500,2400,DISABLED,ENABLED,94,500,2400,DISABLED,ENABLED,94,500,2400,DISABLED,ENABLED,95,500,2400,DISABLED,ENABLED,94,500,2400,DISABLED,ENABLED,95,500,2400,DISABLED,ENABLED,103,500,2400,DISABLED,ENABLED,103,500,2400,DISABLED,ENABLED,1900,1900,1900,N/A,DISABLED,59,1900,1900,N/A,ENABLED,59,1900,1900,N/A,ENABLED,59,1900,1900,N/A,ENABLED,59,1900,1900,N/A,ENABLED,48,1520,1520,N/A,ENABLED,48,1520,1520,N/A,ENABLED,48,1520,1520,N/A,ENABLED,48,1520,1520,N/A,ENABLED,1250,1250,1250,N/A,DISABLED,38,1200,1200,N/A,ENABLED,N/A,43,28
1789726623,3,37,1,N/A,"['N/A', 'N/A', 'N/A', 'N/A']","['N/A', 'N/A', 'N/A', 'N/A', 'N/A', 'N/A', 'N/A', 'N/A', 'N/A', 'N/A', 'N/A', 'N/A', 'N/A', 'N/A', 'N/A', 'N/A', 'N/A', 'N/A', 'N/A', 'N/A', 'N/A', 'N/A', 'N/A', 'N/A', 'N/A', 'N/A', 'N/A', 'N/A', 'N/A', 'N/A', 'N/A', 'N/A']","[37, 36, 37, 37, 37, 37, 37, 37]","[0, 0, 0, 0, 0, 0, 0, 0, 0, 0, 0, 0, 0, 0, 0, 0, 0, 0, 0, 0, 0, 0, 0, 0, 0, 0, 0, 0, 0, 0, 0, 0, 0, 0, 0, 0, 0, 0, 0, 0]","[0, 0, 0, 0]",282,N/A,N/A,N/A,N/A,ENABLED,1502,500,2400,DISABLED,DISABLED,1509,500,2400,DISABLED,DISABLED,1502,500,2400,DISABLED,DISABLED,1501,500,2400,DISABLED,DISABLED,1513,500,2400,DISABLED,DISABLED,1516,500,2400,DISABLED,DISABLED,1505,500,2400,DISABLED,DISABLED,1507,500,2400,DISABLED,DISABLED,1900,1900,1900,N/A,DISABLED,59,1900,1900,N/A,ENABLED,59,1900,1900,N/A,ENABLED,59,1900,1900,N/A,ENABLED,59,1900,1900,N/A,ENABLED,48,1520,1520,N/A,ENABLED,48,1520,1520,N/A,ENABLED,48,1520,1520,N/A,ENABLED,48,1520,1520,N/A,ENABLED,1250,1250,1250,N/A,DISABLED,272,1200,1200,N/A,ENABLED,N/A,46,32

1789726624,0,0,0,N/A,"['N/A', 'N/A', 'N/A', 'N/A']","['N/A', 'N/A', 'N/A', 'N/A', 'N/A', 'N/A', 'N/A', 'N/A', 'N/A', 'N/A', 'N/A', 'N/A', 'N/A', 'N/A', 'N/A', 'N/A', 'N/A', 'N/A', 'N/A', 'N/A', 'N/A', 'N/A', 'N/A', 'N/A', 'N/A', 'N/A', 'N/A', 'N/A', 'N/A', 'N/A', 'N/A', 'N/A']","[0, 0, 0, 0, 0, 0, 0, 0]","[0, 0, 0, 0, 0, 0, 0, 0, 0, 0, 0, 0, 0, 0, 0, 0, 0, 0, 0, 0, 0, 0, 0, 0, 0, 0, 0, 0, 0, 0, 0, 0, 0, 0, 0, 0, 0, 0, 0, 0]","[0, 0, 0, 0]",216,N/A,N/A,N/A,N/A,ENABLED,94,500,2400,DISABLED,ENABLED,94,500,2400,DISABLED,ENABLED,94,500,2400,DISABLED,ENABLED,95,500,2400,DISABLED,ENABLED,94,500,2400,DISABLED,ENABLED,94,500,2400,DISABLED,ENABLED,94,500,2400,DISABLED,ENABLED,95,500,2400,DISABLED,ENABLED,1900,1900,1900,N/A,DISABLED,59,1900,1900,N/A,ENABLED,59,1900,1900,N/A,ENABLED,59,1900,1900,N/A,ENABLED,59,1900,1900,N/A,ENABLED,48,1520,1520,N/A,ENABLED,48,1520,1520,N/A,ENABLED,48,1520,1520,N/A,ENABLED,48,1520,1520,N/A,ENABLED,1250,1250,1250,N/A,DISABLED,38,1200,1200,N/A,ENABLED,N/A,42,28
1789726624,1,0,0,N/A,"['N/A', 'N/A', 'N/A', 'N/A']","['N/A', 'N/A', 'N/A', 'N/A', 'N/A', 'N/A', 'N/A', 'N/A', 'N/A', 'N/A', 'N/A', 'N/A', 'N/A', 'N/A', 'N/A', 'N/A', 'N/A', 'N/A', 'N/A', 'N/A', 'N/A', 'N/A', 'N/A', 'N/A', 'N/A', 'N/A', 'N/A', 'N/A', 'N/A', 'N/A', 'N/A', 'N/A']","[0, 0, 0, 0, 0, 0, 0, 0]","[0, 0, 0, 0, 0, 0, 0, 0, 0, 0, 0, 0, 0, 0, 0, 0, 0, 0, 0, 0, 0, 0, 0, 0, 0, 0, 0, 0, 0, 0, 0, 0, 0, 0, 0, 0, 0, 0, 0, 0]","[0, 0, 0, 0]",220,N/A,N/A,N/A,N/A,ENABLED,94,500,2400,DISABLED,ENABLED,95,500,2400,DISABLED,ENABLED,94,500,2400,DISABLED,ENABLED,95,500,2400,DISABLED,ENABLED,94,500,2400,DISABLED,ENABLED,94,500,2400,DISABLED,ENABLED,97,500,2400,DISABLED,ENABLED,97,500,2400,DISABLED,ENABLED,1900,1900,1900,N/A,DISABLED,59,1900,1900,N/A,ENABLED,59,1900,1900,N/A,ENABLED,59,1900,1900,N/A,ENABLED,59,1900,1900,N/A,ENABLED,48,1520,1520,N/A,ENABLED,48,1520,1520,N/A,ENABLED,48,1520,1520,N/A,ENABLED,48,1520,1520,N/A,ENABLED,1250,1250,1250,N/A,DISABLED,38,1200,1200,N/A,ENABLED,N/A,41,28
1789726624,2,0,0,N/A,"['N/A', 'N/A', 'N/A', 'N/A']","['N/A', 'N/A', 'N/A', 'N/A', 'N/A', 'N/A', 'N/A', 'N/A', 'N/A', 'N/A', 'N/A', 'N/A', 'N/A', 'N/A', 'N/A', 'N/A', 'N/A', 'N/A', 'N/A', 'N/A', 'N/A', 'N/A', 'N/A', 'N/A', 'N/A', 'N/A', 'N/A', 'N/A', 'N/A', 'N/A', 'N/A', 'N/A']","[0, 0, 0, 0, 0, 0, 0, 0]","[0, 0, 0, 0, 0, 0, 0, 0, 0, 0, 0, 0, 0, 0, 0, 0, 0, 0, 0, 0, 0, 0, 0, 0, 0, 0, 0, 0, 0, 0, 0, 0, 0, 0, 0, 0, 0, 0, 0, 0]","[0, 0, 0, 0]",212,N/A,N/A,N/A,N/A,ENABLED,94,500,2400,DISABLED,ENABLED,95,500,2400,DISABLED,ENABLED,94,500,2400,DISABLED,ENABLED,95,500,2400,DISABLED,ENABLED,94,500,2400,DISABLED,ENABLED,95,500,2400,DISABLED,ENABLED,107,500,2400,DISABLED,ENABLED,107,500,2400,DISABLED,ENABLED,1900,1900,1900,N/A,DISABLED,59,1900,1900,N/A,ENABLED,59,1900,1900,N/A,ENABLED,59,1900,1900,N/A,ENABLED,59,1900,1900,N/A,ENABLED,48,1520,1520,N/A,ENABLED,48,1520,1520,N/A,ENABLED,48,1520,1520,N/A,ENABLED,48,1520,1520,N/A,ENABLED,1250,1250,1250,N/A,DISABLED,38,1200,1200,N/A,ENABLED,N/A,43,27
1789726624,3,98,4,N/A,"['N/A', 'N/A', 'N/A', 'N/A']","['N/A', 'N/A', 'N/A', 'N/A', 'N/A', 'N/A', 'N/A', 'N/A', 'N/A', 'N/A', 'N/A', 'N/A', 'N/A', 'N/A', 'N/A', 'N/A', 'N/A', 'N/A', 'N/A', 'N/A', 'N/A', 'N/A', 'N/A', 'N/A', 'N/A', 'N/A', 'N/A', 'N/A', 'N/A', 'N/A', 'N/A', 'N/A']","[98, 98, 98, 98, 98, 98, 98, 98]","[0, 0, 0, 0, 0, 0, 0, 0, 0, 0, 0, 0, 0, 0, 0, 0, 0, 0, 0, 0, 0, 0, 0, 0, 0, 0, 0, 0, 0, 0, 0, 0, 0, 0, 0, 0, 0, 0, 0, 0]","[0, 0, 0, 0]",362,N/A,N/A,N/A,N/A,ENABLED,2387,500,2400,DISABLED,DISABLED,2403,500,2400,DISABLED,DISABLED,2392,500,2400,DISABLED,DISABLED,2390,500,2400,DISABLED,DISABLED,2402,500,2400,DISABLED,DISABLED,2405,500,2400,DISABLED,DISABLED,2389,500,2400,DISABLED,DISABLED,2395,500,2400,DISABLED,DISABLED,1900,1900,1900,N/A,DISABLED,59,1900,1900,N/A,ENABLED,59,1900,1900,N/A,ENABLED,59,1900,1900,N/A,ENABLED,59,1900,1900,N/A,ENABLED,48,1520,1520,N/A,ENABLED,48,1520,1520,N/A,ENABLED,48,1520,1520,N/A,ENABLED,48,1520,1520,N/A,ENABLED,1250,1250,1250,N/A,DISABLED,212,1200,1200,N/A,ENABLED,N/A,45,32

1789726625,0,0,0,N/A,"['N/A', 'N/A', 'N/A', 'N/A']","['N/A', 'N/A', 'N/A', 'N/A', 'N/A', 'N/A', 'N/A', 'N/A', 'N/A', 'N/A', 'N/A', 'N/A', 'N/A', 'N/A', 'N/A', 'N/A', 'N/A', 'N/A', 'N/A', 'N/A', 'N/A', 'N/A', 'N/A', 'N/A', 'N/A', 'N/A', 'N/A', 'N/A', 'N/A', 'N/A', 'N/A', 'N/A']","[0, 0, 0, 0, 0, 0, 0, 0]","[0, 0, 0, 0, 0, 0, 0, 0, 0, 0, 0, 0, 0, 0, 0, 0, 0, 0, 0, 0, 0, 0, 0, 0, 0, 0, 0, 0, 0, 0, 0, 0, 0, 0, 0, 0, 0, 0, 0, 0]","[0, 0, 0, 0]",215,N/A,N/A,N/A,N/A,ENABLED,94,500,2400,DISABLED,ENABLED,94,500,2400,DISABLED,ENABLED,94,500,2400,DISABLED,ENABLED,95,500,2400,DISABLED,ENABLED,100,500,2400,DISABLED,ENABLED,100,500,2400,DISABLED,ENABLED,94,500,2400,DISABLED,ENABLED,95,500,2400,DISABLED,ENABLED,1900,1900,1900,N/A,DISABLED,59,1900,1900,N/A,ENABLED,59,1900,1900,N/A,ENABLED,59,1900,1900,N/A,ENABLED,59,1900,1900,N/A,ENABLED,48,1520,1520,N/A,ENABLED,48,1520,1520,N/A,ENABLED,48,1520,1520,N/A,ENABLED,48,1520,1520,N/A,ENABLED,1250,1250,1250,N/A,DISABLED,38,1200,1200,N/A,ENABLED,N/A,42,28
1789726625,1,0,0,N/A,"['N/A', 'N/A', 'N/A', 'N/A']","['N/A', 'N/A', 'N/A', 'N/A', 'N/A', 'N/A', 'N/A', 'N/A', 'N/A', 'N/A', 'N/A', 'N/A', 'N/A', 'N/A', 'N/A', 'N/A', 'N/A', 'N/A', 'N/A', 'N/A', 'N/A', 'N/A', 'N/A', 'N/A', 'N/A', 'N/A', 'N/A', 'N/A', 'N/A', 'N/A', 'N/A', 'N/A']","[0, 0, 0, 0, 0, 0, 0, 0]","[0, 0, 0, 0, 0, 0, 0, 0, 0, 0, 0, 0, 0, 0, 0, 0, 0, 0, 0, 0, 0, 0, 0, 0, 0, 0, 0, 0, 0, 0, 0, 0, 0, 0, 0, 0, 0, 0, 0, 0]","[0, 0, 0, 0]",219,N/A,N/A,N/A,N/A,ENABLED,94,500,2400,DISABLED,ENABLED,94,500,2400,DISABLED,ENABLED,94,500,2400,DISABLED,ENABLED,95,500,2400,DISABLED,ENABLED,94,500,2400,DISABLED,ENABLED,95,500,2400,DISABLED,ENABLED,102,500,2400,DISABLED,ENABLED,102,500,2400,DISABLED,ENABLED,1900,1900,1900,N/A,DISABLED,59,1900,1900,N/A,ENABLED,59,1900,1900,N/A,ENABLED,59,1900,1900,N/A,ENABLED,59,1900,1900,N/A,ENABLED,48,1520,1520,N/A,ENABLED,48,1520,1520,N/A,ENABLED,48,1520,1520,N/A,ENABLED,48,1520,1520,N/A,ENABLED,1250,1250,1250,N/A,DISABLED,38,1200,1200,N/A,ENABLED,N/A,41,28
1789726625,2,0,0,N/A,"['N/A', 'N/A', 'N/A', 'N/A']","['N/A', 'N/A', 'N/A', 'N/A', 'N/A', 'N/A', 'N/A', 'N/A', 'N/A', 'N/A', 'N/A', 'N/A', 'N/A', 'N/A', 'N/A', 'N/A', 'N/A', 'N/A', 'N/A', 'N/A', 'N/A', 'N/A', 'N/A', 'N/A', 'N/A', 'N/A', 'N/A', 'N/A', 'N/A', 'N/A', 'N/A', 'N/A']","[0, 0, 0, 0, 0, 0, 0, 0]","[0, 0, 0, 0, 0, 0, 0, 0, 0, 0, 0, 0, 0, 0, 0, 0, 0, 0, 0, 0, 0, 0, 0, 0, 0, 0, 0, 0, 0, 0, 0, 0, 0, 0, 0, 0, 0, 0, 0, 0]","[0, 0, 0, 0]",212,N/A,N/A,N/A,N/A,ENABLED,94,500,2400,DISABLED,ENABLED,95,500,2400,DISABLED,ENABLED,94,500,2400,DISABLED,ENABLED,95,500,2400,DISABLED,ENABLED,94,500,2400,DISABLED,ENABLED,95,500,2400,DISABLED,ENABLED,113,500,2400,DISABLED,ENABLED,112,500,2400,DISABLED,ENABLED,1900,1900,1900,N/A,DISABLED,59,1900,1900,N/A,ENABLED,59,1900,1900,N/A,ENABLED,59,1900,1900,N/A,ENABLED,59,1900,1900,N/A,ENABLED,48,1520,1520,N/A,ENABLED,48,1520,1520,N/A,ENABLED,48,1520,1520,N/A,ENABLED,48,1520,1520,N/A,ENABLED,1250,1250,1250,N/A,DISABLED,38,1200,1200,N/A,ENABLED,N/A,43,28
1789726625,3,4,0,N/A,"['N/A', 'N/A', 'N/A', 'N/A']","['N/A', 'N/A', 'N/A', 'N/A', 'N/A', 'N/A', 'N/A', 'N/A', 'N/A', 'N/A', 'N/A', 'N/A', 'N/A', 'N/A', 'N/A', 'N/A', 'N/A', 'N/A', 'N/A', 'N/A', 'N/A', 'N/A', 'N/A', 'N/A', 'N/A', 'N/A', 'N/A', 'N/A', 'N/A', 'N/A', 'N/A', 'N/A']","[4, 4, 4, 4, 4, 4, 4, 4]","[0, 0, 0, 0, 0, 0, 0, 0, 0, 0, 0, 0, 0, 0, 0, 0, 0, 0, 0, 0, 0, 0, 0, 0, 0, 0, 0, 0, 0, 0, 0, 0, 0, 0, 0, 0, 0, 0, 0, 0]","[0, 0, 0, 0]",287,N/A,N/A,N/A,N/A,ENABLED,2385,500,2400,DISABLED,DISABLED,2405,500,2400,DISABLED,DISABLED,2391,500,2400,DISABLED,DISABLED,2390,500,2400,DISABLED,DISABLED,2393,500,2400,DISABLED,DISABLED,2394,500,2400,DISABLED,DISABLED,2388,500,2400,DISABLED,DISABLED,2395,500,2400,DISABLED,DISABLED,1900,1900,1900,N/A,DISABLED,59,1900,1900,N/A,ENABLED,59,1900,1900,N/A,ENABLED,59,1900,1900,N/A,ENABLED,59,1900,1900,N/A,ENABLED,48,1520,1520,N/A,ENABLED,48,1520,1520,N/A,ENABLED,48,1520,1520,N/A,ENABLED,48,1520,1520,N/A,ENABLED,1250,1250,1250,N/A,DISABLED,44,1200,1200,N/A,ENABLED,N/A,44,30

1789726626,0,0,0,N/A,"['N/A', 'N/A', 'N/A', 'N/A']","['N/A', 'N/A', 'N/A', 'N/A', 'N/A', 'N/A', 'N/A', 'N/A', 'N/A', 'N/A', 'N/A', 'N/A', 'N/A', 'N/A', 'N/A', 'N/A', 'N/A', 'N/A', 'N/A', 'N/A', 'N/A', 'N/A', 'N/A', 'N/A', 'N/A', 'N/A', 'N/A', 'N/A', 'N/A', 'N/A', 'N/A', 'N/A']","[0, 0, 0, 0, 0, 0, 0, 0]","[0, 0, 0, 0, 0, 0, 0, 0, 0, 0, 0, 0, 0, 0, 0, 0, 0, 0, 0, 0, 0, 0, 0, 0, 0, 0, 0, 0, 0, 0, 0, 0, 0, 0, 0, 0, 0, 0, 0, 0]","[0, 0, 0, 0]",216,N/A,N/A,N/A,N/A,ENABLED,94,500,2400,DISABLED,ENABLED,94,500,2400,DISABLED,ENABLED,94,500,2400,DISABLED,ENABLED,94,500,2400,DISABLED,ENABLED,96,500,2400,DISABLED,ENABLED,96,500,2400,DISABLED,ENABLED,94,500,2400,DISABLED,ENABLED,95,500,2400,DISABLED,ENABLED,1900,1900,1900,N/A,DISABLED,59,1900,1900,N/A,ENABLED,59,1900,1900,N/A,ENABLED,59,1900,1900,N/A,ENABLED,59,1900,1900,N/A,ENABLED,48,1520,1520,N/A,ENABLED,48,1520,1520,N/A,ENABLED,48,1520,1520,N/A,ENABLED,48,1520,1520,N/A,ENABLED,1250,1250,1250,N/A,DISABLED,38,1200,1200,N/A,ENABLED,N/A,42,28
1789726626,1,0,0,N/A,"['N/A', 'N/A', 'N/A', 'N/A']","['N/A', 'N/A', 'N/A', 'N/A', 'N/A', 'N/A', 'N/A', 'N/A', 'N/A', 'N/A', 'N/A', 'N/A', 'N/A', 'N/A', 'N/A', 'N/A', 'N/A', 'N/A', 'N/A', 'N/A', 'N/A', 'N/A', 'N/A', 'N/A', 'N/A', 'N/A', 'N/A', 'N/A', 'N/A', 'N/A', 'N/A', 'N/A']","[0, 0, 0, 0, 0, 0, 0, 0]","[0, 0, 0, 0, 0, 0, 0, 0, 0, 0, 0, 0, 0, 0, 0, 0, 0, 0, 0, 0, 0, 0, 0, 0, 0, 0, 0, 0, 0, 0, 0, 0, 0, 0, 0, 0, 0, 0, 0, 0]","[0, 0, 0, 0]",219,N/A,N/A,N/A,N/A,ENABLED,94,500,2400,DISABLED,ENABLED,95,500,2400,DISABLED,ENABLED,94,500,2400,DISABLED,ENABLED,95,500,2400,DISABLED,ENABLED,94,500,2400,DISABLED,ENABLED,95,500,2400,DISABLED,ENABLED,99,500,2400,DISABLED,ENABLED,99,500,2400,DISABLED,ENABLED,1900,1900,1900,N/A,DISABLED,59,1900,1900,N/A,ENABLED,59,1900,1900,N/A,ENABLED,59,1900,1900,N/A,ENABLED,59,1900,1900,N/A,ENABLED,48,1520,1520,N/A,ENABLED,48,1520,1520,N/A,ENABLED,48,1520,1520,N/A,ENABLED,48,1520,1520,N/A,ENABLED,1250,1250,1250,N/A,DISABLED,38,1200,1200,N/A,ENABLED,N/A,41,28
1789726626,2,0,0,N/A,"['N/A', 'N/A', 'N/A', 'N/A']","['N/A', 'N/A', 'N/A', 'N/A', 'N/A', 'N/A', 'N/A', 'N/A', 'N/A', 'N/A', 'N/A', 'N/A', 'N/A', 'N/A', 'N/A', 'N/A', 'N/A', 'N/A', 'N/A', 'N/A', 'N/A', 'N/A', 'N/A', 'N/A', 'N/A', 'N/A', 'N/A', 'N/A', 'N/A', 'N/A', 'N/A', 'N/A']","[0, 0, 0, 0, 0, 0, 0, 0]","[0, 0, 0, 0, 0, 0, 0, 0, 0, 0, 0, 0, 0, 0, 0, 0, 0, 0, 0, 0, 0, 0, 0, 0, 0, 0, 0, 0, 0, 0, 0, 0, 0, 0, 0, 0, 0, 0, 0, 0]","[0, 0, 0, 0]",212,N/A,N/A,N/A,N/A,ENABLED,94,500,2400,DISABLED,ENABLED,95,500,2400,DISABLED,ENABLED,94,500,2400,DISABLED,ENABLED,95,500,2400,DISABLED,ENABLED,94,500,2400,DISABLED,ENABLED,95,500,2400,DISABLED,ENABLED,106,500,2400,DISABLED,ENABLED,106,500,2400,DISABLED,ENABLED,1900,1900,1900,N/A,DISABLED,59,1900,1900,N/A,ENABLED,59,1900,1900,N/A,ENABLED,59,1900,1900,N/A,ENABLED,59,1900,1900,N/A,ENABLED,48,1520,1520,N/A,ENABLED,48,1520,1520,N/A,ENABLED,48,1520,1520,N/A,ENABLED,48,1520,1520,N/A,ENABLED,1250,1250,1250,N/A,DISABLED,38,1200,1200,N/A,ENABLED,N/A,43,28
1789726626,3,100,4,N/A,"['N/A', 'N/A', 'N/A', 'N/A']","['N/A', 'N/A', 'N/A', 'N/A', 'N/A', 'N/A', 'N/A', 'N/A', 'N/A', 'N/A', 'N/A', 'N/A', 'N/A', 'N/A', 'N/A', 'N/A', 'N/A', 'N/A', 'N/A', 'N/A', 'N/A', 'N/A', 'N/A', 'N/A', 'N/A', 'N/A', 'N/A', 'N/A', 'N/A', 'N/A', 'N/A', 'N/A']","[100, 100, 100, 100, 100, 100, 100, 100]","[0, 0, 0, 0, 0, 0, 0, 0, 0, 0, 0, 0, 0, 0, 0, 0, 0, 0, 0, 0, 0, 0, 0, 0, 0, 0, 0, 0, 0, 0, 0, 0, 0, 0, 0, 0, 0, 0, 0, 0]","[0, 0, 0, 0]",365,N/A,N/A,N/A,N/A,ENABLED,2386,500,2400,DISABLED,DISABLED,2403,500,2400,DISABLED,DISABLED,2392,500,2400,DISABLED,DISABLED,2390,500,2400,DISABLED,DISABLED,2403,500,2400,DISABLED,DISABLED,2406,500,2400,DISABLED,DISABLED,2388,500,2400,DISABLED,DISABLED,2395,500,2400,DISABLED,DISABLED,1900,1900,1900,N/A,DISABLED,59,1900,1900,N/A,ENABLED,59,1900,1900,N/A,ENABLED,59,1900,1900,N/A,ENABLED,59,1900,1900,N/A,ENABLED,48,1520,1520,N/A,ENABLED,48,1520,1520,N/A,ENABLED,48,1520,1520,N/A,ENABLED,48,1520,1520,N/A,ENABLED,1250,1250,1250,N/A,DISABLED,226,1200,1200,N/A,ENABLED,N/A,44,32

1789726627,0,0,0,N/A,"['N/A', 'N/A', 'N/A', 'N/A']","['N/A', 'N/A', 'N/A', 'N/A', 'N/A', 'N/A', 'N/A', 'N/A', 'N/A', 'N/A', 'N/A', 'N/A', 'N/A', 'N/A', 'N/A', 'N/A', 'N/A', 'N/A', 'N/A', 'N/A', 'N/A', 'N/A', 'N/A', 'N/A', 'N/A', 'N/A', 'N/A', 'N/A', 'N/A', 'N/A', 'N/A', 'N/A']","[0, 0, 0, 0, 0, 0, 0, 0]","[0, 0, 0, 0, 0, 0, 0, 0, 0, 0, 0, 0, 0, 0, 0, 0, 0, 0, 0, 0, 0, 0, 0, 0, 0, 0, 0, 0, 0, 0, 0, 0, 0, 0, 0, 0, 0, 0, 0, 0]","[0, 0, 0, 0]",216,N/A,N/A,N/A,N/A,ENABLED,94,500,2400,DISABLED,ENABLED,94,500,2400,DISABLED,ENABLED,94,500,2400,DISABLED,ENABLED,95,500,2400,DISABLED,ENABLED,94,500,2400,DISABLED,ENABLED,94,500,2400,DISABLED,ENABLED,94,500,2400,DISABLED,ENABLED,95,500,2400,DISABLED,ENABLED,1900,1900,1900,N/A,DISABLED,59,1900,1900,N/A,ENABLED,59,1900,1900,N/A,ENABLED,59,1900,1900,N/A,ENABLED,59,1900,1900,N/A,ENABLED,48,1520,1520,N/A,ENABLED,48,1520,1520,N/A,ENABLED,48,1520,1520,N/A,ENABLED,48,1520,1520,N/A,ENABLED,1250,1250,1250,N/A,DISABLED,38,1200,1200,N/A,ENABLED,N/A,42,28
1789726627,1,0,0,N/A,"['N/A', 'N/A', 'N/A', 'N/A']","['N/A', 'N/A', 'N/A', 'N/A', 'N/A', 'N/A', 'N/A', 'N/A', 'N/A', 'N/A', 'N/A', 'N/A', 'N/A', 'N/A', 'N/A', 'N/A', 'N/A', 'N/A', 'N/A', 'N/A', 'N/A', 'N/A', 'N/A', 'N/A', 'N/A', 'N/A', 'N/A', 'N/A', 'N/A', 'N/A', 'N/A', 'N/A']","[0, 0, 0, 0, 0, 0, 0, 0]","[0, 0, 0, 0, 0, 0, 0, 0, 0, 0, 0, 0, 0, 0, 0, 0, 0, 0, 0, 0, 0, 0, 0, 0, 0, 0, 0, 0, 0, 0, 0, 0, 0, 0, 0, 0, 0, 0, 0, 0]","[0, 0, 0, 0]",219,N/A,N/A,N/A,N/A,ENABLED,94,500,2400,DISABLED,ENABLED,95,500,2400,DISABLED,ENABLED,94,500,2400,DISABLED,ENABLED,95,500,2400,DISABLED,ENABLED,94,500,2400,DISABLED,ENABLED,95,500,2400,DISABLED,ENABLED,102,500,2400,DISABLED,ENABLED,102,500,2400,DISABLED,ENABLED,1900,1900,1900,N/A,DISABLED,59,1900,1900,N/A,ENABLED,59,1900,1900,N/A,ENABLED,59,1900,1900,N/A,ENABLED,59,1900,1900,N/A,ENABLED,48,1520,1520,N/A,ENABLED,48,1520,1520,N/A,ENABLED,48,1520,1520,N/A,ENABLED,48,1520,1520,N/A,ENABLED,1250,1250,1250,N/A,DISABLED,38,1200,1200,N/A,ENABLED,N/A,41,28
1789726627,2,0,0,N/A,"['N/A', 'N/A', 'N/A', 'N/A']","['N/A', 'N/A', 'N/A', 'N/A', 'N/A', 'N/A', 'N/A', 'N/A', 'N/A', 'N/A', 'N/A', 'N/A', 'N/A', 'N/A', 'N/A', 'N/A', 'N/A', 'N/A', 'N/A', 'N/A', 'N/A', 'N/A', 'N/A', 'N/A', 'N/A', 'N/A', 'N/A', 'N/A', 'N/A', 'N/A', 'N/A', 'N/A']","[0, 0, 0, 0, 0, 0, 0, 0]","[0, 0, 0, 0, 0, 0, 0, 0, 0, 0, 0, 0, 0, 0, 0, 0, 0, 0, 0, 0, 0, 0, 0, 0, 0, 0, 0, 0, 0, 0, 0, 0, 0, 0, 0, 0, 0, 0, 0, 0]","[0, 0, 0, 0]",212,N/A,N/A,N/A,N/A,ENABLED,94,500,2400,DISABLED,ENABLED,94,500,2400,DISABLED,ENABLED,94,500,2400,DISABLED,ENABLED,95,500,2400,DISABLED,ENABLED,94,500,2400,DISABLED,ENABLED,95,500,2400,DISABLED,ENABLED,102,500,2400,DISABLED,ENABLED,102,500,2400,DISABLED,ENABLED,1900,1900,1900,N/A,DISABLED,59,1900,1900,N/A,ENABLED,59,1900,1900,N/A,ENABLED,59,1900,1900,N/A,ENABLED,59,1900,1900,N/A,ENABLED,48,1520,1520,N/A,ENABLED,48,1520,1520,N/A,ENABLED,48,1520,1520,N/A,ENABLED,48,1520,1520,N/A,ENABLED,1250,1250,1250,N/A,DISABLED,38,1200,1200,N/A,ENABLED,N/A,43,28
1789726627,3,100,3,N/A,"['N/A', 'N/A', 'N/A', 'N/A']","['N/A', 'N/A', 'N/A', 'N/A', 'N/A', 'N/A', 'N/A', 'N/A', 'N/A', 'N/A', 'N/A', 'N/A', 'N/A', 'N/A', 'N/A', 'N/A', 'N/A', 'N/A', 'N/A', 'N/A', 'N/A', 'N/A', 'N/A', 'N/A', 'N/A', 'N/A', 'N/A', 'N/A', 'N/A', 'N/A', 'N/A', 'N/A']","[100, 100, 100, 100, 100, 100, 100, 100]","[0, 0, 0, 0, 0, 0, 0, 0, 0, 0, 0, 0, 0, 0, 0, 0, 0, 0, 0, 0, 0, 0, 0, 0, 0, 0, 0, 0, 0, 0, 0, 0, 0, 0, 0, 0, 0, 0, 0, 0]","[0, 0, 0, 0]",361,N/A,N/A,N/A,N/A,ENABLED,2387,500,2400,DISABLED,DISABLED,2404,500,2400,DISABLED,DISABLED,2392,500,2400,DISABLED,DISABLED,2390,500,2400,DISABLED,DISABLED,2403,500,2400,DISABLED,DISABLED,2406,500,2400,DISABLED,DISABLED,2389,500,2400,DISABLED,DISABLED,2395,500,2400,DISABLED,DISABLED,1900,1900,1900,N/A,DISABLED,59,1900,1900,N/A,ENABLED,59,1900,1900,N/A,ENABLED,59,1900,1900,N/A,ENABLED,59,1900,1900,N/A,ENABLED,48,1520,1520,N/A,ENABLED,48,1520,1520,N/A,ENABLED,48,1520,1520,N/A,ENABLED,48,1520,1520,N/A,ENABLED,1250,1250,1250,N/A,DISABLED,214,1200,1200,N/A,ENABLED,N/A,44,32

1789726628,0,0,0,N/A,"['N/A', 'N/A', 'N/A', 'N/A']","['N/A', 'N/A', 'N/A', 'N/A', 'N/A', 'N/A', 'N/A', 'N/A', 'N/A', 'N/A', 'N/A', 'N/A', 'N/A', 'N/A', 'N/A', 'N/A', 'N/A', 'N/A', 'N/A', 'N/A', 'N/A', 'N/A', 'N/A', 'N/A', 'N/A', 'N/A', 'N/A', 'N/A', 'N/A', 'N/A', 'N/A', 'N/A']","[0, 0, 0, 0, 0, 0, 0, 0]","[0, 0, 0, 0, 0, 0, 0, 0, 0, 0, 0, 0, 0, 0, 0, 0, 0, 0, 0, 0, 0, 0, 0, 0, 0, 0, 0, 0, 0, 0, 0, 0, 0, 0, 0, 0, 0, 0, 0, 0]","[0, 0, 0, 0]",216,N/A,N/A,N/A,N/A,ENABLED,94,500,2400,DISABLED,ENABLED,95,500,2400,DISABLED,ENABLED,94,500,2400,DISABLED,ENABLED,95,500,2400,DISABLED,ENABLED,100,500,2400,DISABLED,ENABLED,100,500,2400,DISABLED,ENABLED,94,500,2400,DISABLED,ENABLED,95,500,2400,DISABLED,ENABLED,1900,1900,1900,N/A,DISABLED,59,1900,1900,N/A,ENABLED,59,1900,1900,N/A,ENABLED,59,1900,1900,N/A,ENABLED,59,1900,1900,N/A,ENABLED,48,1520,1520,N/A,ENABLED,48,1520,1520,N/A,ENABLED,48,1520,1520,N/A,ENABLED,48,1520,1520,N/A,ENABLED,1250,1250,1250,N/A,DISABLED,38,1200,1200,N/A,ENABLED,N/A,42,28
1789726628,1,0,0,N/A,"['N/A', 'N/A', 'N/A', 'N/A']","['N/A', 'N/A', 'N/A', 'N/A', 'N/A', 'N/A', 'N/A', 'N/A', 'N/A', 'N/A', 'N/A', 'N/A', 'N/A', 'N/A', 'N/A', 'N/A', 'N/A', 'N/A', 'N/A', 'N/A', 'N/A', 'N/A', 'N/A', 'N/A', 'N/A', 'N/A', 'N/A', 'N/A', 'N/A', 'N/A', 'N/A', 'N/A']","[0, 0, 0, 0, 0, 0, 0, 0]","[0, 0, 0, 0, 0, 0, 0, 0, 0, 0, 0, 0, 0, 0, 0, 0, 0, 0, 0, 0, 0, 0, 0, 0, 0, 0, 0, 0, 0, 0, 0, 0, 0, 0, 0, 0, 0, 0, 0, 0]","[0, 0, 0, 0]",219,N/A,N/A,N/A,N/A,ENABLED,94,500,2400,DISABLED,ENABLED,95,500,2400,DISABLED,ENABLED,94,500,2400,DISABLED,ENABLED,95,500,2400,DISABLED,ENABLED,94,500,2400,DISABLED,ENABLED,95,500,2400,DISABLED,ENABLED,99,500,2400,DISABLED,ENABLED,99,500,2400,DISABLED,ENABLED,1900,1900,1900,N/A,DISABLED,59,1900,1900,N/A,ENABLED,59,1900,1900,N/A,ENABLED,59,1900,1900,N/A,ENABLED,59,1900,1900,N/A,ENABLED,48,1520,1520,N/A,ENABLED,48,1520,1520,N/A,ENABLED,48,1520,1520,N/A,ENABLED,48,1520,1520,N/A,ENABLED,1250,1250,1250,N/A,DISABLED,38,1200,1200,N/A,ENABLED,N/A,41,28
1789726628,2,0,0,N/A,"['N/A', 'N/A', 'N/A', 'N/A']","['N/A', 'N/A', 'N/A', 'N/A', 'N/A', 'N/A', 'N/A', 'N/A', 'N/A', 'N/A', 'N/A', 'N/A', 'N/A', 'N/A', 'N/A', 'N/A', 'N/A', 'N/A', 'N/A', 'N/A', 'N/A', 'N/A', 'N/A', 'N/A', 'N/A', 'N/A', 'N/A', 'N/A', 'N/A', 'N/A', 'N/A', 'N/A']","[0, 0, 0, 0, 0, 0, 0, 0]","[0, 0, 0, 0, 0, 0, 0, 0, 0, 0, 0, 0, 0, 0, 0, 0, 0, 0, 0, 0, 0, 0, 0, 0, 0, 0, 0, 0, 0, 0, 0, 0, 0, 0, 0, 0, 0, 0, 0, 0]","[0, 0, 0, 0]",212,N/A,N/A,N/A,N/A,ENABLED,94,500,2400,DISABLED,ENABLED,94,500,2400,DISABLED,ENABLED,94,500,2400,DISABLED,ENABLED,95,500,2400,DISABLED,ENABLED,94,500,2400,DISABLED,ENABLED,95,500,2400,DISABLED,ENABLED,110,500,2400,DISABLED,ENABLED,110,500,2400,DISABLED,ENABLED,1900,1900,1900,N/A,DISABLED,59,1900,1900,N/A,ENABLED,59,1900,1900,N/A,ENABLED,59,1900,1900,N/A,ENABLED,59,1900,1900,N/A,ENABLED,48,1520,1520,N/A,ENABLED,48,1520,1520,N/A,ENABLED,48,1520,1520,N/A,ENABLED,48,1520,1520,N/A,ENABLED,1250,1250,1250,N/A,DISABLED,38,1200,1200,N/A,ENABLED,N/A,43,28
1789726628,3,100,4,N/A,"['N/A', 'N/A', 'N/A', 'N/A']","['N/A', 'N/A', 'N/A', 'N/A', 'N/A', 'N/A', 'N/A', 'N/A', 'N/A', 'N/A', 'N/A', 'N/A', 'N/A', 'N/A', 'N/A', 'N/A', 'N/A', 'N/A', 'N/A', 'N/A', 'N/A', 'N/A', 'N/A', 'N/A', 'N/A', 'N/A', 'N/A', 'N/A', 'N/A', 'N/A', 'N/A', 'N/A']","[100, 100, 100, 100, 100, 100, 100, 100]","[0, 0, 0, 0, 0, 0, 0, 0, 0, 0, 0, 0, 0, 0, 0, 0, 0, 0, 0, 0, 0, 0, 0, 0, 0, 0, 0, 0, 0, 0, 0, 0, 0, 0, 0, 0, 0, 0, 0, 0]","[0, 0, 0, 0]",360,N/A,N/A,N/A,N/A,ENABLED,2387,500,2400,DISABLED,DISABLED,2403,500,2400,DISABLED,DISABLED,2394,500,2400,DISABLED,DISABLED,2391,500,2400,DISABLED,DISABLED,2403,500,2400,DISABLED,DISABLED,2406,500,2400,DISABLED,DISABLED,2389,500,2400,DISABLED,DISABLED,2395,500,2400,DISABLED,DISABLED,1900,1900,1900,N/A,DISABLED,59,1900,1900,N/A,ENABLED,59,1900,1900,N/A,ENABLED,59,1900,1900,N/A,ENABLED,59,1900,1900,N/A,ENABLED,48,1520,1520,N/A,ENABLED,48,1520,1520,N/A,ENABLED,48,1520,1520,N/A,ENABLED,48,1520,1520,N/A,ENABLED,1250,1250,1250,N/A,DISABLED,218,1200,1200,N/A,ENABLED,N/A,44,32

1789726629,0,0,0,N/A,"['N/A', 'N/A', 'N/A', 'N/A']","['N/A', 'N/A', 'N/A', 'N/A', 'N/A', 'N/A', 'N/A', 'N/A', 'N/A', 'N/A', 'N/A', 'N/A', 'N/A', 'N/A', 'N/A', 'N/A', 'N/A', 'N/A', 'N/A', 'N/A', 'N/A', 'N/A', 'N/A', 'N/A', 'N/A', 'N/A', 'N/A', 'N/A', 'N/A', 'N/A', 'N/A', 'N/A']","[0, 0, 0, 0, 0, 0, 0, 0]","[0, 0, 0, 0, 0, 0, 0, 0, 0, 0, 0, 0, 0, 0, 0, 0, 0, 0, 0, 0, 0, 0, 0, 0, 0, 0, 0, 0, 0, 0, 0, 0, 0, 0, 0, 0, 0, 0, 0, 0]","[0, 0, 0, 0]",215,N/A,N/A,N/A,N/A,ENABLED,94,500,2400,DISABLED,ENABLED,94,500,2400,DISABLED,ENABLED,94,500,2400,DISABLED,ENABLED,95,500,2400,DISABLED,ENABLED,96,500,2400,DISABLED,ENABLED,96,500,2400,DISABLED,ENABLED,94,500,2400,DISABLED,ENABLED,95,500,2400,DISABLED,ENABLED,1900,1900,1900,N/A,DISABLED,59,1900,1900,N/A,ENABLED,59,1900,1900,N/A,ENABLED,59,1900,1900,N/A,ENABLED,59,1900,1900,N/A,ENABLED,48,1520,1520,N/A,ENABLED,48,1520,1520,N/A,ENABLED,48,1520,1520,N/A,ENABLED,48,1520,1520,N/A,ENABLED,1250,1250,1250,N/A,DISABLED,38,1200,1200,N/A,ENABLED,N/A,42,28
1789726629,1,0,0,N/A,"['N/A', 'N/A', 'N/A', 'N/A']","['N/A', 'N/A', 'N/A', 'N/A', 'N/A', 'N/A', 'N/A', 'N/A', 'N/A', 'N/A', 'N/A', 'N/A', 'N/A', 'N/A', 'N/A', 'N/A', 'N/A', 'N/A', 'N/A', 'N/A', 'N/A', 'N/A', 'N/A', 'N/A', 'N/A', 'N/A', 'N/A', 'N/A', 'N/A', 'N/A', 'N/A', 'N/A']","[0, 0, 0, 0, 0, 0, 0, 0]","[0, 0, 0, 0, 0, 0, 0, 0, 0, 0, 0, 0, 0, 0, 0, 0, 0, 0, 0, 0, 0, 0, 0, 0, 0, 0, 0, 0, 0, 0, 0, 0, 0, 0, 0, 0, 0, 0, 0, 0]","[0, 0, 0, 0]",220,N/A,N/A,N/A,N/A,ENABLED,94,500,2400,DISABLED,ENABLED,95,500,2400,DISABLED,ENABLED,94,500,2400,DISABLED,ENABLED,95,500,2400,DISABLED,ENABLED,94,500,2400,DISABLED,ENABLED,95,500,2400,DISABLED,ENABLED,100,500,2400,DISABLED,ENABLED,100,500,2400,DISABLED,ENABLED,1900,1900,1900,N/A,DISABLED,59,1900,1900,N/A,ENABLED,59,1900,1900,N/A,ENABLED,59,1900,1900,N/A,ENABLED,59,1900,1900,N/A,ENABLED,48,1520,1520,N/A,ENABLED,48,1520,1520,N/A,ENABLED,48,1520,1520,N/A,ENABLED,48,1520,1520,N/A,ENABLED,1250,1250,1250,N/A,DISABLED,38,1200,1200,N/A,ENABLED,N/A,41,28
1789726629,2,0,0,N/A,"['N/A', 'N/A', 'N/A', 'N/A']","['N/A', 'N/A', 'N/A', 'N/A', 'N/A', 'N/A', 'N/A', 'N/A', 'N/A', 'N/A', 'N/A', 'N/A', 'N/A', 'N/A', 'N/A', 'N/A', 'N/A', 'N/A', 'N/A', 'N/A', 'N/A', 'N/A', 'N/A', 'N/A', 'N/A', 'N/A', 'N/A', 'N/A', 'N/A', 'N/A', 'N/A', 'N/A']","[0, 0, 0, 0, 0, 0, 0, 0]","[0, 0, 0, 0, 0, 0, 0, 0, 0, 0, 0, 0, 0, 0, 0, 0, 0, 0, 0, 0, 0, 0, 0, 0, 0, 0, 0, 0, 0, 0, 0, 0, 0, 0, 0, 0, 0, 0, 0, 0]","[0, 0, 0, 0]",212,N/A,N/A,N/A,N/A,ENABLED,94,500,2400,DISABLED,ENABLED,95,500,2400,DISABLED,ENABLED,94,500,2400,DISABLED,ENABLED,95,500,2400,DISABLED,ENABLED,94,500,2400,DISABLED,ENABLED,95,500,2400,DISABLED,ENABLED,101,500,2400,DISABLED,ENABLED,101,500,2400,DISABLED,ENABLED,1900,1900,1900,N/A,DISABLED,59,1900,1900,N/A,ENABLED,59,1900,1900,N/A,ENABLED,59,1900,1900,N/A,ENABLED,59,1900,1900,N/A,ENABLED,48,1520,1520,N/A,ENABLED,48,1520,1520,N/A,ENABLED,48,1520,1520,N/A,ENABLED,48,1520,1520,N/A,ENABLED,1250,1250,1250,N/A,DISABLED,38,1200,1200,N/A,ENABLED,N/A,43,28
1789726629,3,3,0,N/A,"['N/A', 'N/A', 'N/A', 'N/A']","['N/A', 'N/A', 'N/A', 'N/A', 'N/A', 'N/A', 'N/A', 'N/A', 'N/A', 'N/A', 'N/A', 'N/A', 'N/A', 'N/A', 'N/A', 'N/A', 'N/A', 'N/A', 'N/A', 'N/A', 'N/A', 'N/A', 'N/A', 'N/A', 'N/A', 'N/A', 'N/A', 'N/A', 'N/A', 'N/A', 'N/A', 'N/A']","[3, 3, 3, 3, 3, 3, 3, 3]","[0, 0, 0, 0, 0, 0, 0, 0, 0, 0, 0, 0, 0, 0, 0, 0, 0, 0, 0, 0, 0, 0, 0, 0, 0, 0, 0, 0, 0, 0, 0, 0, 0, 0, 0, 0, 0, 0, 0, 0]","[0, 0, 0, 0]",287,N/A,N/A,N/A,N/A,ENABLED,2384,500,2400,DISABLED,DISABLED,2405,500,2400,DISABLED,DISABLED,2390,500,2400,DISABLED,DISABLED,2389,500,2400,DISABLED,DISABLED,2392,500,2400,DISABLED,DISABLED,2393,500,2400,DISABLED,DISABLED,2387,500,2400,DISABLED,DISABLED,2395,500,2400,DISABLED,DISABLED,1900,1900,1900,N/A,DISABLED,59,1900,1900,N/A,ENABLED,59,1900,1900,N/A,ENABLED,59,1900,1900,N/A,ENABLED,59,1900,1900,N/A,ENABLED,48,1520,1520,N/A,ENABLED,48,1520,1520,N/A,ENABLED,48,1520,1520,N/A,ENABLED,48,1520,1520,N/A,ENABLED,1250,1250,1250,N/A,DISABLED,152,1200,1200,N/A,ENABLED,N/A,44,31

1789726630,0,0,0,N/A,"['N/A', 'N/A', 'N/A', 'N/A']","['N/A', 'N/A', 'N/A', 'N/A', 'N/A', 'N/A', 'N/A', 'N/A', 'N/A', 'N/A', 'N/A', 'N/A', 'N/A', 'N/A', 'N/A', 'N/A', 'N/A', 'N/A', 'N/A', 'N/A', 'N/A', 'N/A', 'N/A', 'N/A', 'N/A', 'N/A', 'N/A', 'N/A', 'N/A', 'N/A', 'N/A', 'N/A']","[0, 0, 0, 0, 0, 0, 0, 0]","[0, 0, 0, 0, 0, 0, 0, 0, 0, 0, 0, 0, 0, 0, 0, 0, 0, 0, 0, 0, 0, 0, 0, 0, 0, 0, 0, 0, 0, 0, 0, 0, 0, 0, 0, 0, 0, 0, 0, 0]","[0, 0, 0, 0]",216,N/A,N/A,N/A,N/A,ENABLED,94,500,2400,DISABLED,ENABLED,94,500,2400,DISABLED,ENABLED,94,500,2400,DISABLED,ENABLED,95,500,2400,DISABLED,ENABLED,94,500,2400,DISABLED,ENABLED,94,500,2400,DISABLED,ENABLED,94,500,2400,DISABLED,ENABLED,95,500,2400,DISABLED,ENABLED,1900,1900,1900,N/A,DISABLED,59,1900,1900,N/A,ENABLED,59,1900,1900,N/A,ENABLED,59,1900,1900,N/A,ENABLED,59,1900,1900,N/A,ENABLED,48,1520,1520,N/A,ENABLED,48,1520,1520,N/A,ENABLED,48,1520,1520,N/A,ENABLED,48,1520,1520,N/A,ENABLED,1250,1250,1250,N/A,DISABLED,38,1200,1200,N/A,ENABLED,N/A,42,28
1789726630,1,0,0,N/A,"['N/A', 'N/A', 'N/A', 'N/A']","['N/A', 'N/A', 'N/A', 'N/A', 'N/A', 'N/A', 'N/A', 'N/A', 'N/A', 'N/A', 'N/A', 'N/A', 'N/A', 'N/A', 'N/A', 'N/A', 'N/A', 'N/A', 'N/A', 'N/A', 'N/A', 'N/A', 'N/A', 'N/A', 'N/A', 'N/A', 'N/A', 'N/A', 'N/A', 'N/A', 'N/A', 'N/A']","[0, 0, 0, 0, 0, 0, 0, 0]","[0, 0, 0, 0, 0, 0, 0, 0, 0, 0, 0, 0, 0, 0, 0, 0, 0, 0, 0, 0, 0, 0, 0, 0, 0, 0, 0, 0, 0, 0, 0, 0, 0, 0, 0, 0, 0, 0, 0, 0]","[0, 0, 0, 0]",219,N/A,N/A,N/A,N/A,ENABLED,94,500,2400,DISABLED,ENABLED,95,500,2400,DISABLED,ENABLED,94,500,2400,DISABLED,ENABLED,95,500,2400,DISABLED,ENABLED,94,500,2400,DISABLED,ENABLED,95,500,2400,DISABLED,ENABLED,99,500,2400,DISABLED,ENABLED,99,500,2400,DISABLED,ENABLED,1900,1900,1900,N/A,DISABLED,59,1900,1900,N/A,ENABLED,59,1900,1900,N/A,ENABLED,59,1900,1900,N/A,ENABLED,59,1900,1900,N/A,ENABLED,48,1520,1520,N/A,ENABLED,48,1520,1520,N/A,ENABLED,48,1520,1520,N/A,ENABLED,48,1520,1520,N/A,ENABLED,1250,1250,1250,N/A,DISABLED,38,1200,1200,N/A,ENABLED,N/A,41,28
1789726630,2,0,0,N/A,"['N/A', 'N/A', 'N/A', 'N/A']","['N/A', 'N/A', 'N/A', 'N/A', 'N/A', 'N/A', 'N/A', 'N/A', 'N/A', 'N/A', 'N/A', 'N/A', 'N/A', 'N/A', 'N/A', 'N/A', 'N/A', 'N/A', 'N/A', 'N/A', 'N/A', 'N/A', 'N/A', 'N/A', 'N/A', 'N/A', 'N/A', 'N/A', 'N/A', 'N/A', 'N/A', 'N/A']","[0, 0, 0, 0, 0, 0, 0, 0]","[0, 0, 0, 0, 0, 0, 0, 0, 0, 0, 0, 0, 0, 0, 0, 0, 0, 0, 0, 0, 0, 0, 0, 0, 0, 0, 0, 0, 0, 0, 0, 0, 0, 0, 0, 0, 0, 0, 0, 0]","[0, 0, 0, 0]",212,N/A,N/A,N/A,N/A,ENABLED,94,500,2400,DISABLED,ENABLED,94,500,2400,DISABLED,ENABLED,94,500,2400,DISABLED,ENABLED,95,500,2400,DISABLED,ENABLED,95,500,2400,DISABLED,ENABLED,95,500,2400,DISABLED,ENABLED,112,500,2400,DISABLED,ENABLED,112,500,2400,DISABLED,ENABLED,1900,1900,1900,N/A,DISABLED,59,1900,1900,N/A,ENABLED,59,1900,1900,N/A,ENABLED,59,1900,1900,N/A,ENABLED,59,1900,1900,N/A,ENABLED,48,1520,1520,N/A,ENABLED,48,1520,1520,N/A,ENABLED,48,1520,1520,N/A,ENABLED,48,1520,1520,N/A,ENABLED,1250,1250,1250,N/A,DISABLED,38,1200,1200,N/A,ENABLED,N/A,43,28
1789726631,3,96,24,N/A,"['N/A', 'N/A', 'N/A', 'N/A']","['N/A', 'N/A', 'N/A', 'N/A', 'N/A', 'N/A', 'N/A', 'N/A', 'N/A', 'N/A', 'N/A', 'N/A', 'N/A', 'N/A', 'N/A', 'N/A', 'N/A', 'N/A', 'N/A', 'N/A', 'N/A', 'N/A', 'N/A', 'N/A', 'N/A', 'N/A', 'N/A', 'N/A', 'N/A', 'N/A', 'N/A', 'N/A']","[96, 96, 96, 96, 96, 96, 96, 96]","[0, 0, 0, 0, 0, 0, 0, 0, 0, 0, 0, 0, 0, 0, 0, 0, 0, 0, 0, 0, 0, 0, 0, 0, 0, 0, 0, 0, 0, 0, 0, 0, 0, 0, 0, 0, 0, 0, 0, 0]","[0, 0, 0, 0]",1115,N/A,N/A,N/A,N/A,ENABLED,2047,500,2400,DISABLED,DISABLED,2039,500,2400,DISABLED,DISABLED,2048,500,2400,DISABLED,DISABLED,2026,500,2400,DISABLED,DISABLED,2106,500,2400,DISABLED,DISABLED,2059,500,2400,DISABLED,DISABLED,2082,500,2400,DISABLED,DISABLED,2054,500,2400,DISABLED,DISABLED,1900,1900,1900,N/A,DISABLED,59,1900,1900,N/A,ENABLED,59,1900,1900,N/A,ENABLED,59,1900,1900,N/A,ENABLED,59,1900,1900,N/A,ENABLED,48,1520,1520,N/A,ENABLED,48,1520,1520,N/A,ENABLED,48,1520,1520,N/A,ENABLED,48,1520,1520,N/A,ENABLED,1250,1250,1250,N/A,DISABLED,81,1200,1200,N/A,ENABLED,N/A,44,42

1789726632,0,0,0,N/A,"['N/A', 'N/A', 'N/A', 'N/A']","['N/A', 'N/A', 'N/A', 'N/A', 'N/A', 'N/A', 'N/A', 'N/A', 'N/A', 'N/A', 'N/A', 'N/A', 'N/A', 'N/A', 'N/A', 'N/A', 'N/A', 'N/A', 'N/A', 'N/A', 'N/A', 'N/A', 'N/A', 'N/A', 'N/A', 'N/A', 'N/A', 'N/A', 'N/A', 'N/A', 'N/A', 'N/A']","[0, 0, 0, 0, 0, 0, 0, 0]","[0, 0, 0, 0, 0, 0, 0, 0, 0, 0, 0, 0, 0, 0, 0, 0, 0, 0, 0, 0, 0, 0, 0, 0, 0, 0, 0, 0, 0, 0, 0, 0, 0, 0, 0, 0, 0, 0, 0, 0]","[0, 0, 0, 0]",215,N/A,N/A,N/A,N/A,ENABLED,94,500,2400,DISABLED,ENABLED,94,500,2400,DISABLED,ENABLED,94,500,2400,DISABLED,ENABLED,94,500,2400,DISABLED,ENABLED,95,500,2400,DISABLED,ENABLED,94,500,2400,DISABLED,ENABLED,94,500,2400,DISABLED,ENABLED,95,500,2400,DISABLED,ENABLED,1900,1900,1900,N/A,DISABLED,59,1900,1900,N/A,ENABLED,59,1900,1900,N/A,ENABLED,59,1900,1900,N/A,ENABLED,59,1900,1900,N/A,ENABLED,48,1520,1520,N/A,ENABLED,48,1520,1520,N/A,ENABLED,48,1520,1520,N/A,ENABLED,48,1520,1520,N/A,ENABLED,1250,1250,1250,N/A,DISABLED,38,1200,1200,N/A,ENABLED,N/A,42,28
1789726632,1,0,0,N/A,"['N/A', 'N/A', 'N/A', 'N/A']","['N/A', 'N/A', 'N/A', 'N/A', 'N/A', 'N/A', 'N/A', 'N/A', 'N/A', 'N/A', 'N/A', 'N/A', 'N/A', 'N/A', 'N/A', 'N/A', 'N/A', 'N/A', 'N/A', 'N/A', 'N/A', 'N/A', 'N/A', 'N/A', 'N/A', 'N/A', 'N/A', 'N/A', 'N/A', 'N/A', 'N/A', 'N/A']","[0, 0, 0, 0, 0, 0, 0, 0]","[0, 0, 0, 0, 0, 0, 0, 0, 0, 0, 0, 0, 0, 0, 0, 0, 0, 0, 0, 0, 0, 0, 0, 0, 0, 0, 0, 0, 0, 0, 0, 0, 0, 0, 0, 0, 0, 0, 0, 0]","[0, 0, 0, 0]",219,N/A,N/A,N/A,N/A,ENABLED,94,500,2400,DISABLED,ENABLED,95,500,2400,DISABLED,ENABLED,94,500,2400,DISABLED,ENABLED,95,500,2400,DISABLED,ENABLED,94,500,2400,DISABLED,ENABLED,95,500,2400,DISABLED,ENABLED,94,500,2400,DISABLED,ENABLED,95,500,2400,DISABLED,ENABLED,1900,1900,1900,N/A,DISABLED,59,1900,1900,N/A,ENABLED,59,1900,1900,N/A,ENABLED,59,1900,1900,N/A,ENABLED,59,1900,1900,N/A,ENABLED,48,1520,1520,N/A,ENABLED,48,1520,1520,N/A,ENABLED,48,1520,1520,N/A,ENABLED,48,1520,1520,N/A,ENABLED,1250,1250,1250,N/A,DISABLED,38,1200,1200,N/A,ENABLED,N/A,41,28
1789726632,2,0,0,N/A,"['N/A', 'N/A', 'N/A', 'N/A']","['N/A', 'N/A', 'N/A', 'N/A', 'N/A', 'N/A', 'N/A', 'N/A', 'N/A', 'N/A', 'N/A', 'N/A', 'N/A', 'N/A', 'N/A', 'N/A', 'N/A', 'N/A', 'N/A', 'N/A', 'N/A', 'N/A', 'N/A', 'N/A', 'N/A', 'N/A', 'N/A', 'N/A', 'N/A', 'N/A', 'N/A', 'N/A']","[0, 0, 0, 0, 0, 0, 0, 0]","[0, 0, 0, 0, 0, 0, 0, 0, 0, 0, 0, 0, 0, 0, 0, 0, 0, 0, 0, 0, 0, 0, 0, 0, 0, 0, 0, 0, 0, 0, 0, 0, 0, 0, 0, 0, 0, 0, 0, 0]","[0, 0, 0, 0]",211,N/A,N/A,N/A,N/A,ENABLED,94,500,2400,DISABLED,ENABLED,95,500,2400,DISABLED,ENABLED,94,500,2400,DISABLED,ENABLED,95,500,2400,DISABLED,ENABLED,94,500,2400,DISABLED,ENABLED,95,500,2400,DISABLED,ENABLED,106,500,2400,DISABLED,ENABLED,106,500,2400,DISABLED,ENABLED,1900,1900,1900,N/A,DISABLED,59,1900,1900,N/A,ENABLED,59,1900,1900,N/A,ENABLED,59,1900,1900,N/A,ENABLED,59,1900,1900,N/A,ENABLED,48,1520,1520,N/A,ENABLED,48,1520,1520,N/A,ENABLED,48,1520,1520,N/A,ENABLED,48,1520,1520,N/A,ENABLED,1250,1250,1250,N/A,DISABLED,38,1200,1200,N/A,ENABLED,N/A,43,28
1789726632,3,35,8,N/A,"['N/A', 'N/A', 'N/A', 'N/A']","['N/A', 'N/A', 'N/A', 'N/A', 'N/A', 'N/A', 'N/A', 'N/A', 'N/A', 'N/A', 'N/A', 'N/A', 'N/A', 'N/A', 'N/A', 'N/A', 'N/A', 'N/A', 'N/A', 'N/A', 'N/A', 'N/A', 'N/A', 'N/A', 'N/A', 'N/A', 'N/A', 'N/A', 'N/A', 'N/A', 'N/A', 'N/A']","[35, 35, 35, 35, 35, 35, 35, 35]","[0, 0, 0, 0, 0, 0, 0, 0, 0, 0, 0, 0, 0, 0, 0, 0, 0, 0, 0, 0, 0, 0, 0, 0, 0, 0, 0, 0, 0, 0, 0, 0, 0, 0, 0, 0, 0, 0, 0, 0]","[0, 0, 0, 0]",584,N/A,N/A,N/A,N/A,ENABLED,2267,500,2400,DISABLED,DISABLED,2277,500,2400,DISABLED,DISABLED,2269,500,2400,DISABLED,DISABLED,2259,500,2400,DISABLED,DISABLED,2288,500,2400,DISABLED,DISABLED,2274,500,2400,DISABLED,DISABLED,2278,500,2400,DISABLED,DISABLED,2273,500,2400,DISABLED,DISABLED,1900,1900,1900,N/A,DISABLED,59,1900,1900,N/A,ENABLED,59,1900,1900,N/A,ENABLED,59,1900,1900,N/A,ENABLED,59,1900,1900,N/A,ENABLED,48,1520,1520,N/A,ENABLED,48,1520,1520,N/A,ENABLED,48,1520,1520,N/A,ENABLED,48,1520,1520,N/A,ENABLED,1250,1250,1250,N/A,DISABLED,74,1200,1200,N/A,ENABLED,N/A,48,37

1789726633,0,0,0,N/A,"['N/A', 'N/A', 'N/A', 'N/A']","['N/A', 'N/A', 'N/A', 'N/A', 'N/A', 'N/A', 'N/A', 'N/A', 'N/A', 'N/A', 'N/A', 'N/A', 'N/A', 'N/A', 'N/A', 'N/A', 'N/A', 'N/A', 'N/A', 'N/A', 'N/A', 'N/A', 'N/A', 'N/A', 'N/A', 'N/A', 'N/A', 'N/A', 'N/A', 'N/A', 'N/A', 'N/A']","[0, 0, 0, 0, 0, 0, 0, 0]","[0, 0, 0, 0, 0, 0, 0, 0, 0, 0, 0, 0, 0, 0, 0, 0, 0, 0, 0, 0, 0, 0, 0, 0, 0, 0, 0, 0, 0, 0, 0, 0, 0, 0, 0, 0, 0, 0, 0, 0]","[0, 0, 0, 0]",216,N/A,N/A,N/A,N/A,ENABLED,94,500,2400,DISABLED,ENABLED,94,500,2400,DISABLED,ENABLED,94,500,2400,DISABLED,ENABLED,94,500,2400,DISABLED,ENABLED,94,500,2400,DISABLED,ENABLED,94,500,2400,DISABLED,ENABLED,94,500,2400,DISABLED,ENABLED,95,500,2400,DISABLED,ENABLED,1900,1900,1900,N/A,DISABLED,59,1900,1900,N/A,ENABLED,59,1900,1900,N/A,ENABLED,59,1900,1900,N/A,ENABLED,59,1900,1900,N/A,ENABLED,48,1520,1520,N/A,ENABLED,48,1520,1520,N/A,ENABLED,48,1520,1520,N/A,ENABLED,48,1520,1520,N/A,ENABLED,1250,1250,1250,N/A,DISABLED,38,1200,1200,N/A,ENABLED,N/A,42,28
1789726633,1,0,0,N/A,"['N/A', 'N/A', 'N/A', 'N/A']","['N/A', 'N/A', 'N/A', 'N/A', 'N/A', 'N/A', 'N/A', 'N/A', 'N/A', 'N/A', 'N/A', 'N/A', 'N/A', 'N/A', 'N/A', 'N/A', 'N/A', 'N/A', 'N/A', 'N/A', 'N/A', 'N/A', 'N/A', 'N/A', 'N/A', 'N/A', 'N/A', 'N/A', 'N/A', 'N/A', 'N/A', 'N/A']","[0, 0, 0, 0, 0, 0, 0, 0]","[0, 0, 0, 0, 0, 0, 0, 0, 0, 0, 0, 0, 0, 0, 0, 0, 0, 0, 0, 0, 0, 0, 0, 0, 0, 0, 0, 0, 0, 0, 0, 0, 0, 0, 0, 0, 0, 0, 0, 0]","[0, 0, 0, 0]",220,N/A,N/A,N/A,N/A,ENABLED,94,500,2400,DISABLED,ENABLED,95,500,2400,DISABLED,ENABLED,94,500,2400,DISABLED,ENABLED,95,500,2400,DISABLED,ENABLED,94,500,2400,DISABLED,ENABLED,95,500,2400,DISABLED,ENABLED,114,500,2400,DISABLED,ENABLED,115,500,2400,DISABLED,ENABLED,1900,1900,1900,N/A,DISABLED,59,1900,1900,N/A,ENABLED,59,1900,1900,N/A,ENABLED,59,1900,1900,N/A,ENABLED,59,1900,1900,N/A,ENABLED,48,1520,1520,N/A,ENABLED,48,1520,1520,N/A,ENABLED,48,1520,1520,N/A,ENABLED,48,1520,1520,N/A,ENABLED,1250,1250,1250,N/A,DISABLED,38,1200,1200,N/A,ENABLED,N/A,41,28
1789726633,2,0,0,N/A,"['N/A', 'N/A', 'N/A', 'N/A']","['N/A', 'N/A', 'N/A', 'N/A', 'N/A', 'N/A', 'N/A', 'N/A', 'N/A', 'N/A', 'N/A', 'N/A', 'N/A', 'N/A', 'N/A', 'N/A', 'N/A', 'N/A', 'N/A', 'N/A', 'N/A', 'N/A', 'N/A', 'N/A', 'N/A', 'N/A', 'N/A', 'N/A', 'N/A', 'N/A', 'N/A', 'N/A']","[0, 0, 0, 0, 0, 0, 0, 0]","[0, 0, 0, 0, 0, 0, 0, 0, 0, 0, 0, 0, 0, 0, 0, 0, 0, 0, 0, 0, 0, 0, 0, 0, 0, 0, 0, 0, 0, 0, 0, 0, 0, 0, 0, 0, 0, 0, 0, 0]","[0, 0, 0, 0]",212,N/A,N/A,N/A,N/A,ENABLED,94,500,2400,DISABLED,ENABLED,95,500,2400,DISABLED,ENABLED,94,500,2400,DISABLED,ENABLED,95,500,2400,DISABLED,ENABLED,94,500,2400,DISABLED,ENABLED,95,500,2400,DISABLED,ENABLED,103,500,2400,DISABLED,ENABLED,102,500,2400,DISABLED,ENABLED,1900,1900,1900,N/A,DISABLED,59,1900,1900,N/A,ENABLED,59,1900,1900,N/A,ENABLED,59,1900,1900,N/A,ENABLED,59,1900,1900,N/A,ENABLED,48,1520,1520,N/A,ENABLED,48,1520,1520,N/A,ENABLED,48,1520,1520,N/A,ENABLED,48,1520,1520,N/A,ENABLED,1250,1250,1250,N/A,DISABLED,38,1200,1200,N/A,ENABLED,N/A,43,28
1789726633,3,100,4,N/A,"['N/A', 'N/A', 'N/A', 'N/A']","['N/A', 'N/A', 'N/A', 'N/A', 'N/A', 'N/A', 'N/A', 'N/A', 'N/A', 'N/A', 'N/A', 'N/A', 'N/A', 'N/A', 'N/A', 'N/A', 'N/A', 'N/A', 'N/A', 'N/A', 'N/A', 'N/A', 'N/A', 'N/A', 'N/A', 'N/A', 'N/A', 'N/A', 'N/A', 'N/A', 'N/A', 'N/A']","[100, 100, 100, 100, 100, 100, 100, 100]","[0, 0, 0, 0, 0, 0, 0, 0, 0, 0, 0, 0, 0, 0, 0, 0, 0, 0, 0, 0, 0, 0, 0, 0, 0, 0, 0, 0, 0, 0, 0, 0, 0, 0, 0, 0, 0, 0, 0, 0]","[0, 0, 0, 0]",378,N/A,N/A,N/A,N/A,ENABLED,2379,500,2400,DISABLED,DISABLED,2396,500,2400,DISABLED,DISABLED,2389,500,2400,DISABLED,DISABLED,2386,500,2400,DISABLED,DISABLED,2388,500,2400,DISABLED,DISABLED,2388,500,2400,DISABLED,DISABLED,2385,500,2400,DISABLED,DISABLED,2392,500,2400,DISABLED,DISABLED,1900,1900,1900,N/A,DISABLED,59,1900,1900,N/A,ENABLED,59,1900,1900,N/A,ENABLED,59,1900,1900,N/A,ENABLED,59,1900,1900,N/A,ENABLED,48,1520,1520,N/A,ENABLED,48,1520,1520,N/A,ENABLED,48,1520,1520,N/A,ENABLED,48,1520,1520,N/A,ENABLED,1250,1250,1250,N/A,DISABLED,214,1200,1200,N/A,ENABLED,N/A,48,35

1789726634,0,0,0,N/A,"['N/A', 'N/A', 'N/A', 'N/A']","['N/A', 'N/A', 'N/A', 'N/A', 'N/A', 'N/A', 'N/A', 'N/A', 'N/A', 'N/A', 'N/A', 'N/A', 'N/A', 'N/A', 'N/A', 'N/A', 'N/A', 'N/A', 'N/A', 'N/A', 'N/A', 'N/A', 'N/A', 'N/A', 'N/A', 'N/A', 'N/A', 'N/A', 'N/A', 'N/A', 'N/A', 'N/A']","[0, 0, 0, 0, 0, 0, 0, 0]","[0, 0, 0, 0, 0, 0, 0, 0, 0, 0, 0, 0, 0, 0, 0, 0, 0, 0, 0, 0, 0, 0, 0, 0, 0, 0, 0, 0, 0, 0, 0, 0, 0, 0, 0, 0, 0, 0, 0, 0]","[0, 0, 0, 0]",216,N/A,N/A,N/A,N/A,ENABLED,94,500,2400,DISABLED,ENABLED,95,500,2400,DISABLED,ENABLED,94,500,2400,DISABLED,ENABLED,95,500,2400,DISABLED,ENABLED,100,500,2400,DISABLED,ENABLED,100,500,2400,DISABLED,ENABLED,94,500,2400,DISABLED,ENABLED,95,500,2400,DISABLED,ENABLED,1900,1900,1900,N/A,DISABLED,59,1900,1900,N/A,ENABLED,59,1900,1900,N/A,ENABLED,59,1900,1900,N/A,ENABLED,59,1900,1900,N/A,ENABLED,48,1520,1520,N/A,ENABLED,48,1520,1520,N/A,ENABLED,48,1520,1520,N/A,ENABLED,48,1520,1520,N/A,ENABLED,1250,1250,1250,N/A,DISABLED,38,1200,1200,N/A,ENABLED,N/A,42,28
1789726634,1,0,0,N/A,"['N/A', 'N/A', 'N/A', 'N/A']","['N/A', 'N/A', 'N/A', 'N/A', 'N/A', 'N/A', 'N/A', 'N/A', 'N/A', 'N/A', 'N/A', 'N/A', 'N/A', 'N/A', 'N/A', 'N/A', 'N/A', 'N/A', 'N/A', 'N/A', 'N/A', 'N/A', 'N/A', 'N/A', 'N/A', 'N/A', 'N/A', 'N/A', 'N/A', 'N/A', 'N/A', 'N/A']","[0, 0, 0, 0, 0, 0, 0, 0]","[0, 0, 0, 0, 0, 0, 0, 0, 0, 0, 0, 0, 0, 0, 0, 0, 0, 0, 0, 0, 0, 0, 0, 0, 0, 0, 0, 0, 0, 0, 0, 0, 0, 0, 0, 0, 0, 0, 0, 0]","[0, 0, 0, 0]",219,N/A,N/A,N/A,N/A,ENABLED,94,500,2400,DISABLED,ENABLED,95,500,2400,DISABLED,ENABLED,94,500,2400,DISABLED,ENABLED,95,500,2400,DISABLED,ENABLED,94,500,2400,DISABLED,ENABLED,94,500,2400,DISABLED,ENABLED,101,500,2400,DISABLED,ENABLED,101,500,2400,DISABLED,ENABLED,1900,1900,1900,N/A,DISABLED,59,1900,1900,N/A,ENABLED,59,1900,1900,N/A,ENABLED,59,1900,1900,N/A,ENABLED,59,1900,1900,N/A,ENABLED,48,1520,1520,N/A,ENABLED,48,1520,1520,N/A,ENABLED,48,1520,1520,N/A,ENABLED,48,1520,1520,N/A,ENABLED,1250,1250,1250,N/A,DISABLED,38,1200,1200,N/A,ENABLED,N/A,41,28
1789726634,2,0,0,N/A,"['N/A', 'N/A', 'N/A', 'N/A']","['N/A', 'N/A', 'N/A', 'N/A', 'N/A', 'N/A', 'N/A', 'N/A', 'N/A', 'N/A', 'N/A', 'N/A', 'N/A', 'N/A', 'N/A', 'N/A', 'N/A', 'N/A', 'N/A', 'N/A', 'N/A', 'N/A', 'N/A', 'N/A', 'N/A', 'N/A', 'N/A', 'N/A', 'N/A', 'N/A', 'N/A', 'N/A']","[0, 0, 0, 0, 0, 0, 0, 0]","[0, 0, 0, 0, 0, 0, 0, 0, 0, 0, 0, 0, 0, 0, 0, 0, 0, 0, 0, 0, 0, 0, 0, 0, 0, 0, 0, 0, 0, 0, 0, 0, 0, 0, 0, 0, 0, 0, 0, 0]","[0, 0, 0, 0]",212,N/A,N/A,N/A,N/A,ENABLED,94,500,2400,DISABLED,ENABLED,94,500,2400,DISABLED,ENABLED,94,500,2400,DISABLED,ENABLED,95,500,2400,DISABLED,ENABLED,94,500,2400,DISABLED,ENABLED,95,500,2400,DISABLED,ENABLED,99,500,2400,DISABLED,ENABLED,99,500,2400,DISABLED,ENABLED,1900,1900,1900,N/A,DISABLED,59,1900,1900,N/A,ENABLED,59,1900,1900,N/A,ENABLED,59,1900,1900,N/A,ENABLED,59,1900,1900,N/A,ENABLED,48,1520,1520,N/A,ENABLED,48,1520,1520,N/A,ENABLED,48,1520,1520,N/A,ENABLED,48,1520,1520,N/A,ENABLED,1250,1250,1250,N/A,DISABLED,38,1200,1200,N/A,ENABLED,N/A,43,28
1789726634,3,100,4,N/A,"['N/A', 'N/A', 'N/A', 'N/A']","['N/A', 'N/A', 'N/A', 'N/A', 'N/A', 'N/A', 'N/A', 'N/A', 'N/A', 'N/A', 'N/A', 'N/A', 'N/A', 'N/A', 'N/A', 'N/A', 'N/A', 'N/A', 'N/A', 'N/A', 'N/A', 'N/A', 'N/A', 'N/A', 'N/A', 'N/A', 'N/A', 'N/A', 'N/A', 'N/A', 'N/A', 'N/A']","[100, 100, 100, 100, 100, 100, 100, 100]","[0, 0, 0, 0, 0, 0, 0, 0, 0, 0, 0, 0, 0, 0, 0, 0, 0, 0, 0, 0, 0, 0, 0, 0, 0, 0, 0, 0, 0, 0, 0, 0, 0, 0, 0, 0, 0, 0, 0, 0]","[0, 0, 0, 0]",367,N/A,N/A,N/A,N/A,ENABLED,2381,500,2400,DISABLED,DISABLED,2399,500,2400,DISABLED,DISABLED,2393,500,2400,DISABLED,DISABLED,2390,500,2400,DISABLED,DISABLED,2392,500,2400,DISABLED,DISABLED,2392,500,2400,DISABLED,DISABLED,2388,500,2400,DISABLED,DISABLED,2394,500,2400,DISABLED,DISABLED,1900,1900,1900,N/A,DISABLED,59,1900,1900,N/A,ENABLED,59,1900,1900,N/A,ENABLED,59,1900,1900,N/A,ENABLED,59,1900,1900,N/A,ENABLED,48,1520,1520,N/A,ENABLED,48,1520,1520,N/A,ENABLED,48,1520,1520,N/A,ENABLED,48,1520,1520,N/A,ENABLED,1250,1250,1250,N/A,DISABLED,220,1200,1200,N/A,ENABLED,N/A,46,34

1789726635,0,0,0,N/A,"['N/A', 'N/A', 'N/A', 'N/A']","['N/A', 'N/A', 'N/A', 'N/A', 'N/A', 'N/A', 'N/A', 'N/A', 'N/A', 'N/A', 'N/A', 'N/A', 'N/A', 'N/A', 'N/A', 'N/A', 'N/A', 'N/A', 'N/A', 'N/A', 'N/A', 'N/A', 'N/A', 'N/A', 'N/A', 'N/A', 'N/A', 'N/A', 'N/A', 'N/A', 'N/A', 'N/A']","[0, 0, 0, 0, 0, 0, 0, 0]","[0, 0, 0, 0, 0, 0, 0, 0, 0, 0, 0, 0, 0, 0, 0, 0, 0, 0, 0, 0, 0, 0, 0, 0, 0, 0, 0, 0, 0, 0, 0, 0, 0, 0, 0, 0, 0, 0, 0, 0]","[0, 0, 0, 0]",216,N/A,N/A,N/A,N/A,ENABLED,94,500,2400,DISABLED,ENABLED,94,500,2400,DISABLED,ENABLED,94,500,2400,DISABLED,ENABLED,94,500,2400,DISABLED,ENABLED,96,500,2400,DISABLED,ENABLED,96,500,2400,DISABLED,ENABLED,94,500,2400,DISABLED,ENABLED,95,500,2400,DISABLED,ENABLED,1900,1900,1900,N/A,DISABLED,59,1900,1900,N/A,ENABLED,59,1900,1900,N/A,ENABLED,59,1900,1900,N/A,ENABLED,59,1900,1900,N/A,ENABLED,48,1520,1520,N/A,ENABLED,48,1520,1520,N/A,ENABLED,48,1520,1520,N/A,ENABLED,48,1520,1520,N/A,ENABLED,1250,1250,1250,N/A,DISABLED,38,1200,1200,N/A,ENABLED,N/A,42,28
1789726635,1,0,0,N/A,"['N/A', 'N/A', 'N/A', 'N/A']","['N/A', 'N/A', 'N/A', 'N/A', 'N/A', 'N/A', 'N/A', 'N/A', 'N/A', 'N/A', 'N/A', 'N/A', 'N/A', 'N/A', 'N/A', 'N/A', 'N/A', 'N/A', 'N/A', 'N/A', 'N/A', 'N/A', 'N/A', 'N/A', 'N/A', 'N/A', 'N/A', 'N/A', 'N/A', 'N/A', 'N/A', 'N/A']","[0, 0, 0, 0, 0, 0, 0, 0]","[0, 0, 0, 0, 0, 0, 0, 0, 0, 0, 0, 0, 0, 0, 0, 0, 0, 0, 0, 0, 0, 0, 0, 0, 0, 0, 0, 0, 0, 0, 0, 0, 0, 0, 0, 0, 0, 0, 0, 0]","[0, 0, 0, 0]",219,N/A,N/A,N/A,N/A,ENABLED,94,500,2400,DISABLED,ENABLED,95,500,2400,DISABLED,ENABLED,94,500,2400,DISABLED,ENABLED,95,500,2400,DISABLED,ENABLED,94,500,2400,DISABLED,ENABLED,95,500,2400,DISABLED,ENABLED,102,500,2400,DISABLED,ENABLED,102,500,2400,DISABLED,ENABLED,1900,1900,1900,N/A,DISABLED,59,1900,1900,N/A,ENABLED,59,1900,1900,N/A,ENABLED,59,1900,1900,N/A,ENABLED,59,1900,1900,N/A,ENABLED,48,1520,1520,N/A,ENABLED,48,1520,1520,N/A,ENABLED,48,1520,1520,N/A,ENABLED,48,1520,1520,N/A,ENABLED,1250,1250,1250,N/A,DISABLED,38,1200,1200,N/A,ENABLED,N/A,41,28
1789726635,2,0,0,N/A,"['N/A', 'N/A', 'N/A', 'N/A']","['N/A', 'N/A', 'N/A', 'N/A', 'N/A', 'N/A', 'N/A', 'N/A', 'N/A', 'N/A', 'N/A', 'N/A', 'N/A', 'N/A', 'N/A', 'N/A', 'N/A', 'N/A', 'N/A', 'N/A', 'N/A', 'N/A', 'N/A', 'N/A', 'N/A', 'N/A', 'N/A', 'N/A', 'N/A', 'N/A', 'N/A', 'N/A']","[0, 0, 0, 0, 0, 0, 0, 0]","[0, 0, 0, 0, 0, 0, 0, 0, 0, 0, 0, 0, 0, 0, 0, 0, 0, 0, 0, 0, 0, 0, 0, 0, 0, 0, 0, 0, 0, 0, 0, 0, 0, 0, 0, 0, 0, 0, 0, 0]","[0, 0, 0, 0]",212,N/A,N/A,N/A,N/A,ENABLED,94,500,2400,DISABLED,ENABLED,94,500,2400,DISABLED,ENABLED,94,500,2400,DISABLED,ENABLED,95,500,2400,DISABLED,ENABLED,94,500,2400,DISABLED,ENABLED,95,500,2400,DISABLED,ENABLED,109,500,2400,DISABLED,ENABLED,109,500,2400,DISABLED,ENABLED,1900,1900,1900,N/A,DISABLED,59,1900,1900,N/A,ENABLED,59,1900,1900,N/A,ENABLED,59,1900,1900,N/A,ENABLED,59,1900,1900,N/A,ENABLED,48,1520,1520,N/A,ENABLED,48,1520,1520,N/A,ENABLED,48,1520,1520,N/A,ENABLED,48,1520,1520,N/A,ENABLED,1250,1250,1250,N/A,DISABLED,38,1200,1200,N/A,ENABLED,N/A,43,28
1789726635,3,100,4,N/A,"['N/A', 'N/A', 'N/A', 'N/A']","['N/A', 'N/A', 'N/A', 'N/A', 'N/A', 'N/A', 'N/A', 'N/A', 'N/A', 'N/A', 'N/A', 'N/A', 'N/A', 'N/A', 'N/A', 'N/A', 'N/A', 'N/A', 'N/A', 'N/A', 'N/A', 'N/A', 'N/A', 'N/A', 'N/A', 'N/A', 'N/A', 'N/A', 'N/A', 'N/A', 'N/A', 'N/A']","[100, 100, 100, 100, 100, 100, 100, 100]","[0, 0, 0, 0, 0, 0, 0, 0, 0, 0, 0, 0, 0, 0, 0, 0, 0, 0, 0, 0, 0, 0, 0, 0, 0, 0, 0, 0, 0, 0, 0, 0, 0, 0, 0, 0, 0, 0, 0, 0]","[0, 0, 0, 0]",367,N/A,N/A,N/A,N/A,ENABLED,2380,500,2400,DISABLED,DISABLED,2400,500,2400,DISABLED,DISABLED,2393,500,2400,DISABLED,DISABLED,2391,500,2400,DISABLED,DISABLED,2393,500,2400,DISABLED,DISABLED,2392,500,2400,DISABLED,DISABLED,2389,500,2400,DISABLED,DISABLED,2395,500,2400,DISABLED,DISABLED,1900,1900,1900,N/A,DISABLED,59,1900,1900,N/A,ENABLED,59,1900,1900,N/A,ENABLED,59,1900,1900,N/A,ENABLED,59,1900,1900,N/A,ENABLED,48,1520,1520,N/A,ENABLED,48,1520,1520,N/A,ENABLED,48,1520,1520,N/A,ENABLED,48,1520,1520,N/A,ENABLED,1250,1250,1250,N/A,DISABLED,220,1200,1200,N/A,ENABLED,N/A,45,33

1789726636,0,0,0,N/A,"['N/A', 'N/A', 'N/A', 'N/A']","['N/A', 'N/A', 'N/A', 'N/A', 'N/A', 'N/A', 'N/A', 'N/A', 'N/A', 'N/A', 'N/A', 'N/A', 'N/A', 'N/A', 'N/A', 'N/A', 'N/A', 'N/A', 'N/A', 'N/A', 'N/A', 'N/A', 'N/A', 'N/A', 'N/A', 'N/A', 'N/A', 'N/A', 'N/A', 'N/A', 'N/A', 'N/A']","[0, 0, 0, 0, 0, 0, 0, 0]","[0, 0, 0, 0, 0, 0, 0, 0, 0, 0, 0, 0, 0, 0, 0, 0, 0, 0, 0, 0, 0, 0, 0, 0, 0, 0, 0, 0, 0, 0, 0, 0, 0, 0, 0, 0, 0, 0, 0, 0]","[0, 0, 0, 0]",216,N/A,N/A,N/A,N/A,ENABLED,94,500,2400,DISABLED,ENABLED,94,500,2400,DISABLED,ENABLED,94,500,2400,DISABLED,ENABLED,95,500,2400,DISABLED,ENABLED,95,500,2400,DISABLED,ENABLED,95,500,2400,DISABLED,ENABLED,94,500,2400,DISABLED,ENABLED,95,500,2400,DISABLED,ENABLED,1900,1900,1900,N/A,DISABLED,59,1900,1900,N/A,ENABLED,59,1900,1900,N/A,ENABLED,59,1900,1900,N/A,ENABLED,59,1900,1900,N/A,ENABLED,48,1520,1520,N/A,ENABLED,48,1520,1520,N/A,ENABLED,48,1520,1520,N/A,ENABLED,48,1520,1520,N/A,ENABLED,1250,1250,1250,N/A,DISABLED,38,1200,1200,N/A,ENABLED,N/A,42,28
1789726636,1,0,0,N/A,"['N/A', 'N/A', 'N/A', 'N/A']","['N/A', 'N/A', 'N/A', 'N/A', 'N/A', 'N/A', 'N/A', 'N/A', 'N/A', 'N/A', 'N/A', 'N/A', 'N/A', 'N/A', 'N/A', 'N/A', 'N/A', 'N/A', 'N/A', 'N/A', 'N/A', 'N/A', 'N/A', 'N/A', 'N/A', 'N/A', 'N/A', 'N/A', 'N/A', 'N/A', 'N/A', 'N/A']","[0, 0, 0, 0, 0, 0, 0, 0]","[0, 0, 0, 0, 0, 0, 0, 0, 0, 0, 0, 0, 0, 0, 0, 0, 0, 0, 0, 0, 0, 0, 0, 0, 0, 0, 0, 0, 0, 0, 0, 0, 0, 0, 0, 0, 0, 0, 0, 0]","[0, 0, 0, 0]",219,N/A,N/A,N/A,N/A,ENABLED,94,500,2400,DISABLED,ENABLED,95,500,2400,DISABLED,ENABLED,94,500,2400,DISABLED,ENABLED,95,500,2400,DISABLED,ENABLED,94,500,2400,DISABLED,ENABLED,95,500,2400,DISABLED,ENABLED,113,500,2400,DISABLED,ENABLED,114,500,2400,DISABLED,ENABLED,1900,1900,1900,N/A,DISABLED,59,1900,1900,N/A,ENABLED,59,1900,1900,N/A,ENABLED,59,1900,1900,N/A,ENABLED,59,1900,1900,N/A,ENABLED,48,1520,1520,N/A,ENABLED,48,1520,1520,N/A,ENABLED,48,1520,1520,N/A,ENABLED,48,1520,1520,N/A,ENABLED,1250,1250,1250,N/A,DISABLED,38,1200,1200,N/A,ENABLED,N/A,41,28
1789726636,2,0,0,N/A,"['N/A', 'N/A', 'N/A', 'N/A']","['N/A', 'N/A', 'N/A', 'N/A', 'N/A', 'N/A', 'N/A', 'N/A', 'N/A', 'N/A', 'N/A', 'N/A', 'N/A', 'N/A', 'N/A', 'N/A', 'N/A', 'N/A', 'N/A', 'N/A', 'N/A', 'N/A', 'N/A', 'N/A', 'N/A', 'N/A', 'N/A', 'N/A', 'N/A', 'N/A', 'N/A', 'N/A']","[0, 0, 0, 0, 0, 0, 0, 0]","[0, 0, 0, 0, 0, 0, 0, 0, 0, 0, 0, 0, 0, 0, 0, 0, 0, 0, 0, 0, 0, 0, 0, 0, 0, 0, 0, 0, 0, 0, 0, 0, 0, 0, 0, 0, 0, 0, 0, 0]","[0, 0, 0, 0]",211,N/A,N/A,N/A,N/A,ENABLED,94,500,2400,DISABLED,ENABLED,94,500,2400,DISABLED,ENABLED,94,500,2400,DISABLED,ENABLED,95,500,2400,DISABLED,ENABLED,94,500,2400,DISABLED,ENABLED,95,500,2400,DISABLED,ENABLED,108,500,2400,DISABLED,ENABLED,108,500,2400,DISABLED,ENABLED,1900,1900,1900,N/A,DISABLED,59,1900,1900,N/A,ENABLED,59,1900,1900,N/A,ENABLED,59,1900,1900,N/A,ENABLED,59,1900,1900,N/A,ENABLED,48,1520,1520,N/A,ENABLED,48,1520,1520,N/A,ENABLED,48,1520,1520,N/A,ENABLED,48,1520,1520,N/A,ENABLED,1250,1250,1250,N/A,DISABLED,38,1200,1200,N/A,ENABLED,N/A,43,28
1789726636,3,100,4,N/A,"['N/A', 'N/A', 'N/A', 'N/A']","['N/A', 'N/A', 'N/A', 'N/A', 'N/A', 'N/A', 'N/A', 'N/A', 'N/A', 'N/A', 'N/A', 'N/A', 'N/A', 'N/A', 'N/A', 'N/A', 'N/A', 'N/A', 'N/A', 'N/A', 'N/A', 'N/A', 'N/A', 'N/A', 'N/A', 'N/A', 'N/A', 'N/A', 'N/A', 'N/A', 'N/A', 'N/A']","[100, 100, 100, 100, 100, 100, 100, 100]","[0, 0, 0, 0, 0, 0, 0, 0, 0, 0, 0, 0, 0, 0, 0, 0, 0, 0, 0, 0, 0, 0, 0, 0, 0, 0, 0, 0, 0, 0, 0, 0, 0, 0, 0, 0, 0, 0, 0, 0]","[0, 0, 0, 0]",369,N/A,N/A,N/A,N/A,ENABLED,2380,500,2400,DISABLED,DISABLED,2399,500,2400,DISABLED,DISABLED,2393,500,2400,DISABLED,DISABLED,2390,500,2400,DISABLED,DISABLED,2393,500,2400,DISABLED,DISABLED,2393,500,2400,DISABLED,DISABLED,2388,500,2400,DISABLED,DISABLED,2395,500,2400,DISABLED,DISABLED,1900,1900,1900,N/A,DISABLED,59,1900,1900,N/A,ENABLED,59,1900,1900,N/A,ENABLED,59,1900,1900,N/A,ENABLED,59,1900,1900,N/A,ENABLED,48,1520,1520,N/A,ENABLED,48,1520,1520,N/A,ENABLED,48,1520,1520,N/A,ENABLED,48,1520,1520,N/A,ENABLED,1250,1250,1250,N/A,DISABLED,216,1200,1200,N/A,ENABLED,N/A,44,33

1789726637,0,0,0,N/A,"['N/A', 'N/A', 'N/A', 'N/A']","['N/A', 'N/A', 'N/A', 'N/A', 'N/A', 'N/A', 'N/A', 'N/A', 'N/A', 'N/A', 'N/A', 'N/A', 'N/A', 'N/A', 'N/A', 'N/A', 'N/A', 'N/A', 'N/A', 'N/A', 'N/A', 'N/A', 'N/A', 'N/A', 'N/A', 'N/A', 'N/A', 'N/A', 'N/A', 'N/A', 'N/A', 'N/A']","[0, 0, 0, 0, 0, 0, 0, 0]","[0, 0, 0, 0, 0, 0, 0, 0, 0, 0, 0, 0, 0, 0, 0, 0, 0, 0, 0, 0, 0, 0, 0, 0, 0, 0, 0, 0, 0, 0, 0, 0, 0, 0, 0, 0, 0, 0, 0, 0]","[0, 0, 0, 0]",216,N/A,N/A,N/A,N/A,ENABLED,94,500,2400,DISABLED,ENABLED,94,500,2400,DISABLED,ENABLED,94,500,2400,DISABLED,ENABLED,95,500,2400,DISABLED,ENABLED,95,500,2400,DISABLED,ENABLED,94,500,2400,DISABLED,ENABLED,94,500,2400,DISABLED,ENABLED,95,500,2400,DISABLED,ENABLED,1900,1900,1900,N/A,DISABLED,59,1900,1900,N/A,ENABLED,59,1900,1900,N/A,ENABLED,59,1900,1900,N/A,ENABLED,59,1900,1900,N/A,ENABLED,48,1520,1520,N/A,ENABLED,48,1520,1520,N/A,ENABLED,48,1520,1520,N/A,ENABLED,48,1520,1520,N/A,ENABLED,1250,1250,1250,N/A,DISABLED,38,1200,1200,N/A,ENABLED,N/A,42,28
1789726637,1,0,0,N/A,"['N/A', 'N/A', 'N/A', 'N/A']","['N/A', 'N/A', 'N/A', 'N/A', 'N/A', 'N/A', 'N/A', 'N/A', 'N/A', 'N/A', 'N/A', 'N/A', 'N/A', 'N/A', 'N/A', 'N/A', 'N/A', 'N/A', 'N/A', 'N/A', 'N/A', 'N/A', 'N/A', 'N/A', 'N/A', 'N/A', 'N/A', 'N/A', 'N/A', 'N/A', 'N/A', 'N/A']","[0, 0, 0, 0, 0, 0, 0, 0]","[0, 0, 0, 0, 0, 0, 0, 0, 0, 0, 0, 0, 0, 0, 0, 0, 0, 0, 0, 0, 0, 0, 0, 0, 0, 0, 0, 0, 0, 0, 0, 0, 0, 0, 0, 0, 0, 0, 0, 0]","[0, 0, 0, 0]",219,N/A,N/A,N/A,N/A,ENABLED,94,500,2400,DISABLED,ENABLED,95,500,2400,DISABLED,ENABLED,94,500,2400,DISABLED,ENABLED,95,500,2400,DISABLED,ENABLED,94,500,2400,DISABLED,ENABLED,95,500,2400,DISABLED,ENABLED,107,500,2400,DISABLED,ENABLED,107,500,2400,DISABLED,ENABLED,1900,1900,1900,N/A,DISABLED,59,1900,1900,N/A,ENABLED,59,1900,1900,N/A,ENABLED,59,1900,1900,N/A,ENABLED,59,1900,1900,N/A,ENABLED,48,1520,1520,N/A,ENABLED,48,1520,1520,N/A,ENABLED,48,1520,1520,N/A,ENABLED,48,1520,1520,N/A,ENABLED,1250,1250,1250,N/A,DISABLED,38,1200,1200,N/A,ENABLED,N/A,41,28
1789726637,2,0,0,N/A,"['N/A', 'N/A', 'N/A', 'N/A']","['N/A', 'N/A', 'N/A', 'N/A', 'N/A', 'N/A', 'N/A', 'N/A', 'N/A', 'N/A', 'N/A', 'N/A', 'N/A', 'N/A', 'N/A', 'N/A', 'N/A', 'N/A', 'N/A', 'N/A', 'N/A', 'N/A', 'N/A', 'N/A', 'N/A', 'N/A', 'N/A', 'N/A', 'N/A', 'N/A', 'N/A', 'N/A']","[0, 0, 0, 0, 0, 0, 0, 0]","[0, 0, 0, 0, 0, 0, 0, 0, 0, 0, 0, 0, 0, 0, 0, 0, 0, 0, 0, 0, 0, 0, 0, 0, 0, 0, 0, 0, 0, 0, 0, 0, 0, 0, 0, 0, 0, 0, 0, 0]","[0, 0, 0, 0]",211,N/A,N/A,N/A,N/A,ENABLED,94,500,2400,DISABLED,ENABLED,94,500,2400,DISABLED,ENABLED,94,500,2400,DISABLED,ENABLED,95,500,2400,DISABLED,ENABLED,94,500,2400,DISABLED,ENABLED,95,500,2400,DISABLED,ENABLED,104,500,2400,DISABLED,ENABLED,104,500,2400,DISABLED,ENABLED,1900,1900,1900,N/A,DISABLED,59,1900,1900,N/A,ENABLED,59,1900,1900,N/A,ENABLED,59,1900,1900,N/A,ENABLED,59,1900,1900,N/A,ENABLED,48,1520,1520,N/A,ENABLED,48,1520,1520,N/A,ENABLED,48,1520,1520,N/A,ENABLED,48,1520,1520,N/A,ENABLED,1250,1250,1250,N/A,DISABLED,38,1200,1200,N/A,ENABLED,N/A,43,28
1789726637,3,100,4,N/A,"['N/A', 'N/A', 'N/A', 'N/A']","['N/A', 'N/A', 'N/A', 'N/A', 'N/A', 'N/A', 'N/A', 'N/A', 'N/A', 'N/A', 'N/A', 'N/A', 'N/A', 'N/A', 'N/A', 'N/A', 'N/A', 'N/A', 'N/A', 'N/A', 'N/A', 'N/A', 'N/A', 'N/A', 'N/A', 'N/A', 'N/A', 'N/A', 'N/A', 'N/A', 'N/A', 'N/A']","[100, 100, 100, 100, 100, 100, 100, 100]","[0, 0, 0, 0, 0, 0, 0, 0, 0, 0, 0, 0, 0, 0, 0, 0, 0, 0, 0, 0, 0, 0, 0, 0, 0, 0, 0, 0, 0, 0, 0, 0, 0, 0, 0, 0, 0, 0, 0, 0]","[0, 0, 0, 0]",369,N/A,N/A,N/A,N/A,ENABLED,2380,500,2400,DISABLED,DISABLED,2400,500,2400,DISABLED,DISABLED,2393,500,2400,DISABLED,DISABLED,2391,500,2400,DISABLED,DISABLED,2391,500,2400,DISABLED,DISABLED,2390,500,2400,DISABLED,DISABLED,2388,500,2400,DISABLED,DISABLED,2394,500,2400,DISABLED,DISABLED,1900,1900,1900,N/A,DISABLED,59,1900,1900,N/A,ENABLED,59,1900,1900,N/A,ENABLED,59,1900,1900,N/A,ENABLED,59,1900,1900,N/A,ENABLED,48,1520,1520,N/A,ENABLED,48,1520,1520,N/A,ENABLED,48,1520,1520,N/A,ENABLED,48,1520,1520,N/A,ENABLED,1250,1250,1250,N/A,DISABLED,217,1200,1200,N/A,ENABLED,N/A,44,32

1789726638,0,0,0,N/A,"['N/A', 'N/A', 'N/A', 'N/A']","['N/A', 'N/A', 'N/A', 'N/A', 'N/A', 'N/A', 'N/A', 'N/A', 'N/A', 'N/A', 'N/A', 'N/A', 'N/A', 'N/A', 'N/A', 'N/A', 'N/A', 'N/A', 'N/A', 'N/A', 'N/A', 'N/A', 'N/A', 'N/A', 'N/A', 'N/A', 'N/A', 'N/A', 'N/A', 'N/A', 'N/A', 'N/A']","[0, 0, 0, 0, 0, 0, 0, 0]","[0, 0, 0, 0, 0, 0, 0, 0, 0, 0, 0, 0, 0, 0, 0, 0, 0, 0, 0, 0, 0, 0, 0, 0, 0, 0, 0, 0, 0, 0, 0, 0, 0, 0, 0, 0, 0, 0, 0, 0]","[0, 0, 0, 0]",215,N/A,N/A,N/A,N/A,ENABLED,94,500,2400,DISABLED,ENABLED,95,500,2400,DISABLED,ENABLED,94,500,2400,DISABLED,ENABLED,95,500,2400,DISABLED,ENABLED,94,500,2400,DISABLED,ENABLED,94,500,2400,DISABLED,ENABLED,94,500,2400,DISABLED,ENABLED,95,500,2400,DISABLED,ENABLED,1900,1900,1900,N/A,DISABLED,59,1900,1900,N/A,ENABLED,59,1900,1900,N/A,ENABLED,59,1900,1900,N/A,ENABLED,59,1900,1900,N/A,ENABLED,48,1520,1520,N/A,ENABLED,48,1520,1520,N/A,ENABLED,48,1520,1520,N/A,ENABLED,48,1520,1520,N/A,ENABLED,1250,1250,1250,N/A,DISABLED,38,1200,1200,N/A,ENABLED,N/A,42,28
1789726638,1,0,0,N/A,"['N/A', 'N/A', 'N/A', 'N/A']","['N/A', 'N/A', 'N/A', 'N/A', 'N/A', 'N/A', 'N/A', 'N/A', 'N/A', 'N/A', 'N/A', 'N/A', 'N/A', 'N/A', 'N/A', 'N/A', 'N/A', 'N/A', 'N/A', 'N/A', 'N/A', 'N/A', 'N/A', 'N/A', 'N/A', 'N/A', 'N/A', 'N/A', 'N/A', 'N/A', 'N/A', 'N/A']","[0, 0, 0, 0, 0, 0, 0, 0]","[0, 0, 0, 0, 0, 0, 0, 0, 0, 0, 0, 0, 0, 0, 0, 0, 0, 0, 0, 0, 0, 0, 0, 0, 0, 0, 0, 0, 0, 0, 0, 0, 0, 0, 0, 0, 0, 0, 0, 0]","[0, 0, 0, 0]",219,N/A,N/A,N/A,N/A,ENABLED,94,500,2400,DISABLED,ENABLED,95,500,2400,DISABLED,ENABLED,94,500,2400,DISABLED,ENABLED,95,500,2400,DISABLED,ENABLED,94,500,2400,DISABLED,ENABLED,95,500,2400,DISABLED,ENABLED,95,500,2400,DISABLED,ENABLED,95,500,2400,DISABLED,ENABLED,1900,1900,1900,N/A,DISABLED,59,1900,1900,N/A,ENABLED,59,1900,1900,N/A,ENABLED,59,1900,1900,N/A,ENABLED,59,1900,1900,N/A,ENABLED,48,1520,1520,N/A,ENABLED,48,1520,1520,N/A,ENABLED,48,1520,1520,N/A,ENABLED,48,1520,1520,N/A,ENABLED,1250,1250,1250,N/A,DISABLED,38,1200,1200,N/A,ENABLED,N/A,41,28
1789726638,2,0,0,N/A,"['N/A', 'N/A', 'N/A', 'N/A']","['N/A', 'N/A', 'N/A', 'N/A', 'N/A', 'N/A', 'N/A', 'N/A', 'N/A', 'N/A', 'N/A', 'N/A', 'N/A', 'N/A', 'N/A', 'N/A', 'N/A', 'N/A', 'N/A', 'N/A', 'N/A', 'N/A', 'N/A', 'N/A', 'N/A', 'N/A', 'N/A', 'N/A', 'N/A', 'N/A', 'N/A', 'N/A']","[0, 0, 0, 0, 0, 0, 0, 0]","[0, 0, 0, 0, 0, 0, 0, 0, 0, 0, 0, 0, 0, 0, 0, 0, 0, 0, 0, 0, 0, 0, 0, 0, 0, 0, 0, 0, 0, 0, 0, 0, 0, 0, 0, 0, 0, 0, 0, 0]","[0, 0, 0, 0]",212,N/A,N/A,N/A,N/A,ENABLED,94,500,2400,DISABLED,ENABLED,94,500,2400,DISABLED,ENABLED,94,500,2400,DISABLED,ENABLED,95,500,2400,DISABLED,ENABLED,94,500,2400,DISABLED,ENABLED,95,500,2400,DISABLED,ENABLED,97,500,2400,DISABLED,ENABLED,97,500,2400,DISABLED,ENABLED,1900,1900,1900,N/A,DISABLED,59,1900,1900,N/A,ENABLED,59,1900,1900,N/A,ENABLED,59,1900,1900,N/A,ENABLED,59,1900,1900,N/A,ENABLED,48,1520,1520,N/A,ENABLED,48,1520,1520,N/A,ENABLED,48,1520,1520,N/A,ENABLED,48,1520,1520,N/A,ENABLED,1250,1250,1250,N/A,DISABLED,38,1200,1200,N/A,ENABLED,N/A,43,28
1789726638,3,100,4,N/A,"['N/A', 'N/A', 'N/A', 'N/A']","['N/A', 'N/A', 'N/A', 'N/A', 'N/A', 'N/A', 'N/A', 'N/A', 'N/A', 'N/A', 'N/A', 'N/A', 'N/A', 'N/A', 'N/A', 'N/A', 'N/A', 'N/A', 'N/A', 'N/A', 'N/A', 'N/A', 'N/A', 'N/A', 'N/A', 'N/A', 'N/A', 'N/A', 'N/A', 'N/A', 'N/A', 'N/A']","[100, 100, 100, 100, 100, 100, 100, 100]","[0, 0, 0, 0, 0, 0, 0, 0, 0, 0, 0, 0, 0, 0, 0, 0, 0, 0, 0, 0, 0, 0, 0, 0, 0, 0, 0, 0, 0, 0, 0, 0, 0, 0, 0, 0, 0, 0, 0, 0]","[0, 0, 0, 0]",370,N/A,N/A,N/A,N/A,ENABLED,2384,500,2400,DISABLED,DISABLED,2401,500,2400,DISABLED,DISABLED,2393,500,2400,DISABLED,DISABLED,2392,500,2400,DISABLED,DISABLED,2391,500,2400,DISABLED,DISABLED,2391,500,2400,DISABLED,DISABLED,2389,500,2400,DISABLED,DISABLED,2395,500,2400,DISABLED,DISABLED,1900,1900,1900,N/A,DISABLED,59,1900,1900,N/A,ENABLED,59,1900,1900,N/A,ENABLED,59,1900,1900,N/A,ENABLED,59,1900,1900,N/A,ENABLED,48,1520,1520,N/A,ENABLED,48,1520,1520,N/A,ENABLED,48,1520,1520,N/A,ENABLED,48,1520,1520,N/A,ENABLED,1250,1250,1250,N/A,DISABLED,220,1200,1200,N/A,ENABLED,N/A,44,33

1789726639,0,0,0,N/A,"['N/A', 'N/A', 'N/A', 'N/A']","['N/A', 'N/A', 'N/A', 'N/A', 'N/A', 'N/A', 'N/A', 'N/A', 'N/A', 'N/A', 'N/A', 'N/A', 'N/A', 'N/A', 'N/A', 'N/A', 'N/A', 'N/A', 'N/A', 'N/A', 'N/A', 'N/A', 'N/A', 'N/A', 'N/A', 'N/A', 'N/A', 'N/A', 'N/A', 'N/A', 'N/A', 'N/A']","[0, 0, 0, 0, 0, 0, 0, 0]","[0, 0, 0, 0, 0, 0, 0, 0, 0, 0, 0, 0, 0, 0, 0, 0, 0, 0, 0, 0, 0, 0, 0, 0, 0, 0, 0, 0, 0, 0, 0, 0, 0, 0, 0, 0, 0, 0, 0, 0]","[0, 0, 0, 0]",216,N/A,N/A,N/A,N/A,ENABLED,94,500,2400,DISABLED,ENABLED,94,500,2400,DISABLED,ENABLED,94,500,2400,DISABLED,ENABLED,95,500,2400,DISABLED,ENABLED,94,500,2400,DISABLED,ENABLED,94,500,2400,DISABLED,ENABLED,94,500,2400,DISABLED,ENABLED,95,500,2400,DISABLED,ENABLED,1900,1900,1900,N/A,DISABLED,59,1900,1900,N/A,ENABLED,59,1900,1900,N/A,ENABLED,59,1900,1900,N/A,ENABLED,59,1900,1900,N/A,ENABLED,48,1520,1520,N/A,ENABLED,48,1520,1520,N/A,ENABLED,48,1520,1520,N/A,ENABLED,48,1520,1520,N/A,ENABLED,1250,1250,1250,N/A,DISABLED,38,1200,1200,N/A,ENABLED,N/A,42,28
1789726639,1,0,0,N/A,"['N/A', 'N/A', 'N/A', 'N/A']","['N/A', 'N/A', 'N/A', 'N/A', 'N/A', 'N/A', 'N/A', 'N/A', 'N/A', 'N/A', 'N/A', 'N/A', 'N/A', 'N/A', 'N/A', 'N/A', 'N/A', 'N/A', 'N/A', 'N/A', 'N/A', 'N/A', 'N/A', 'N/A', 'N/A', 'N/A', 'N/A', 'N/A', 'N/A', 'N/A', 'N/A', 'N/A']","[0, 0, 0, 0, 0, 0, 0, 0]","[0, 0, 0, 0, 0, 0, 0, 0, 0, 0, 0, 0, 0, 0, 0, 0, 0, 0, 0, 0, 0, 0, 0, 0, 0, 0, 0, 0, 0, 0, 0, 0, 0, 0, 0, 0, 0, 0, 0, 0]","[0, 0, 0, 0]",219,N/A,N/A,N/A,N/A,ENABLED,94,500,2400,DISABLED,ENABLED,95,500,2400,DISABLED,ENABLED,94,500,2400,DISABLED,ENABLED,95,500,2400,DISABLED,ENABLED,94,500,2400,DISABLED,ENABLED,95,500,2400,DISABLED,ENABLED,111,500,2400,DISABLED,ENABLED,111,500,2400,DISABLED,ENABLED,1900,1900,1900,N/A,DISABLED,59,1900,1900,N/A,ENABLED,59,1900,1900,N/A,ENABLED,59,1900,1900,N/A,ENABLED,59,1900,1900,N/A,ENABLED,48,1520,1520,N/A,ENABLED,48,1520,1520,N/A,ENABLED,48,1520,1520,N/A,ENABLED,48,1520,1520,N/A,ENABLED,1250,1250,1250,N/A,DISABLED,38,1200,1200,N/A,ENABLED,N/A,41,28
1789726639,2,0,0,N/A,"['N/A', 'N/A', 'N/A', 'N/A']","['N/A', 'N/A', 'N/A', 'N/A', 'N/A', 'N/A', 'N/A', 'N/A', 'N/A', 'N/A', 'N/A', 'N/A', 'N/A', 'N/A', 'N/A', 'N/A', 'N/A', 'N/A', 'N/A', 'N/A', 'N/A', 'N/A', 'N/A', 'N/A', 'N/A', 'N/A', 'N/A', 'N/A', 'N/A', 'N/A', 'N/A', 'N/A']","[0, 0, 0, 0, 0, 0, 0, 0]","[0, 0, 0, 0, 0, 0, 0, 0, 0, 0, 0, 0, 0, 0, 0, 0, 0, 0, 0, 0, 0, 0, 0, 0, 0, 0, 0, 0, 0, 0, 0, 0, 0, 0, 0, 0, 0, 0, 0, 0]","[0, 0, 0, 0]",212,N/A,N/A,N/A,N/A,ENABLED,94,500,2400,DISABLED,ENABLED,94,500,2400,DISABLED,ENABLED,94,500,2400,DISABLED,ENABLED,95,500,2400,DISABLED,ENABLED,94,500,2400,DISABLED,ENABLED,95,500,2400,DISABLED,ENABLED,102,500,2400,DISABLED,ENABLED,102,500,2400,DISABLED,ENABLED,1900,1900,1900,N/A,DISABLED,59,1900,1900,N/A,ENABLED,59,1900,1900,N/A,ENABLED,59,1900,1900,N/A,ENABLED,59,1900,1900,N/A,ENABLED,48,1520,1520,N/A,ENABLED,48,1520,1520,N/A,ENABLED,48,1520,1520,N/A,ENABLED,48,1520,1520,N/A,ENABLED,1250,1250,1250,N/A,DISABLED,38,1200,1200,N/A,ENABLED,N/A,43,28
1789726639,3,100,4,N/A,"['N/A', 'N/A', 'N/A', 'N/A']","['N/A', 'N/A', 'N/A', 'N/A', 'N/A', 'N/A', 'N/A', 'N/A', 'N/A', 'N/A', 'N/A', 'N/A', 'N/A', 'N/A', 'N/A', 'N/A', 'N/A', 'N/A', 'N/A', 'N/A', 'N/A', 'N/A', 'N/A', 'N/A', 'N/A', 'N/A', 'N/A', 'N/A', 'N/A', 'N/A', 'N/A', 'N/A']","[100, 100, 100, 100, 100, 100, 100, 100]","[0, 0, 0, 0, 0, 0, 0, 0, 0, 0, 0, 0, 0, 0, 0, 0, 0, 0, 0, 0, 0, 0, 0, 0, 0, 0, 0, 0, 0, 0, 0, 0, 0, 0, 0, 0, 0, 0, 0, 0]","[0, 0, 0, 0]",366,N/A,N/A,N/A,N/A,ENABLED,2382,500,2400,DISABLED,DISABLED,2401,500,2400,DISABLED,DISABLED,2393,500,2400,DISABLED,DISABLED,2391,500,2400,DISABLED,DISABLED,2392,500,2400,DISABLED,DISABLED,2391,500,2400,DISABLED,DISABLED,2390,500,2400,DISABLED,DISABLED,2396,500,2400,DISABLED,DISABLED,1900,1900,1900,N/A,DISABLED,59,1900,1900,N/A,ENABLED,59,1900,1900,N/A,ENABLED,59,1900,1900,N/A,ENABLED,59,1900,1900,N/A,ENABLED,48,1520,1520,N/A,ENABLED,48,1520,1520,N/A,ENABLED,48,1520,1520,N/A,ENABLED,48,1520,1520,N/A,ENABLED,1250,1250,1250,N/A,DISABLED,209,1200,1200,N/A,ENABLED,N/A,44,32

1789726640,0,0,0,N/A,"['N/A', 'N/A', 'N/A', 'N/A']","['N/A', 'N/A', 'N/A', 'N/A', 'N/A', 'N/A', 'N/A', 'N/A', 'N/A', 'N/A', 'N/A', 'N/A', 'N/A', 'N/A', 'N/A', 'N/A', 'N/A', 'N/A', 'N/A', 'N/A', 'N/A', 'N/A', 'N/A', 'N/A', 'N/A', 'N/A', 'N/A', 'N/A', 'N/A', 'N/A', 'N/A', 'N/A']","[0, 0, 0, 0, 0, 0, 0, 0]","[0, 0, 0, 0, 0, 0, 0, 0, 0, 0, 0, 0, 0, 0, 0, 0, 0, 0, 0, 0, 0, 0, 0, 0, 0, 0, 0, 0, 0, 0, 0, 0, 0, 0, 0, 0, 0, 0, 0, 0]","[0, 0, 0, 0]",215,N/A,N/A,N/A,N/A,ENABLED,94,500,2400,DISABLED,ENABLED,94,500,2400,DISABLED,ENABLED,94,500,2400,DISABLED,ENABLED,95,500,2400,DISABLED,ENABLED,94,500,2400,DISABLED,ENABLED,94,500,2400,DISABLED,ENABLED,94,500,2400,DISABLED,ENABLED,95,500,2400,DISABLED,ENABLED,1900,1900,1900,N/A,DISABLED,59,1900,1900,N/A,ENABLED,59,1900,1900,N/A,ENABLED,59,1900,1900,N/A,ENABLED,59,1900,1900,N/A,ENABLED,48,1520,1520,N/A,ENABLED,48,1520,1520,N/A,ENABLED,48,1520,1520,N/A,ENABLED,48,1520,1520,N/A,ENABLED,1250,1250,1250,N/A,DISABLED,38,1200,1200,N/A,ENABLED,N/A,42,28
1789726640,1,0,0,N/A,"['N/A', 'N/A', 'N/A', 'N/A']","['N/A', 'N/A', 'N/A', 'N/A', 'N/A', 'N/A', 'N/A', 'N/A', 'N/A', 'N/A', 'N/A', 'N/A', 'N/A', 'N/A', 'N/A', 'N/A', 'N/A', 'N/A', 'N/A', 'N/A', 'N/A', 'N/A', 'N/A', 'N/A', 'N/A', 'N/A', 'N/A', 'N/A', 'N/A', 'N/A', 'N/A', 'N/A']","[0, 0, 0, 0, 0, 0, 0, 0]","[0, 0, 0, 0, 0, 0, 0, 0, 0, 0, 0, 0, 0, 0, 0, 0, 0, 0, 0, 0, 0, 0, 0, 0, 0, 0, 0, 0, 0, 0, 0, 0, 0, 0, 0, 0, 0, 0, 0, 0]","[0, 0, 0, 0]",219,N/A,N/A,N/A,N/A,ENABLED,94,500,2400,DISABLED,ENABLED,95,500,2400,DISABLED,ENABLED,94,500,2400,DISABLED,ENABLED,95,500,2400,DISABLED,ENABLED,94,500,2400,DISABLED,ENABLED,95,500,2400,DISABLED,ENABLED,100,500,2400,DISABLED,ENABLED,100,500,2400,DISABLED,ENABLED,1900,1900,1900,N/A,DISABLED,59,1900,1900,N/A,ENABLED,59,1900,1900,N/A,ENABLED,59,1900,1900,N/A,ENABLED,59,1900,1900,N/A,ENABLED,48,1520,1520,N/A,ENABLED,48,1520,1520,N/A,ENABLED,48,1520,1520,N/A,ENABLED,48,1520,1520,N/A,ENABLED,1250,1250,1250,N/A,DISABLED,38,1200,1200,N/A,ENABLED,N/A,41,28
1789726640,2,0,0,N/A,"['N/A', 'N/A', 'N/A', 'N/A']","['N/A', 'N/A', 'N/A', 'N/A', 'N/A', 'N/A', 'N/A', 'N/A', 'N/A', 'N/A', 'N/A', 'N/A', 'N/A', 'N/A', 'N/A', 'N/A', 'N/A', 'N/A', 'N/A', 'N/A', 'N/A', 'N/A', 'N/A', 'N/A', 'N/A', 'N/A', 'N/A', 'N/A', 'N/A', 'N/A', 'N/A', 'N/A']","[0, 0, 0, 0, 0, 0, 0, 0]","[0, 0, 0, 0, 0, 0, 0, 0, 0, 0, 0, 0, 0, 0, 0, 0, 0, 0, 0, 0, 0, 0, 0, 0, 0, 0, 0, 0, 0, 0, 0, 0, 0, 0, 0, 0, 0, 0, 0, 0]","[0, 0, 0, 0]",212,N/A,N/A,N/A,N/A,ENABLED,94,500,2400,DISABLED,ENABLED,94,500,2400,DISABLED,ENABLED,94,500,2400,DISABLED,ENABLED,95,500,2400,DISABLED,ENABLED,94,500,2400,DISABLED,ENABLED,95,500,2400,DISABLED,ENABLED,102,500,2400,DISABLED,ENABLED,102,500,2400,DISABLED,ENABLED,1900,1900,1900,N/A,DISABLED,59,1900,1900,N/A,ENABLED,59,1900,1900,N/A,ENABLED,59,1900,1900,N/A,ENABLED,59,1900,1900,N/A,ENABLED,48,1520,1520,N/A,ENABLED,48,1520,1520,N/A,ENABLED,48,1520,1520,N/A,ENABLED,48,1520,1520,N/A,ENABLED,1250,1250,1250,N/A,DISABLED,38,1200,1200,N/A,ENABLED,N/A,43,28
1789726640,3,100,5,N/A,"['N/A', 'N/A', 'N/A', 'N/A']","['N/A', 'N/A', 'N/A', 'N/A', 'N/A', 'N/A', 'N/A', 'N/A', 'N/A', 'N/A', 'N/A', 'N/A', 'N/A', 'N/A', 'N/A', 'N/A', 'N/A', 'N/A', 'N/A', 'N/A', 'N/A', 'N/A', 'N/A', 'N/A', 'N/A', 'N/A', 'N/A', 'N/A', 'N/A', 'N/A', 'N/A', 'N/A']","[100, 100, 100, 100, 100, 100, 100, 100]","[0, 0, 0, 0, 0, 0, 0, 0, 0, 0, 0, 0, 0, 0, 0, 0, 0, 0, 0, 0, 0, 0, 0, 0, 0, 0, 0, 0, 0, 0, 0, 0, 0, 0, 0, 0, 0, 0, 0, 0]","[0, 0, 0, 0]",370,N/A,N/A,N/A,N/A,ENABLED,2384,500,2400,DISABLED,DISABLED,2402,500,2400,DISABLED,DISABLED,2392,500,2400,DISABLED,DISABLED,2390,500,2400,DISABLED,DISABLED,2391,500,2400,DISABLED,DISABLED,2390,500,2400,DISABLED,DISABLED,2389,500,2400,DISABLED,DISABLED,2396,500,2400,DISABLED,DISABLED,1900,1900,1900,N/A,DISABLED,59,1900,1900,N/A,ENABLED,59,1900,1900,N/A,ENABLED,59,1900,1900,N/A,ENABLED,59,1900,1900,N/A,ENABLED,48,1520,1520,N/A,ENABLED,48,1520,1520,N/A,ENABLED,48,1520,1520,N/A,ENABLED,48,1520,1520,N/A,ENABLED,1250,1250,1250,N/A,DISABLED,223,1200,1200,N/A,ENABLED,N/A,44,33

1789726641,0,0,0,N/A,"['N/A', 'N/A', 'N/A', 'N/A']","['N/A', 'N/A', 'N/A', 'N/A', 'N/A', 'N/A', 'N/A', 'N/A', 'N/A', 'N/A', 'N/A', 'N/A', 'N/A', 'N/A', 'N/A', 'N/A', 'N/A', 'N/A', 'N/A', 'N/A', 'N/A', 'N/A', 'N/A', 'N/A', 'N/A', 'N/A', 'N/A', 'N/A', 'N/A', 'N/A', 'N/A', 'N/A']","[0, 0, 0, 0, 0, 0, 0, 0]","[0, 0, 0, 0, 0, 0, 0, 0, 0, 0, 0, 0, 0, 0, 0, 0, 0, 0, 0, 0, 0, 0, 0, 0, 0, 0, 0, 0, 0, 0, 0, 0, 0, 0, 0, 0, 0, 0, 0, 0]","[0, 0, 0, 0]",215,N/A,N/A,N/A,N/A,ENABLED,94,500,2400,DISABLED,ENABLED,94,500,2400,DISABLED,ENABLED,94,500,2400,DISABLED,ENABLED,95,500,2400,DISABLED,ENABLED,94,500,2400,DISABLED,ENABLED,94,500,2400,DISABLED,ENABLED,94,500,2400,DISABLED,ENABLED,95,500,2400,DISABLED,ENABLED,1900,1900,1900,N/A,DISABLED,59,1900,1900,N/A,ENABLED,59,1900,1900,N/A,ENABLED,59,1900,1900,N/A,ENABLED,59,1900,1900,N/A,ENABLED,48,1520,1520,N/A,ENABLED,48,1520,1520,N/A,ENABLED,48,1520,1520,N/A,ENABLED,48,1520,1520,N/A,ENABLED,1250,1250,1250,N/A,DISABLED,38,1200,1200,N/A,ENABLED,N/A,42,28
1789726641,1,0,0,N/A,"['N/A', 'N/A', 'N/A', 'N/A']","['N/A', 'N/A', 'N/A', 'N/A', 'N/A', 'N/A', 'N/A', 'N/A', 'N/A', 'N/A', 'N/A', 'N/A', 'N/A', 'N/A', 'N/A', 'N/A', 'N/A', 'N/A', 'N/A', 'N/A', 'N/A', 'N/A', 'N/A', 'N/A', 'N/A', 'N/A', 'N/A', 'N/A', 'N/A', 'N/A', 'N/A', 'N/A']","[0, 0, 0, 0, 0, 0, 0, 0]","[0, 0, 0, 0, 0, 0, 0, 0, 0, 0, 0, 0, 0, 0, 0, 0, 0, 0, 0, 0, 0, 0, 0, 0, 0, 0, 0, 0, 0, 0, 0, 0, 0, 0, 0, 0, 0, 0, 0, 0]","[0, 0, 0, 0]",219,N/A,N/A,N/A,N/A,ENABLED,94,500,2400,DISABLED,ENABLED,95,500,2400,DISABLED,ENABLED,95,500,2400,DISABLED,ENABLED,95,500,2400,DISABLED,ENABLED,94,500,2400,DISABLED,ENABLED,95,500,2400,DISABLED,ENABLED,98,500,2400,DISABLED,ENABLED,98,500,2400,DISABLED,ENABLED,1900,1900,1900,N/A,DISABLED,59,1900,1900,N/A,ENABLED,59,1900,1900,N/A,ENABLED,59,1900,1900,N/A,ENABLED,59,1900,1900,N/A,ENABLED,48,1520,1520,N/A,ENABLED,48,1520,1520,N/A,ENABLED,48,1520,1520,N/A,ENABLED,48,1520,1520,N/A,ENABLED,1250,1250,1250,N/A,DISABLED,38,1200,1200,N/A,ENABLED,N/A,41,28
1789726641,2,0,0,N/A,"['N/A', 'N/A', 'N/A', 'N/A']","['N/A', 'N/A', 'N/A', 'N/A', 'N/A', 'N/A', 'N/A', 'N/A', 'N/A', 'N/A', 'N/A', 'N/A', 'N/A', 'N/A', 'N/A', 'N/A', 'N/A', 'N/A', 'N/A', 'N/A', 'N/A', 'N/A', 'N/A', 'N/A', 'N/A', 'N/A', 'N/A', 'N/A', 'N/A', 'N/A', 'N/A', 'N/A']","[0, 0, 0, 0, 0, 0, 0, 0]","[0, 0, 0, 0, 0, 0, 0, 0, 0, 0, 0, 0, 0, 0, 0, 0, 0, 0, 0, 0, 0, 0, 0, 0, 0, 0, 0, 0, 0, 0, 0, 0, 0, 0, 0, 0, 0, 0, 0, 0]","[0, 0, 0, 0]",212,N/A,N/A,N/A,N/A,ENABLED,94,500,2400,DISABLED,ENABLED,94,500,2400,DISABLED,ENABLED,94,500,2400,DISABLED,ENABLED,95,500,2400,DISABLED,ENABLED,94,500,2400,DISABLED,ENABLED,95,500,2400,DISABLED,ENABLED,105,500,2400,DISABLED,ENABLED,105,500,2400,DISABLED,ENABLED,1900,1900,1900,N/A,DISABLED,59,1900,1900,N/A,ENABLED,59,1900,1900,N/A,ENABLED,59,1900,1900,N/A,ENABLED,59,1900,1900,N/A,ENABLED,48,1520,1520,N/A,ENABLED,48,1520,1520,N/A,ENABLED,48,1520,1520,N/A,ENABLED,48,1520,1520,N/A,ENABLED,1250,1250,1250,N/A,DISABLED,38,1200,1200,N/A,ENABLED,N/A,43,28
1789726641,3,100,4,N/A,"['N/A', 'N/A', 'N/A', 'N/A']","['N/A', 'N/A', 'N/A', 'N/A', 'N/A', 'N/A', 'N/A', 'N/A', 'N/A', 'N/A', 'N/A', 'N/A', 'N/A', 'N/A', 'N/A', 'N/A', 'N/A', 'N/A', 'N/A', 'N/A', 'N/A', 'N/A', 'N/A', 'N/A', 'N/A', 'N/A', 'N/A', 'N/A', 'N/A', 'N/A', 'N/A', 'N/A']","[100, 100, 100, 100, 100, 100, 100, 100]","[0, 0, 0, 0, 0, 0, 0, 0, 0, 0, 0, 0, 0, 0, 0, 0, 0, 0, 0, 0, 0, 0, 0, 0, 0, 0, 0, 0, 0, 0, 0, 0, 0, 0, 0, 0, 0, 0, 0, 0]","[0, 0, 0, 0]",362,N/A,N/A,N/A,N/A,ENABLED,2385,500,2400,DISABLED,DISABLED,2402,500,2400,DISABLED,DISABLED,2391,500,2400,DISABLED,DISABLED,2389,500,2400,DISABLED,DISABLED,2392,500,2400,DISABLED,DISABLED,2391,500,2400,DISABLED,DISABLED,2389,500,2400,DISABLED,DISABLED,2396,500,2400,DISABLED,DISABLED,1900,1900,1900,N/A,DISABLED,59,1900,1900,N/A,ENABLED,59,1900,1900,N/A,ENABLED,59,1900,1900,N/A,ENABLED,59,1900,1900,N/A,ENABLED,48,1520,1520,N/A,ENABLED,48,1520,1520,N/A,ENABLED,48,1520,1520,N/A,ENABLED,48,1520,1520,N/A,ENABLED,1250,1250,1250,N/A,DISABLED,209,1200,1200,N/A,ENABLED,N/A,44,32

1789726642,0,0,0,N/A,"['N/A', 'N/A', 'N/A', 'N/A']","['N/A', 'N/A', 'N/A', 'N/A', 'N/A', 'N/A', 'N/A', 'N/A', 'N/A', 'N/A', 'N/A', 'N/A', 'N/A', 'N/A', 'N/A', 'N/A', 'N/A', 'N/A', 'N/A', 'N/A', 'N/A', 'N/A', 'N/A', 'N/A', 'N/A', 'N/A', 'N/A', 'N/A', 'N/A', 'N/A', 'N/A', 'N/A']","[0, 0, 0, 0, 0, 0, 0, 0]","[0, 0, 0, 0, 0, 0, 0, 0, 0, 0, 0, 0, 0, 0, 0, 0, 0, 0, 0, 0, 0, 0, 0, 0, 0, 0, 0, 0, 0, 0, 0, 0, 0, 0, 0, 0, 0, 0, 0, 0]","[0, 0, 0, 0]",216,N/A,N/A,N/A,N/A,ENABLED,94,500,2400,DISABLED,ENABLED,95,500,2400,DISABLED,ENABLED,94,500,2400,DISABLED,ENABLED,95,500,2400,DISABLED,ENABLED,95,500,2400,DISABLED,ENABLED,95,500,2400,DISABLED,ENABLED,94,500,2400,DISABLED,ENABLED,95,500,2400,DISABLED,ENABLED,1900,1900,1900,N/A,DISABLED,59,1900,1900,N/A,ENABLED,59,1900,1900,N/A,ENABLED,59,1900,1900,N/A,ENABLED,59,1900,1900,N/A,ENABLED,48,1520,1520,N/A,ENABLED,48,1520,1520,N/A,ENABLED,48,1520,1520,N/A,ENABLED,48,1520,1520,N/A,ENABLED,1250,1250,1250,N/A,DISABLED,38,1200,1200,N/A,ENABLED,N/A,42,28
1789726642,1,0,0,N/A,"['N/A', 'N/A', 'N/A', 'N/A']","['N/A', 'N/A', 'N/A', 'N/A', 'N/A', 'N/A', 'N/A', 'N/A', 'N/A', 'N/A', 'N/A', 'N/A', 'N/A', 'N/A', 'N/A', 'N/A', 'N/A', 'N/A', 'N/A', 'N/A', 'N/A', 'N/A', 'N/A', 'N/A', 'N/A', 'N/A', 'N/A', 'N/A', 'N/A', 'N/A', 'N/A', 'N/A']","[0, 0, 0, 0, 0, 0, 0, 0]","[0, 0, 0, 0, 0, 0, 0, 0, 0, 0, 0, 0, 0, 0, 0, 0, 0, 0, 0, 0, 0, 0, 0, 0, 0, 0, 0, 0, 0, 0, 0, 0, 0, 0, 0, 0, 0, 0, 0, 0]","[0, 0, 0, 0]",219,N/A,N/A,N/A,N/A,ENABLED,94,500,2400,DISABLED,ENABLED,95,500,2400,DISABLED,ENABLED,94,500,2400,DISABLED,ENABLED,95,500,2400,DISABLED,ENABLED,94,500,2400,DISABLED,ENABLED,95,500,2400,DISABLED,ENABLED,114,500,2400,DISABLED,ENABLED,114,500,2400,DISABLED,ENABLED,1900,1900,1900,N/A,DISABLED,59,1900,1900,N/A,ENABLED,59,1900,1900,N/A,ENABLED,59,1900,1900,N/A,ENABLED,59,1900,1900,N/A,ENABLED,48,1520,1520,N/A,ENABLED,48,1520,1520,N/A,ENABLED,48,1520,1520,N/A,ENABLED,48,1520,1520,N/A,ENABLED,1250,1250,1250,N/A,DISABLED,38,1200,1200,N/A,ENABLED,N/A,41,28
1789726642,2,0,0,N/A,"['N/A', 'N/A', 'N/A', 'N/A']","['N/A', 'N/A', 'N/A', 'N/A', 'N/A', 'N/A', 'N/A', 'N/A', 'N/A', 'N/A', 'N/A', 'N/A', 'N/A', 'N/A', 'N/A', 'N/A', 'N/A', 'N/A', 'N/A', 'N/A', 'N/A', 'N/A', 'N/A', 'N/A', 'N/A', 'N/A', 'N/A', 'N/A', 'N/A', 'N/A', 'N/A', 'N/A']","[0, 0, 0, 0, 0, 0, 0, 0]","[0, 0, 0, 0, 0, 0, 0, 0, 0, 0, 0, 0, 0, 0, 0, 0, 0, 0, 0, 0, 0, 0, 0, 0, 0, 0, 0, 0, 0, 0, 0, 0, 0, 0, 0, 0, 0, 0, 0, 0]","[0, 0, 0, 0]",211,N/A,N/A,N/A,N/A,ENABLED,94,500,2400,DISABLED,ENABLED,94,500,2400,DISABLED,ENABLED,94,500,2400,DISABLED,ENABLED,95,500,2400,DISABLED,ENABLED,94,500,2400,DISABLED,ENABLED,95,500,2400,DISABLED,ENABLED,107,500,2400,DISABLED,ENABLED,107,500,2400,DISABLED,ENABLED,1900,1900,1900,N/A,DISABLED,59,1900,1900,N/A,ENABLED,59,1900,1900,N/A,ENABLED,59,1900,1900,N/A,ENABLED,59,1900,1900,N/A,ENABLED,48,1520,1520,N/A,ENABLED,48,1520,1520,N/A,ENABLED,48,1520,1520,N/A,ENABLED,48,1520,1520,N/A,ENABLED,1250,1250,1250,N/A,DISABLED,38,1200,1200,N/A,ENABLED,N/A,43,28
1789726642,3,100,4,N/A,"['N/A', 'N/A', 'N/A', 'N/A']","['N/A', 'N/A', 'N/A', 'N/A', 'N/A', 'N/A', 'N/A', 'N/A', 'N/A', 'N/A', 'N/A', 'N/A', 'N/A', 'N/A', 'N/A', 'N/A', 'N/A', 'N/A', 'N/A', 'N/A', 'N/A', 'N/A', 'N/A', 'N/A', 'N/A', 'N/A', 'N/A', 'N/A', 'N/A', 'N/A', 'N/A', 'N/A']","[100, 100, 100, 100, 100, 100, 100, 100]","[0, 0, 0, 0, 0, 0, 0, 0, 0, 0, 0, 0, 0, 0, 0, 0, 0, 0, 0, 0, 0, 0, 0, 0, 0, 0, 0, 0, 0, 0, 0, 0, 0, 0, 0, 0, 0, 0, 0, 0]","[0, 0, 0, 0]",367,N/A,N/A,N/A,N/A,ENABLED,2386,500,2400,DISABLED,DISABLED,2403,500,2400,DISABLED,DISABLED,2390,500,2400,DISABLED,DISABLED,2387,500,2400,DISABLED,DISABLED,2392,500,2400,DISABLED,DISABLED,2392,500,2400,DISABLED,DISABLED,2389,500,2400,DISABLED,DISABLED,2395,500,2400,DISABLED,DISABLED,1900,1900,1900,N/A,DISABLED,59,1900,1900,N/A,ENABLED,59,1900,1900,N/A,ENABLED,59,1900,1900,N/A,ENABLED,59,1900,1900,N/A,ENABLED,48,1520,1520,N/A,ENABLED,48,1520,1520,N/A,ENABLED,48,1520,1520,N/A,ENABLED,48,1520,1520,N/A,ENABLED,1250,1250,1250,N/A,DISABLED,217,1200,1200,N/A,ENABLED,N/A,44,32

1789726643,0,0,0,N/A,"['N/A', 'N/A', 'N/A', 'N/A']","['N/A', 'N/A', 'N/A', 'N/A', 'N/A', 'N/A', 'N/A', 'N/A', 'N/A', 'N/A', 'N/A', 'N/A', 'N/A', 'N/A', 'N/A', 'N/A', 'N/A', 'N/A', 'N/A', 'N/A', 'N/A', 'N/A', 'N/A', 'N/A', 'N/A', 'N/A', 'N/A', 'N/A', 'N/A', 'N/A', 'N/A', 'N/A']","[0, 0, 0, 0, 0, 0, 0, 0]","[0, 0, 0, 0, 0, 0, 0, 0, 0, 0, 0, 0, 0, 0, 0, 0, 0, 0, 0, 0, 0, 0, 0, 0, 0, 0, 0, 0, 0, 0, 0, 0, 0, 0, 0, 0, 0, 0, 0, 0]","[0, 0, 0, 0]",215,N/A,N/A,N/A,N/A,ENABLED,94,500,2400,DISABLED,ENABLED,95,500,2400,DISABLED,ENABLED,94,500,2400,DISABLED,ENABLED,94,500,2400,DISABLED,ENABLED,96,500,2400,DISABLED,ENABLED,96,500,2400,DISABLED,ENABLED,94,500,2400,DISABLED,ENABLED,95,500,2400,DISABLED,ENABLED,1900,1900,1900,N/A,DISABLED,59,1900,1900,N/A,ENABLED,59,1900,1900,N/A,ENABLED,59,1900,1900,N/A,ENABLED,59,1900,1900,N/A,ENABLED,48,1520,1520,N/A,ENABLED,48,1520,1520,N/A,ENABLED,48,1520,1520,N/A,ENABLED,48,1520,1520,N/A,ENABLED,1250,1250,1250,N/A,DISABLED,38,1200,1200,N/A,ENABLED,N/A,42,28
1789726643,1,0,0,N/A,"['N/A', 'N/A', 'N/A', 'N/A']","['N/A', 'N/A', 'N/A', 'N/A', 'N/A', 'N/A', 'N/A', 'N/A', 'N/A', 'N/A', 'N/A', 'N/A', 'N/A', 'N/A', 'N/A', 'N/A', 'N/A', 'N/A', 'N/A', 'N/A', 'N/A', 'N/A', 'N/A', 'N/A', 'N/A', 'N/A', 'N/A', 'N/A', 'N/A', 'N/A', 'N/A', 'N/A']","[0, 0, 0, 0, 0, 0, 0, 0]","[0, 0, 0, 0, 0, 0, 0, 0, 0, 0, 0, 0, 0, 0, 0, 0, 0, 0, 0, 0, 0, 0, 0, 0, 0, 0, 0, 0, 0, 0, 0, 0, 0, 0, 0, 0, 0, 0, 0, 0]","[0, 0, 0, 0]",218,N/A,N/A,N/A,N/A,ENABLED,94,500,2400,DISABLED,ENABLED,95,500,2400,DISABLED,ENABLED,94,500,2400,DISABLED,ENABLED,95,500,2400,DISABLED,ENABLED,94,500,2400,DISABLED,ENABLED,94,500,2400,DISABLED,ENABLED,98,500,2400,DISABLED,ENABLED,99,500,2400,DISABLED,ENABLED,1900,1900,1900,N/A,DISABLED,59,1900,1900,N/A,ENABLED,59,1900,1900,N/A,ENABLED,59,1900,1900,N/A,ENABLED,59,1900,1900,N/A,ENABLED,48,1520,1520,N/A,ENABLED,48,1520,1520,N/A,ENABLED,48,1520,1520,N/A,ENABLED,48,1520,1520,N/A,ENABLED,1250,1250,1250,N/A,DISABLED,38,1200,1200,N/A,ENABLED,N/A,41,28
1789726643,2,0,0,N/A,"['N/A', 'N/A', 'N/A', 'N/A']","['N/A', 'N/A', 'N/A', 'N/A', 'N/A', 'N/A', 'N/A', 'N/A', 'N/A', 'N/A', 'N/A', 'N/A', 'N/A', 'N/A', 'N/A', 'N/A', 'N/A', 'N/A', 'N/A', 'N/A', 'N/A', 'N/A', 'N/A', 'N/A', 'N/A', 'N/A', 'N/A', 'N/A', 'N/A', 'N/A', 'N/A', 'N/A']","[0, 0, 0, 0, 0, 0, 0, 0]","[0, 0, 0, 0, 0, 0, 0, 0, 0, 0, 0, 0, 0, 0, 0, 0, 0, 0, 0, 0, 0, 0, 0, 0, 0, 0, 0, 0, 0, 0, 0, 0, 0, 0, 0, 0, 0, 0, 0, 0]","[0, 0, 0, 0]",211,N/A,N/A,N/A,N/A,ENABLED,94,500,2400,DISABLED,ENABLED,94,500,2400,DISABLED,ENABLED,94,500,2400,DISABLED,ENABLED,95,500,2400,DISABLED,ENABLED,94,500,2400,DISABLED,ENABLED,95,500,2400,DISABLED,ENABLED,98,500,2400,DISABLED,ENABLED,98,500,2400,DISABLED,ENABLED,1900,1900,1900,N/A,DISABLED,59,1900,1900,N/A,ENABLED,59,1900,1900,N/A,ENABLED,59,1900,1900,N/A,ENABLED,59,1900,1900,N/A,ENABLED,48,1520,1520,N/A,ENABLED,48,1520,1520,N/A,ENABLED,48,1520,1520,N/A,ENABLED,48,1520,1520,N/A,ENABLED,1250,1250,1250,N/A,DISABLED,38,1200,1200,N/A,ENABLED,N/A,43,28
1789726643,3,100,4,N/A,"['N/A', 'N/A', 'N/A', 'N/A']","['N/A', 'N/A', 'N/A', 'N/A', 'N/A', 'N/A', 'N/A', 'N/A', 'N/A', 'N/A', 'N/A', 'N/A', 'N/A', 'N/A', 'N/A', 'N/A', 'N/A', 'N/A', 'N/A', 'N/A', 'N/A', 'N/A', 'N/A', 'N/A', 'N/A', 'N/A', 'N/A', 'N/A', 'N/A', 'N/A', 'N/A', 'N/A']","[100, 100, 100, 100, 100, 100, 100, 100]","[0, 0, 0, 0, 0, 0, 0, 0, 0, 0, 0, 0, 0, 0, 0, 0, 0, 0, 0, 0, 0, 0, 0, 0, 0, 0, 0, 0, 0, 0, 0, 0, 0, 0, 0, 0, 0, 0, 0, 0]","[0, 0, 0, 0]",368,N/A,N/A,N/A,N/A,ENABLED,2385,500,2400,DISABLED,DISABLED,2402,500,2400,DISABLED,DISABLED,2391,500,2400,DISABLED,DISABLED,2388,500,2400,DISABLED,DISABLED,2391,500,2400,DISABLED,DISABLED,2391,500,2400,DISABLED,DISABLED,2387,500,2400,DISABLED,DISABLED,2393,500,2400,DISABLED,DISABLED,1900,1900,1900,N/A,DISABLED,59,1900,1900,N/A,ENABLED,59,1900,1900,N/A,ENABLED,59,1900,1900,N/A,ENABLED,59,1900,1900,N/A,ENABLED,48,1520,1520,N/A,ENABLED,48,1520,1520,N/A,ENABLED,48,1520,1520,N/A,ENABLED,48,1520,1520,N/A,ENABLED,1250,1250,1250,N/A,DISABLED,221,1200,1200,N/A,ENABLED,N/A,44,32

1789726644,0,0,0,N/A,"['N/A', 'N/A', 'N/A', 'N/A']","['N/A', 'N/A', 'N/A', 'N/A', 'N/A', 'N/A', 'N/A', 'N/A', 'N/A', 'N/A', 'N/A', 'N/A', 'N/A', 'N/A', 'N/A', 'N/A', 'N/A', 'N/A', 'N/A', 'N/A', 'N/A', 'N/A', 'N/A', 'N/A', 'N/A', 'N/A', 'N/A', 'N/A', 'N/A', 'N/A', 'N/A', 'N/A']","[0, 0, 0, 0, 0, 0, 0, 0]","[0, 0, 0, 0, 0, 0, 0, 0, 0, 0, 0, 0, 0, 0, 0, 0, 0, 0, 0, 0, 0, 0, 0, 0, 0, 0, 0, 0, 0, 0, 0, 0, 0, 0, 0, 0, 0, 0, 0, 0]","[0, 0, 0, 0]",216,N/A,N/A,N/A,N/A,ENABLED,94,500,2400,DISABLED,ENABLED,95,500,2400,DISABLED,ENABLED,94,500,2400,DISABLED,ENABLED,95,500,2400,DISABLED,ENABLED,94,500,2400,DISABLED,ENABLED,94,500,2400,DISABLED,ENABLED,94,500,2400,DISABLED,ENABLED,95,500,2400,DISABLED,ENABLED,1900,1900,1900,N/A,DISABLED,59,1900,1900,N/A,ENABLED,59,1900,1900,N/A,ENABLED,59,1900,1900,N/A,ENABLED,59,1900,1900,N/A,ENABLED,48,1520,1520,N/A,ENABLED,48,1520,1520,N/A,ENABLED,48,1520,1520,N/A,ENABLED,48,1520,1520,N/A,ENABLED,1250,1250,1250,N/A,DISABLED,38,1200,1200,N/A,ENABLED,N/A,42,28
1789726644,1,0,0,N/A,"['N/A', 'N/A', 'N/A', 'N/A']","['N/A', 'N/A', 'N/A', 'N/A', 'N/A', 'N/A', 'N/A', 'N/A', 'N/A', 'N/A', 'N/A', 'N/A', 'N/A', 'N/A', 'N/A', 'N/A', 'N/A', 'N/A', 'N/A', 'N/A', 'N/A', 'N/A', 'N/A', 'N/A', 'N/A', 'N/A', 'N/A', 'N/A', 'N/A', 'N/A', 'N/A', 'N/A']","[0, 0, 0, 0, 0, 0, 0, 0]","[0, 0, 0, 0, 0, 0, 0, 0, 0, 0, 0, 0, 0, 0, 0, 0, 0, 0, 0, 0, 0, 0, 0, 0, 0, 0, 0, 0, 0, 0, 0, 0, 0, 0, 0, 0, 0, 0, 0, 0]","[0, 0, 0, 0]",219,N/A,N/A,N/A,N/A,ENABLED,94,500,2400,DISABLED,ENABLED,95,500,2400,DISABLED,ENABLED,94,500,2400,DISABLED,ENABLED,95,500,2400,DISABLED,ENABLED,94,500,2400,DISABLED,ENABLED,95,500,2400,DISABLED,ENABLED,95,500,2400,DISABLED,ENABLED,95,500,2400,DISABLED,ENABLED,1900,1900,1900,N/A,DISABLED,59,1900,1900,N/A,ENABLED,59,1900,1900,N/A,ENABLED,59,1900,1900,N/A,ENABLED,59,1900,1900,N/A,ENABLED,48,1520,1520,N/A,ENABLED,48,1520,1520,N/A,ENABLED,48,1520,1520,N/A,ENABLED,48,1520,1520,N/A,ENABLED,1250,1250,1250,N/A,DISABLED,38,1200,1200,N/A,ENABLED,N/A,41,28
1789726644,2,0,0,N/A,"['N/A', 'N/A', 'N/A', 'N/A']","['N/A', 'N/A', 'N/A', 'N/A', 'N/A', 'N/A', 'N/A', 'N/A', 'N/A', 'N/A', 'N/A', 'N/A', 'N/A', 'N/A', 'N/A', 'N/A', 'N/A', 'N/A', 'N/A', 'N/A', 'N/A', 'N/A', 'N/A', 'N/A', 'N/A', 'N/A', 'N/A', 'N/A', 'N/A', 'N/A', 'N/A', 'N/A']","[0, 0, 0, 0, 0, 0, 0, 0]","[0, 0, 0, 0, 0, 0, 0, 0, 0, 0, 0, 0, 0, 0, 0, 0, 0, 0, 0, 0, 0, 0, 0, 0, 0, 0, 0, 0, 0, 0, 0, 0, 0, 0, 0, 0, 0, 0, 0, 0]","[0, 0, 0, 0]",212,N/A,N/A,N/A,N/A,ENABLED,94,500,2400,DISABLED,ENABLED,94,500,2400,DISABLED,ENABLED,94,500,2400,DISABLED,ENABLED,95,500,2400,DISABLED,ENABLED,94,500,2400,DISABLED,ENABLED,95,500,2400,DISABLED,ENABLED,96,500,2400,DISABLED,ENABLED,95,500,2400,DISABLED,ENABLED,1900,1900,1900,N/A,DISABLED,59,1900,1900,N/A,ENABLED,59,1900,1900,N/A,ENABLED,59,1900,1900,N/A,ENABLED,59,1900,1900,N/A,ENABLED,48,1520,1520,N/A,ENABLED,48,1520,1520,N/A,ENABLED,48,1520,1520,N/A,ENABLED,48,1520,1520,N/A,ENABLED,1250,1250,1250,N/A,DISABLED,38,1200,1200,N/A,ENABLED,N/A,43,28
1789726644,3,100,4,N/A,"['N/A', 'N/A', 'N/A', 'N/A']","['N/A', 'N/A', 'N/A', 'N/A', 'N/A', 'N/A', 'N/A', 'N/A', 'N/A', 'N/A', 'N/A', 'N/A', 'N/A', 'N/A', 'N/A', 'N/A', 'N/A', 'N/A', 'N/A', 'N/A', 'N/A', 'N/A', 'N/A', 'N/A', 'N/A', 'N/A', 'N/A', 'N/A', 'N/A', 'N/A', 'N/A', 'N/A']","[100, 100, 100, 100, 100, 100, 100, 100]","[0, 0, 0, 0, 0, 0, 0, 0, 0, 0, 0, 0, 0, 0, 0, 0, 0, 0, 0, 0, 0, 0, 0, 0, 0, 0, 0, 0, 0, 0, 0, 0, 0, 0, 0, 0, 0, 0, 0, 0]","[0, 0, 0, 0]",365,N/A,N/A,N/A,N/A,ENABLED,2385,500,2400,DISABLED,DISABLED,2402,500,2400,DISABLED,DISABLED,2391,500,2400,DISABLED,DISABLED,2388,500,2400,DISABLED,DISABLED,2395,500,2400,DISABLED,DISABLED,2396,500,2400,DISABLED,DISABLED,2389,500,2400,DISABLED,DISABLED,2395,500,2400,DISABLED,DISABLED,1900,1900,1900,N/A,DISABLED,59,1900,1900,N/A,ENABLED,59,1900,1900,N/A,ENABLED,59,1900,1900,N/A,ENABLED,59,1900,1900,N/A,ENABLED,48,1520,1520,N/A,ENABLED,48,1520,1520,N/A,ENABLED,48,1520,1520,N/A,ENABLED,48,1520,1520,N/A,ENABLED,1250,1250,1250,N/A,DISABLED,213,1200,1200,N/A,ENABLED,N/A,44,32

1789726645,0,0,0,N/A,"['N/A', 'N/A', 'N/A', 'N/A']","['N/A', 'N/A', 'N/A', 'N/A', 'N/A', 'N/A', 'N/A', 'N/A', 'N/A', 'N/A', 'N/A', 'N/A', 'N/A', 'N/A', 'N/A', 'N/A', 'N/A', 'N/A', 'N/A', 'N/A', 'N/A', 'N/A', 'N/A', 'N/A', 'N/A', 'N/A', 'N/A', 'N/A', 'N/A', 'N/A', 'N/A', 'N/A']","[0, 0, 0, 0, 0, 0, 0, 0]","[0, 0, 0, 0, 0, 0, 0, 0, 0, 0, 0, 0, 0, 0, 0, 0, 0, 0, 0, 0, 0, 0, 0, 0, 0, 0, 0, 0, 0, 0, 0, 0, 0, 0, 0, 0, 0, 0, 0, 0]","[0, 0, 0, 0]",216,N/A,N/A,N/A,N/A,ENABLED,94,500,2400,DISABLED,ENABLED,94,500,2400,DISABLED,ENABLED,94,500,2400,DISABLED,ENABLED,95,500,2400,DISABLED,ENABLED,95,500,2400,DISABLED,ENABLED,95,500,2400,DISABLED,ENABLED,94,500,2400,DISABLED,ENABLED,95,500,2400,DISABLED,ENABLED,1900,1900,1900,N/A,DISABLED,59,1900,1900,N/A,ENABLED,59,1900,1900,N/A,ENABLED,59,1900,1900,N/A,ENABLED,59,1900,1900,N/A,ENABLED,48,1520,1520,N/A,ENABLED,48,1520,1520,N/A,ENABLED,48,1520,1520,N/A,ENABLED,48,1520,1520,N/A,ENABLED,1250,1250,1250,N/A,DISABLED,38,1200,1200,N/A,ENABLED,N/A,42,28
1789726645,1,0,0,N/A,"['N/A', 'N/A', 'N/A', 'N/A']","['N/A', 'N/A', 'N/A', 'N/A', 'N/A', 'N/A', 'N/A', 'N/A', 'N/A', 'N/A', 'N/A', 'N/A', 'N/A', 'N/A', 'N/A', 'N/A', 'N/A', 'N/A', 'N/A', 'N/A', 'N/A', 'N/A', 'N/A', 'N/A', 'N/A', 'N/A', 'N/A', 'N/A', 'N/A', 'N/A', 'N/A', 'N/A']","[0, 0, 0, 0, 0, 0, 0, 0]","[0, 0, 0, 0, 0, 0, 0, 0, 0, 0, 0, 0, 0, 0, 0, 0, 0, 0, 0, 0, 0, 0, 0, 0, 0, 0, 0, 0, 0, 0, 0, 0, 0, 0, 0, 0, 0, 0, 0, 0]","[0, 0, 0, 0]",219,N/A,N/A,N/A,N/A,ENABLED,94,500,2400,DISABLED,ENABLED,95,500,2400,DISABLED,ENABLED,94,500,2400,DISABLED,ENABLED,95,500,2400,DISABLED,ENABLED,94,500,2400,DISABLED,ENABLED,95,500,2400,DISABLED,ENABLED,95,500,2400,DISABLED,ENABLED,96,500,2400,DISABLED,ENABLED,1900,1900,1900,N/A,DISABLED,59,1900,1900,N/A,ENABLED,59,1900,1900,N/A,ENABLED,59,1900,1900,N/A,ENABLED,59,1900,1900,N/A,ENABLED,48,1520,1520,N/A,ENABLED,48,1520,1520,N/A,ENABLED,48,1520,1520,N/A,ENABLED,48,1520,1520,N/A,ENABLED,1250,1250,1250,N/A,DISABLED,38,1200,1200,N/A,ENABLED,N/A,41,28
1789726645,2,0,0,N/A,"['N/A', 'N/A', 'N/A', 'N/A']","['N/A', 'N/A', 'N/A', 'N/A', 'N/A', 'N/A', 'N/A', 'N/A', 'N/A', 'N/A', 'N/A', 'N/A', 'N/A', 'N/A', 'N/A', 'N/A', 'N/A', 'N/A', 'N/A', 'N/A', 'N/A', 'N/A', 'N/A', 'N/A', 'N/A', 'N/A', 'N/A', 'N/A', 'N/A', 'N/A', 'N/A', 'N/A']","[0, 0, 0, 0, 0, 0, 0, 0]","[0, 0, 0, 0, 0, 0, 0, 0, 0, 0, 0, 0, 0, 0, 0, 0, 0, 0, 0, 0, 0, 0, 0, 0, 0, 0, 0, 0, 0, 0, 0, 0, 0, 0, 0, 0, 0, 0, 0, 0]","[0, 0, 0, 0]",211,N/A,N/A,N/A,N/A,ENABLED,94,500,2400,DISABLED,ENABLED,94,500,2400,DISABLED,ENABLED,94,500,2400,DISABLED,ENABLED,95,500,2400,DISABLED,ENABLED,94,500,2400,DISABLED,ENABLED,95,500,2400,DISABLED,ENABLED,102,500,2400,DISABLED,ENABLED,102,500,2400,DISABLED,ENABLED,1900,1900,1900,N/A,DISABLED,59,1900,1900,N/A,ENABLED,59,1900,1900,N/A,ENABLED,59,1900,1900,N/A,ENABLED,59,1900,1900,N/A,ENABLED,48,1520,1520,N/A,ENABLED,48,1520,1520,N/A,ENABLED,48,1520,1520,N/A,ENABLED,48,1520,1520,N/A,ENABLED,1250,1250,1250,N/A,DISABLED,38,1200,1200,N/A,ENABLED,N/A,43,28
1789726645,3,100,4,N/A,"['N/A', 'N/A', 'N/A', 'N/A']","['N/A', 'N/A', 'N/A', 'N/A', 'N/A', 'N/A', 'N/A', 'N/A', 'N/A', 'N/A', 'N/A', 'N/A', 'N/A', 'N/A', 'N/A', 'N/A', 'N/A', 'N/A', 'N/A', 'N/A', 'N/A', 'N/A', 'N/A', 'N/A', 'N/A', 'N/A', 'N/A', 'N/A', 'N/A', 'N/A', 'N/A', 'N/A']","[100, 100, 100, 100, 100, 100, 100, 100]","[0, 0, 0, 0, 0, 0, 0, 0, 0, 0, 0, 0, 0, 0, 0, 0, 0, 0, 0, 0, 0, 0, 0, 0, 0, 0, 0, 0, 0, 0, 0, 0, 0, 0, 0, 0, 0, 0, 0, 0]","[0, 0, 0, 0]",369,N/A,N/A,N/A,N/A,ENABLED,2384,500,2400,DISABLED,DISABLED,2403,500,2400,DISABLED,DISABLED,2392,500,2400,DISABLED,DISABLED,2389,500,2400,DISABLED,DISABLED,2396,500,2400,DISABLED,DISABLED,2396,500,2400,DISABLED,DISABLED,2389,500,2400,DISABLED,DISABLED,2395,500,2400,DISABLED,DISABLED,1900,1900,1900,N/A,DISABLED,59,1900,1900,N/A,ENABLED,59,1900,1900,N/A,ENABLED,59,1900,1900,N/A,ENABLED,59,1900,1900,N/A,ENABLED,48,1520,1520,N/A,ENABLED,48,1520,1520,N/A,ENABLED,48,1520,1520,N/A,ENABLED,48,1520,1520,N/A,ENABLED,1250,1250,1250,N/A,DISABLED,214,1200,1200,N/A,ENABLED,N/A,44,32

1789726646,0,0,0,N/A,"['N/A', 'N/A', 'N/A', 'N/A']","['N/A', 'N/A', 'N/A', 'N/A', 'N/A', 'N/A', 'N/A', 'N/A', 'N/A', 'N/A', 'N/A', 'N/A', 'N/A', 'N/A', 'N/A', 'N/A', 'N/A', 'N/A', 'N/A', 'N/A', 'N/A', 'N/A', 'N/A', 'N/A', 'N/A', 'N/A', 'N/A', 'N/A', 'N/A', 'N/A', 'N/A', 'N/A']","[0, 0, 0, 0, 0, 0, 0, 0]","[0, 0, 0, 0, 0, 0, 0, 0, 0, 0, 0, 0, 0, 0, 0, 0, 0, 0, 0, 0, 0, 0, 0, 0, 0, 0, 0, 0, 0, 0, 0, 0, 0, 0, 0, 0, 0, 0, 0, 0]","[0, 0, 0, 0]",216,N/A,N/A,N/A,N/A,ENABLED,94,500,2400,DISABLED,ENABLED,94,500,2400,DISABLED,ENABLED,94,500,2400,DISABLED,ENABLED,94,500,2400,DISABLED,ENABLED,96,500,2400,DISABLED,ENABLED,96,500,2400,DISABLED,ENABLED,94,500,2400,DISABLED,ENABLED,95,500,2400,DISABLED,ENABLED,1900,1900,1900,N/A,DISABLED,59,1900,1900,N/A,ENABLED,59,1900,1900,N/A,ENABLED,59,1900,1900,N/A,ENABLED,59,1900,1900,N/A,ENABLED,48,1520,1520,N/A,ENABLED,48,1520,1520,N/A,ENABLED,48,1520,1520,N/A,ENABLED,48,1520,1520,N/A,ENABLED,1250,1250,1250,N/A,DISABLED,38,1200,1200,N/A,ENABLED,N/A,42,28
1789726646,1,0,0,N/A,"['N/A', 'N/A', 'N/A', 'N/A']","['N/A', 'N/A', 'N/A', 'N/A', 'N/A', 'N/A', 'N/A', 'N/A', 'N/A', 'N/A', 'N/A', 'N/A', 'N/A', 'N/A', 'N/A', 'N/A', 'N/A', 'N/A', 'N/A', 'N/A', 'N/A', 'N/A', 'N/A', 'N/A', 'N/A', 'N/A', 'N/A', 'N/A', 'N/A', 'N/A', 'N/A', 'N/A']","[0, 0, 0, 0, 0, 0, 0, 0]","[0, 0, 0, 0, 0, 0, 0, 0, 0, 0, 0, 0, 0, 0, 0, 0, 0, 0, 0, 0, 0, 0, 0, 0, 0, 0, 0, 0, 0, 0, 0, 0, 0, 0, 0, 0, 0, 0, 0, 0]","[0, 0, 0, 0]",219,N/A,N/A,N/A,N/A,ENABLED,94,500,2400,DISABLED,ENABLED,95,500,2400,DISABLED,ENABLED,94,500,2400,DISABLED,ENABLED,95,500,2400,DISABLED,ENABLED,94,500,2400,DISABLED,ENABLED,95,500,2400,DISABLED,ENABLED,109,500,2400,DISABLED,ENABLED,110,500,2400,DISABLED,ENABLED,1900,1900,1900,N/A,DISABLED,59,1900,1900,N/A,ENABLED,59,1900,1900,N/A,ENABLED,59,1900,1900,N/A,ENABLED,59,1900,1900,N/A,ENABLED,48,1520,1520,N/A,ENABLED,48,1520,1520,N/A,ENABLED,48,1520,1520,N/A,ENABLED,48,1520,1520,N/A,ENABLED,1250,1250,1250,N/A,DISABLED,38,1200,1200,N/A,ENABLED,N/A,41,28
1789726646,2,0,0,N/A,"['N/A', 'N/A', 'N/A', 'N/A']","['N/A', 'N/A', 'N/A', 'N/A', 'N/A', 'N/A', 'N/A', 'N/A', 'N/A', 'N/A', 'N/A', 'N/A', 'N/A', 'N/A', 'N/A', 'N/A', 'N/A', 'N/A', 'N/A', 'N/A', 'N/A', 'N/A', 'N/A', 'N/A', 'N/A', 'N/A', 'N/A', 'N/A', 'N/A', 'N/A', 'N/A', 'N/A']","[0, 0, 0, 0, 0, 0, 0, 0]","[0, 0, 0, 0, 0, 0, 0, 0, 0, 0, 0, 0, 0, 0, 0, 0, 0, 0, 0, 0, 0, 0, 0, 0, 0, 0, 0, 0, 0, 0, 0, 0, 0, 0, 0, 0, 0, 0, 0, 0]","[0, 0, 0, 0]",212,N/A,N/A,N/A,N/A,ENABLED,94,500,2400,DISABLED,ENABLED,95,500,2400,DISABLED,ENABLED,94,500,2400,DISABLED,ENABLED,95,500,2400,DISABLED,ENABLED,94,500,2400,DISABLED,ENABLED,95,500,2400,DISABLED,ENABLED,98,500,2400,DISABLED,ENABLED,98,500,2400,DISABLED,ENABLED,1900,1900,1900,N/A,DISABLED,59,1900,1900,N/A,ENABLED,59,1900,1900,N/A,ENABLED,59,1900,1900,N/A,ENABLED,59,1900,1900,N/A,ENABLED,48,1520,1520,N/A,ENABLED,48,1520,1520,N/A,ENABLED,48,1520,1520,N/A,ENABLED,48,1520,1520,N/A,ENABLED,1250,1250,1250,N/A,DISABLED,38,1200,1200,N/A,ENABLED,N/A,43,28
1789726646,3,100,4,N/A,"['N/A', 'N/A', 'N/A', 'N/A']","['N/A', 'N/A', 'N/A', 'N/A', 'N/A', 'N/A', 'N/A', 'N/A', 'N/A', 'N/A', 'N/A', 'N/A', 'N/A', 'N/A', 'N/A', 'N/A', 'N/A', 'N/A', 'N/A', 'N/A', 'N/A', 'N/A', 'N/A', 'N/A', 'N/A', 'N/A', 'N/A', 'N/A', 'N/A', 'N/A', 'N/A', 'N/A']","[100, 100, 100, 100, 100, 100, 100, 100]","[0, 0, 0, 0, 0, 0, 0, 0, 0, 0, 0, 0, 0, 0, 0, 0, 0, 0, 0, 0, 0, 0, 0, 0, 0, 0, 0, 0, 0, 0, 0, 0, 0, 0, 0, 0, 0, 0, 0, 0]","[0, 0, 0, 0]",358,N/A,N/A,N/A,N/A,ENABLED,2386,500,2400,DISABLED,DISABLED,2403,500,2400,DISABLED,DISABLED,2392,500,2400,DISABLED,DISABLED,2390,500,2400,DISABLED,DISABLED,2396,500,2400,DISABLED,DISABLED,2397,500,2400,DISABLED,DISABLED,2389,500,2400,DISABLED,DISABLED,2395,500,2400,DISABLED,DISABLED,1900,1900,1900,N/A,DISABLED,59,1900,1900,N/A,ENABLED,59,1900,1900,N/A,ENABLED,59,1900,1900,N/A,ENABLED,59,1900,1900,N/A,ENABLED,48,1520,1520,N/A,ENABLED,48,1520,1520,N/A,ENABLED,48,1520,1520,N/A,ENABLED,48,1520,1520,N/A,ENABLED,1250,1250,1250,N/A,DISABLED,202,1200,1200,N/A,ENABLED,N/A,44,32

1789726647,0,0,0,N/A,"['N/A', 'N/A', 'N/A', 'N/A']","['N/A', 'N/A', 'N/A', 'N/A', 'N/A', 'N/A', 'N/A', 'N/A', 'N/A', 'N/A', 'N/A', 'N/A', 'N/A', 'N/A', 'N/A', 'N/A', 'N/A', 'N/A', 'N/A', 'N/A', 'N/A', 'N/A', 'N/A', 'N/A', 'N/A', 'N/A', 'N/A', 'N/A', 'N/A', 'N/A', 'N/A', 'N/A']","[0, 0, 0, 0, 0, 0, 0, 0]","[0, 0, 0, 0, 0, 0, 0, 0, 0, 0, 0, 0, 0, 0, 0, 0, 0, 0, 0, 0, 0, 0, 0, 0, 0, 0, 0, 0, 0, 0, 0, 0, 0, 0, 0, 0, 0, 0, 0, 0]","[0, 0, 0, 0]",215,N/A,N/A,N/A,N/A,ENABLED,94,500,2400,DISABLED,ENABLED,94,500,2400,DISABLED,ENABLED,94,500,2400,DISABLED,ENABLED,95,500,2400,DISABLED,ENABLED,97,500,2400,DISABLED,ENABLED,97,500,2400,DISABLED,ENABLED,94,500,2400,DISABLED,ENABLED,95,500,2400,DISABLED,ENABLED,1900,1900,1900,N/A,DISABLED,59,1900,1900,N/A,ENABLED,59,1900,1900,N/A,ENABLED,59,1900,1900,N/A,ENABLED,59,1900,1900,N/A,ENABLED,48,1520,1520,N/A,ENABLED,48,1520,1520,N/A,ENABLED,48,1520,1520,N/A,ENABLED,48,1520,1520,N/A,ENABLED,1250,1250,1250,N/A,DISABLED,38,1200,1200,N/A,ENABLED,N/A,42,28
1789726647,1,0,0,N/A,"['N/A', 'N/A', 'N/A', 'N/A']","['N/A', 'N/A', 'N/A', 'N/A', 'N/A', 'N/A', 'N/A', 'N/A', 'N/A', 'N/A', 'N/A', 'N/A', 'N/A', 'N/A', 'N/A', 'N/A', 'N/A', 'N/A', 'N/A', 'N/A', 'N/A', 'N/A', 'N/A', 'N/A', 'N/A', 'N/A', 'N/A', 'N/A', 'N/A', 'N/A', 'N/A', 'N/A']","[0, 0, 0, 0, 0, 0, 0, 0]","[0, 0, 0, 0, 0, 0, 0, 0, 0, 0, 0, 0, 0, 0, 0, 0, 0, 0, 0, 0, 0, 0, 0, 0, 0, 0, 0, 0, 0, 0, 0, 0, 0, 0, 0, 0, 0, 0, 0, 0]","[0, 0, 0, 0]",219,N/A,N/A,N/A,N/A,ENABLED,94,500,2400,DISABLED,ENABLED,95,500,2400,DISABLED,ENABLED,94,500,2400,DISABLED,ENABLED,95,500,2400,DISABLED,ENABLED,94,500,2400,DISABLED,ENABLED,95,500,2400,DISABLED,ENABLED,96,500,2400,DISABLED,ENABLED,96,500,2400,DISABLED,ENABLED,1900,1900,1900,N/A,DISABLED,59,1900,1900,N/A,ENABLED,59,1900,1900,N/A,ENABLED,59,1900,1900,N/A,ENABLED,59,1900,1900,N/A,ENABLED,48,1520,1520,N/A,ENABLED,48,1520,1520,N/A,ENABLED,48,1520,1520,N/A,ENABLED,48,1520,1520,N/A,ENABLED,1250,1250,1250,N/A,DISABLED,38,1200,1200,N/A,ENABLED,N/A,41,28
1789726647,2,0,0,N/A,"['N/A', 'N/A', 'N/A', 'N/A']","['N/A', 'N/A', 'N/A', 'N/A', 'N/A', 'N/A', 'N/A', 'N/A', 'N/A', 'N/A', 'N/A', 'N/A', 'N/A', 'N/A', 'N/A', 'N/A', 'N/A', 'N/A', 'N/A', 'N/A', 'N/A', 'N/A', 'N/A', 'N/A', 'N/A', 'N/A', 'N/A', 'N/A', 'N/A', 'N/A', 'N/A', 'N/A']","[0, 0, 0, 0, 0, 0, 0, 0]","[0, 0, 0, 0, 0, 0, 0, 0, 0, 0, 0, 0, 0, 0, 0, 0, 0, 0, 0, 0, 0, 0, 0, 0, 0, 0, 0, 0, 0, 0, 0, 0, 0, 0, 0, 0, 0, 0, 0, 0]","[0, 0, 0, 0]",212,N/A,N/A,N/A,N/A,ENABLED,94,500,2400,DISABLED,ENABLED,94,500,2400,DISABLED,ENABLED,94,500,2400,DISABLED,ENABLED,95,500,2400,DISABLED,ENABLED,94,500,2400,DISABLED,ENABLED,95,500,2400,DISABLED,ENABLED,105,500,2400,DISABLED,ENABLED,105,500,2400,DISABLED,ENABLED,1900,1900,1900,N/A,DISABLED,59,1900,1900,N/A,ENABLED,59,1900,1900,N/A,ENABLED,59,1900,1900,N/A,ENABLED,59,1900,1900,N/A,ENABLED,48,1520,1520,N/A,ENABLED,48,1520,1520,N/A,ENABLED,48,1520,1520,N/A,ENABLED,48,1520,1520,N/A,ENABLED,1250,1250,1250,N/A,DISABLED,38,1200,1200,N/A,ENABLED,N/A,43,28
1789726647,3,100,4,N/A,"['N/A', 'N/A', 'N/A', 'N/A']","['N/A', 'N/A', 'N/A', 'N/A', 'N/A', 'N/A', 'N/A', 'N/A', 'N/A', 'N/A', 'N/A', 'N/A', 'N/A', 'N/A', 'N/A', 'N/A', 'N/A', 'N/A', 'N/A', 'N/A', 'N/A', 'N/A', 'N/A', 'N/A', 'N/A', 'N/A', 'N/A', 'N/A', 'N/A', 'N/A', 'N/A', 'N/A']","[100, 100, 100, 100, 100, 100, 100, 100]","[0, 0, 0, 0, 0, 0, 0, 0, 0, 0, 0, 0, 0, 0, 0, 0, 0, 0, 0, 0, 0, 0, 0, 0, 0, 0, 0, 0, 0, 0, 0, 0, 0, 0, 0, 0, 0, 0, 0, 0]","[0, 0, 0, 0]",363,N/A,N/A,N/A,N/A,ENABLED,2386,500,2400,DISABLED,DISABLED,2403,500,2400,DISABLED,DISABLED,2390,500,2400,DISABLED,DISABLED,2388,500,2400,DISABLED,DISABLED,2396,500,2400,DISABLED,DISABLED,2397,500,2400,DISABLED,DISABLED,2389,500,2400,DISABLED,DISABLED,2395,500,2400,DISABLED,DISABLED,1900,1900,1900,N/A,DISABLED,59,1900,1900,N/A,ENABLED,59,1900,1900,N/A,ENABLED,59,1900,1900,N/A,ENABLED,59,1900,1900,N/A,ENABLED,48,1520,1520,N/A,ENABLED,48,1520,1520,N/A,ENABLED,48,1520,1520,N/A,ENABLED,48,1520,1520,N/A,ENABLED,1250,1250,1250,N/A,DISABLED,202,1200,1200,N/A,ENABLED,N/A,44,32

1789726648,0,0,0,N/A,"['N/A', 'N/A', 'N/A', 'N/A']","['N/A', 'N/A', 'N/A', 'N/A', 'N/A', 'N/A', 'N/A', 'N/A', 'N/A', 'N/A', 'N/A', 'N/A', 'N/A', 'N/A', 'N/A', 'N/A', 'N/A', 'N/A', 'N/A', 'N/A', 'N/A', 'N/A', 'N/A', 'N/A', 'N/A', 'N/A', 'N/A', 'N/A', 'N/A', 'N/A', 'N/A', 'N/A']","[0, 0, 0, 0, 0, 0, 0, 0]","[0, 0, 0, 0, 0, 0, 0, 0, 0, 0, 0, 0, 0, 0, 0, 0, 0, 0, 0, 0, 0, 0, 0, 0, 0, 0, 0, 0, 0, 0, 0, 0, 0, 0, 0, 0, 0, 0, 0, 0]","[0, 0, 0, 0]",216,N/A,N/A,N/A,N/A,ENABLED,94,500,2400,DISABLED,ENABLED,94,500,2400,DISABLED,ENABLED,94,500,2400,DISABLED,ENABLED,95,500,2400,DISABLED,ENABLED,94,500,2400,DISABLED,ENABLED,94,500,2400,DISABLED,ENABLED,94,500,2400,DISABLED,ENABLED,95,500,2400,DISABLED,ENABLED,1900,1900,1900,N/A,DISABLED,59,1900,1900,N/A,ENABLED,59,1900,1900,N/A,ENABLED,59,1900,1900,N/A,ENABLED,59,1900,1900,N/A,ENABLED,48,1520,1520,N/A,ENABLED,48,1520,1520,N/A,ENABLED,48,1520,1520,N/A,ENABLED,48,1520,1520,N/A,ENABLED,1250,1250,1250,N/A,DISABLED,38,1200,1200,N/A,ENABLED,N/A,42,28
1789726648,1,0,0,N/A,"['N/A', 'N/A', 'N/A', 'N/A']","['N/A', 'N/A', 'N/A', 'N/A', 'N/A', 'N/A', 'N/A', 'N/A', 'N/A', 'N/A', 'N/A', 'N/A', 'N/A', 'N/A', 'N/A', 'N/A', 'N/A', 'N/A', 'N/A', 'N/A', 'N/A', 'N/A', 'N/A', 'N/A', 'N/A', 'N/A', 'N/A', 'N/A', 'N/A', 'N/A', 'N/A', 'N/A']","[0, 0, 0, 0, 0, 0, 0, 0]","[0, 0, 0, 0, 0, 0, 0, 0, 0, 0, 0, 0, 0, 0, 0, 0, 0, 0, 0, 0, 0, 0, 0, 0, 0, 0, 0, 0, 0, 0, 0, 0, 0, 0, 0, 0, 0, 0, 0, 0]","[0, 0, 0, 0]",219,N/A,N/A,N/A,N/A,ENABLED,94,500,2400,DISABLED,ENABLED,95,500,2400,DISABLED,ENABLED,94,500,2400,DISABLED,ENABLED,95,500,2400,DISABLED,ENABLED,94,500,2400,DISABLED,ENABLED,94,500,2400,DISABLED,ENABLED,96,500,2400,DISABLED,ENABLED,96,500,2400,DISABLED,ENABLED,1900,1900,1900,N/A,DISABLED,59,1900,1900,N/A,ENABLED,59,1900,1900,N/A,ENABLED,59,1900,1900,N/A,ENABLED,59,1900,1900,N/A,ENABLED,48,1520,1520,N/A,ENABLED,48,1520,1520,N/A,ENABLED,48,1520,1520,N/A,ENABLED,48,1520,1520,N/A,ENABLED,1250,1250,1250,N/A,DISABLED,38,1200,1200,N/A,ENABLED,N/A,41,28
1789726648,2,0,0,N/A,"['N/A', 'N/A', 'N/A', 'N/A']","['N/A', 'N/A', 'N/A', 'N/A', 'N/A', 'N/A', 'N/A', 'N/A', 'N/A', 'N/A', 'N/A', 'N/A', 'N/A', 'N/A', 'N/A', 'N/A', 'N/A', 'N/A', 'N/A', 'N/A', 'N/A', 'N/A', 'N/A', 'N/A', 'N/A', 'N/A', 'N/A', 'N/A', 'N/A', 'N/A', 'N/A', 'N/A']","[0, 0, 0, 0, 0, 0, 0, 0]","[0, 0, 0, 0, 0, 0, 0, 0, 0, 0, 0, 0, 0, 0, 0, 0, 0, 0, 0, 0, 0, 0, 0, 0, 0, 0, 0, 0, 0, 0, 0, 0, 0, 0, 0, 0, 0, 0, 0, 0]","[0, 0, 0, 0]",212,N/A,N/A,N/A,N/A,ENABLED,94,500,2400,DISABLED,ENABLED,94,500,2400,DISABLED,ENABLED,94,500,2400,DISABLED,ENABLED,95,500,2400,DISABLED,ENABLED,94,500,2400,DISABLED,ENABLED,95,500,2400,DISABLED,ENABLED,109,500,2400,DISABLED,ENABLED,109,500,2400,DISABLED,ENABLED,1900,1900,1900,N/A,DISABLED,59,1900,1900,N/A,ENABLED,59,1900,1900,N/A,ENABLED,59,1900,1900,N/A,ENABLED,59,1900,1900,N/A,ENABLED,48,1520,1520,N/A,ENABLED,48,1520,1520,N/A,ENABLED,48,1520,1520,N/A,ENABLED,48,1520,1520,N/A,ENABLED,1250,1250,1250,N/A,DISABLED,38,1200,1200,N/A,ENABLED,N/A,43,28
1789726648,3,100,4,N/A,"['N/A', 'N/A', 'N/A', 'N/A']","['N/A', 'N/A', 'N/A', 'N/A', 'N/A', 'N/A', 'N/A', 'N/A', 'N/A', 'N/A', 'N/A', 'N/A', 'N/A', 'N/A', 'N/A', 'N/A', 'N/A', 'N/A', 'N/A', 'N/A', 'N/A', 'N/A', 'N/A', 'N/A', 'N/A', 'N/A', 'N/A', 'N/A', 'N/A', 'N/A', 'N/A', 'N/A']","[100, 100, 100, 100, 100, 100, 100, 100]","[0, 0, 0, 0, 0, 0, 0, 0, 0, 0, 0, 0, 0, 0, 0, 0, 0, 0, 0, 0, 0, 0, 0, 0, 0, 0, 0, 0, 0, 0, 0, 0, 0, 0, 0, 0, 0, 0, 0, 0]","[0, 0, 0, 0]",364,N/A,N/A,N/A,N/A,ENABLED,2387,500,2400,DISABLED,DISABLED,2404,500,2400,DISABLED,DISABLED,2391,500,2400,DISABLED,DISABLED,2389,500,2400,DISABLED,DISABLED,2395,500,2400,DISABLED,DISABLED,2396,500,2400,DISABLED,DISABLED,2389,500,2400,DISABLED,DISABLED,2396,500,2400,DISABLED,DISABLED,1900,1900,1900,N/A,DISABLED,59,1900,1900,N/A,ENABLED,59,1900,1900,N/A,ENABLED,59,1900,1900,N/A,ENABLED,59,1900,1900,N/A,ENABLED,48,1520,1520,N/A,ENABLED,48,1520,1520,N/A,ENABLED,48,1520,1520,N/A,ENABLED,48,1520,1520,N/A,ENABLED,1250,1250,1250,N/A,DISABLED,216,1200,1200,N/A,ENABLED,N/A,44,32

1789726649,0,0,0,N/A,"['N/A', 'N/A', 'N/A', 'N/A']","['N/A', 'N/A', 'N/A', 'N/A', 'N/A', 'N/A', 'N/A', 'N/A', 'N/A', 'N/A', 'N/A', 'N/A', 'N/A', 'N/A', 'N/A', 'N/A', 'N/A', 'N/A', 'N/A', 'N/A', 'N/A', 'N/A', 'N/A', 'N/A', 'N/A', 'N/A', 'N/A', 'N/A', 'N/A', 'N/A', 'N/A', 'N/A']","[0, 0, 0, 0, 0, 0, 0, 0]","[0, 0, 0, 0, 0, 0, 0, 0, 0, 0, 0, 0, 0, 0, 0, 0, 0, 0, 0, 0, 0, 0, 0, 0, 0, 0, 0, 0, 0, 0, 0, 0, 0, 0, 0, 0, 0, 0, 0, 0]","[0, 0, 0, 0]",215,N/A,N/A,N/A,N/A,ENABLED,94,500,2400,DISABLED,ENABLED,94,500,2400,DISABLED,ENABLED,94,500,2400,DISABLED,ENABLED,95,500,2400,DISABLED,ENABLED,94,500,2400,DISABLED,ENABLED,94,500,2400,DISABLED,ENABLED,94,500,2400,DISABLED,ENABLED,95,500,2400,DISABLED,ENABLED,1900,1900,1900,N/A,DISABLED,59,1900,1900,N/A,ENABLED,59,1900,1900,N/A,ENABLED,59,1900,1900,N/A,ENABLED,59,1900,1900,N/A,ENABLED,48,1520,1520,N/A,ENABLED,48,1520,1520,N/A,ENABLED,48,1520,1520,N/A,ENABLED,48,1520,1520,N/A,ENABLED,1250,1250,1250,N/A,DISABLED,38,1200,1200,N/A,ENABLED,N/A,42,28
1789726649,1,0,0,N/A,"['N/A', 'N/A', 'N/A', 'N/A']","['N/A', 'N/A', 'N/A', 'N/A', 'N/A', 'N/A', 'N/A', 'N/A', 'N/A', 'N/A', 'N/A', 'N/A', 'N/A', 'N/A', 'N/A', 'N/A', 'N/A', 'N/A', 'N/A', 'N/A', 'N/A', 'N/A', 'N/A', 'N/A', 'N/A', 'N/A', 'N/A', 'N/A', 'N/A', 'N/A', 'N/A', 'N/A']","[0, 0, 0, 0, 0, 0, 0, 0]","[0, 0, 0, 0, 0, 0, 0, 0, 0, 0, 0, 0, 0, 0, 0, 0, 0, 0, 0, 0, 0, 0, 0, 0, 0, 0, 0, 0, 0, 0, 0, 0, 0, 0, 0, 0, 0, 0, 0, 0]","[0, 0, 0, 0]",220,N/A,N/A,N/A,N/A,ENABLED,94,500,2400,DISABLED,ENABLED,95,500,2400,DISABLED,ENABLED,94,500,2400,DISABLED,ENABLED,95,500,2400,DISABLED,ENABLED,94,500,2400,DISABLED,ENABLED,95,500,2400,DISABLED,ENABLED,110,500,2400,DISABLED,ENABLED,110,500,2400,DISABLED,ENABLED,1900,1900,1900,N/A,DISABLED,59,1900,1900,N/A,ENABLED,59,1900,1900,N/A,ENABLED,59,1900,1900,N/A,ENABLED,59,1900,1900,N/A,ENABLED,48,1520,1520,N/A,ENABLED,48,1520,1520,N/A,ENABLED,48,1520,1520,N/A,ENABLED,48,1520,1520,N/A,ENABLED,1250,1250,1250,N/A,DISABLED,38,1200,1200,N/A,ENABLED,N/A,41,28
1789726649,2,0,0,N/A,"['N/A', 'N/A', 'N/A', 'N/A']","['N/A', 'N/A', 'N/A', 'N/A', 'N/A', 'N/A', 'N/A', 'N/A', 'N/A', 'N/A', 'N/A', 'N/A', 'N/A', 'N/A', 'N/A', 'N/A', 'N/A', 'N/A', 'N/A', 'N/A', 'N/A', 'N/A', 'N/A', 'N/A', 'N/A', 'N/A', 'N/A', 'N/A', 'N/A', 'N/A', 'N/A', 'N/A']","[0, 0, 0, 0, 0, 0, 0, 0]","[0, 0, 0, 0, 0, 0, 0, 0, 0, 0, 0, 0, 0, 0, 0, 0, 0, 0, 0, 0, 0, 0, 0, 0, 0, 0, 0, 0, 0, 0, 0, 0, 0, 0, 0, 0, 0, 0, 0, 0]","[0, 0, 0, 0]",211,N/A,N/A,N/A,N/A,ENABLED,94,500,2400,DISABLED,ENABLED,94,500,2400,DISABLED,ENABLED,94,500,2400,DISABLED,ENABLED,95,500,2400,DISABLED,ENABLED,94,500,2400,DISABLED,ENABLED,95,500,2400,DISABLED,ENABLED,105,500,2400,DISABLED,ENABLED,105,500,2400,DISABLED,ENABLED,1900,1900,1900,N/A,DISABLED,59,1900,1900,N/A,ENABLED,59,1900,1900,N/A,ENABLED,59,1900,1900,N/A,ENABLED,59,1900,1900,N/A,ENABLED,48,1520,1520,N/A,ENABLED,48,1520,1520,N/A,ENABLED,48,1520,1520,N/A,ENABLED,48,1520,1520,N/A,ENABLED,1250,1250,1250,N/A,DISABLED,38,1200,1200,N/A,ENABLED,N/A,43,28
1789726649,3,100,5,N/A,"['N/A', 'N/A', 'N/A', 'N/A']","['N/A', 'N/A', 'N/A', 'N/A', 'N/A', 'N/A', 'N/A', 'N/A', 'N/A', 'N/A', 'N/A', 'N/A', 'N/A', 'N/A', 'N/A', 'N/A', 'N/A', 'N/A', 'N/A', 'N/A', 'N/A', 'N/A', 'N/A', 'N/A', 'N/A', 'N/A', 'N/A', 'N/A', 'N/A', 'N/A', 'N/A', 'N/A']","[100, 100, 100, 100, 100, 100, 100, 100]","[0, 0, 0, 0, 0, 0, 0, 0, 0, 0, 0, 0, 0, 0, 0, 0, 0, 0, 0, 0, 0, 0, 0, 0, 0, 0, 0, 0, 0, 0, 0, 0, 0, 0, 0, 0, 0, 0, 0, 0]","[0, 0, 0, 0]",375,N/A,N/A,N/A,N/A,ENABLED,2386,500,2400,DISABLED,DISABLED,2402,500,2400,DISABLED,DISABLED,2391,500,2400,DISABLED,DISABLED,2389,500,2400,DISABLED,DISABLED,2395,500,2400,DISABLED,DISABLED,2395,500,2400,DISABLED,DISABLED,2388,500,2400,DISABLED,DISABLED,2394,500,2400,DISABLED,DISABLED,1900,1900,1900,N/A,DISABLED,59,1900,1900,N/A,ENABLED,59,1900,1900,N/A,ENABLED,59,1900,1900,N/A,ENABLED,59,1900,1900,N/A,ENABLED,48,1520,1520,N/A,ENABLED,48,1520,1520,N/A,ENABLED,48,1520,1520,N/A,ENABLED,48,1520,1520,N/A,ENABLED,1250,1250,1250,N/A,DISABLED,228,1200,1200,N/A,ENABLED,N/A,44,32

1789726650,0,0,0,N/A,"['N/A', 'N/A', 'N/A', 'N/A']","['N/A', 'N/A', 'N/A', 'N/A', 'N/A', 'N/A', 'N/A', 'N/A', 'N/A', 'N/A', 'N/A', 'N/A', 'N/A', 'N/A', 'N/A', 'N/A', 'N/A', 'N/A', 'N/A', 'N/A', 'N/A', 'N/A', 'N/A', 'N/A', 'N/A', 'N/A', 'N/A', 'N/A', 'N/A', 'N/A', 'N/A', 'N/A']","[0, 0, 0, 0, 0, 0, 0, 0]","[0, 0, 0, 0, 0, 0, 0, 0, 0, 0, 0, 0, 0, 0, 0, 0, 0, 0, 0, 0, 0, 0, 0, 0, 0, 0, 0, 0, 0, 0, 0, 0, 0, 0, 0, 0, 0, 0, 0, 0]","[0, 0, 0, 0]",216,N/A,N/A,N/A,N/A,ENABLED,94,500,2400,DISABLED,ENABLED,94,500,2400,DISABLED,ENABLED,94,500,2400,DISABLED,ENABLED,95,500,2400,DISABLED,ENABLED,94,500,2400,DISABLED,ENABLED,94,500,2400,DISABLED,ENABLED,94,500,2400,DISABLED,ENABLED,95,500,2400,DISABLED,ENABLED,1900,1900,1900,N/A,DISABLED,59,1900,1900,N/A,ENABLED,59,1900,1900,N/A,ENABLED,59,1900,1900,N/A,ENABLED,59,1900,1900,N/A,ENABLED,48,1520,1520,N/A,ENABLED,48,1520,1520,N/A,ENABLED,48,1520,1520,N/A,ENABLED,48,1520,1520,N/A,ENABLED,1250,1250,1250,N/A,DISABLED,38,1200,1200,N/A,ENABLED,N/A,42,29
1789726650,1,0,0,N/A,"['N/A', 'N/A', 'N/A', 'N/A']","['N/A', 'N/A', 'N/A', 'N/A', 'N/A', 'N/A', 'N/A', 'N/A', 'N/A', 'N/A', 'N/A', 'N/A', 'N/A', 'N/A', 'N/A', 'N/A', 'N/A', 'N/A', 'N/A', 'N/A', 'N/A', 'N/A', 'N/A', 'N/A', 'N/A', 'N/A', 'N/A', 'N/A', 'N/A', 'N/A', 'N/A', 'N/A']","[0, 0, 0, 0, 0, 0, 0, 0]","[0, 0, 0, 0, 0, 0, 0, 0, 0, 0, 0, 0, 0, 0, 0, 0, 0, 0, 0, 0, 0, 0, 0, 0, 0, 0, 0, 0, 0, 0, 0, 0, 0, 0, 0, 0, 0, 0, 0, 0]","[0, 0, 0, 0]",219,N/A,N/A,N/A,N/A,ENABLED,94,500,2400,DISABLED,ENABLED,95,500,2400,DISABLED,ENABLED,94,500,2400,DISABLED,ENABLED,95,500,2400,DISABLED,ENABLED,94,500,2400,DISABLED,ENABLED,95,500,2400,DISABLED,ENABLED,97,500,2400,DISABLED,ENABLED,97,500,2400,DISABLED,ENABLED,1900,1900,1900,N/A,DISABLED,59,1900,1900,N/A,ENABLED,59,1900,1900,N/A,ENABLED,59,1900,1900,N/A,ENABLED,59,1900,1900,N/A,ENABLED,48,1520,1520,N/A,ENABLED,48,1520,1520,N/A,ENABLED,48,1520,1520,N/A,ENABLED,48,1520,1520,N/A,ENABLED,1250,1250,1250,N/A,DISABLED,38,1200,1200,N/A,ENABLED,N/A,41,28
1789726650,2,0,0,N/A,"['N/A', 'N/A', 'N/A', 'N/A']","['N/A', 'N/A', 'N/A', 'N/A', 'N/A', 'N/A', 'N/A', 'N/A', 'N/A', 'N/A', 'N/A', 'N/A', 'N/A', 'N/A', 'N/A', 'N/A', 'N/A', 'N/A', 'N/A', 'N/A', 'N/A', 'N/A', 'N/A', 'N/A', 'N/A', 'N/A', 'N/A', 'N/A', 'N/A', 'N/A', 'N/A', 'N/A']","[0, 0, 0, 0, 0, 0, 0, 0]","[0, 0, 0, 0, 0, 0, 0, 0, 0, 0, 0, 0, 0, 0, 0, 0, 0, 0, 0, 0, 0, 0, 0, 0, 0, 0, 0, 0, 0, 0, 0, 0, 0, 0, 0, 0, 0, 0, 0, 0]","[0, 0, 0, 0]",212,N/A,N/A,N/A,N/A,ENABLED,94,500,2400,DISABLED,ENABLED,94,500,2400,DISABLED,ENABLED,94,500,2400,DISABLED,ENABLED,95,500,2400,DISABLED,ENABLED,94,500,2400,DISABLED,ENABLED,95,500,2400,DISABLED,ENABLED,100,500,2400,DISABLED,ENABLED,99,500,2400,DISABLED,ENABLED,1900,1900,1900,N/A,DISABLED,59,1900,1900,N/A,ENABLED,59,1900,1900,N/A,ENABLED,59,1900,1900,N/A,ENABLED,59,1900,1900,N/A,ENABLED,48,1520,1520,N/A,ENABLED,48,1520,1520,N/A,ENABLED,48,1520,1520,N/A,ENABLED,48,1520,1520,N/A,ENABLED,1250,1250,1250,N/A,DISABLED,38,1200,1200,N/A,ENABLED,N/A,43,28
1789726650,3,100,4,N/A,"['N/A', 'N/A', 'N/A', 'N/A']","['N/A', 'N/A', 'N/A', 'N/A', 'N/A', 'N/A', 'N/A', 'N/A', 'N/A', 'N/A', 'N/A', 'N/A', 'N/A', 'N/A', 'N/A', 'N/A', 'N/A', 'N/A', 'N/A', 'N/A', 'N/A', 'N/A', 'N/A', 'N/A', 'N/A', 'N/A', 'N/A', 'N/A', 'N/A', 'N/A', 'N/A', 'N/A']","[100, 100, 100, 100, 100, 100, 100, 100]","[0, 0, 0, 0, 0, 0, 0, 0, 0, 0, 0, 0, 0, 0, 0, 0, 0, 0, 0, 0, 0, 0, 0, 0, 0, 0, 0, 0, 0, 0, 0, 0, 0, 0, 0, 0, 0, 0, 0, 0]","[0, 0, 0, 0]",372,N/A,N/A,N/A,N/A,ENABLED,2385,500,2400,DISABLED,DISABLED,2402,500,2400,DISABLED,DISABLED,2391,500,2400,DISABLED,DISABLED,2388,500,2400,DISABLED,DISABLED,2394,500,2400,DISABLED,DISABLED,2396,500,2400,DISABLED,DISABLED,2388,500,2400,DISABLED,DISABLED,2394,500,2400,DISABLED,DISABLED,1900,1900,1900,N/A,DISABLED,59,1900,1900,N/A,ENABLED,59,1900,1900,N/A,ENABLED,59,1900,1900,N/A,ENABLED,59,1900,1900,N/A,ENABLED,48,1520,1520,N/A,ENABLED,48,1520,1520,N/A,ENABLED,48,1520,1520,N/A,ENABLED,48,1520,1520,N/A,ENABLED,1250,1250,1250,N/A,DISABLED,221,1200,1200,N/A,ENABLED,N/A,44,32

1789726651,0,0,0,N/A,"['N/A', 'N/A', 'N/A', 'N/A']","['N/A', 'N/A', 'N/A', 'N/A', 'N/A', 'N/A', 'N/A', 'N/A', 'N/A', 'N/A', 'N/A', 'N/A', 'N/A', 'N/A', 'N/A', 'N/A', 'N/A', 'N/A', 'N/A', 'N/A', 'N/A', 'N/A', 'N/A', 'N/A', 'N/A', 'N/A', 'N/A', 'N/A', 'N/A', 'N/A', 'N/A', 'N/A']","[0, 0, 0, 0, 0, 0, 0, 0]","[0, 0, 0, 0, 0, 0, 0, 0, 0, 0, 0, 0, 0, 0, 0, 0, 0, 0, 0, 0, 0, 0, 0, 0, 0, 0, 0, 0, 0, 0, 0, 0, 0, 0, 0, 0, 0, 0, 0, 0]","[0, 0, 0, 0]",216,N/A,N/A,N/A,N/A,ENABLED,94,500,2400,DISABLED,ENABLED,94,500,2400,DISABLED,ENABLED,94,500,2400,DISABLED,ENABLED,95,500,2400,DISABLED,ENABLED,95,500,2400,DISABLED,ENABLED,95,500,2400,DISABLED,ENABLED,94,500,2400,DISABLED,ENABLED,95,500,2400,DISABLED,ENABLED,1900,1900,1900,N/A,DISABLED,59,1900,1900,N/A,ENABLED,59,1900,1900,N/A,ENABLED,59,1900,1900,N/A,ENABLED,59,1900,1900,N/A,ENABLED,48,1520,1520,N/A,ENABLED,48,1520,1520,N/A,ENABLED,48,1520,1520,N/A,ENABLED,48,1520,1520,N/A,ENABLED,1250,1250,1250,N/A,DISABLED,38,1200,1200,N/A,ENABLED,N/A,42,28
1789726651,1,0,0,N/A,"['N/A', 'N/A', 'N/A', 'N/A']","['N/A', 'N/A', 'N/A', 'N/A', 'N/A', 'N/A', 'N/A', 'N/A', 'N/A', 'N/A', 'N/A', 'N/A', 'N/A', 'N/A', 'N/A', 'N/A', 'N/A', 'N/A', 'N/A', 'N/A', 'N/A', 'N/A', 'N/A', 'N/A', 'N/A', 'N/A', 'N/A', 'N/A', 'N/A', 'N/A', 'N/A', 'N/A']","[0, 0, 0, 0, 0, 0, 0, 0]","[0, 0, 0, 0, 0, 0, 0, 0, 0, 0, 0, 0, 0, 0, 0, 0, 0, 0, 0, 0, 0, 0, 0, 0, 0, 0, 0, 0, 0, 0, 0, 0, 0, 0, 0, 0, 0, 0, 0, 0]","[0, 0, 0, 0]",220,N/A,N/A,N/A,N/A,ENABLED,94,500,2400,DISABLED,ENABLED,95,500,2400,DISABLED,ENABLED,94,500,2400,DISABLED,ENABLED,95,500,2400,DISABLED,ENABLED,94,500,2400,DISABLED,ENABLED,95,500,2400,DISABLED,ENABLED,99,500,2400,DISABLED,ENABLED,99,500,2400,DISABLED,ENABLED,1900,1900,1900,N/A,DISABLED,59,1900,1900,N/A,ENABLED,59,1900,1900,N/A,ENABLED,59,1900,1900,N/A,ENABLED,59,1900,1900,N/A,ENABLED,48,1520,1520,N/A,ENABLED,48,1520,1520,N/A,ENABLED,48,1520,1520,N/A,ENABLED,48,1520,1520,N/A,ENABLED,1250,1250,1250,N/A,DISABLED,38,1200,1200,N/A,ENABLED,N/A,41,28
1789726651,2,0,0,N/A,"['N/A', 'N/A', 'N/A', 'N/A']","['N/A', 'N/A', 'N/A', 'N/A', 'N/A', 'N/A', 'N/A', 'N/A', 'N/A', 'N/A', 'N/A', 'N/A', 'N/A', 'N/A', 'N/A', 'N/A', 'N/A', 'N/A', 'N/A', 'N/A', 'N/A', 'N/A', 'N/A', 'N/A', 'N/A', 'N/A', 'N/A', 'N/A', 'N/A', 'N/A', 'N/A', 'N/A']","[0, 0, 0, 0, 0, 0, 0, 0]","[0, 0, 0, 0, 0, 0, 0, 0, 0, 0, 0, 0, 0, 0, 0, 0, 0, 0, 0, 0, 0, 0, 0, 0, 0, 0, 0, 0, 0, 0, 0, 0, 0, 0, 0, 0, 0, 0, 0, 0]","[0, 0, 0, 0]",211,N/A,N/A,N/A,N/A,ENABLED,94,500,2400,DISABLED,ENABLED,94,500,2400,DISABLED,ENABLED,94,500,2400,DISABLED,ENABLED,95,500,2400,DISABLED,ENABLED,94,500,2400,DISABLED,ENABLED,95,500,2400,DISABLED,ENABLED,105,500,2400,DISABLED,ENABLED,105,500,2400,DISABLED,ENABLED,1900,1900,1900,N/A,DISABLED,59,1900,1900,N/A,ENABLED,59,1900,1900,N/A,ENABLED,59,1900,1900,N/A,ENABLED,59,1900,1900,N/A,ENABLED,48,1520,1520,N/A,ENABLED,48,1520,1520,N/A,ENABLED,48,1520,1520,N/A,ENABLED,48,1520,1520,N/A,ENABLED,1250,1250,1250,N/A,DISABLED,38,1200,1200,N/A,ENABLED,N/A,43,28
1789726651,3,100,4,N/A,"['N/A', 'N/A', 'N/A', 'N/A']","['N/A', 'N/A', 'N/A', 'N/A', 'N/A', 'N/A', 'N/A', 'N/A', 'N/A', 'N/A', 'N/A', 'N/A', 'N/A', 'N/A', 'N/A', 'N/A', 'N/A', 'N/A', 'N/A', 'N/A', 'N/A', 'N/A', 'N/A', 'N/A', 'N/A', 'N/A', 'N/A', 'N/A', 'N/A', 'N/A', 'N/A', 'N/A']","[100, 100, 100, 100, 100, 100, 100, 100]","[0, 0, 0, 0, 0, 0, 0, 0, 0, 0, 0, 0, 0, 0, 0, 0, 0, 0, 0, 0, 0, 0, 0, 0, 0, 0, 0, 0, 0, 0, 0, 0, 0, 0, 0, 0, 0, 0, 0, 0]","[0, 0, 0, 0]",370,N/A,N/A,N/A,N/A,ENABLED,2387,500,2400,DISABLED,DISABLED,2403,500,2400,DISABLED,DISABLED,2391,500,2400,DISABLED,DISABLED,2388,500,2400,DISABLED,DISABLED,2395,500,2400,DISABLED,DISABLED,2397,500,2400,DISABLED,DISABLED,2388,500,2400,DISABLED,DISABLED,2394,500,2400,DISABLED,DISABLED,1900,1900,1900,N/A,DISABLED,59,1900,1900,N/A,ENABLED,59,1900,1900,N/A,ENABLED,59,1900,1900,N/A,ENABLED,59,1900,1900,N/A,ENABLED,48,1520,1520,N/A,ENABLED,48,1520,1520,N/A,ENABLED,48,1520,1520,N/A,ENABLED,48,1520,1520,N/A,ENABLED,1250,1250,1250,N/A,DISABLED,224,1200,1200,N/A,ENABLED,N/A,44,32

1789726652,0,0,0,N/A,"['N/A', 'N/A', 'N/A', 'N/A']","['N/A', 'N/A', 'N/A', 'N/A', 'N/A', 'N/A', 'N/A', 'N/A', 'N/A', 'N/A', 'N/A', 'N/A', 'N/A', 'N/A', 'N/A', 'N/A', 'N/A', 'N/A', 'N/A', 'N/A', 'N/A', 'N/A', 'N/A', 'N/A', 'N/A', 'N/A', 'N/A', 'N/A', 'N/A', 'N/A', 'N/A', 'N/A']","[0, 0, 0, 0, 0, 0, 0, 0]","[0, 0, 0, 0, 0, 0, 0, 0, 0, 0, 0, 0, 0, 0, 0, 0, 0, 0, 0, 0, 0, 0, 0, 0, 0, 0, 0, 0, 0, 0, 0, 0, 0, 0, 0, 0, 0, 0, 0, 0]","[0, 0, 0, 0]",215,N/A,N/A,N/A,N/A,ENABLED,94,500,2400,DISABLED,ENABLED,94,500,2400,DISABLED,ENABLED,94,500,2400,DISABLED,ENABLED,95,500,2400,DISABLED,ENABLED,95,500,2400,DISABLED,ENABLED,94,500,2400,DISABLED,ENABLED,94,500,2400,DISABLED,ENABLED,95,500,2400,DISABLED,ENABLED,1900,1900,1900,N/A,DISABLED,59,1900,1900,N/A,ENABLED,59,1900,1900,N/A,ENABLED,59,1900,1900,N/A,ENABLED,59,1900,1900,N/A,ENABLED,48,1520,1520,N/A,ENABLED,48,1520,1520,N/A,ENABLED,48,1520,1520,N/A,ENABLED,48,1520,1520,N/A,ENABLED,1250,1250,1250,N/A,DISABLED,38,1200,1200,N/A,ENABLED,N/A,42,28
1789726652,1,0,0,N/A,"['N/A', 'N/A', 'N/A', 'N/A']","['N/A', 'N/A', 'N/A', 'N/A', 'N/A', 'N/A', 'N/A', 'N/A', 'N/A', 'N/A', 'N/A', 'N/A', 'N/A', 'N/A', 'N/A', 'N/A', 'N/A', 'N/A', 'N/A', 'N/A', 'N/A', 'N/A', 'N/A', 'N/A', 'N/A', 'N/A', 'N/A', 'N/A', 'N/A', 'N/A', 'N/A', 'N/A']","[0, 0, 0, 0, 0, 0, 0, 0]","[0, 0, 0, 0, 0, 0, 0, 0, 0, 0, 0, 0, 0, 0, 0, 0, 0, 0, 0, 0, 0, 0, 0, 0, 0, 0, 0, 0, 0, 0, 0, 0, 0, 0, 0, 0, 0, 0, 0, 0]","[0, 0, 0, 0]",219,N/A,N/A,N/A,N/A,ENABLED,94,500,2400,DISABLED,ENABLED,95,500,2400,DISABLED,ENABLED,94,500,2400,DISABLED,ENABLED,95,500,2400,DISABLED,ENABLED,94,500,2400,DISABLED,ENABLED,95,500,2400,DISABLED,ENABLED,105,500,2400,DISABLED,ENABLED,105,500,2400,DISABLED,ENABLED,1900,1900,1900,N/A,DISABLED,59,1900,1900,N/A,ENABLED,59,1900,1900,N/A,ENABLED,59,1900,1900,N/A,ENABLED,59,1900,1900,N/A,ENABLED,48,1520,1520,N/A,ENABLED,48,1520,1520,N/A,ENABLED,48,1520,1520,N/A,ENABLED,48,1520,1520,N/A,ENABLED,1250,1250,1250,N/A,DISABLED,38,1200,1200,N/A,ENABLED,N/A,41,28
1789726652,2,0,0,N/A,"['N/A', 'N/A', 'N/A', 'N/A']","['N/A', 'N/A', 'N/A', 'N/A', 'N/A', 'N/A', 'N/A', 'N/A', 'N/A', 'N/A', 'N/A', 'N/A', 'N/A', 'N/A', 'N/A', 'N/A', 'N/A', 'N/A', 'N/A', 'N/A', 'N/A', 'N/A', 'N/A', 'N/A', 'N/A', 'N/A', 'N/A', 'N/A', 'N/A', 'N/A', 'N/A', 'N/A']","[0, 0, 0, 0, 0, 0, 0, 0]","[0, 0, 0, 0, 0, 0, 0, 0, 0, 0, 0, 0, 0, 0, 0, 0, 0, 0, 0, 0, 0, 0, 0, 0, 0, 0, 0, 0, 0, 0, 0, 0, 0, 0, 0, 0, 0, 0, 0, 0]","[0, 0, 0, 0]",212,N/A,N/A,N/A,N/A,ENABLED,94,500,2400,DISABLED,ENABLED,94,500,2400,DISABLED,ENABLED,94,500,2400,DISABLED,ENABLED,95,500,2400,DISABLED,ENABLED,94,500,2400,DISABLED,ENABLED,95,500,2400,DISABLED,ENABLED,99,500,2400,DISABLED,ENABLED,99,500,2400,DISABLED,ENABLED,1900,1900,1900,N/A,DISABLED,59,1900,1900,N/A,ENABLED,59,1900,1900,N/A,ENABLED,59,1900,1900,N/A,ENABLED,59,1900,1900,N/A,ENABLED,48,1520,1520,N/A,ENABLED,48,1520,1520,N/A,ENABLED,48,1520,1520,N/A,ENABLED,48,1520,1520,N/A,ENABLED,1250,1250,1250,N/A,DISABLED,38,1200,1200,N/A,ENABLED,N/A,43,28
1789726652,3,100,4,N/A,"['N/A', 'N/A', 'N/A', 'N/A']","['N/A', 'N/A', 'N/A', 'N/A', 'N/A', 'N/A', 'N/A', 'N/A', 'N/A', 'N/A', 'N/A', 'N/A', 'N/A', 'N/A', 'N/A', 'N/A', 'N/A', 'N/A', 'N/A', 'N/A', 'N/A', 'N/A', 'N/A', 'N/A', 'N/A', 'N/A', 'N/A', 'N/A', 'N/A', 'N/A', 'N/A', 'N/A']","[100, 100, 100, 100, 100, 100, 100, 100]","[0, 0, 0, 0, 0, 0, 0, 0, 0, 0, 0, 0, 0, 0, 0, 0, 0, 0, 0, 0, 0, 0, 0, 0, 0, 0, 0, 0, 0, 0, 0, 0, 0, 0, 0, 0, 0, 0, 0, 0]","[0, 0, 0, 0]",367,N/A,N/A,N/A,N/A,ENABLED,2387,500,2400,DISABLED,DISABLED,2403,500,2400,DISABLED,DISABLED,2391,500,2400,DISABLED,DISABLED,2388,500,2400,DISABLED,DISABLED,2395,500,2400,DISABLED,DISABLED,2396,500,2400,DISABLED,DISABLED,2388,500,2400,DISABLED,DISABLED,2394,500,2400,DISABLED,DISABLED,1900,1900,1900,N/A,DISABLED,59,1900,1900,N/A,ENABLED,59,1900,1900,N/A,ENABLED,59,1900,1900,N/A,ENABLED,59,1900,1900,N/A,ENABLED,48,1520,1520,N/A,ENABLED,48,1520,1520,N/A,ENABLED,48,1520,1520,N/A,ENABLED,48,1520,1520,N/A,ENABLED,1250,1250,1250,N/A,DISABLED,226,1200,1200,N/A,ENABLED,N/A,44,32

1789726653,0,0,0,N/A,"['N/A', 'N/A', 'N/A', 'N/A']","['N/A', 'N/A', 'N/A', 'N/A', 'N/A', 'N/A', 'N/A', 'N/A', 'N/A', 'N/A', 'N/A', 'N/A', 'N/A', 'N/A', 'N/A', 'N/A', 'N/A', 'N/A', 'N/A', 'N/A', 'N/A', 'N/A', 'N/A', 'N/A', 'N/A', 'N/A', 'N/A', 'N/A', 'N/A', 'N/A', 'N/A', 'N/A']","[0, 0, 0, 0, 0, 0, 0, 0]","[0, 0, 0, 0, 0, 0, 0, 0, 0, 0, 0, 0, 0, 0, 0, 0, 0, 0, 0, 0, 0, 0, 0, 0, 0, 0, 0, 0, 0, 0, 0, 0, 0, 0, 0, 0, 0, 0, 0, 0]","[0, 0, 0, 0]",216,N/A,N/A,N/A,N/A,ENABLED,94,500,2400,DISABLED,ENABLED,94,500,2400,DISABLED,ENABLED,94,500,2400,DISABLED,ENABLED,95,500,2400,DISABLED,ENABLED,95,500,2400,DISABLED,ENABLED,95,500,2400,DISABLED,ENABLED,94,500,2400,DISABLED,ENABLED,95,500,2400,DISABLED,ENABLED,1900,1900,1900,N/A,DISABLED,59,1900,1900,N/A,ENABLED,59,1900,1900,N/A,ENABLED,59,1900,1900,N/A,ENABLED,59,1900,1900,N/A,ENABLED,48,1520,1520,N/A,ENABLED,48,1520,1520,N/A,ENABLED,48,1520,1520,N/A,ENABLED,48,1520,1520,N/A,ENABLED,1250,1250,1250,N/A,DISABLED,38,1200,1200,N/A,ENABLED,N/A,42,28
1789726653,1,0,0,N/A,"['N/A', 'N/A', 'N/A', 'N/A']","['N/A', 'N/A', 'N/A', 'N/A', 'N/A', 'N/A', 'N/A', 'N/A', 'N/A', 'N/A', 'N/A', 'N/A', 'N/A', 'N/A', 'N/A', 'N/A', 'N/A', 'N/A', 'N/A', 'N/A', 'N/A', 'N/A', 'N/A', 'N/A', 'N/A', 'N/A', 'N/A', 'N/A', 'N/A', 'N/A', 'N/A', 'N/A']","[0, 0, 0, 0, 0, 0, 0, 0]","[0, 0, 0, 0, 0, 0, 0, 0, 0, 0, 0, 0, 0, 0, 0, 0, 0, 0, 0, 0, 0, 0, 0, 0, 0, 0, 0, 0, 0, 0, 0, 0, 0, 0, 0, 0, 0, 0, 0, 0]","[0, 0, 0, 0]",220,N/A,N/A,N/A,N/A,ENABLED,94,500,2400,DISABLED,ENABLED,95,500,2400,DISABLED,ENABLED,94,500,2400,DISABLED,ENABLED,95,500,2400,DISABLED,ENABLED,94,500,2400,DISABLED,ENABLED,95,500,2400,DISABLED,ENABLED,98,500,2400,DISABLED,ENABLED,98,500,2400,DISABLED,ENABLED,1900,1900,1900,N/A,DISABLED,59,1900,1900,N/A,ENABLED,59,1900,1900,N/A,ENABLED,59,1900,1900,N/A,ENABLED,59,1900,1900,N/A,ENABLED,48,1520,1520,N/A,ENABLED,48,1520,1520,N/A,ENABLED,48,1520,1520,N/A,ENABLED,48,1520,1520,N/A,ENABLED,1250,1250,1250,N/A,DISABLED,38,1200,1200,N/A,ENABLED,N/A,41,28
1789726653,2,0,0,N/A,"['N/A', 'N/A', 'N/A', 'N/A']","['N/A', 'N/A', 'N/A', 'N/A', 'N/A', 'N/A', 'N/A', 'N/A', 'N/A', 'N/A', 'N/A', 'N/A', 'N/A', 'N/A', 'N/A', 'N/A', 'N/A', 'N/A', 'N/A', 'N/A', 'N/A', 'N/A', 'N/A', 'N/A', 'N/A', 'N/A', 'N/A', 'N/A', 'N/A', 'N/A', 'N/A', 'N/A']","[0, 0, 0, 0, 0, 0, 0, 0]","[0, 0, 0, 0, 0, 0, 0, 0, 0, 0, 0, 0, 0, 0, 0, 0, 0, 0, 0, 0, 0, 0, 0, 0, 0, 0, 0, 0, 0, 0, 0, 0, 0, 0, 0, 0, 0, 0, 0, 0]","[0, 0, 0, 0]",212,N/A,N/A,N/A,N/A,ENABLED,94,500,2400,DISABLED,ENABLED,94,500,2400,DISABLED,ENABLED,94,500,2400,DISABLED,ENABLED,95,500,2400,DISABLED,ENABLED,94,500,2400,DISABLED,ENABLED,95,500,2400,DISABLED,ENABLED,101,500,2400,DISABLED,ENABLED,101,500,2400,DISABLED,ENABLED,1900,1900,1900,N/A,DISABLED,59,1900,1900,N/A,ENABLED,59,1900,1900,N/A,ENABLED,59,1900,1900,N/A,ENABLED,59,1900,1900,N/A,ENABLED,48,1520,1520,N/A,ENABLED,48,1520,1520,N/A,ENABLED,48,1520,1520,N/A,ENABLED,48,1520,1520,N/A,ENABLED,1250,1250,1250,N/A,DISABLED,38,1200,1200,N/A,ENABLED,N/A,43,28
1789726653,3,100,4,N/A,"['N/A', 'N/A', 'N/A', 'N/A']","['N/A', 'N/A', 'N/A', 'N/A', 'N/A', 'N/A', 'N/A', 'N/A', 'N/A', 'N/A', 'N/A', 'N/A', 'N/A', 'N/A', 'N/A', 'N/A', 'N/A', 'N/A', 'N/A', 'N/A', 'N/A', 'N/A', 'N/A', 'N/A', 'N/A', 'N/A', 'N/A', 'N/A', 'N/A', 'N/A', 'N/A', 'N/A']","[100, 100, 100, 100, 100, 100, 100, 100]","[0, 0, 0, 0, 0, 0, 0, 0, 0, 0, 0, 0, 0, 0, 0, 0, 0, 0, 0, 0, 0, 0, 0, 0, 0, 0, 0, 0, 0, 0, 0, 0, 0, 0, 0, 0, 0, 0, 0, 0]","[0, 0, 0, 0]",367,N/A,N/A,N/A,N/A,ENABLED,2386,500,2400,DISABLED,DISABLED,2403,500,2400,DISABLED,DISABLED,2391,500,2400,DISABLED,DISABLED,2389,500,2400,DISABLED,DISABLED,2396,500,2400,DISABLED,DISABLED,2396,500,2400,DISABLED,DISABLED,2389,500,2400,DISABLED,DISABLED,2395,500,2400,DISABLED,DISABLED,1900,1900,1900,N/A,DISABLED,59,1900,1900,N/A,ENABLED,59,1900,1900,N/A,ENABLED,59,1900,1900,N/A,ENABLED,59,1900,1900,N/A,ENABLED,48,1520,1520,N/A,ENABLED,48,1520,1520,N/A,ENABLED,48,1520,1520,N/A,ENABLED,48,1520,1520,N/A,ENABLED,1250,1250,1250,N/A,DISABLED,211,1200,1200,N/A,ENABLED,N/A,44,32

1789726654,0,0,0,N/A,"['N/A', 'N/A', 'N/A', 'N/A']","['N/A', 'N/A', 'N/A', 'N/A', 'N/A', 'N/A', 'N/A', 'N/A', 'N/A', 'N/A', 'N/A', 'N/A', 'N/A', 'N/A', 'N/A', 'N/A', 'N/A', 'N/A', 'N/A', 'N/A', 'N/A', 'N/A', 'N/A', 'N/A', 'N/A', 'N/A', 'N/A', 'N/A', 'N/A', 'N/A', 'N/A', 'N/A']","[0, 0, 0, 0, 0, 0, 0, 0]","[0, 0, 0, 0, 0, 0, 0, 0, 0, 0, 0, 0, 0, 0, 0, 0, 0, 0, 0, 0, 0, 0, 0, 0, 0, 0, 0, 0, 0, 0, 0, 0, 0, 0, 0, 0, 0, 0, 0, 0]","[0, 0, 0, 0]",216,N/A,N/A,N/A,N/A,ENABLED,94,500,2400,DISABLED,ENABLED,94,500,2400,DISABLED,ENABLED,94,500,2400,DISABLED,ENABLED,95,500,2400,DISABLED,ENABLED,94,500,2400,DISABLED,ENABLED,94,500,2400,DISABLED,ENABLED,94,500,2400,DISABLED,ENABLED,94,500,2400,DISABLED,ENABLED,1900,1900,1900,N/A,DISABLED,59,1900,1900,N/A,ENABLED,59,1900,1900,N/A,ENABLED,59,1900,1900,N/A,ENABLED,59,1900,1900,N/A,ENABLED,48,1520,1520,N/A,ENABLED,48,1520,1520,N/A,ENABLED,48,1520,1520,N/A,ENABLED,48,1520,1520,N/A,ENABLED,1250,1250,1250,N/A,DISABLED,38,1200,1200,N/A,ENABLED,N/A,42,28
1789726654,1,0,0,N/A,"['N/A', 'N/A', 'N/A', 'N/A']","['N/A', 'N/A', 'N/A', 'N/A', 'N/A', 'N/A', 'N/A', 'N/A', 'N/A', 'N/A', 'N/A', 'N/A', 'N/A', 'N/A', 'N/A', 'N/A', 'N/A', 'N/A', 'N/A', 'N/A', 'N/A', 'N/A', 'N/A', 'N/A', 'N/A', 'N/A', 'N/A', 'N/A', 'N/A', 'N/A', 'N/A', 'N/A']","[0, 0, 0, 0, 0, 0, 0, 0]","[0, 0, 0, 0, 0, 0, 0, 0, 0, 0, 0, 0, 0, 0, 0, 0, 0, 0, 0, 0, 0, 0, 0, 0, 0, 0, 0, 0, 0, 0, 0, 0, 0, 0, 0, 0, 0, 0, 0, 0]","[0, 0, 0, 0]",219,N/A,N/A,N/A,N/A,ENABLED,94,500,2400,DISABLED,ENABLED,95,500,2400,DISABLED,ENABLED,94,500,2400,DISABLED,ENABLED,95,500,2400,DISABLED,ENABLED,94,500,2400,DISABLED,ENABLED,95,500,2400,DISABLED,ENABLED,111,500,2400,DISABLED,ENABLED,111,500,2400,DISABLED,ENABLED,1900,1900,1900,N/A,DISABLED,59,1900,1900,N/A,ENABLED,59,1900,1900,N/A,ENABLED,59,1900,1900,N/A,ENABLED,59,1900,1900,N/A,ENABLED,48,1520,1520,N/A,ENABLED,48,1520,1520,N/A,ENABLED,48,1520,1520,N/A,ENABLED,48,1520,1520,N/A,ENABLED,1250,1250,1250,N/A,DISABLED,38,1200,1200,N/A,ENABLED,N/A,41,28
1789726654,2,0,0,N/A,"['N/A', 'N/A', 'N/A', 'N/A']","['N/A', 'N/A', 'N/A', 'N/A', 'N/A', 'N/A', 'N/A', 'N/A', 'N/A', 'N/A', 'N/A', 'N/A', 'N/A', 'N/A', 'N/A', 'N/A', 'N/A', 'N/A', 'N/A', 'N/A', 'N/A', 'N/A', 'N/A', 'N/A', 'N/A', 'N/A', 'N/A', 'N/A', 'N/A', 'N/A', 'N/A', 'N/A']","[0, 0, 0, 0, 0, 0, 0, 0]","[0, 0, 0, 0, 0, 0, 0, 0, 0, 0, 0, 0, 0, 0, 0, 0, 0, 0, 0, 0, 0, 0, 0, 0, 0, 0, 0, 0, 0, 0, 0, 0, 0, 0, 0, 0, 0, 0, 0, 0]","[0, 0, 0, 0]",212,N/A,N/A,N/A,N/A,ENABLED,94,500,2400,DISABLED,ENABLED,95,500,2400,DISABLED,ENABLED,94,500,2400,DISABLED,ENABLED,95,500,2400,DISABLED,ENABLED,94,500,2400,DISABLED,ENABLED,95,500,2400,DISABLED,ENABLED,100,500,2400,DISABLED,ENABLED,100,500,2400,DISABLED,ENABLED,1900,1900,1900,N/A,DISABLED,59,1900,1900,N/A,ENABLED,59,1900,1900,N/A,ENABLED,59,1900,1900,N/A,ENABLED,59,1900,1900,N/A,ENABLED,48,1520,1520,N/A,ENABLED,48,1520,1520,N/A,ENABLED,48,1520,1520,N/A,ENABLED,48,1520,1520,N/A,ENABLED,1250,1250,1250,N/A,DISABLED,38,1200,1200,N/A,ENABLED,N/A,43,27
1789726654,3,100,4,N/A,"['N/A', 'N/A', 'N/A', 'N/A']","['N/A', 'N/A', 'N/A', 'N/A', 'N/A', 'N/A', 'N/A', 'N/A', 'N/A', 'N/A', 'N/A', 'N/A', 'N/A', 'N/A', 'N/A', 'N/A', 'N/A', 'N/A', 'N/A', 'N/A', 'N/A', 'N/A', 'N/A', 'N/A', 'N/A', 'N/A', 'N/A', 'N/A', 'N/A', 'N/A', 'N/A', 'N/A']","[100, 100, 100, 100, 100, 100, 100, 100]","[0, 0, 0, 0, 0, 0, 0, 0, 0, 0, 0, 0, 0, 0, 0, 0, 0, 0, 0, 0, 0, 0, 0, 0, 0, 0, 0, 0, 0, 0, 0, 0, 0, 0, 0, 0, 0, 0, 0, 0]","[0, 0, 0, 0]",362,N/A,N/A,N/A,N/A,ENABLED,2387,500,2400,DISABLED,DISABLED,2404,500,2400,DISABLED,DISABLED,2391,500,2400,DISABLED,DISABLED,2389,500,2400,DISABLED,DISABLED,2396,500,2400,DISABLED,DISABLED,2396,500,2400,DISABLED,DISABLED,2389,500,2400,DISABLED,DISABLED,2395,500,2400,DISABLED,DISABLED,1900,1900,1900,N/A,DISABLED,59,1900,1900,N/A,ENABLED,59,1900,1900,N/A,ENABLED,59,1900,1900,N/A,ENABLED,59,1900,1900,N/A,ENABLED,48,1520,1520,N/A,ENABLED,48,1520,1520,N/A,ENABLED,48,1520,1520,N/A,ENABLED,48,1520,1520,N/A,ENABLED,1250,1250,1250,N/A,DISABLED,210,1200,1200,N/A,ENABLED,N/A,44,32

1789726655,0,0,0,N/A,"['N/A', 'N/A', 'N/A', 'N/A']","['N/A', 'N/A', 'N/A', 'N/A', 'N/A', 'N/A', 'N/A', 'N/A', 'N/A', 'N/A', 'N/A', 'N/A', 'N/A', 'N/A', 'N/A', 'N/A', 'N/A', 'N/A', 'N/A', 'N/A', 'N/A', 'N/A', 'N/A', 'N/A', 'N/A', 'N/A', 'N/A', 'N/A', 'N/A', 'N/A', 'N/A', 'N/A']","[0, 0, 0, 0, 0, 0, 0, 0]","[0, 0, 0, 0, 0, 0, 0, 0, 0, 0, 0, 0, 0, 0, 0, 0, 0, 0, 0, 0, 0, 0, 0, 0, 0, 0, 0, 0, 0, 0, 0, 0, 0, 0, 0, 0, 0, 0, 0, 0]","[0, 0, 0, 0]",216,N/A,N/A,N/A,N/A,ENABLED,94,500,2400,DISABLED,ENABLED,94,500,2400,DISABLED,ENABLED,94,500,2400,DISABLED,ENABLED,94,500,2400,DISABLED,ENABLED,95,500,2400,DISABLED,ENABLED,95,500,2400,DISABLED,ENABLED,94,500,2400,DISABLED,ENABLED,95,500,2400,DISABLED,ENABLED,1900,1900,1900,N/A,DISABLED,59,1900,1900,N/A,ENABLED,59,1900,1900,N/A,ENABLED,59,1900,1900,N/A,ENABLED,59,1900,1900,N/A,ENABLED,48,1520,1520,N/A,ENABLED,48,1520,1520,N/A,ENABLED,48,1520,1520,N/A,ENABLED,48,1520,1520,N/A,ENABLED,1250,1250,1250,N/A,DISABLED,38,1200,1200,N/A,ENABLED,N/A,42,28
1789726655,1,0,0,N/A,"['N/A', 'N/A', 'N/A', 'N/A']","['N/A', 'N/A', 'N/A', 'N/A', 'N/A', 'N/A', 'N/A', 'N/A', 'N/A', 'N/A', 'N/A', 'N/A', 'N/A', 'N/A', 'N/A', 'N/A', 'N/A', 'N/A', 'N/A', 'N/A', 'N/A', 'N/A', 'N/A', 'N/A', 'N/A', 'N/A', 'N/A', 'N/A', 'N/A', 'N/A', 'N/A', 'N/A']","[0, 0, 0, 0, 0, 0, 0, 0]","[0, 0, 0, 0, 0, 0, 0, 0, 0, 0, 0, 0, 0, 0, 0, 0, 0, 0, 0, 0, 0, 0, 0, 0, 0, 0, 0, 0, 0, 0, 0, 0, 0, 0, 0, 0, 0, 0, 0, 0]","[0, 0, 0, 0]",219,N/A,N/A,N/A,N/A,ENABLED,94,500,2400,DISABLED,ENABLED,95,500,2400,DISABLED,ENABLED,94,500,2400,DISABLED,ENABLED,95,500,2400,DISABLED,ENABLED,94,500,2400,DISABLED,ENABLED,95,500,2400,DISABLED,ENABLED,103,500,2400,DISABLED,ENABLED,103,500,2400,DISABLED,ENABLED,1900,1900,1900,N/A,DISABLED,59,1900,1900,N/A,ENABLED,59,1900,1900,N/A,ENABLED,59,1900,1900,N/A,ENABLED,59,1900,1900,N/A,ENABLED,48,1520,1520,N/A,ENABLED,48,1520,1520,N/A,ENABLED,48,1520,1520,N/A,ENABLED,48,1520,1520,N/A,ENABLED,1250,1250,1250,N/A,DISABLED,38,1200,1200,N/A,ENABLED,N/A,41,28
1789726655,2,0,0,N/A,"['N/A', 'N/A', 'N/A', 'N/A']","['N/A', 'N/A', 'N/A', 'N/A', 'N/A', 'N/A', 'N/A', 'N/A', 'N/A', 'N/A', 'N/A', 'N/A', 'N/A', 'N/A', 'N/A', 'N/A', 'N/A', 'N/A', 'N/A', 'N/A', 'N/A', 'N/A', 'N/A', 'N/A', 'N/A', 'N/A', 'N/A', 'N/A', 'N/A', 'N/A', 'N/A', 'N/A']","[0, 0, 0, 0, 0, 0, 0, 0]","[0, 0, 0, 0, 0, 0, 0, 0, 0, 0, 0, 0, 0, 0, 0, 0, 0, 0, 0, 0, 0, 0, 0, 0, 0, 0, 0, 0, 0, 0, 0, 0, 0, 0, 0, 0, 0, 0, 0, 0]","[0, 0, 0, 0]",212,N/A,N/A,N/A,N/A,ENABLED,94,500,2400,DISABLED,ENABLED,94,500,2400,DISABLED,ENABLED,94,500,2400,DISABLED,ENABLED,95,500,2400,DISABLED,ENABLED,94,500,2400,DISABLED,ENABLED,95,500,2400,DISABLED,ENABLED,103,500,2400,DISABLED,ENABLED,104,500,2400,DISABLED,ENABLED,1900,1900,1900,N/A,DISABLED,59,1900,1900,N/A,ENABLED,59,1900,1900,N/A,ENABLED,59,1900,1900,N/A,ENABLED,59,1900,1900,N/A,ENABLED,48,1520,1520,N/A,ENABLED,48,1520,1520,N/A,ENABLED,48,1520,1520,N/A,ENABLED,48,1520,1520,N/A,ENABLED,1250,1250,1250,N/A,DISABLED,38,1200,1200,N/A,ENABLED,N/A,43,28
1789726655,3,100,4,N/A,"['N/A', 'N/A', 'N/A', 'N/A']","['N/A', 'N/A', 'N/A', 'N/A', 'N/A', 'N/A', 'N/A', 'N/A', 'N/A', 'N/A', 'N/A', 'N/A', 'N/A', 'N/A', 'N/A', 'N/A', 'N/A', 'N/A', 'N/A', 'N/A', 'N/A', 'N/A', 'N/A', 'N/A', 'N/A', 'N/A', 'N/A', 'N/A', 'N/A', 'N/A', 'N/A', 'N/A']","[100, 100, 100, 100, 100, 100, 100, 100]","[0, 0, 0, 0, 0, 0, 0, 0, 0, 0, 0, 0, 0, 0, 0, 0, 0, 0, 0, 0, 0, 0, 0, 0, 0, 0, 0, 0, 0, 0, 0, 0, 0, 0, 0, 0, 0, 0, 0, 0]","[0, 0, 0, 0]",373,N/A,N/A,N/A,N/A,ENABLED,2388,500,2400,DISABLED,DISABLED,2402,500,2400,DISABLED,DISABLED,2392,500,2400,DISABLED,DISABLED,2389,500,2400,DISABLED,DISABLED,2396,500,2400,DISABLED,DISABLED,2397,500,2400,DISABLED,DISABLED,2389,500,2400,DISABLED,DISABLED,2395,500,2400,DISABLED,DISABLED,1900,1900,1900,N/A,DISABLED,59,1900,1900,N/A,ENABLED,59,1900,1900,N/A,ENABLED,59,1900,1900,N/A,ENABLED,59,1900,1900,N/A,ENABLED,48,1520,1520,N/A,ENABLED,48,1520,1520,N/A,ENABLED,48,1520,1520,N/A,ENABLED,48,1520,1520,N/A,ENABLED,1250,1250,1250,N/A,DISABLED,223,1200,1200,N/A,ENABLED,N/A,44,32

1789726656,0,0,0,N/A,"['N/A', 'N/A', 'N/A', 'N/A']","['N/A', 'N/A', 'N/A', 'N/A', 'N/A', 'N/A', 'N/A', 'N/A', 'N/A', 'N/A', 'N/A', 'N/A', 'N/A', 'N/A', 'N/A', 'N/A', 'N/A', 'N/A', 'N/A', 'N/A', 'N/A', 'N/A', 'N/A', 'N/A', 'N/A', 'N/A', 'N/A', 'N/A', 'N/A', 'N/A', 'N/A', 'N/A']","[0, 0, 0, 0, 0, 0, 0, 0]","[0, 0, 0, 0, 0, 0, 0, 0, 0, 0, 0, 0, 0, 0, 0, 0, 0, 0, 0, 0, 0, 0, 0, 0, 0, 0, 0, 0, 0, 0, 0, 0, 0, 0, 0, 0, 0, 0, 0, 0]","[0, 0, 0, 0]",216,N/A,N/A,N/A,N/A,ENABLED,94,500,2400,DISABLED,ENABLED,94,500,2400,DISABLED,ENABLED,94,500,2400,DISABLED,ENABLED,94,500,2400,DISABLED,ENABLED,94,500,2400,DISABLED,ENABLED,94,500,2400,DISABLED,ENABLED,94,500,2400,DISABLED,ENABLED,95,500,2400,DISABLED,ENABLED,1900,1900,1900,N/A,DISABLED,59,1900,1900,N/A,ENABLED,59,1900,1900,N/A,ENABLED,59,1900,1900,N/A,ENABLED,59,1900,1900,N/A,ENABLED,48,1520,1520,N/A,ENABLED,48,1520,1520,N/A,ENABLED,48,1520,1520,N/A,ENABLED,48,1520,1520,N/A,ENABLED,1250,1250,1250,N/A,DISABLED,38,1200,1200,N/A,ENABLED,N/A,42,28
1789726656,1,0,0,N/A,"['N/A', 'N/A', 'N/A', 'N/A']","['N/A', 'N/A', 'N/A', 'N/A', 'N/A', 'N/A', 'N/A', 'N/A', 'N/A', 'N/A', 'N/A', 'N/A', 'N/A', 'N/A', 'N/A', 'N/A', 'N/A', 'N/A', 'N/A', 'N/A', 'N/A', 'N/A', 'N/A', 'N/A', 'N/A', 'N/A', 'N/A', 'N/A', 'N/A', 'N/A', 'N/A', 'N/A']","[0, 0, 0, 0, 0, 0, 0, 0]","[0, 0, 0, 0, 0, 0, 0, 0, 0, 0, 0, 0, 0, 0, 0, 0, 0, 0, 0, 0, 0, 0, 0, 0, 0, 0, 0, 0, 0, 0, 0, 0, 0, 0, 0, 0, 0, 0, 0, 0]","[0, 0, 0, 0]",220,N/A,N/A,N/A,N/A,ENABLED,94,500,2400,DISABLED,ENABLED,95,500,2400,DISABLED,ENABLED,94,500,2400,DISABLED,ENABLED,95,500,2400,DISABLED,ENABLED,94,500,2400,DISABLED,ENABLED,95,500,2400,DISABLED,ENABLED,107,500,2400,DISABLED,ENABLED,107,500,2400,DISABLED,ENABLED,1900,1900,1900,N/A,DISABLED,59,1900,1900,N/A,ENABLED,59,1900,1900,N/A,ENABLED,59,1900,1900,N/A,ENABLED,59,1900,1900,N/A,ENABLED,48,1520,1520,N/A,ENABLED,48,1520,1520,N/A,ENABLED,48,1520,1520,N/A,ENABLED,48,1520,1520,N/A,ENABLED,1250,1250,1250,N/A,DISABLED,38,1200,1200,N/A,ENABLED,N/A,41,28
1789726656,2,0,0,N/A,"['N/A', 'N/A', 'N/A', 'N/A']","['N/A', 'N/A', 'N/A', 'N/A', 'N/A', 'N/A', 'N/A', 'N/A', 'N/A', 'N/A', 'N/A', 'N/A', 'N/A', 'N/A', 'N/A', 'N/A', 'N/A', 'N/A', 'N/A', 'N/A', 'N/A', 'N/A', 'N/A', 'N/A', 'N/A', 'N/A', 'N/A', 'N/A', 'N/A', 'N/A', 'N/A', 'N/A']","[0, 0, 0, 0, 0, 0, 0, 0]","[0, 0, 0, 0, 0, 0, 0, 0, 0, 0, 0, 0, 0, 0, 0, 0, 0, 0, 0, 0, 0, 0, 0, 0, 0, 0, 0, 0, 0, 0, 0, 0, 0, 0, 0, 0, 0, 0, 0, 0]","[0, 0, 0, 0]",212,N/A,N/A,N/A,N/A,ENABLED,94,500,2400,DISABLED,ENABLED,94,500,2400,DISABLED,ENABLED,94,500,2400,DISABLED,ENABLED,95,500,2400,DISABLED,ENABLED,94,500,2400,DISABLED,ENABLED,95,500,2400,DISABLED,ENABLED,97,500,2400,DISABLED,ENABLED,96,500,2400,DISABLED,ENABLED,1900,1900,1900,N/A,DISABLED,59,1900,1900,N/A,ENABLED,59,1900,1900,N/A,ENABLED,59,1900,1900,N/A,ENABLED,59,1900,1900,N/A,ENABLED,48,1520,1520,N/A,ENABLED,48,1520,1520,N/A,ENABLED,48,1520,1520,N/A,ENABLED,48,1520,1520,N/A,ENABLED,1250,1250,1250,N/A,DISABLED,38,1200,1200,N/A,ENABLED,N/A,43,28
1789726656,3,100,4,N/A,"['N/A', 'N/A', 'N/A', 'N/A']","['N/A', 'N/A', 'N/A', 'N/A', 'N/A', 'N/A', 'N/A', 'N/A', 'N/A', 'N/A', 'N/A', 'N/A', 'N/A', 'N/A', 'N/A', 'N/A', 'N/A', 'N/A', 'N/A', 'N/A', 'N/A', 'N/A', 'N/A', 'N/A', 'N/A', 'N/A', 'N/A', 'N/A', 'N/A', 'N/A', 'N/A', 'N/A']","[100, 100, 100, 100, 100, 100, 100, 100]","[0, 0, 0, 0, 0, 0, 0, 0, 0, 0, 0, 0, 0, 0, 0, 0, 0, 0, 0, 0, 0, 0, 0, 0, 0, 0, 0, 0, 0, 0, 0, 0, 0, 0, 0, 0, 0, 0, 0, 0]","[0, 0, 0, 0]",366,N/A,N/A,N/A,N/A,ENABLED,2387,500,2400,DISABLED,DISABLED,2403,500,2400,DISABLED,DISABLED,2392,500,2400,DISABLED,DISABLED,2390,500,2400,DISABLED,DISABLED,2396,500,2400,DISABLED,DISABLED,2397,500,2400,DISABLED,DISABLED,2389,500,2400,DISABLED,DISABLED,2395,500,2400,DISABLED,DISABLED,1900,1900,1900,N/A,DISABLED,59,1900,1900,N/A,ENABLED,59,1900,1900,N/A,ENABLED,59,1900,1900,N/A,ENABLED,59,1900,1900,N/A,ENABLED,48,1520,1520,N/A,ENABLED,48,1520,1520,N/A,ENABLED,48,1520,1520,N/A,ENABLED,48,1520,1520,N/A,ENABLED,1250,1250,1250,N/A,DISABLED,205,1200,1200,N/A,ENABLED,N/A,44,32

1789726657,0,0,0,N/A,"['N/A', 'N/A', 'N/A', 'N/A']","['N/A', 'N/A', 'N/A', 'N/A', 'N/A', 'N/A', 'N/A', 'N/A', 'N/A', 'N/A', 'N/A', 'N/A', 'N/A', 'N/A', 'N/A', 'N/A', 'N/A', 'N/A', 'N/A', 'N/A', 'N/A', 'N/A', 'N/A', 'N/A', 'N/A', 'N/A', 'N/A', 'N/A', 'N/A', 'N/A', 'N/A', 'N/A']","[0, 0, 0, 0, 0, 0, 0, 0]","[0, 0, 0, 0, 0, 0, 0, 0, 0, 0, 0, 0, 0, 0, 0, 0, 0, 0, 0, 0, 0, 0, 0, 0, 0, 0, 0, 0, 0, 0, 0, 0, 0, 0, 0, 0, 0, 0, 0, 0]","[0, 0, 0, 0]",216,N/A,N/A,N/A,N/A,ENABLED,94,500,2400,DISABLED,ENABLED,94,500,2400,DISABLED,ENABLED,94,500,2400,DISABLED,ENABLED,95,500,2400,DISABLED,ENABLED,94,500,2400,DISABLED,ENABLED,94,500,2400,DISABLED,ENABLED,94,500,2400,DISABLED,ENABLED,94,500,2400,DISABLED,ENABLED,1900,1900,1900,N/A,DISABLED,59,1900,1900,N/A,ENABLED,59,1900,1900,N/A,ENABLED,59,1900,1900,N/A,ENABLED,59,1900,1900,N/A,ENABLED,48,1520,1520,N/A,ENABLED,48,1520,1520,N/A,ENABLED,48,1520,1520,N/A,ENABLED,48,1520,1520,N/A,ENABLED,1250,1250,1250,N/A,DISABLED,38,1200,1200,N/A,ENABLED,N/A,42,28
1789726657,1,0,0,N/A,"['N/A', 'N/A', 'N/A', 'N/A']","['N/A', 'N/A', 'N/A', 'N/A', 'N/A', 'N/A', 'N/A', 'N/A', 'N/A', 'N/A', 'N/A', 'N/A', 'N/A', 'N/A', 'N/A', 'N/A', 'N/A', 'N/A', 'N/A', 'N/A', 'N/A', 'N/A', 'N/A', 'N/A', 'N/A', 'N/A', 'N/A', 'N/A', 'N/A', 'N/A', 'N/A', 'N/A']","[0, 0, 0, 0, 0, 0, 0, 0]","[0, 0, 0, 0, 0, 0, 0, 0, 0, 0, 0, 0, 0, 0, 0, 0, 0, 0, 0, 0, 0, 0, 0, 0, 0, 0, 0, 0, 0, 0, 0, 0, 0, 0, 0, 0, 0, 0, 0, 0]","[0, 0, 0, 0]",219,N/A,N/A,N/A,N/A,ENABLED,94,500,2400,DISABLED,ENABLED,95,500,2400,DISABLED,ENABLED,94,500,2400,DISABLED,ENABLED,95,500,2400,DISABLED,ENABLED,94,500,2400,DISABLED,ENABLED,95,500,2400,DISABLED,ENABLED,96,500,2400,DISABLED,ENABLED,96,500,2400,DISABLED,ENABLED,1900,1900,1900,N/A,DISABLED,59,1900,1900,N/A,ENABLED,59,1900,1900,N/A,ENABLED,59,1900,1900,N/A,ENABLED,59,1900,1900,N/A,ENABLED,48,1520,1520,N/A,ENABLED,48,1520,1520,N/A,ENABLED,48,1520,1520,N/A,ENABLED,48,1520,1520,N/A,ENABLED,1250,1250,1250,N/A,DISABLED,38,1200,1200,N/A,ENABLED,N/A,41,28
1789726657,2,0,0,N/A,"['N/A', 'N/A', 'N/A', 'N/A']","['N/A', 'N/A', 'N/A', 'N/A', 'N/A', 'N/A', 'N/A', 'N/A', 'N/A', 'N/A', 'N/A', 'N/A', 'N/A', 'N/A', 'N/A', 'N/A', 'N/A', 'N/A', 'N/A', 'N/A', 'N/A', 'N/A', 'N/A', 'N/A', 'N/A', 'N/A', 'N/A', 'N/A', 'N/A', 'N/A', 'N/A', 'N/A']","[0, 0, 0, 0, 0, 0, 0, 0]","[0, 0, 0, 0, 0, 0, 0, 0, 0, 0, 0, 0, 0, 0, 0, 0, 0, 0, 0, 0, 0, 0, 0, 0, 0, 0, 0, 0, 0, 0, 0, 0, 0, 0, 0, 0, 0, 0, 0, 0]","[0, 0, 0, 0]",212,N/A,N/A,N/A,N/A,ENABLED,94,500,2400,DISABLED,ENABLED,95,500,2400,DISABLED,ENABLED,94,500,2400,DISABLED,ENABLED,95,500,2400,DISABLED,ENABLED,94,500,2400,DISABLED,ENABLED,95,500,2400,DISABLED,ENABLED,103,500,2400,DISABLED,ENABLED,103,500,2400,DISABLED,ENABLED,1900,1900,1900,N/A,DISABLED,59,1900,1900,N/A,ENABLED,59,1900,1900,N/A,ENABLED,59,1900,1900,N/A,ENABLED,59,1900,1900,N/A,ENABLED,48,1520,1520,N/A,ENABLED,48,1520,1520,N/A,ENABLED,48,1520,1520,N/A,ENABLED,48,1520,1520,N/A,ENABLED,1250,1250,1250,N/A,DISABLED,38,1200,1200,N/A,ENABLED,N/A,43,28
1789726657,3,100,4,N/A,"['N/A', 'N/A', 'N/A', 'N/A']","['N/A', 'N/A', 'N/A', 'N/A', 'N/A', 'N/A', 'N/A', 'N/A', 'N/A', 'N/A', 'N/A', 'N/A', 'N/A', 'N/A', 'N/A', 'N/A', 'N/A', 'N/A', 'N/A', 'N/A', 'N/A', 'N/A', 'N/A', 'N/A', 'N/A', 'N/A', 'N/A', 'N/A', 'N/A', 'N/A', 'N/A', 'N/A']","[100, 100, 100, 100, 100, 100, 100, 100]","[0, 0, 0, 0, 0, 0, 0, 0, 0, 0, 0, 0, 0, 0, 0, 0, 0, 0, 0, 0, 0, 0, 0, 0, 0, 0, 0, 0, 0, 0, 0, 0, 0, 0, 0, 0, 0, 0, 0, 0]","[0, 0, 0, 0]",367,N/A,N/A,N/A,N/A,ENABLED,2386,500,2400,DISABLED,DISABLED,2403,500,2400,DISABLED,DISABLED,2391,500,2400,DISABLED,DISABLED,2389,500,2400,DISABLED,DISABLED,2395,500,2400,DISABLED,DISABLED,2397,500,2400,DISABLED,DISABLED,2388,500,2400,DISABLED,DISABLED,2395,500,2400,DISABLED,DISABLED,1900,1900,1900,N/A,DISABLED,59,1900,1900,N/A,ENABLED,59,1900,1900,N/A,ENABLED,59,1900,1900,N/A,ENABLED,59,1900,1900,N/A,ENABLED,48,1520,1520,N/A,ENABLED,48,1520,1520,N/A,ENABLED,48,1520,1520,N/A,ENABLED,48,1520,1520,N/A,ENABLED,1250,1250,1250,N/A,DISABLED,209,1200,1200,N/A,ENABLED,N/A,44,32

1789726658,0,0,0,N/A,"['N/A', 'N/A', 'N/A', 'N/A']","['N/A', 'N/A', 'N/A', 'N/A', 'N/A', 'N/A', 'N/A', 'N/A', 'N/A', 'N/A', 'N/A', 'N/A', 'N/A', 'N/A', 'N/A', 'N/A', 'N/A', 'N/A', 'N/A', 'N/A', 'N/A', 'N/A', 'N/A', 'N/A', 'N/A', 'N/A', 'N/A', 'N/A', 'N/A', 'N/A', 'N/A', 'N/A']","[0, 0, 0, 0, 0, 0, 0, 0]","[0, 0, 0, 0, 0, 0, 0, 0, 0, 0, 0, 0, 0, 0, 0, 0, 0, 0, 0, 0, 0, 0, 0, 0, 0, 0, 0, 0, 0, 0, 0, 0, 0, 0, 0, 0, 0, 0, 0, 0]","[0, 0, 0, 0]",216,N/A,N/A,N/A,N/A,ENABLED,94,500,2400,DISABLED,ENABLED,94,500,2400,DISABLED,ENABLED,94,500,2400,DISABLED,ENABLED,95,500,2400,DISABLED,ENABLED,94,500,2400,DISABLED,ENABLED,94,500,2400,DISABLED,ENABLED,94,500,2400,DISABLED,ENABLED,95,500,2400,DISABLED,ENABLED,1900,1900,1900,N/A,DISABLED,59,1900,1900,N/A,ENABLED,59,1900,1900,N/A,ENABLED,59,1900,1900,N/A,ENABLED,59,1900,1900,N/A,ENABLED,48,1520,1520,N/A,ENABLED,48,1520,1520,N/A,ENABLED,48,1520,1520,N/A,ENABLED,48,1520,1520,N/A,ENABLED,1250,1250,1250,N/A,DISABLED,38,1200,1200,N/A,ENABLED,N/A,42,28
1789726658,1,0,0,N/A,"['N/A', 'N/A', 'N/A', 'N/A']","['N/A', 'N/A', 'N/A', 'N/A', 'N/A', 'N/A', 'N/A', 'N/A', 'N/A', 'N/A', 'N/A', 'N/A', 'N/A', 'N/A', 'N/A', 'N/A', 'N/A', 'N/A', 'N/A', 'N/A', 'N/A', 'N/A', 'N/A', 'N/A', 'N/A', 'N/A', 'N/A', 'N/A', 'N/A', 'N/A', 'N/A', 'N/A']","[0, 0, 0, 0, 0, 0, 0, 0]","[0, 0, 0, 0, 0, 0, 0, 0, 0, 0, 0, 0, 0, 0, 0, 0, 0, 0, 0, 0, 0, 0, 0, 0, 0, 0, 0, 0, 0, 0, 0, 0, 0, 0, 0, 0, 0, 0, 0, 0]","[0, 0, 0, 0]",220,N/A,N/A,N/A,N/A,ENABLED,94,500,2400,DISABLED,ENABLED,94,500,2400,DISABLED,ENABLED,94,500,2400,DISABLED,ENABLED,95,500,2400,DISABLED,ENABLED,94,500,2400,DISABLED,ENABLED,95,500,2400,DISABLED,ENABLED,106,500,2400,DISABLED,ENABLED,106,500,2400,DISABLED,ENABLED,1900,1900,1900,N/A,DISABLED,59,1900,1900,N/A,ENABLED,59,1900,1900,N/A,ENABLED,59,1900,1900,N/A,ENABLED,59,1900,1900,N/A,ENABLED,48,1520,1520,N/A,ENABLED,48,1520,1520,N/A,ENABLED,48,1520,1520,N/A,ENABLED,48,1520,1520,N/A,ENABLED,1250,1250,1250,N/A,DISABLED,38,1200,1200,N/A,ENABLED,N/A,41,28
1789726658,2,0,0,N/A,"['N/A', 'N/A', 'N/A', 'N/A']","['N/A', 'N/A', 'N/A', 'N/A', 'N/A', 'N/A', 'N/A', 'N/A', 'N/A', 'N/A', 'N/A', 'N/A', 'N/A', 'N/A', 'N/A', 'N/A', 'N/A', 'N/A', 'N/A', 'N/A', 'N/A', 'N/A', 'N/A', 'N/A', 'N/A', 'N/A', 'N/A', 'N/A', 'N/A', 'N/A', 'N/A', 'N/A']","[0, 0, 0, 0, 0, 0, 0, 0]","[0, 0, 0, 0, 0, 0, 0, 0, 0, 0, 0, 0, 0, 0, 0, 0, 0, 0, 0, 0, 0, 0, 0, 0, 0, 0, 0, 0, 0, 0, 0, 0, 0, 0, 0, 0, 0, 0, 0, 0]","[0, 0, 0, 0]",211,N/A,N/A,N/A,N/A,ENABLED,94,500,2400,DISABLED,ENABLED,94,500,2400,DISABLED,ENABLED,94,500,2400,DISABLED,ENABLED,95,500,2400,DISABLED,ENABLED,95,500,2400,DISABLED,ENABLED,95,500,2400,DISABLED,ENABLED,101,500,2400,DISABLED,ENABLED,101,500,2400,DISABLED,ENABLED,1900,1900,1900,N/A,DISABLED,59,1900,1900,N/A,ENABLED,59,1900,1900,N/A,ENABLED,59,1900,1900,N/A,ENABLED,59,1900,1900,N/A,ENABLED,48,1520,1520,N/A,ENABLED,48,1520,1520,N/A,ENABLED,48,1520,1520,N/A,ENABLED,48,1520,1520,N/A,ENABLED,1250,1250,1250,N/A,DISABLED,38,1200,1200,N/A,ENABLED,N/A,43,28
1789726658,3,100,4,N/A,"['N/A', 'N/A', 'N/A', 'N/A']","['N/A', 'N/A', 'N/A', 'N/A', 'N/A', 'N/A', 'N/A', 'N/A', 'N/A', 'N/A', 'N/A', 'N/A', 'N/A', 'N/A', 'N/A', 'N/A', 'N/A', 'N/A', 'N/A', 'N/A', 'N/A', 'N/A', 'N/A', 'N/A', 'N/A', 'N/A', 'N/A', 'N/A', 'N/A', 'N/A', 'N/A', 'N/A']","[100, 100, 100, 100, 100, 100, 100, 100]","[0, 0, 0, 0, 0, 0, 0, 0, 0, 0, 0, 0, 0, 0, 0, 0, 0, 0, 0, 0, 0, 0, 0, 0, 0, 0, 0, 0, 0, 0, 0, 0, 0, 0, 0, 0, 0, 0, 0, 0]","[0, 0, 0, 0]",365,N/A,N/A,N/A,N/A,ENABLED,2386,500,2400,DISABLED,DISABLED,2404,500,2400,DISABLED,DISABLED,2392,500,2400,DISABLED,DISABLED,2389,500,2400,DISABLED,DISABLED,2396,500,2400,DISABLED,DISABLED,2398,500,2400,DISABLED,DISABLED,2388,500,2400,DISABLED,DISABLED,2395,500,2400,DISABLED,DISABLED,1900,1900,1900,N/A,DISABLED,59,1900,1900,N/A,ENABLED,59,1900,1900,N/A,ENABLED,59,1900,1900,N/A,ENABLED,59,1900,1900,N/A,ENABLED,48,1520,1520,N/A,ENABLED,48,1520,1520,N/A,ENABLED,48,1520,1520,N/A,ENABLED,48,1520,1520,N/A,ENABLED,1250,1250,1250,N/A,DISABLED,199,1200,1200,N/A,ENABLED,N/A,44,32

1789726659,0,0,0,N/A,"['N/A', 'N/A', 'N/A', 'N/A']","['N/A', 'N/A', 'N/A', 'N/A', 'N/A', 'N/A', 'N/A', 'N/A', 'N/A', 'N/A', 'N/A', 'N/A', 'N/A', 'N/A', 'N/A', 'N/A', 'N/A', 'N/A', 'N/A', 'N/A', 'N/A', 'N/A', 'N/A', 'N/A', 'N/A', 'N/A', 'N/A', 'N/A', 'N/A', 'N/A', 'N/A', 'N/A']","[0, 0, 0, 0, 0, 0, 0, 0]","[0, 0, 0, 0, 0, 0, 0, 0, 0, 0, 0, 0, 0, 0, 0, 0, 0, 0, 0, 0, 0, 0, 0, 0, 0, 0, 0, 0, 0, 0, 0, 0, 0, 0, 0, 0, 0, 0, 0, 0]","[0, 0, 0, 0]",216,N/A,N/A,N/A,N/A,ENABLED,94,500,2400,DISABLED,ENABLED,95,500,2400,DISABLED,ENABLED,94,500,2400,DISABLED,ENABLED,95,500,2400,DISABLED,ENABLED,95,500,2400,DISABLED,ENABLED,95,500,2400,DISABLED,ENABLED,94,500,2400,DISABLED,ENABLED,95,500,2400,DISABLED,ENABLED,1900,1900,1900,N/A,DISABLED,59,1900,1900,N/A,ENABLED,59,1900,1900,N/A,ENABLED,59,1900,1900,N/A,ENABLED,59,1900,1900,N/A,ENABLED,48,1520,1520,N/A,ENABLED,48,1520,1520,N/A,ENABLED,48,1520,1520,N/A,ENABLED,48,1520,1520,N/A,ENABLED,1250,1250,1250,N/A,DISABLED,38,1200,1200,N/A,ENABLED,N/A,42,28
1789726659,1,0,0,N/A,"['N/A', 'N/A', 'N/A', 'N/A']","['N/A', 'N/A', 'N/A', 'N/A', 'N/A', 'N/A', 'N/A', 'N/A', 'N/A', 'N/A', 'N/A', 'N/A', 'N/A', 'N/A', 'N/A', 'N/A', 'N/A', 'N/A', 'N/A', 'N/A', 'N/A', 'N/A', 'N/A', 'N/A', 'N/A', 'N/A', 'N/A', 'N/A', 'N/A', 'N/A', 'N/A', 'N/A']","[0, 0, 0, 0, 0, 0, 0, 0]","[0, 0, 0, 0, 0, 0, 0, 0, 0, 0, 0, 0, 0, 0, 0, 0, 0, 0, 0, 0, 0, 0, 0, 0, 0, 0, 0, 0, 0, 0, 0, 0, 0, 0, 0, 0, 0, 0, 0, 0]","[0, 0, 0, 0]",220,N/A,N/A,N/A,N/A,ENABLED,94,500,2400,DISABLED,ENABLED,95,500,2400,DISABLED,ENABLED,94,500,2400,DISABLED,ENABLED,95,500,2400,DISABLED,ENABLED,94,500,2400,DISABLED,ENABLED,95,500,2400,DISABLED,ENABLED,95,500,2400,DISABLED,ENABLED,95,500,2400,DISABLED,ENABLED,1900,1900,1900,N/A,DISABLED,59,1900,1900,N/A,ENABLED,59,1900,1900,N/A,ENABLED,59,1900,1900,N/A,ENABLED,59,1900,1900,N/A,ENABLED,48,1520,1520,N/A,ENABLED,48,1520,1520,N/A,ENABLED,48,1520,1520,N/A,ENABLED,48,1520,1520,N/A,ENABLED,1250,1250,1250,N/A,DISABLED,38,1200,1200,N/A,ENABLED,N/A,41,28
1789726659,2,0,0,N/A,"['N/A', 'N/A', 'N/A', 'N/A']","['N/A', 'N/A', 'N/A', 'N/A', 'N/A', 'N/A', 'N/A', 'N/A', 'N/A', 'N/A', 'N/A', 'N/A', 'N/A', 'N/A', 'N/A', 'N/A', 'N/A', 'N/A', 'N/A', 'N/A', 'N/A', 'N/A', 'N/A', 'N/A', 'N/A', 'N/A', 'N/A', 'N/A', 'N/A', 'N/A', 'N/A', 'N/A']","[0, 0, 0, 0, 0, 0, 0, 0]","[0, 0, 0, 0, 0, 0, 0, 0, 0, 0, 0, 0, 0, 0, 0, 0, 0, 0, 0, 0, 0, 0, 0, 0, 0, 0, 0, 0, 0, 0, 0, 0, 0, 0, 0, 0, 0, 0, 0, 0]","[0, 0, 0, 0]",212,N/A,N/A,N/A,N/A,ENABLED,94,500,2400,DISABLED,ENABLED,95,500,2400,DISABLED,ENABLED,94,500,2400,DISABLED,ENABLED,95,500,2400,DISABLED,ENABLED,95,500,2400,DISABLED,ENABLED,95,500,2400,DISABLED,ENABLED,101,500,2400,DISABLED,ENABLED,101,500,2400,DISABLED,ENABLED,1900,1900,1900,N/A,DISABLED,59,1900,1900,N/A,ENABLED,59,1900,1900,N/A,ENABLED,59,1900,1900,N/A,ENABLED,59,1900,1900,N/A,ENABLED,48,1520,1520,N/A,ENABLED,48,1520,1520,N/A,ENABLED,48,1520,1520,N/A,ENABLED,48,1520,1520,N/A,ENABLED,1250,1250,1250,N/A,DISABLED,38,1200,1200,N/A,ENABLED,N/A,43,28
1789726659,3,100,4,N/A,"['N/A', 'N/A', 'N/A', 'N/A']","['N/A', 'N/A', 'N/A', 'N/A', 'N/A', 'N/A', 'N/A', 'N/A', 'N/A', 'N/A', 'N/A', 'N/A', 'N/A', 'N/A', 'N/A', 'N/A', 'N/A', 'N/A', 'N/A', 'N/A', 'N/A', 'N/A', 'N/A', 'N/A', 'N/A', 'N/A', 'N/A', 'N/A', 'N/A', 'N/A', 'N/A', 'N/A']","[100, 100, 100, 100, 100, 100, 100, 100]","[0, 0, 0, 0, 0, 0, 0, 0, 0, 0, 0, 0, 0, 0, 0, 0, 0, 0, 0, 0, 0, 0, 0, 0, 0, 0, 0, 0, 0, 0, 0, 0, 0, 0, 0, 0, 0, 0, 0, 0]","[0, 0, 0, 0]",369,N/A,N/A,N/A,N/A,ENABLED,2388,500,2400,DISABLED,DISABLED,2404,500,2400,DISABLED,DISABLED,2392,500,2400,DISABLED,DISABLED,2390,500,2400,DISABLED,DISABLED,2396,500,2400,DISABLED,DISABLED,2397,500,2400,DISABLED,DISABLED,2389,500,2400,DISABLED,DISABLED,2395,500,2400,DISABLED,DISABLED,1900,1900,1900,N/A,DISABLED,59,1900,1900,N/A,ENABLED,59,1900,1900,N/A,ENABLED,59,1900,1900,N/A,ENABLED,59,1900,1900,N/A,ENABLED,48,1520,1520,N/A,ENABLED,48,1520,1520,N/A,ENABLED,48,1520,1520,N/A,ENABLED,48,1520,1520,N/A,ENABLED,1250,1250,1250,N/A,DISABLED,216,1200,1200,N/A,ENABLED,N/A,44,32

