run,rank,phase,category,kernel,calls,total_us,mean_us,min_us,max_us,std_us,p50_us,p90_us,p99_us,pct_of_rank,pct_of_phase
isl32768_osl4_c4,0,EXTEND,comm,quickreduce::allreduce_prototype_twoshot,496,1385596.902,2793.542141129032,1574.646,535867.678,23984.247652936625,1703.9665,1811.4265,2010.5630500000004,30.28930470645251,38.55635514192649
isl32768_osl4_c4,0,EXTEND,norm,_gemma_fused_add_rmsnorm_kernel,488,629994.632,1290.972606557377,172.24,541255.202,24493.223529599225,181.67950000000002,187.52,192.466,13.771753779568868,17.530565154871635
isl32768_osl4_c4,0,EXTEND,gemm,Cijk_Alik_Bljk_BBS_BH_Bias_HA_S_SAV_UserArgs_MT256x256x64_MI16x16x1_CMS_SN_LDSB…,1216,428741.193,352.5832179276316,99.039,1597.245,349.1135495376651,110.5795,1007.383,1015.8380000000001,9.37233088226475,11.93038009641945
isl32768_osl4_c4,0,EXTEND,linear_attn,chunk_gated_delta_rule_fwd_kernel_h_blockdim64,180,231631.981,1286.8443388888888,1231.324,1368.765,20.185044078998395,1286.4645,1310.992,1340.1914100000001,5.063501255048432,6.445514499038603
isl32768_osl4_c4,0,EXTEND,moe,mfma_moe2_afp4_wfp4_bf16_cshuffle_t64x256x256_vscale_fix3_fp4opt_v1_persist_cu2…,240,180541.747,752.2572791666666,664.082,808.722,30.143953565686747,761.203,783.006,802.31781,3.94666297191119,5.023850519027677
isl32768_osl4_c4,0,EXTEND,moe,moe_reduction_kernel_0,240,134957.502,562.322925,547.521,584.562,6.817035396786897,562.181,571.2531,578.4774,2.950186229919612,3.755399112590723
isl32768_osl4_c4,0,EXTEND,moe,mfma_moe1_silu_mul_afp4_wfp4_bf16_t128x128x256_pm1_async_xcd4_v32,240,117050.385,487.70993749999997,446.601,507.361,11.465805858808773,489.9415,500.9411,505.81441,2.5587346306527596,3.2571061663352547
isl32768_osl4_c4,0,EXTEND,attention,aiter::fmha_fwd_hd256_fp8_causal_group_gfx950,64,113381.47,1771.58546875,1561.126,1916.967,77.55468635558584,1765.407,1882.9470000000001,1911.0954,2.4785317345459132,3.155012989364842
isl32768_osl4_c4,0,EXTEND,linear_attn,_fused_gate_sigmoid_mul_add_kernel,240,43683.269,182.01362083333333,173.239,194.479,3.7888818657843837,181.5395,186.564,193.1464,0.9549211920184643,1.2155538388496687
isl32768_osl4_c4,0,EXTEND,other,chunk_fwd_kernel_o,180,36105.539,200.58632777777777,197.12,208.0,1.9230592097914583,200.24,203.096,206.3136,0.7892711587209543,1.0046919001228234
isl32768_osl4_c4,0,EXTEND,linear_attn,_causal_conv1d_fwd_kernel,180,35231.337,195.72965,191.76,203.64,2.553834734058318,195.32,198.96800000000002,203.004,0.7701610043068027,0.9803658910727667
isl32768_osl4_c4,0,EXTEND,moe,ck::kernel_moe_gemm_2lds,8,25201.7,3150.2125,1666.486,4579.259,1438.215520806749,3155.8125,4553.4142999999995,4576.67453,0.5509120071781195,0.7012758862102947
isl32768_osl4_c4,0,EXTEND,quant,aiter::dynamic_per_group_scaled_quant_kernel,480,24294.588,50.613725,33.719,74.119,15.074980981420442,51.7795,66.87910000000001,71.58619999999999,0.5310824364485514,0.6760341060251487
isl32768_osl4_c4,0,EXTEND,elementwise,fused_qkvzba_split_reshape_cat_contiguous_kernel,180,23997.886,133.32158888888887,128.52,139.76,2.2622681301325196,133.37900000000002,136.116,138.2158,0.524596497232,0.6677779186254745
isl32768_osl4_c4,0,EXTEND,linear_attn,chunk_gated_delta_rule_fwd_kkt_solve_kernel,180,23243.038,129.1279888888889,119.679,155.92,6.69970626971321,126.5595,137.9999,142.11481,0.5080954347324707,0.6467731173559543
isl32768_osl4_c4,0,EXTEND,linear_attn,recompute_w_u_fwd_kernel,180,21813.998,121.18887777777778,116.36,133.68,2.548286109664713,120.87950000000001,124.164,127.50201,0.47685645899917406,0.6070078915009541
isl32768_osl4_c4,0,EXTEND,norm,_fused_qk_gemma_rmsnorm_gate_kernel,64,16364.962,255.70253125,250.52,290.96,6.99492949229529,254.3,257.668,286.75159999999994,0.3577399168632931,0.45538012234681774
isl32768_osl4_c4,0,EXTEND,moe,aiter::opus_moe_sorting_entry,976,15084.135,15.455056352459017,4.199,108.64,17.282420741287165,6.199,42.539500000000004,61.089,0.3297408940426925,0.41973915013037705
isl32768_osl4_c4,0,EXTEND,moe,aiter::mxfp4_moe_sort_kernel,480,13718.858,28.580954166666668,7.079,53.679,21.085024456616107,27.379,50.679100000000005,52.3674,0.2998957846880013,0.38174822737129604
isl32768_osl4_c4,0,EXTEND,norm,_layer_norm_fwd_1pass_kernel,180,13338.321,74.10178333333333,72.12,78.079,1.1591028763371074,73.88,75.923,77.5788,0.29157720290679057,0.3711592027455443
isl32768_osl4_c4,0,EXTEND,linear_attn,fused_qkv_split_gdn_prefill_kernel,180,11198.74,62.21522222222222,59.519,67.839,1.4999575992351963,61.9395,64.251,67.4558,0.24480572069605996,0.3116220857298784
isl32768_osl4_c4,0,EXTEND,moe,vllm::moe::topkGatingSoftmax,244,8932.068,36.606836065573766,35.8,38.719,0.46825624093147594,36.4595,37.1873,38.129799999999996,0.19525601487722857,0.2485484670633574
isl32768_osl4_c4,0,EXTEND,other,_triton_mrope_forward_fused,60,6628.252,110.47086666666668,106.959,118.719,2.7438776932436726,109.73949999999999,114.17999999999999,118.24759,0.1448943370249779,0.18444125972950867
isl32768_osl4_c4,0,EXTEND,gemm,Cijk_Alik_Bljk_BBS_BH_Bias_HA_S_SAV_UserArgs_MT32x192x128_MI16x16x1_SN_LDSB1_AF…,135,5946.574,44.04869629629629,42.719,47.079,0.8170137494419702,43.92,44.943,46.675799999999995,0.12999277898606915,0.1654725257329901
isl32768_osl4_c4,0,EXTEND,linear_attn,l2norm_fwd_kernel,360,5928.869,16.469080555555554,15.519,18.999,0.6174391507779047,16.359,17.243000000000002,18.2554,0.12960574568724056,0.16497985700170004
isl32768_osl4_c4,0,EXTEND,index_copy,at::native::vectorized_elementwise_kernel,368,5453.901,14.820383152173912,3.919,20.279,3.891674788135453,12.779,18.799,19.9854,0.11922289158512138,0.15176314522743356
isl32768_osl4_c4,0,EXTEND,index_copy,at::native::index_elementwise_kernel,804,4422.731,5.5009092039800995,2.479,7.999,0.6413958979038868,5.399,6.359,6.879,0.09668139896986679,0.12306926125994448
isl32768_osl4_c4,0,EXTEND,activation,_fused_sigmoid_mul_kernel,64,4110.747,64.230421875,61.76,68.159,1.4809530479753694,64.219,65.7073,67.8566,0.08986139350803451,0.11438782881358442
isl32768_osl4_c4,0,EXTEND,activation,sgl_hip::activation::act_and_mul_kernel,240,3825.69,15.940375,15.359,17.039,0.33964069280521053,15.879,16.439,16.881389999999996,0.08363001530616031,0.10645568136736261
isl32768_osl4_c4,0,EXTEND,linear_attn,fused_gdn_gating_kernel,180,3266.992,18.149955555555557,16.879,21.96,1.0237628250898745,17.839,19.523,21.192200000000007,0.0714168139512358,0.09090905415277316
isl32768_osl4_c4,0,EXTEND,quant,at::native::vectorized_elementwise_kernel,192,3204.221,16.688651041666667,6.879,39.759,13.143163829270168,7.6195,35.795,38.0422,0.07004463280462354,0.0891623549756023
isl32768_osl4_c4,0,EXTEND,other,chunk_local_cumsum_scalar_kernel,180,2531.868,14.065933333333334,12.919,16.479,0.7778578060805498,14.079,15.159,15.794600000000003,0.05534692031847261,0.07045310338062458
isl32768_osl4_c4,0,EXTEND,norm,_gemma_rmsnorm_kernel,16,2387.075,149.1921875,142.32,161.48,5.927002100204903,147.3395,158.74,161.39,0.05218172899188188,0.06642401647807247
isl32768_osl4_c4,0,EXTEND,gemm,Cijk_Alik_Bljk_BBS_BH_Bias_HA_S_SAV_UserArgs_MT32x224x128_MI16x16x1_SN_LDSB1_AF…,45,2072.925,46.065000000000005,45.119,48.919,0.8546162083861772,45.719,47.4796,48.531800000000004,0.04531437452551628,0.05768231176557436
isl32768_osl4_c4,0,EXTEND,index_copy,at::native::CatArrayBatchedCopy_contig,16,1779.193,111.1995625,2.599,416.601,177.471273215308,16.858999999999998,408.6405,415.71885,0.03889335984426685,0.049508769162959355
isl32768_osl4_c4,0,EXTEND,attention,reshape_and_cache_flash,64,1521.58,23.7746875,22.799,27.159,0.9615319601123302,23.3795,25.187,26.5038,0.03326191058071809,0.04234029303340093
isl32768_osl4_c4,0,EXTEND,index_copy,at::native::elementwise_kernel_manual_unroll,243,1455.883,5.991288065843621,1.719,13.359,3.212740053632157,4.319,11.079,13.028599999999999,0.03182576674377135,0.04051217342653482
isl32768_osl4_c4,0,EXTEND,elementwise,at::native::vectorized_elementwise_kernel,248,1038.716,4.188370967741935,1.68,11.119,1.2094790022846535,4.239,4.479,9.8626,0.0227064490271699,0.02890386297038741
isl32768_osl4_c4,0,EXTEND,index_copy,at::native::CatArrayBatchedCopy,8,732.675,91.584375,25.56,159.039,69.99250063080738,91.079,157.807,158.9158,0.0160163582162802,0.020387803597738553
isl32768_osl4_c4,0,EXTEND,gemm,Cijk_Alik_Bljk_BBS_BH_Bias_HA_S_SAV_UserArgs_MT256x16x128_MI16x16x1_SN_LDSB1_AF…,8,687.318,85.91475,82.28,94.08,3.7939896358770975,84.52,89.8513,93.65713,0.015024849075643738,0.01912567563133786
isl32768_osl4_c4,0,EXTEND,embedding,_vocab_parallel_embedding_kernel,8,673.115,84.139375,82.48,87.599,1.8613774421494593,83.4195,86.843,87.52340000000001,0.014714369892177906,0.018730455411596937
isl32768_osl4_c4,0,EXTEND,elementwise,at::native::elementwise_kernel_manual_unroll,52,447.54900000000004,8.60671153846154,2.359,20.199,6.469880061732025,5.039,17.875,19.709400000000002,0.00978347166661615,0.012453736120878004
isl32768_osl4_c4,0,EXTEND,moe,_fused_append_shared_experts_with_weights_kernel,4,315.437,78.85925,77.16,79.799,1.1650179898467985,79.239,79.655,79.78460000000001,0.006895488431663122,0.00877751745789041
isl32768_osl4_c4,0,EXTEND,memcpy,Memcpy DtoD,84,269.997,3.2142500000000003,0.839,5.239,1.1272278917235494,3.319,4.455,4.907000000000001,0.0059021649016562676,0.007513079889417021
isl32768_osl4_c4,0,EXTEND,attention,create_flashinfer_kv_indices_triton,8,233.713,29.214125,22.36,31.039,2.853981951965158,29.899,31.011,31.0362,0.00510899256532773,0.006503422038746061
isl32768_osl4_c4,0,EXTEND,other,ROCPRIM_400200_NS::detail::trampoline_kernel,52,168.149,3.2336346153846156,1.319,4.999,0.9045647209926746,3.219,4.159,4.8562,0.003675756123396185,0.0046790033605024605
isl32768_osl4_c4,0,EXTEND,comm,aiter::allgather_vec,8,142.912,17.864,11.119,23.199,4.950125539533604,17.859,23.059,23.185000000000002,0.0031240724542328266,0.0039767451977479945
isl32768_osl4_c4,0,EXTEND,memcpy,Memcpy HtoD,20,107.981,5.39905,2.319,33.48,6.662113466421424,3.639,5.4110000000000005,28.16740999999996,0.002360476850652953,0.0030047366435150733
isl32768_osl4_c4,0,EXTEND,memcpy,Memcpy DtoH,28,104.814,3.7433571428571426,2.879,6.159,0.737710934770811,3.579,4.619000000000001,5.856870000000001,0.002291245873110442,0.0029166100198496857
isl32768_osl4_c4,0,EXTEND,embedding,at::native::vectorized_gather_kernel,4,46.957,11.73925,11.239,12.6,0.6075416995290661,11.559,12.3357,12.57357,0.001026485321270508,0.001306650415994826
isl32768_osl4_c4,0,EXTEND,index_copy,at::native::unrolled_elementwise_kernel,8,24.312,3.039,1.959,4.719,1.2452423745715415,2.3390000000000004,4.579,4.705,0.0005314630647343014,0.000676518621582857
isl32768_osl4_c4,0,EXTEND,kv_cache,_fused_slot_clear_kernel,4,21.516,5.379,5.039,5.799,0.3787699389691147,5.339,5.739000000000001,5.793,0.00047034218907630914,0.0005987156409171088
isl32768_osl4_c4,0,EXTEND,memset,Memset,8,15.032,1.879,1.759,2.079,0.11904380946285531,1.839,2.023,2.0734000000000004,0.00032860121705684513,0.00041828841393688325
isl32768_osl4_c4,0,EXTEND,other,ROCPRIM_400200_NS::detail::init_lookback_scan_state_kernel,8,13.592,1.699,0.639,2.159,0.4723195044519274,1.779,2.103,2.1534,0.00029712265448620534,0.00037821820930216316
isl32768_osl4_c4,0,EXTEND,elementwise,elementwise_kernel_with_index,4,8.116,2.029,1.519,2.359,0.3598147671603636,2.1189999999999998,2.299,2.3529999999999998,0.0001774166762661891,0.00022584012556624161
isl32768_osl4_c4,0,TARGET_VERIFY,moe,aiter::fmoe_bf16_pertokenMXfp4_g1u1_flat_novs_silu_16x256,120,6397.108,53.30923333333333,47.399,62.759,2.309082726438144,53.14,55.887,59.77519,0.1398415030896807,28.139477075554915
isl32768_osl4_c4,0,TARGET_VERIFY,comm,aiter::cross_device_reduce_1stage,242,2365.0099999999998,9.772768595041322,6.999,73.92,4.703998147176103,9.039,11.915000000000001,20.0278,0.051699385600825515,10.403161034401501
isl32768_osl4_c4,0,TARGET_VERIFY,attention,kernel_unified_attention_3d_num_query_heads_8_num_queries_per_kv_8_BLOCK_SIZE_1…,30,1637.295,54.5765,50.519,63.679,3.3363032272468787,53.519,59.107000000000006,63.4818,0.035791453544510854,7.202102124650808
isl32768_osl4_c4,0,TARGET_VERIFY,gemm,Cijk_Alik_Bljk_BBS_BH_Bias_HA_S_SAV_UserArgs_MT32x16x1024_MI16x16x1_SN_LDSB1_AF…,120,1504.884,12.5407,11.719,15.919,0.5145733094091671,12.559,12.847000000000001,14.807400000000003,0.03289693413580184,6.619655134690454
isl32768_osl4_c4,0,TARGET_VERIFY,gemm,hgemm_bf16_16x64x64x8_SPK8_W1x2x1_BLDS1_TN_AS1_0,240,1213.005,5.0541875,4.639,6.519,0.249659236903283,5.119,5.319,5.503399999999999,0.026516426243749232,5.33574333746335
isl32768_osl4_c4,0,TARGET_VERIFY,moe,vllm::moe::topkGatingSoftmax,120,1174.245,9.785374999999998,9.119,10.759,0.376444758912387,9.759,10.239,10.679,0.025669128267889505,5.165246586205044
isl32768_osl4_c4,0,TARGET_VERIFY,norm,_gemma_fused_add_rmsnorm_kernel,240,1036.0049999999999,4.3166875,3.999,4.679,0.18389829782658398,4.319,4.559,4.66379,0.022647186261108086,4.55715910184106
isl32768_osl4_c4,0,TARGET_VERIFY,linear_attn,fused_sigmoid_gating_delta_rule_update_kernel,90,994.556,11.050622222222223,10.679,11.719,0.21910977074392599,11.039,11.279,11.6834,0.02174110644167028,4.374834028494687
isl32768_osl4_c4,0,TARGET_VERIFY,gemm,hgemm_bf16_16x64x256x3_SPK2_W1x1x2_BLDS1_TN_AS1_0,120,828.761,6.906341666666666,6.439,8.479,0.30551641075545566,6.839,7.199,7.7514,0.01811680902403193,3.6455381338901836
isl32768_osl4_c4,0,TARGET_VERIFY,gemm,Cijk_Alik_Bljk_BBS_BH_Bias_HA_S_SAV_UserArgs_MT16x16x1024_MI16x16x1_SN_LDSB1_AF…,90,782.473,8.694144444444444,7.599,9.839,0.5170086944504206,8.639,9.359,9.6254,0.01710494811828903,3.4419273593224746
isl32768_osl4_c4,0,TARGET_VERIFY,other,reduce_segments_num_query_heads_8_TILE_SIZE_16_HEAD_SIZE_256_NUM_SEGMENTS_PER_S…,30,583.416,19.447200000000002,18.919,19.999,0.2554933564154146,19.4195,19.803900000000002,19.964199999999998,0.012753539625494702,2.5663192113548727
isl32768_osl4_c4,0,TARGET_VERIFY,linear_attn,_fused_gate_sigmoid_mul_add_kernel,120,556.6800000000001,4.639,4.279,5.199,0.1429579476276723,4.639,4.799,4.919,0.012169087647099824,2.4487134027469777
isl32768_osl4_c4,0,TARGET_VERIFY,gemm,Cijk_Alik_Bljk_BBS_BH_Bias_HA_S_SAV_UserArgs_MT16x16x128_MI16x16x1_SN_LDSB0_AFC…,120,552.926,4.607716666666667,4.279,4.879,0.10518684323048927,4.599,4.759,4.79981,0.012087024783287197,2.4322003789021975
isl32768_osl4_c4,0,TARGET_VERIFY,activation,sgl_hip::activation::act_and_mul_kernel,120,529.122,4.40935,4.159,4.719,0.12312005823380581,4.439,4.559,4.6714,0.011566666655904204,2.32749179616348
isl32768_osl4_c4,0,TARGET_VERIFY,linear_attn,_causal_conv1d_update_kernel,90,411.63100000000003,4.573677777777778,4.239,5.319,0.1499742170933354,4.599,4.719,4.8918,0.008998300131607653,1.8106746186069935
isl32768_osl4_c4,0,TARGET_VERIFY,elementwise,fused_qkvzba_split_reshape_cat_contiguous_kernel,90,406.911,4.521233333333333,4.199,4.879,0.15892165054276353,4.519,4.723000000000001,4.879,0.00889512039873722,1.789912372323732
isl32768_osl4_c4,0,TARGET_VERIFY,linear_attn,fused_qkv_split_gdn_prefill_kernel,90,400.275,4.4475,4.159,4.72,0.13657045348114327,4.439,4.639,4.72,0.008750056689557521,1.7607220616593846
isl32768_osl4_c4,0,TARGET_VERIFY,norm,_layer_norm_fwd_1pass_kernel,90,382.471,4.249677777777777,3.999,4.479,0.11419181849299248,4.279,4.399,4.479,0.008360859239552196,1.6824061648739654
isl32768_osl4_c4,0,TARGET_VERIFY,gemm,Cijk_Alik_Bljk_BBS_BH_Bias_HA_S_SAV_UserArgs_MT256x16x128_MI16x16x1_SN_LDSB1_AF…,2,164.758,82.379,81.959,82.799,0.5939696961967024,82.379,82.715,82.79060000000001,0.003601628480564907,0.7247343587155752
isl32768_osl4_c4,0,TARGET_VERIFY,norm,_fused_qk_gemma_rmsnorm_gate_kernel,30,134.09,4.469666666666667,4.199,5.639,0.2505020246780773,4.439,4.599,5.349000000000001,0.0029312225382618655,0.5898325432462854
isl32768_osl4_c4,0,TARGET_VERIFY,other,_triton_mrope_forward_fused,30,130.811,4.360366666666667,4.159,4.519,0.10527221964927376,4.359,4.4830000000000005,4.519,0.002859543228074971,0.5754089403728081
isl32768_osl4_c4,0,TARGET_VERIFY,elementwise,at::native::vectorized_elementwise_kernel,30,129.93,4.331,4.119,4.719,0.14711946822577393,4.319,4.4830000000000005,4.6726,0.0028402844686133506,0.5715336143186656
isl32768_osl4_c4,0,TARGET_VERIFY,activation,_fused_sigmoid_mul_kernel,30,124.49,4.149666666666667,3.959,4.479,0.13480339025035196,4.179,4.279,4.4558,0.0027213654544576004,0.5476042457210089
isl32768_osl4_c4,0,TARGET_VERIFY,attention,reshape_and_cache_flash,30,123.28999999999999,4.109666666666667,3.919,4.319,0.11150795033765848,4.138999999999999,4.239,4.2958,0.002695133318982067,0.5423257085303492
isl32768_osl4_c4,0,TARGET_VERIFY,comm,aiter::allgather_vec,2,105.08000000000001,52.540000000000006,50.84,54.24,2.404163056034258,52.540000000000006,53.900000000000006,54.206,0.002297060663140852,0.46222390666209023
isl32768_osl4_c4,0,TARGET_VERIFY,index_copy,at::native::elementwise_kernel_manual_unroll,2,18.598,9.299,9.119,9.479,0.2545584412271567,9.299,9.443,9.475399999999999,0.00040655437964497106,0.08180852889323899
isl32768_osl4_c4,0,TARGET_VERIFY,memcpy,Memcpy DtoD,4,15.315999999999999,3.8289999999999997,3.359,4.359,0.46918368826434415,3.799,4.275,4.3506,0.00033480948911938794,0.06737172967678505
isl32768_osl4_c4,0,TARGET_VERIFY,index_copy,at::native::vectorized_elementwise_kernel,2,11.238,5.619,5.399,5.839,0.31112698372208086,5.619,5.795000000000001,5.8346,0.0002456639487283678,0.04943350079052693
isl32768_osl4_c4,0,TARGET_VERIFY,embedding,_vocab_parallel_embedding_kernel,2,9.718,4.859,4.799,4.919,0.08485281374238515,4.859,4.907,4.9178,0.00021243657712602585,0.04274735368235813
isl32768_osl4_c4,0,TARGET_VERIFY,norm,_gemma_rmsnorm_kernel,2,9.478000000000002,4.739000000000001,4.719,4.759,0.028284271247461613,4.739000000000001,4.755000000000001,4.7586,0.00020719015003091927,0.04169164624422622
isl32768_osl4_c4,0,copy_result_to_cpu,memcpy,Memcpy DtoD,8,29.072,3.634,3.239,4.239,0.38748271850865434,3.519,4.239,4.239,0.0006355172021205828,100.0
isl32768_osl4_c4,0,draft,comm,aiter::cross_device_reduce_1stage,12,568.949,47.412416666666665,6.519,454.44,128.3963655393707,7.899,31.379000000000005,408.14749000000023,0.01243728937222425,17.272172824641977
isl32768_osl4_c4,0,draft,gemm,Cijk_Alik_Bljk_BBS_BH_Bias_HA_S_SAV_UserArgs_MT256x16x128_MI16x16x1_SN_LDSB1_AF…,4,333.318,83.3295,81.88,84.16,1.0018584397674786,83.63900000000001,84.0397,84.14797,0.007286369110361461,10.118879023539922
isl32768_osl4_c4,0,draft,other,at::native::cunn_SoftMaxForwardGmem,4,316.237,79.05925,78.76,79.319,0.26394491218181665,79.07900000000001,79.295,79.31660000000001,0.006912976521980144,9.600333452640404
isl32768_osl4_c4,0,draft,elementwise,at::native::reduce_kernel,4,283.918,70.9795,70.56,71.24,0.3035792043822074,71.059,71.2157,71.23756999999999,0.006206479533285347,8.619192166655889
isl32768_osl4_c4,0,draft,moe,ck::kernel_moe_gemm,8,252.272,31.534,11.079,57.759,17.882523791200647,33.179,48.434999999999995,56.8266,0.005514694400569746,7.658481837243904
isl32768_osl4_c4,0,draft,sampling,generate_draft_decode_kv_indices,2,204.719,102.3595,102.279,102.44,0.11384419177103512,102.3595,102.4239,102.43839,0.004475180452013057,6.214866268308549
isl32768_osl4_c4,0,draft,elementwise,at::native::elementwise_kernel_manual_unroll,32,137.969,4.31153125,3.919,6.079,0.5437544502969534,4.0794999999999995,4.735000000000001,5.9922,0.003016017916186526,4.188467529502695
isl32768_osl4_c4,0,draft,elementwise,at::native::vectorized_elementwise_kernel,24,96.657,4.027375,2.079,4.999,0.5245237021626714,4.039,4.483,4.9437999999999995,0.002112932932215505,2.9343164478914976
isl32768_osl4_c4,0,draft,comm,aiter::allgather_vec,4,90.837,22.70925,22.079,23.24,0.529358337990439,22.759,23.1797,23.23397,0.00198570707515917,2.7576326926877517
isl32768_osl4_c4,0,draft,other,reduce_segments_num_query_heads_8_TILE_SIZE_32_HEAD_SIZE_256_NUM_SEGMENTS_PER_S…,4,70.71600000000001,17.679000000000002,16.079,18.839,1.335065541462291,17.899,18.803,18.8354,0.0015458597435731678,2.1467986998261397
isl32768_osl4_c4,0,draft,attention,kernel_unified_attention_3d_num_query_heads_8_num_queries_per_kv_8_BLOCK_SIZE_1…,4,70.677,17.66925,17.159,18.199,0.42749688108024125,17.6595,18.055000000000003,18.184600000000003,0.001545007199170213,2.1456147365180733
isl32768_osl4_c4,0,draft,index_copy,at::native::CatArrayBatchedCopy_contig,16,69.104,4.319,3.919,4.719,0.2604611295375955,4.259,4.659000000000001,4.713,0.0015106212415843681,2.097861549759397
isl32768_osl4_c4,0,draft,index_copy,at::native::elementwise_kernel_manual_unroll,14,62.105999999999995,4.4361428571428565,2.879,6.199,0.7434579142962098,4.2989999999999995,5.055,6.053399999999999,0.0013576441715362174,1.8854160310453392
isl32768_osl4_c4,0,draft,gemm,Cijk_Alik_Bljk_BBS_BH_Bias_HA_S_SAV_UserArgs_MT256x16x64_MI16x16x1_SN_LDSB1_AFC…,4,57.596000000000004,14.399000000000001,13.839,14.959,0.5435684562837201,14.399000000000001,14.899,14.953,0.0012590550623740055,1.748501299779206
isl32768_osl4_c4,0,draft,index_copy,at::native::vectorized_elementwise_kernel,10,53.03,5.303,2.159,10.559,2.6821682770972193,4.479,9.911,10.4942,0.001159241786889602,1.6098865186348235
isl32768_osl4_c4,0,draft,norm,_gemma_rmsnorm_kernel,12,51.829,4.319083333333333,4.08,4.479,0.12746511703445013,4.379,4.4350000000000005,4.4746,0.0011329877913011724,1.573426520353088
isl32768_osl4_c4,0,draft,gemm,Cijk_Alik_Bljk_BBS_BH_Bias_HA_S_SAV_UserArgs_MT32x16x512_MI16x16x1_SN_LDSB1_AFC…,4,46.236,11.559,10.879,12.599,0.8384111958540004,11.379,12.383000000000001,12.5774,0.0010107241798722917,1.4036340387629584
isl32768_osl4_c4,0,draft,index_copy,at::native::CatArrayBatchedCopy,8,43.192,5.399,4.639,6.639,0.7951280220370623,5.319,6.191,6.5942,0.0009441819962160226,1.3112241846667037
isl32768_osl4_c4,0,draft,other,__amd_rocclr_copyBuffer,10,40.71,4.071,2.639,4.359,0.5170170854688139,4.259,4.3229999999999995,4.3554,0.0008899251960074616,1.23587554542002
isl32768_osl4_c4,0,draft,moe,vllm::moe::topkGatingSoftmax,4,38.036,9.509,9.159,10.039,0.3743438704364394,9.419,9.859,10.020999999999999,0.0008314712541228154,1.1546981637336253
isl32768_osl4_c4,0,draft,norm,_gemma_fused_add_rmsnorm_kernel,8,34.952,4.369,3.999,4.839,0.2563479777846625,4.379,4.587,4.8138000000000005,0.0007640546659506951,1.0610739882957636
isl32768_osl4_c4,0,draft,moe,aiter::opus_moe_sorting_entry,8,34.352,4.294,3.959,4.639,0.2511118134559642,4.239,4.611,4.6362000000000005,0.0007509385982129286,1.0428591681716661
isl32768_osl4_c4,0,draft,gemm,Cijk_SB_BiasS_HAS_ScaleAlphaVec_PostGSU16_VW4,4,26.276,6.569,5.879,7.279,0.7745105981629089,6.558999999999999,7.255,7.2766,0.0005743963264625906,0.7976876893013128
isl32768_osl4_c4,0,draft,gemm,hgemm_bf16_16x64x128x3_SPK4_W1x2x1_BLDS1_TN_AS1_0,4,24.636,6.159,5.519,7.159,0.7540114941652636,5.979,6.907,7.1338,0.0005385457413126953,0.7479005142954461
isl32768_osl4_c4,0,draft,gemm,hgemm_bf16_16x64x64x6_SPK8_W1x2x1_BLDS1_TN_AS1_0,4,19.236,4.809,4.479,5.359,0.38140092641034135,4.699,5.167,5.339799999999999,0.00042050113167279625,0.5839671331785681
isl32768_osl4_c4,0,draft,embedding,_vocab_parallel_embedding_kernel,4,19.077,4.76925,4.679,4.84,0.08274609759176998,4.779,4.8397,4.83997,0.0004170253737222881,0.5791402058456823
isl32768_osl4_c4,0,draft,elementwise,triton_poi_fused_add_arange_floor_divide_index_max_unsqueeze_view_2,4,19.076,4.769,4.439,5.199,0.31559467676118985,4.719,5.055,5.1846,0.0004170035136093918,0.579109847812142
isl32768_osl4_c4,0,draft,quant,aiter::scaled_quant_kernel,4,18.716,4.679,4.519,5.079,0.26932013168965496,4.559,4.935,5.0645999999999995,0.00040913387296673183,0.5681809557376836
isl32768_osl4_c4,0,draft,elementwise,triton_poi_fused_gather_max_view_1,4,18.036,4.509,4.239,4.879,0.26807959017177424,4.459,4.7589999999999995,4.866999999999999,0.0003942689961972631,0.5475374929303729
isl32768_osl4_c4,0,draft,activation,_fused_sigmoid_mul_kernel,4,17.716,4.429,4.079,4.839,0.3139001964531614,4.399,4.719,4.827,0.00038727376007045427,0.5378229221975209
isl32768_osl4_c4,0,draft,elementwise,triton_poi_fused_max_mul_unsqueeze_view_0,4,17.716,4.429,4.159,4.799,0.2720294101747091,4.379,4.691000000000001,4.788200000000001,0.00038727376007045427,0.5378229221975209
isl32768_osl4_c4,0,draft,norm,_fused_qk_gemma_rmsnorm_gate_kernel,4,17.396,4.349,4.279,4.439,0.08246211251235315,4.339,4.4270000000000005,4.4378,0.0003802785239436454,0.5281083514646688
isl32768_osl4_c4,0,draft,attention,reshape_and_cache_flash,4,17.316,4.329,4.239,4.439,0.10519822558706338,4.319,4.4270000000000005,4.4378,0.00037852971491194313,0.5256797087814558
isl32768_osl4_c4,0,draft,elementwise,triton_poi_fused_add_max_view_3,4,17.116,4.279,4.079,4.519,0.2141650453894536,4.259,4.4830000000000005,4.5154000000000005,0.0003741576923326876,0.5196081020734232
isl32768_osl4_c4,0,draft,kv_cache,scatter_ragged_to_page_table_kernel,4,16.836,4.209,3.399,5.439,0.9518403227432632,3.999,5.151,5.4102,0.0003680368607217299,0.5111078526821777
isl32768_osl4_c4,0,draft,embedding,at::native::vectorized_gather_kernel,4,16.516,4.129,4.079,4.159,0.038297084310253596,4.138999999999999,4.159,4.159,0.0003610416245949211,0.5013932819493258
isl32768_osl4_c4,0,draft,moe,_fused_append_shared_experts_with_weights_kernel,4,16.437,4.10925,3.999,4.159,0.07576443756803053,4.1395,4.159,4.159,0.00035931467567611517,0.4989949972996529
isl32768_osl4_c4,0,draft,elementwise,at::native::multi_tensor_apply_kernel,4,13.596,3.399,2.599,4.199,0.8365006475390997,3.399,4.151,4.1941999999999995,0.00029721009493779044,0.4127478240120509
isl32768_osl4_c4,0,draft,memcpy,Memcpy DtoD,4,13.036,3.259,1.959,5.079,1.5599999999999996,2.9989999999999997,4.7669999999999995,5.0478,0.00028496843171587494,0.3957473252295598
isl32768_osl4_c4,0,draft,sampling,build_tree_efficient,2,12.079,6.0395,5.72,6.359,0.4518412331782037,6.0395,6.2951,6.35261,0.00026404830367413734,0.36669468713162423
isl32768_osl4_c4,0,draft,elementwise,elementwise_kernel_with_index,2,8.558,4.279,4.279,4.279,0.0,4.279,4.279,4.279,0.0001870788461663438,0.2598040510367116
isl32768_osl4_c4,0,draft,sampling,assign_draft_cache_locs_contiguous,2,7.2379999999999995,3.6189999999999998,3.039,4.199,0.8202438661763948,3.6189999999999998,4.083,4.1874,0.00015822349714325737,0.219731446763697
isl32768_osl4_c4,0,draft_extend,other,at::native::cunn_SoftMaxForwardGmem,6,465.756,77.62599999999999,75.239,79.28,1.4560348896918596,77.559,79.14,79.266,0.010181478742118676,20.872665607847214
isl32768_osl4_c4,0,draft_extend,moe,ck::kernel_moe_gemm,4,203.238,50.8095,28.28,72.679,25.054697769746365,51.1395,72.571,72.6682,0.00444280562481367,9.108028265460137
isl32768_osl4_c4,0,draft_extend,elementwise,at::native::reduce_kernel,6,195.914,32.65233333333333,12.839,72.359,30.26397638557542,13.239,71.719,72.295,0.004282702157961332,8.779806185847908
isl32768_osl4_c4,0,draft_extend,gemm,Cijk_Alik_Bljk_BBS_BH_Bias_HA_S_SAV_UserArgs_MT256x16x128_MI16x16x1_SN_LDSB1_AF…,2,169.83800000000002,84.91900000000001,84.159,85.679,1.0748023074035444,84.91900000000001,85.527,85.66380000000001,0.003712677854077998,7.61122085707013
isl32768_osl4_c4,0,draft_extend,attention,kernel_unified_attention_3d_num_query_heads_8_num_queries_per_kv_8_BLOCK_SIZE_1…,2,105.598,52.799,52.119,53.479,0.9616652224137042,52.799,53.342999999999996,53.4654,0.0023083842016211236,4.732331398537968
isl32768_osl4_c4,0,draft_extend,comm,aiter::allgather_vec,2,98.118,49.059,48.119,49.999,1.3293607486307086,49.059,49.811,49.9802,0.002144870557156967,4.397118242407511
isl32768_osl4_c4,0,draft_extend,index_copy,at::native::elementwise_kernel_manual_unroll,18,85.103,4.727944444444444,3.719,8.959,1.5491341214187333,4.239,5.895000000000003,8.9522,0.0018603611878119136,3.813856313659129
isl32768_osl4_c4,0,draft_extend,elementwise,at::native::elementwise_kernel_manual_unroll,20,83.62,4.181,3.679,6.039,0.6089127497779181,4.039,4.567000000000002,5.978199999999999,0.001827942640386734,3.74739627214289
isl32768_osl4_c4,0,draft_extend,comm,aiter::cross_device_reduce_1stage,6,82.874,13.812333333333333,8.359,21.359,4.815153857008795,13.439,18.719,21.095000000000002,0.0018116349961661109,3.7139645857159755
isl32768_osl4_c4,0,draft_extend,memcpy,Memcpy HtoD,4,79.756,19.939,19.599,20.479,0.38297084310253476,19.839,20.311,20.4622,0.0017434751641555175,3.5742326845375314
isl32768_osl4_c4,0,draft_extend,memcpy,Memcpy DtoD,18,66.142,3.674555555555555,3.199,4.359,0.43707883556256993,3.499,4.331,4.359,0.001445871587185594,2.964126814542873
isl32768_osl4_c4,0,draft_extend,attention,create_flashinfer_kv_indices_triton,2,58.878,29.439,29.039,29.839,0.565685424949236,29.439,29.759,29.831,0.0012870797271070334,2.638593610514579
isl32768_osl4_c4,0,draft_extend,elementwise,at::native::vectorized_elementwise_kernel,14,55.065999999999995,3.933285714285714,3.679,4.279,0.18866797395319737,3.919,4.147,4.2634,0.001203748976746423,2.4677603817486293
isl32768_osl4_c4,0,draft_extend,index_copy,at::native::CatArrayBatchedCopy_contig,10,52.870999999999995,5.2871,3.92,6.879,1.020839790455769,5.058999999999999,6.3389999999999995,6.824999999999999,0.0011557660289390937,2.3693923499697047
isl32768_osl4_c4,0,draft_extend,other,reduce_segments_num_query_heads_8_TILE_SIZE_16_HEAD_SIZE_256_NUM_SEGMENTS_PER_S…,2,38.837999999999994,19.418999999999997,19.159,19.679,0.3676955262170057,19.418999999999997,19.627,19.6738,0.0008490030646656298,1.7405091654805733
isl32768_osl4_c4,0,draft_extend,index_copy,at::native::vectorized_elementwise_kernel,8,34.712,4.339,3.799,5.279,0.5878775382679629,4.099,5.223,5.2734,0.0007588082388555887,1.5556041544920356
isl32768_osl4_c4,0,draft_extend,gemm,Cijk_Alik_Bljk_BBS_BH_Bias_HA_S_SAV_UserArgs_MT16x16x1024_MI16x16x1_SN_LDSB1_AF…,2,33.558,16.779,16.599,16.959,0.2545584412271567,16.779,16.923,16.9554,0.0007335816685732843,1.5038881140943687
isl32768_osl4_c4,0,draft_extend,embedding,at::native::vectorized_gather_kernel,6,26.433999999999997,4.405666666666666,4.039,4.959,0.43408140557580505,4.199,4.959,4.959,0.0005778502243002024,1.184628953095254
isl32768_osl4_c4,0,draft_extend,other,compute_position_kernel,6,25.555,4.259166666666666,3.88,4.479,0.21542554785045023,4.279,4.459,4.477,0.0005586351850643744,1.145236925790619
isl32768_osl4_c4,0,draft_extend,gemm,Cijk_Alik_Bljk_BBS_BH_Bias_HA_S_SAV_UserArgs_MT32x16x1024_MI16x16x1_SN_LDSB1_AF…,2,25.278,12.639,12.639,12.639,0.0,12.639,12.639,12.639,0.0005525799337921055,1.1328232835114562
isl32768_osl4_c4,0,draft_extend,norm,_gemma_rmsnorm_kernel,6,25.233999999999998,4.205666666666667,4.039,4.359,0.12754084313139347,4.218999999999999,4.339,4.357,0.0005516180888246692,1.1308514414165711
isl32768_osl4_c4,0,draft_extend,index_copy,at::native::CatArrayBatchedCopy,4,22.596,5.649,5.279,6.119,0.38418745424597134,5.599,6.023,6.1094,0.000493951111004289,1.0126305449095998
isl32768_osl4_c4,0,draft_extend,moe,vllm::moe::topkGatingSoftmax,2,20.118000000000002,10.059000000000001,9.959,10.159,0.14142135623730964,10.059000000000001,10.139000000000001,10.157,0.0004397817512473131,0.9015799832931197
isl32768_osl4_c4,0,draft_extend,moe,aiter::opus_moe_sorting_entry,4,17.996000000000002,4.4990000000000006,4.199,4.799,0.32413988749715267,4.4990000000000006,4.787000000000001,4.7978000000000005,0.00039339459168141196,0.806483416807982
isl32768_osl4_c4,0,draft_extend,memset,Memset,4,17.116,4.279,4.159,4.399,0.10327955589886464,4.279,4.375,4.3966,0.0003741576923326876,0.767046574910281
isl32768_osl4_c4,0,draft_extend,norm,_gemma_fused_add_rmsnorm_kernel,4,16.836,4.209,3.999,4.399,0.16451950239004112,4.218999999999999,4.351,4.3942,0.0003680368607217299,0.7544984888519217
isl32768_osl4_c4,0,draft_extend,elementwise,at::native::multi_tensor_apply_kernel,4,16.716,4.179,3.999,4.439,0.2026491220476087,4.138999999999999,4.3790000000000004,4.433,0.00036541364717417664,0.7491207376840535
isl32768_osl4_c4,0,draft_extend,other,ROCPRIM_400200_NS::detail::trampoline_kernel,4,15.796,3.949,3.839,4.039,0.10519822558706311,3.9589999999999996,4.039,4.039,0.0003453023433096012,0.7078913120637298
isl32768_osl4_c4,0,draft_extend,gemm,hgemm_bf16_16x64x256x3_SPK2_W1x1x2_BLDS1_TN_AS1_0,2,14.558,7.279,7.119,7.439,0.2262741699796954,7.279,7.407,7.4358,0.0003182395235440095,0.6524108458485552
isl32768_osl4_c4,0,draft_extend,gemm,hgemm_bf16_16x64x64x8_SPK8_W1x2x1_BLDS1_TN_AS1_0,2,10.718,5.359,5.359,5.359,0.0,5.359,5.359,5.359,0.00023429669002230345,0.48032280847676984
isl32768_osl4_c4,0,draft_extend,embedding,_vocab_parallel_embedding_kernel,2,9.358,4.679,4.599,4.759,0.1131370849898477,4.679,4.743,4.7574000000000005,0.00020456693648336592,0.4193749619075959
isl32768_osl4_c4,0,draft_extend,norm,_fused_qk_gemma_rmsnorm_gate_kernel,2,8.358,4.179,4.079,4.279,0.1414213562373093,4.179,4.259,4.277,0.00018270682358708832,0.37456036884202676
isl32768_osl4_c4,0,draft_extend,activation,_fused_sigmoid_mul_kernel,2,8.277999999999999,4.138999999999999,4.079,4.199,0.0848528137423861,4.138999999999999,4.187,4.1978,0.00018095801455538606,0.37097520139678114
isl32768_osl4_c4,0,draft_extend,kv_cache,scatter_ragged_to_page_table_kernel,2,8.239,4.1195,4.079,4.16,0.05727564927611032,4.1195,4.1519,4.15919,0.0001801054701524313,0.36922743226722404
isl32768_osl4_c4,0,draft_extend,elementwise,elementwise_kernel_with_index,2,8.158,4.079,4.039,4.119,0.05656854249492385,4.079,4.111,4.1182,0.00017833480100783278,0.3655974502289129
isl32768_osl4_c4,0,draft_extend,moe,_fused_append_shared_experts_with_weights_kernel,2,8.158,4.079,4.039,4.119,0.05656854249492385,4.079,4.111,4.1182,0.00017833480100783278,0.3655974502289129
isl32768_osl4_c4,0,draft_extend,index_copy,at::native::unrolled_elementwise_kernel,2,8.038,4.019,3.879,4.159,0.197989898732233,4.019,4.131,4.1562,0.00017571158746027948,0.3602196990610447
isl32768_osl4_c4,0,draft_extend,attention,reshape_and_cache_flash,2,7.997999999999999,3.9989999999999997,3.879,4.119,0.16970562748477142,3.9989999999999997,4.095,4.1166,0.00017483718294442836,0.3584271153384218
isl32768_osl4_c4,0,nccl:broadcast,comm,ncclDevKernel_Generic_1,6,49.914,8.319,5.519,13.319,3.6558336942481398,6.399,12.999,13.287,0.001091125675104801,100.00000000000001
isl32768_osl4_c4,0,scheduler.get_next_batch_to_run,memcpy,Memcpy DtoD,66,4315.552,65.38715151515152,1.159,896.843,206.6176861143262,5.619,60.559,869.0223499999997,0.09433845392975664,59.18397182133581
isl32768_osl4_c4,0,scheduler.get_next_batch_to_run,index_copy,at::native::CatArrayBatchedCopy_contig,30,1210.455,40.348499999999994,3.119,437.121,109.82179753166584,5.339,75.74300000000004,437.02790999999996,0.02646068295586372,16.60031778344811
isl32768_osl4_c4,0,scheduler.get_next_batch_to_run,memcpy,Memcpy HtoD,24,963.62,40.15083333333333,2.239,855.883,173.77361076678918,3.9589999999999996,10.478999999999996,662.1852799999997,0.021064841989111033,13.215194470249836
isl32768_osl4_c4,0,scheduler.get_next_batch_to_run,other,alloc_extend_kernel,5,445.43699999999995,89.08739999999999,6.679,401.121,174.46326705871354,12.199,246.94420000000002,385.70331999999996,0.009737303108179211,6.108773768959419
isl32768_osl4_c4,0,scheduler.get_next_batch_to_run,other,write_req_to_token_pool_triton,4,256.116,64.029,21.839,162.599,66.31085883925797,35.839,126.75500000000002,159.01459999999997,0.005598724674543037,3.512404004630982
isl32768_osl4_c4,0,scheduler.get_next_batch_to_run,index_copy,at::native::index_elementwise_kernel,8,32.992,4.124,2.399,7.839,1.8798708162302766,3.5389999999999997,6.018999999999999,7.657,0.000721208844673991,0.4524560469505433
isl32768_osl4_c4,0,scheduler.get_next_batch_to_run,index_copy,at::native::elementwise_kernel_manual_unroll,4,29.476,7.369,4.639,10.279,2.4241837114102274,7.279,9.655000000000001,10.2166,0.0006443486877306789,0.40423722235433485
isl32768_osl4_c4,0,scheduler.get_next_batch_to_run,index_copy,at::native::vectorized_elementwise_kernel,8,28.272,3.534,1.279,5.639,1.8246486941718008,3.299,5.583,5.6334,0.0006180291118035606,0.3877254291763385
isl32768_osl4_c4,0,scheduler.get_next_batch_to_run,other,assign_req_to_token_pool,1,5.119,5.119,5.119,5.119,,5.119,5.119,5.119,0.0001119019179160451,0.07020254923435473
isl32768_osl4_c4,0,scheduler.get_next_batch_to_run,other,_get_last_loc_safe_kernel,1,4.719,4.719,4.719,4.719,,4.719,4.719,4.719,0.00010315787275753406,0.06471690366026958
isl32768_osl4_c4,0,scheduler.process_batch_result,memcpy,Memcpy DtoD,29,2378.741,82.02555172413793,1.319,900.963,211.52140374500203,4.879,190.64,851.6267199999998,0.05199954681100431,85.03153372623443
isl32768_osl4_c4,0,scheduler.process_batch_result,index_copy,at::native::elementwise_kernel_manual_unroll,11,356.27,32.38818181818181,2.64,194.159,57.95992960109282,6.999,72.559,181.99900000000002,0.007788102421556826,12.7353858703598
isl32768_osl4_c4,0,scheduler.process_batch_result,index_copy,at::native::CatArrayBatchedCopy_contig,9,59.471,6.607888888888889,3.159,12.559,3.4470728322898996,5.239,11.759,12.479,0.001300042774054526,2.125876815606612
isl32768_osl4_c4,0,scheduler.process_batch_result,elementwise,at::native::vectorized_elementwise_kernel,1,2.999,2.999,2.999,2.999,,2.999,2.999,2.999,6.555847857593657e-05,0.10720358779916649
isl32768_osl4_c4,0,scheduler.run_batch,memcpy,Memcpy HtoD,8,941253.775,117656.721875,9.959,472777.53,217829.3425988597,18.934,469694.6047,472469.23747000005,20.57591378554749,99.87605020704606
isl32768_osl4_c4,0,scheduler.run_batch,index_copy,at::native::index_elementwise_kernel,42,170.079,4.0495,3.239,5.159,0.4523825949294711,3.999,4.671,5.109799999999999,0.003717946141286001,0.018047012606312456
isl32768_osl4_c4,0,scheduler.run_batch,sampling,at::native::reduce_kernel,2,141.95800000000003,70.97900000000001,70.799,71.159,0.25455844122715166,70.97900000000001,71.123,71.1554,0.003103217906529778,0.01506310488400628
isl32768_osl4_c4,0,scheduler.run_batch,linear_attn,_fused_mamba_state_scatter_with_mask_kernel,4,124.516,31.129,20.639,41.679,11.794976331755256,31.099000000000004,41.475,41.6586,0.0027219338173929035,0.013212341451252664
isl32768_osl4_c4,0,scheduler.run_batch,elementwise,at::native::vectorized_elementwise_kernel,30,122.851,4.095033333333333,3.679,4.999,0.2899208552326836,4.079,4.375,4.883,0.0026855367294206013,0.013035668987341716
isl32768_osl4_c4,0,scheduler.run_batch,index_copy,at::native::elementwise_kernel_manual_unroll,28,119.252,4.2589999999999995,3.719,5.919,0.4256237253203299,4.159,4.595000000000001,5.703,0.002606862183106898,0.012653780580365434
isl32768_osl4_c4,0,scheduler.run_batch,memcpy,Memcpy DtoD,26,104.734,4.028230769230769,2.919,6.599,0.6896313396412497,4.099,4.359,6.119,0.0022894970640787394,0.011113281582732311
isl32768_osl4_c4,0,scheduler.run_batch,other,aiter::greedy_sample_kernel,4,67.916,16.979,16.799,17.239,0.18618986725025324,16.939,17.155,17.2306,0.0014846514274635904,0.007206538774159753
isl32768_osl4_c4,0,scheduler.run_batch,attention,create_flashinfer_kv_indices_triton,2,58.397999999999996,29.198999999999998,29.159,29.239,0.05656854249492385,29.198999999999998,29.231,29.2382,0.00127658687291682,0.006196587716199147
isl32768_osl4_c4,0,scheduler.run_batch,index_copy,at::native::vectorized_elementwise_kernel,12,50.308,4.192333333333333,3.839,4.479,0.18514531557343747,4.218999999999999,4.3950000000000005,4.4702,0.0010997385595859343,0.0053381611498090125
isl32768_osl4_c4,0,scheduler.run_batch,elementwise,elementwise_kernel_with_index,10,40.269999999999996,4.026999999999999,3.719,4.359,0.20137306451238982,4.019,4.2509999999999994,4.3482,0.0008803067463330995,0.004273033106122464
isl32768_osl4_c4,0,scheduler.run_batch,elementwise,at::native::elementwise_kernel_manual_unroll,8,35.433,4.429125,3.919,4.999,0.41171780817864634,4.3995,4.8870000000000005,4.9878,0.0007745693802538048,0.00375978102928327
isl32768_osl4_c4,0,scheduler.run_batch,elementwise,_fused_conv_window_scatter_multi_kernel,2,20.558,10.279,10.159,10.399,0.1697056274847703,10.279,10.375,10.3966,0.0004494002009216752,0.0021814009087575276
isl32768_osl4_c4,0,scheduler.run_batch,other,compute_position_kernel,4,18.957,4.73925,4.239,5.919,0.7927926904304804,4.3995,5.487,5.875799999999999,0.00041440216017473477,0.0020115194584743867
isl32768_osl4_c4,0,scheduler.run_batch,memcpy,Memcpy DtoH,2,13.518,6.759,2.159,11.359,6.505382386916237,6.759,10.439,11.267,0.0002955050061318808,0.0014343894096986213
isl32768_osl4_c4,0,scheduler.run_batch,other,VerifyTreeGreedy,2,10.758,5.379,5.279,5.479,0.14142135623730995,5.379,5.4590000000000005,5.477,0.00023517109453815457,0.0011415269469993907
isl32768_osl4_c4,0,scheduler.run_batch,other,_gather_rows_kernel,2,9.718,4.859,4.199,5.519,0.933380951166243,4.859,5.3870000000000005,5.5058,0.00021243657712602585,0.001031172975547507
isl32768_osl4_c4,0,scheduler.run_batch,kv_cache,scatter_req_to_token_to_page_table_kernel,2,9.478000000000002,4.739000000000001,4.679,4.799,0.0848528137423861,4.739000000000001,4.787000000000001,4.7978000000000005,0.00020719015003091927,0.0010057066744432264
isl32768_osl4_c4,0,scheduler.run_batch,embedding,at::native::vectorized_gather_kernel,2,8.597999999999999,4.2989999999999995,4.199,4.399,0.14142135623730995,4.2989999999999995,4.3790000000000004,4.397,0.00018795325068219493,0.0009123302370608628
isl32768_osl4_c4,0,scheduler.run_batch,elementwise,_fused_replay_state_indices_kernel,2,8.437999999999999,4.218999999999999,4.039,4.399,0.25455844122715765,4.218999999999999,4.363,4.3954,0.00018445563261879048,0.0008953527029913421
isl32768_osl4_c4,0,scheduler.run_batch,other,ROCPRIM_400200_NS::detail::trampoline_kernel,2,8.437999999999999,4.218999999999999,4.159,4.279,0.08485281374238547,4.218999999999999,4.267,4.2778,0.00018445563261879048,0.0008953527029913421
isl32768_osl4_c4,0,scheduler.run_batch,other,assign_extend_cache_locs_uniform,2,8.078,4.039,3.919,4.159,0.16970562748477142,4.039,4.135,4.1566,0.00017658599197613057,0.0008571532513349209
isl32768_osl4_c4,0,scheduler.run_batch,other,fill_bonus_tokens,2,8.078,4.039,3.879,4.199,0.22627416997969527,4.039,4.167,4.1958,0.00017658599197613057,0.0008571532513349209
isl32768_osl4_c4,0,scheduler.run_batch,elementwise,at::native::_scatter_gather_elementwise_kernel,2,7.798,3.899,3.759,4.039,0.197989898732233,3.899,4.011,4.0362,0.00017046516036517282,0.0008274425667132598
isl32768_osl4_c4,1,EXTEND,comm,quickreduce::allreduce_prototype_twoshot,496,1348834.2820000001,2719.4239556451616,1541.246,534768.725,23937.987317669176,1645.1860000000001,1664.6665,1682.5280500000001,29.56485546965899,37.57609350680185
isl32768_osl4_c4,1,EXTEND,moe,vllm::moe::topkGatingSoftmax,244,549056.983,2250.233536885246,35.879,540142.43,34576.727189128906,36.599,37.399,38.124199999999995,12.034681030595285,15.295738556688395
isl32768_osl4_c4,1,EXTEND,gemm,Cijk_Alik_Bljk_BBS_BH_Bias_HA_S_SAV_UserArgs_MT256x256x64_MI16x16x1_CMS_SN_LDSB…,1216,451849.955,371.58713404605265,98.2,1707.806,373.186275261486,114.8395,1072.9634999999998,1085.364,9.904017707600731,12.587725850909388
isl32768_osl4_c4,1,EXTEND,linear_attn,chunk_gated_delta_rule_fwd_kernel_h_blockdim64,180,232495.487,1291.6415944444443,1239.364,1357.844,20.057475749404762,1290.2845,1316.3841,1345.2575900000002,5.096026667049808,6.476905484984872
isl32768_osl4_c4,1,EXTEND,moe,mfma_moe2_afp4_wfp4_bf16_cshuffle_t64x256x256_vscale_fix3_fp4opt_v1_persist_cu2…,240,180749.182,753.1215916666666,662.162,802.882,30.384826092328044,759.7625,786.5429999999999,801.1070100000001,3.9618087361817866,5.035346635792242
isl32768_osl4_c4,1,EXTEND,moe,moe_reduction_kernel_0,240,135048.33299999998,562.7013874999999,546.481,588.201,7.1430527143050355,562.3009999999999,572.01,578.05921,2.960100065549326,3.762203301373172
isl32768_osl4_c4,1,EXTEND,attention,aiter::fmha_fwd_hd256_fp8_causal_group_gfx950,64,120014.77,1875.23078125,1649.006,2060.528,91.64890270777217,1884.5875,1979.8437,2053.92497,2.6305821082877587,3.3433953154204574
isl32768_osl4_c4,1,EXTEND,moe,mfma_moe1_silu_mul_afp4_wfp4_bf16_t128x128x256_pm1_async_xcd4_v32,240,117747.778,490.6157416666667,437.761,515.041,14.35632787543094,492.941,507.00899999999996,513.1338000000001,2.5808923193156894,3.280241001723105
isl32768_osl4_c4,1,EXTEND,norm,_gemma_fused_add_rmsnorm_kernel,488,88799.477,181.96614139344263,174.52,192.4,3.017439698685474,181.79950000000002,185.92,189.15227,1.9463797282743642,2.473793479032511
isl32768_osl4_c4,1,EXTEND,linear_attn,_fused_gate_sigmoid_mul_add_kernel,240,43410.431,180.87679583333332,172.6,192.879,3.833592711190956,180.52,185.76309999999998,190.71459,0.9515054113894504,1.2093364145578331
isl32768_osl4_c4,1,EXTEND,other,chunk_fwd_kernel_o,180,36234.817,201.3045388888889,196.84,207.92,2.099577338056212,200.8,204.44,206.7512,0.7942244216881066,1.0094367336030188
isl32768_osl4_c4,1,EXTEND,linear_attn,_causal_conv1d_fwd_kernel,180,35618.377,197.87987222222222,192.439,208.24,3.3420214837889266,196.86,203.14000000000001,206.4292,0.7807127844551818,0.992263825566468
isl32768_osl4_c4,1,EXTEND,moe,ck::kernel_moe_gemm_2lds,8,25252.22,3156.5275,1670.086,4564.058,1433.8696563278386,3180.2129999999997,4535.022,4561.1544,0.553498857903459,0.7034813636018865
isl32768_osl4_c4,1,EXTEND,quant,aiter::dynamic_per_group_scaled_quant_kernel,480,24368.237,50.76716041666667,34.039,73.679,14.963272396762822,51.059,66.7639,71.65800999999999,0.5341229938841342,0.6788551894975549
isl32768_osl4_c4,1,EXTEND,elementwise,fused_qkvzba_split_reshape_cat_contiguous_kernel,180,23988.137,133.26742777777778,128.24,140.24,2.3283746123716575,133.11950000000002,136.344,138.72081,0.5257916505056468,0.6682662881532343
isl32768_osl4_c4,1,EXTEND,linear_attn,chunk_gated_delta_rule_fwd_kkt_solve_kernel,180,23542.886,130.7938111111111,121.199,151.64,6.630238356803798,129.64,139.80790000000002,142.80960000000002,0.5160322741030821,0.6558623973022475
isl32768_osl4_c4,1,EXTEND,linear_attn,recompute_w_u_fwd_kernel,180,22992.725,127.7373611111111,122.999,135.64,2.078412884935744,127.45949999999999,130.119,134.05561,0.5039733943228876,0.6405359028205515
isl32768_osl4_c4,1,EXTEND,norm,_fused_qk_gemma_rmsnorm_gate_kernel,64,16487.845,257.622578125,252.28,281.16,5.239360344469205,256.41999999999996,260.028,279.4464,0.3613941022527626,0.45932166294514093
isl32768_osl4_c4,1,EXTEND,moe,aiter::opus_moe_sorting_entry,976,15119.125,15.490906762295081,4.519,107.879,17.255363114042297,6.279,42.719,62.04925,0.3313933753151063,0.42119158915403765
isl32768_osl4_c4,1,EXTEND,moe,aiter::mxfp4_moe_sort_kernel,480,13796.057,28.74178541666667,7.159,53.679,21.223482829379638,27.799500000000002,51.243900000000004,52.919,0.30239328633565765,0.3843332978522028
isl32768_osl4_c4,1,EXTEND,norm,_layer_norm_fwd_1pass_kernel,180,13214.803,73.41557222222222,71.079,79.16,1.0380454023426213,73.4195,74.479,77.25161000000001,0.2896528846936706,0.3681406083968182
isl32768_osl4_c4,1,EXTEND,linear_attn,fused_qkv_split_gdn_prefill_kernel,180,11196.74,62.20411111111111,59.64,66.999,1.2575195452078518,62.039,63.6511,66.72961000000001,0.24541932559759003,0.311921008255741
isl32768_osl4_c4,1,EXTEND,other,_triton_mrope_forward_fused,60,6686.528,111.44213333333333,107.199,119.919,3.6569907025955173,109.78,117.2471,119.919,0.14656080183601677,0.18627462596168556
isl32768_osl4_c4,1,EXTEND,linear_attn,l2norm_fwd_kernel,360,5949.019,16.525052777777777,15.519,18.64,0.6049515968510636,16.439,17.319,18.088610000000003,0.13039547501748272,0.1657289536608477
isl32768_osl4_c4,1,EXTEND,gemm,Cijk_Alik_Bljk_BBS_BH_Bias_HA_S_SAV_UserArgs_MT32x192x128_MI16x16x1_SN_LDSB1_AF…,135,5887.361,43.61008148148148,42.359,47.719,0.8973160564993358,43.399,44.671,47.157399999999996,0.12904400443071404,0.16401127284241013
isl32768_osl4_c4,1,EXTEND,index_copy,at::native::vectorized_elementwise_kernel,368,5522.22,15.006032608695653,3.959,20.559,3.780740548398109,13.019,18.771,20.1986,0.12104054467653295,0.15383910229316908
isl32768_osl4_c4,1,EXTEND,index_copy,at::native::index_elementwise_kernel,804,4478.167,5.569859452736319,2.999,7.919,0.6251829292625434,5.479,6.399,6.879,0.09815613518340008,0.12475366631515841
isl32768_osl4_c4,1,EXTEND,activation,_fused_sigmoid_mul_kernel,64,4094.838,63.98184375,61.639,69.559,1.531373822658016,63.839,65.5633,68.2738,0.08975401593601214,0.11407481084707888
isl32768_osl4_c4,1,EXTEND,activation,sgl_hip::activation::act_and_mul_kernel,240,3802.378,15.843241666666668,15.279,17.639,0.4068917797552044,15.7395,16.479,16.9122,0.0833436379184578,0.1059274020410805
isl32768_osl4_c4,1,EXTEND,linear_attn,fused_gdn_gating_kernel,180,3308.315,18.379527777777778,17.079,21.479,1.013580866240302,18.139,19.719,20.7526,0.07251436008734606,0.09216369679278001
isl32768_osl4_c4,1,EXTEND,quant,at::native::vectorized_elementwise_kernel,192,3216.224,16.751166666666666,6.959,39.919,13.091938959956966,7.739000000000001,35.779,38.369800000000005,0.07049583405980522,0.08959820741182811
isl32768_osl4_c4,1,EXTEND,other,chunk_local_cumsum_scalar_kernel,180,2553.431,14.185727777777778,12.959,17.839,0.8447272663595898,14.179,15.279,16.154600000000002,0.055968193776043736,0.07113398828868625
isl32768_osl4_c4,1,EXTEND,norm,_gemma_rmsnorm_kernel,16,2385.434,149.089625,142.799,162.76,6.029363502891494,146.67950000000002,158.44,162.42999999999998,0.052285897818254386,0.06645389447352759
isl32768_osl4_c4,1,EXTEND,gemm,Cijk_Alik_Bljk_BBS_BH_Bias_HA_S_SAV_UserArgs_MT32x224x128_MI16x16x1_SN_LDSB1_AF…,45,2046.364,45.474755555555554,44.6,48.999,0.7741000392113868,45.279,46.263400000000004,48.11900000000001,0.04485388361319337,0.05700801502385972
isl32768_osl4_c4,1,EXTEND,index_copy,at::native::CatArrayBatchedCopy_contig,16,1799.194,112.449625,2.559,417.121,179.87355466396386,16.4995,416.161,417.097,0.039436208941105215,0.050122304039182795
isl32768_osl4_c4,1,EXTEND,attention,reshape_and_cache_flash,64,1525.98,23.8434375,22.679,27.279,0.9917458051655633,23.439,25.211,26.573399999999996,0.03344768052802963,0.04251105412629887
isl32768_osl4_c4,1,EXTEND,index_copy,at::native::elementwise_kernel_manual_unroll,243,1478.446,6.084139917695473,2.519,14.279,3.2987830897020385,4.32,11.367,13.492219999999998,0.032405791351094566,0.041186842506985705
isl32768_osl4_c4,1,EXTEND,elementwise,at::native::vectorized_elementwise_kernel,248,1029.517,4.151278225806452,1.719,11.119,1.1690666504558989,4.119,4.439,9.644200000000001,0.022565797529571475,0.02868048920100187
isl32768_osl4_c4,1,EXTEND,gemm,Cijk_Alik_Bljk_BBS_BH_Bias_HA_S_SAV_UserArgs_MT256x16x128_MI16x16x1_SN_LDSB1_AF…,8,738.119,92.264875,90.32,93.36,1.0966449402609746,92.66,93.22,93.346,0.01617869729856794,0.02056266580207447
isl32768_osl4_c4,1,EXTEND,index_copy,at::native::CatArrayBatchedCopy,8,731.356,91.4195,25.959,159.559,69.16610036922505,90.84,156.899,159.293,0.016030460320749708,0.020374260803938084
isl32768_osl4_c4,1,EXTEND,embedding,_vocab_parallel_embedding_kernel,8,649.794,81.22425,80.359,82.6,0.792906182524591,81.279,82.0673,82.54673,0.014242717546121497,0.018102090397609568
isl32768_osl4_c4,1,EXTEND,elementwise,at::native::elementwise_kernel_manual_unroll,52,453.788,8.726692307692307,2.559,19.759,6.389800885352335,5.259,17.994999999999997,19.759,0.009946497366579843,0.012641716293703005
isl32768_osl4_c4,1,EXTEND,moe,_fused_append_shared_experts_with_weights_kernel,4,318.31899999999996,79.57974999999999,78.64,80.16,0.7314917976300213,79.7595,80.16,80.16,0.0069771767768921356,0.008867793967436878
isl32768_osl4_c4,1,EXTEND,memcpy,Memcpy DtoD,84,278.438,3.314738095238095,0.719,8.719,1.3220502343503162,3.479,4.439,5.465400000000007,0.0061030323273329355,0.007756781143146309
isl32768_osl4_c4,1,EXTEND,attention,create_flashinfer_kv_indices_triton,8,232.433,29.054125,19.599,32.799,4.045083274350303,29.619500000000002,31.903,32.7094,0.005094657025761485,0.006475164709719671
isl32768_osl4_c4,1,EXTEND,other,ROCPRIM_400200_NS::detail::trampoline_kernel,52,185.389,3.565173076923077,1.399,7.439,1.2125411611554593,3.679,4.395,7.235,0.004063508070492985,0.005164603607793301
isl32768_osl4_c4,1,EXTEND,memcpy,Memcpy DtoH,28,120.29299999999999,4.296178571428571,3.079,6.119,0.6620433606461599,4.319,5.091,5.9246,0.0026366805815005883,0.003351146302058264
isl32768_osl4_c4,1,EXTEND,memcpy,Memcpy HtoD,20,112.82,5.641,3.479,30.039,5.870195549508865,3.799,6.487000000000002,25.851399999999973,0.0024728812416757117,0.0031429619828104156
isl32768_osl4_c4,1,EXTEND,comm,aiter::allgather_vec,8,70.112,8.764,6.599,18.919,4.229444407957149,6.739000000000001,12.087,18.235799999999998,0.001536772288746388,0.001953194030657719
isl32768_osl4_c4,1,EXTEND,embedding,at::native::vectorized_gather_kernel,4,46.156,11.539,11.039,12.359,0.575499782797526,11.379,12.095,12.3326,0.0010116850433503292,0.0012858230214376665
isl32768_osl4_c4,1,EXTEND,index_copy,at::native::unrolled_elementwise_kernel,8,25.232,3.154,1.719,4.839,1.3595692595188271,2.479,4.811,4.836200000000001,0.0005530556593685654,0.000702918070823191
isl32768_osl4_c4,1,EXTEND,kv_cache,_fused_slot_clear_kernel,4,20.436,5.109,4.719,5.439,0.29642312100554247,5.138999999999999,5.355,5.4306,0.00044793299995466086,0.0005693101496251875
isl32768_osl4_c4,1,EXTEND,memset,Memset,8,17.752,2.219,2.039,2.439,0.14658006101006468,2.239,2.383,2.4334000000000002,0.000389102887805595,0.000494538744184103
isl32768_osl4_c4,1,EXTEND,other,ROCPRIM_400200_NS::detail::init_lookback_scan_state_kernel,8,16.273,2.034125,1.759,2.319,0.19990386082171738,1.9995,2.263,2.3134,0.0003566849534283713,0.0004533364682350106
isl32768_osl4_c4,1,EXTEND,elementwise,elementwise_kernel_with_index,4,8.757,2.18925,1.679,2.44,0.3464586314891481,2.319,2.4157,2.43757,0.0001919431043552048,0.00024395424644097508
isl32768_osl4_c4,1,TARGET_VERIFY,moe,aiter::fmoe_bf16_pertokenMXfp4_g1u1_flat_novs_silu_16x256,120,6354.588,52.954899999999995,47.279,60.319,2.2483322125111154,52.6595,56.254999999999995,59.4202,0.13928506881561403,28.03467207167247
isl32768_osl4_c4,1,TARGET_VERIFY,comm,aiter::cross_device_reduce_1stage,242,2318.248,9.579537190082645,7.039,21.04,2.2393658892079444,9.239,11.779,18.957,0.05081325999603116,10.227464386489034
isl32768_osl4_c4,1,TARGET_VERIFY,attention,kernel_unified_attention_3d_num_query_heads_8_num_queries_per_kv_8_BLOCK_SIZE_1…,30,1638.296,54.60986666666667,51.399,63.2,3.2106795041176124,53.559,58.6,63.07211,0.03590951468456259,7.2277055752997255
isl32768_osl4_c4,1,TARGET_VERIFY,gemm,Cijk_Alik_Bljk_BBS_BH_Bias_HA_S_SAV_UserArgs_MT32x16x1024_MI16x16x1_SN_LDSB1_AF…,120,1515.209,12.626741666666668,11.799,15.479,0.5607825938606074,12.599,12.959,15.138390000000001,0.0332115929207429,6.684680019388633
isl32768_osl4_c4,1,TARGET_VERIFY,gemm,hgemm_bf16_16x64x64x8_SPK8_W1x2x1_BLDS1_TN_AS1_0,240,1194.164,4.9756833333333335,4.519,6.839,0.3074707451698223,4.999,5.319,5.576599999999998,0.02617466544127313,5.268318912224787
isl32768_osl4_c4,1,TARGET_VERIFY,moe,vllm::moe::topkGatingSoftmax,120,1172.406,9.77005,8.96,10.759,0.3741998039514598,9.7595,10.279,10.6258,0.025697755761638488,5.172328677305474
isl32768_osl4_c4,1,TARGET_VERIFY,norm,_gemma_fused_add_rmsnorm_kernel,240,1050.444,4.37685,4.079,4.759,0.14676447132000803,4.359,4.559,4.743399999999999,0.023024492670012418,4.634266308005479
isl32768_osl4_c4,1,TARGET_VERIFY,linear_attn,fused_sigmoid_gating_delta_rule_update_kernel,90,1009.635,11.218166666666667,10.519,12.28,0.5180098313673772,11.039,11.959,12.172310000000001,0.022130007555745942,4.454228368083507
isl32768_osl4_c4,1,TARGET_VERIFY,gemm,hgemm_bf16_16x64x256x3_SPK2_W1x1x2_BLDS1_TN_AS1_0,120,805.486,6.712383333333333,6.319,9.359,0.33291218675445894,6.679,6.963,7.5838,0.017655302427161873,3.5535798494447124
isl32768_osl4_c4,1,TARGET_VERIFY,gemm,Cijk_Alik_Bljk_BBS_BH_Bias_HA_S_SAV_UserArgs_MT16x16x1024_MI16x16x1_SN_LDSB1_AF…,90,788.312,8.759022222222223,7.559,10.959,0.6801236004287562,8.559,9.479,10.7454,0.01727886861715887,3.477812945570078
isl32768_osl4_c4,1,TARGET_VERIFY,other,reduce_segments_num_query_heads_8_TILE_SIZE_16_HEAD_SIZE_256_NUM_SEGMENTS_PER_S…,30,583.131,19.4377,19.199,19.839,0.14795506074480858,19.439,19.607,19.8158,0.012781543266615843,2.5726115304133708
isl32768_osl4_c4,1,TARGET_VERIFY,linear_attn,_fused_gate_sigmoid_mul_add_kernel,120,567.082,4.7256833333333335,4.439,4.999,0.13394850279327605,4.719,4.919,4.9914,0.01242976812880647,2.5018078131498327
isl32768_osl4_c4,1,TARGET_VERIFY,activation,sgl_hip::activation::act_and_mul_kernel,120,545.322,4.54435,4.159,4.879,0.1562697328716118,4.519,4.759,4.8314,0.011952814611532372,2.405808754787655
isl32768_osl4_c4,1,TARGET_VERIFY,gemm,Cijk_Alik_Bljk_BBS_BH_Bias_HA_S_SAV_UserArgs_MT16x16x128_MI16x16x1_SN_LDSB0_AFC…,120,540.243,4.502025000000001,4.239,5.079,0.15423394118495906,4.479,4.719,4.9934,0.011841488926135539,2.383401621634094
isl32768_osl4_c4,1,TARGET_VERIFY,linear_attn,_causal_conv1d_update_kernel,90,411.99100000000004,4.577677777777779,4.319,4.879,0.1410157237051414,4.599,4.759,4.8434,0.009030356458422427,1.8175895245262819
isl32768_osl4_c4,1,TARGET_VERIFY,linear_attn,fused_qkv_split_gdn_prefill_kernel,90,400.591,4.451011111111111,4.159,4.959,0.1632636589908057,4.439,4.679,4.9234,0.00878048191352699,1.7672959002005084
isl32768_osl4_c4,1,TARGET_VERIFY,elementwise,fused_qkvzba_split_reshape_cat_contiguous_kernel,90,394.711,4.385677777777778,4.119,4.759,0.1266414764031438,4.399,4.559,4.652200000000001,0.008651599253528292,1.7413549781798463
isl32768_osl4_c4,1,TARGET_VERIFY,norm,_layer_norm_fwd_1pass_kernel,90,389.953,4.332811111111111,4.039,4.679,0.12143134134840605,4.359,4.479,4.5722000000000005,0.008547309509264037,1.720364007605984
isl32768_osl4_c4,1,TARGET_VERIFY,gemm,Cijk_Alik_Bljk_BBS_BH_Bias_HA_S_SAV_UserArgs_MT256x16x128_MI16x16x1_SN_LDSB1_AF…,2,186.398,93.199,91.759,94.639,2.0364675298172537,93.199,94.351,94.61019999999999,0.004085624159598203,0.8223360514978478
isl32768_osl4_c4,1,TARGET_VERIFY,norm,_fused_qk_gemma_rmsnorm_gate_kernel,30,136.971,4.5657000000000005,4.319,4.799,0.12609989198496874,4.539,4.723000000000001,4.799,0.003002242656918666,0.6042778962741645
isl32768_osl4_c4,1,TARGET_VERIFY,other,_triton_mrope_forward_fused,30,134.61,4.487,4.239,4.679,0.11716183914451042,4.4990000000000006,4.599,4.679,0.002950492323541638,0.5938618219730111
isl32768_osl4_c4,1,TARGET_VERIFY,elementwise,at::native::vectorized_elementwise_kernel,30,132.29,4.409666666666666,4.159,4.719,0.13933173842787364,4.439,4.559,4.684200000000001,0.0028996406617734435,0.5836266282505729
isl32768_osl4_c4,1,TARGET_VERIFY,activation,_fused_sigmoid_mul_kernel,30,126.571,4.219033333333333,3.999,4.399,0.11154726331929016,4.2395,4.323,4.399,0.0027742869317509,0.5583959933804767
isl32768_osl4_c4,1,TARGET_VERIFY,attention,reshape_and_cache_flash,30,125.41,4.1803333333333335,3.999,4.359,0.11397922779092705,4.218999999999999,4.323,4.359,0.0027488391820470748,0.5532739847978256
isl32768_osl4_c4,1,TARGET_VERIFY,comm,aiter::allgather_vec,2,83.319,41.6595,41.52,41.799,0.19728279195104417,41.6595,41.7711,41.79621,0.0018262541408897235,0.3675802179999205
isl32768_osl4_c4,1,TARGET_VERIFY,index_copy,at::native::elementwise_kernel_manual_unroll,2,18.398000000000003,9.199000000000002,9.159,9.239,0.05656854249492448,9.199000000000002,9.231000000000002,9.2382,0.00040326244534966984,0.08116685090750655
isl32768_osl4_c4,1,TARGET_VERIFY,memcpy,Memcpy DtoD,4,15.076,3.769,3.239,4.279,0.47483330408330315,3.779,4.207,4.2718,0.00033044812621435055,0.06651111231011897
isl32768_osl4_c4,1,TARGET_VERIFY,index_copy,at::native::vectorized_elementwise_kernel,2,11.318,5.659,5.399,5.919,0.3676955262170044,5.659,5.867,5.913799999999999,0.0002480772016777673,0.04993186316834216
isl32768_osl4_c4,1,TARGET_VERIFY,norm,_gemma_rmsnorm_kernel,2,8.798,4.399,4.279,4.519,0.16970562748477155,4.399,4.495,4.5166,0.00019284177596403927,0.03881432515948704
isl32768_osl4_c4,1,TARGET_VERIFY,embedding,_vocab_parallel_embedding_kernel,2,7.918,3.959,3.359,4.559,0.8485281374238571,3.959,4.439,4.547,0.00017355321460368984,0.03493201029925192
isl32768_osl4_c4,1,copy_result_to_cpu,memcpy,Memcpy DtoD,8,29.073,3.634125,3.359,4.279,0.37604917516577135,3.459,4.223,4.2734,0.0006372458459425453,100.0
isl32768_osl4_c4,1,draft,gemm,Cijk_Alik_Bljk_BBS_BH_Bias_HA_S_SAV_UserArgs_MT256x16x128_MI16x16x1_SN_LDSB1_AF…,4,364.238,91.0595,89.799,92.519,1.2616921177529872,90.96000000000001,92.2673,92.49383,0.007983667059967009,12.946458720318134
isl32768_osl4_c4,1,draft,other,at::native::cunn_SoftMaxForwardGmem,4,316.118,79.0295,78.279,79.8,0.6466222493336694,79.0195,79.63199999999999,79.7832,0.006928933454671535,11.236083653406638
isl32768_osl4_c4,1,draft,elementwise,at::native::reduce_kernel,4,285.23699999999997,71.30924999999999,70.839,71.879,0.452821064733821,71.2595,71.747,71.86580000000001,0.006252058382661362,10.138450809655726
isl32768_osl4_c4,1,draft,moe,ck::kernel_moe_gemm,8,253.63299999999998,31.704124999999998,11.919,57.92,17.82976416347115,32.699,50.387299999999996,57.16673,0.005559336003988085,9.015119687156334
isl32768_osl4_c4,1,draft,sampling,generate_draft_decode_kv_indices,2,199.31900000000002,99.65950000000001,97.959,101.36,2.4048701628154405,99.65950000000001,101.0199,101.32599,0.004368837229299425,7.0845853691133
isl32768_osl4_c4,1,draft,elementwise,at::native::elementwise_kernel_manual_unroll,32,136.248,4.25775,3.799,6.279,0.5382873078630516,4.019,4.559,6.031000000000001,0.0029863953502555604,4.84279264581374
isl32768_osl4_c4,1,draft,elementwise,at::native::vectorized_elementwise_kernel,24,96.097,4.004041666666667,2.319,4.959,0.5178463326850565,4.019,4.359,4.959,0.0021063328193698886,3.415667348399704
isl32768_osl4_c4,1,draft,comm,aiter::cross_device_reduce_1stage,12,95.949,7.99575,5.519,11.199,1.8280271096557519,7.419,10.159,11.089,0.002103088834050194,3.410406843206377
isl32768_osl4_c4,1,draft,attention,kernel_unified_attention_3d_num_query_heads_8_num_queries_per_kv_8_BLOCK_SIZE_1…,4,69.116,17.279,16.279,18.319,0.8333066662399863,17.259,18.006999999999998,18.287799999999997,0.0015149411442976289,2.456655925283765
isl32768_osl4_c4,1,draft,other,reduce_segments_num_query_heads_8_TILE_SIZE_32_HEAD_SIZE_256_NUM_SEGMENTS_PER_S…,4,68.916,17.229,15.879,18.639,1.4935862880998871,17.199,18.567,18.6318,0.0015105573803520947,2.4495471344819713
isl32768_osl4_c4,1,draft,index_copy,at::native::CatArrayBatchedCopy_contig,16,67.904,4.244,3.759,4.839,0.3486736774311095,4.199,4.639,4.815,0.001488375534787693,2.4135766530248968
isl32768_osl4_c4,1,draft,index_copy,at::native::elementwise_kernel_manual_unroll,14,61.706,4.407571428571429,3.159,5.759,0.6046341187713589,4.379,4.951,5.6602,0.0013525226901155954,2.1932752260773194
isl32768_osl4_c4,1,draft,comm,aiter::allgather_vec,4,60.316,15.079,13.879,17.039,1.422486086633774,14.699,16.487000000000002,16.983800000000002,0.0013220555306941344,2.1438691300048554
isl32768_osl4_c4,1,draft,gemm,Cijk_Alik_Bljk_BBS_BH_Bias_HA_S_SAV_UserArgs_MT256x16x64_MI16x16x1_SN_LDSB1_AFC…,4,58.477000000000004,14.619250000000001,13.519,15.4,0.8609995644598205,14.779,15.3397,15.39397,0.0012817468212149496,2.078503798582365
isl32768_osl4_c4,1,draft,norm,_gemma_rmsnorm_kernel,12,53.148,4.429,4.239,4.719,0.1365816439150792,4.399,4.559,4.7014000000000005,0.0011649414308861968,1.8890900676685796
isl32768_osl4_c4,1,draft,index_copy,at::native::vectorized_elementwise_kernel,10,51.83,5.183,2.439,9.759,2.443763945683425,4.399,9.615,9.7446,0.0011360524264851278,1.842243136284761
isl32768_osl4_c4,1,draft,gemm,Cijk_Alik_Bljk_BBS_BH_Bias_HA_S_SAV_UserArgs_MT32x16x512_MI16x16x1_SN_LDSB1_AFC…,4,45.876,11.469,10.959,12.079,0.49463791470798846,11.419,11.947000000000001,12.065800000000001,0.0010055477738265817,1.6306144341153712
isl32768_osl4_c4,1,draft,index_copy,at::native::CatArrayBatchedCopy,8,41.313,5.164125,4.479,5.8,0.6284073832202438,5.159000000000001,5.799300000000001,5.79993,0.0009055321994092243,1.4684273719724548
isl32768_osl4_c4,1,draft,other,__amd_rocclr_copyBuffer,10,40.39,4.039,2.959,4.319,0.38827252742829416,4.159,4.210999999999999,4.3082,0.0008853011288005849,1.4356203024221783
isl32768_osl4_c4,1,draft,moe,vllm::moe::topkGatingSoftmax,4,39.156,9.789,9.519,9.999,0.21509687739868966,9.818999999999999,9.975000000000001,9.9966,0.0008582533052566403,1.3917590631751129
isl32768_osl4_c4,1,draft,norm,_gemma_fused_add_rmsnorm_kernel,8,36.072,4.509,4.119,4.759,0.20368042194996136,4.559,4.675,4.7506,0.0007906556652165066,1.2821415090114587
isl32768_osl4_c4,1,draft,moe,aiter::opus_moe_sorting_entry,8,35.912,4.489,4.119,5.559,0.4493805259942373,4.359,4.8309999999999995,5.4862,0.0007871486540600793,1.2764544763700238
isl32768_osl4_c4,1,draft,gemm,Cijk_SB_BiasS_HAS_ScaleAlphaVec_PostGSU16_VW4,4,26.796,6.699,5.999,7.679,0.7766595135579043,6.558999999999999,7.463,7.6574,0.0005873366934226411,0.9524357916242804
isl32768_osl4_c4,1,draft,gemm,hgemm_bf16_16x64x128x3_SPK4_W1x2x1_BLDS1_TN_AS1_0,4,24.596,6.149,5.439,6.999,0.7356629663099805,6.079000000000001,6.8549999999999995,6.9845999999999995,0.0005391152900217674,0.8742390928045529
isl32768_osl4_c4,1,draft,embedding,_vocab_parallel_embedding_kernel,4,19.556,4.889,4.759,5.119,0.16124515496597067,4.839,5.047,5.1118,0.0004286444385943115,0.6950975645993592
isl32768_osl4_c4,1,draft,gemm,hgemm_bf16_16x64x64x6_SPK8_W1x2x1_BLDS1_TN_AS1_0,4,19.436,4.859,4.559,5.239,0.3037542866638535,4.819,5.155,5.2306,0.00042601418022699105,0.6908322901182831
isl32768_osl4_c4,1,draft,elementwise,triton_poi_fused_add_arange_floor_divide_index_max_unsqueeze_view_2,4,18.756,4.689,4.359,5.199,0.3583294573433783,4.599,5.019,5.181,0.00041110938281217556,0.6666624013921856
isl32768_osl4_c4,1,draft,elementwise,triton_poi_fused_gather_max_view_1,4,18.476,4.619,4.279,5.039,0.31411250638372645,4.579000000000001,4.907,5.025799999999999,0.000404972113288428,0.6567100942696747
isl32768_osl4_c4,1,draft,quant,aiter::scaled_quant_kernel,4,18.436,4.609,4.399,5.039,0.29461839725312433,4.4990000000000006,4.895,5.0245999999999995,0.0004040953604993212,0.655288336109316
isl32768_osl4_c4,1,draft,elementwise,triton_poi_fused_max_mul_unsqueeze_view_0,4,17.877,4.46925,4.24,4.879,0.2813898541170237,4.379,4.734999999999999,4.864599999999999,0.00039184274027155374,0.6354192658183034
isl32768_osl4_c4,1,draft,attention,reshape_and_cache_flash,4,17.836,4.459,4.199,4.639,0.2026491220476091,4.4990000000000006,4.627000000000001,4.6378,0.0003909440686627193,0.6339619637039359
isl32768_osl4_c4,1,draft,elementwise,triton_poi_fused_add_max_view_3,4,17.195999999999998,4.2989999999999995,4.039,4.599,0.23888630489558577,4.279,4.527,4.5918,0.0003769160240370106,0.611213833138197
isl32768_osl4_c4,1,draft,moe,_fused_append_shared_experts_with_weights_kernel,4,17.036,4.259,4.079,4.359,0.12436505404118431,4.2989999999999995,4.347,4.3578,0.0003734090128805835,0.6055268004967623
isl32768_osl4_c4,1,draft,activation,_fused_sigmoid_mul_kernel,4,16.916,4.229,3.959,4.679,0.31219651930581593,4.138999999999999,4.523000000000001,4.6634,0.0003707787545132631,0.6012615260156863
isl32768_osl4_c4,1,draft,norm,_fused_qk_gemma_rmsnorm_gate_kernel,4,16.156,4.039,3.479,4.359,0.38505410875183066,4.159,4.299,4.353,0.00035412045152023394,0.5742481209688712
isl32768_osl4_c4,1,draft,kv_cache,scatter_ragged_to_page_table_kernel,4,16.116,4.029,2.999,5.159,0.9875896583770678,3.979,4.967,5.139799999999999,0.00035324369873112715,0.5728263628085126
isl32768_osl4_c4,1,draft,embedding,at::native::vectorized_gather_kernel,4,15.716,3.929,2.919,4.319,0.6743886120034945,4.239,4.295,4.3166,0.00034447617084005925,0.5586087812049257
isl32768_osl4_c4,1,draft,elementwise,at::native::multi_tensor_apply_kernel,4,14.076,3.519,2.879,4.239,0.7207403600927772,3.479,4.179,4.233,0.00030852930648668075,0.5003166966302199
isl32768_osl4_c4,1,draft,memcpy,Memcpy DtoD,4,13.835999999999999,3.4589999999999996,2.319,5.119,1.3831365321856939,3.199,4.807,5.0878,0.0003032687897520399,0.4917861476680678
isl32768_osl4_c4,1,draft,sampling,build_tree_efficient,2,11.957999999999998,5.978999999999999,5.879,6.079,0.1414213562373093,5.978999999999999,6.059,6.077,0.00026210524630347593,0.4250346020392276
isl32768_osl4_c4,1,draft,elementwise,elementwise_kernel_with_index,2,8.597999999999999,4.2989999999999995,4.279,4.319,0.02828427124746224,4.2989999999999995,4.315,4.3186,0.0001884580120185053,0.3056069165690985
isl32768_osl4_c4,1,draft,sampling,assign_draft_cache_locs_contiguous,2,7.077999999999999,3.5389999999999997,2.679,4.399,1.2162236636408617,3.5389999999999997,4.227,4.3818,0.00015514140603244714,0.2515801064754686
isl32768_osl4_c4,1,draft_extend,other,at::native::cunn_SoftMaxForwardGmem,6,465.315,77.5525,76.839,79.119,0.8849754233875652,77.219,78.5795,79.06505,0.010199155601580693,20.927923102144135
isl32768_osl4_c4,1,draft_extend,elementwise,at::native::reduce_kernel,6,195.995,32.66583333333333,12.879,71.879,30.08203929534477,13.419,71.49950000000001,71.84105000000001,0.0042959790725246505,8.81503559611175
isl32768_osl4_c4,1,draft_extend,moe,ck::kernel_moe_gemm,4,195.796,48.949,27.839,69.799,23.155137658843667,49.079,69.307,69.74980000000001,0.004291617227398844,8.80608540818029
isl32768_osl4_c4,1,draft_extend,gemm,Cijk_Alik_Bljk_BBS_BH_Bias_HA_S_SAV_UserArgs_MT256x16x128_MI16x16x1_SN_LDSB1_AF…,2,185.999,92.9995,92.999,93.0,0.0007071067811899238,92.9995,92.9999,92.99999,0.004076878550526863,8.36545731187627
isl32768_osl4_c4,1,draft_extend,attention,kernel_unified_attention_3d_num_query_heads_8_num_queries_per_kv_8_BLOCK_SIZE_1…,2,104.719,52.3595,51.64,53.079,1.0175266581274445,52.3595,52.9351,53.06461,0.0022953168830618584,4.709822763791048
isl32768_osl4_c4,1,draft_extend,elementwise,at::native::elementwise_kernel_manual_unroll,20,85.38,4.269,3.839,5.439,0.43059322604494077,4.199,4.599000000000001,5.4162,0.001871428828348451,3.840035404964521
isl32768_osl4_c4,1,draft_extend,index_copy,at::native::elementwise_kernel_manual_unroll,18,84.944,4.719111111111111,3.839,9.079,1.5876227470429194,4.1594999999999995,5.919000000000003,9.0654,0.001861872222947187,3.820425947989064
isl32768_osl4_c4,1,draft_extend,comm,aiter::allgather_vec,2,82.15799999999999,41.07899999999999,40.919,41.239,0.2262741699796929,41.07899999999999,41.207,41.2358,0.0018008063911858988,3.695123316948642
isl32768_osl4_c4,1,draft_extend,memcpy,Memcpy HtoD,4,79.556,19.889,19.639,20.319,0.3121965193058155,19.799,20.198999999999998,20.307,0.001743773622254502,3.578096236558414
isl32768_osl4_c4,1,draft_extend,comm,aiter::cross_device_reduce_1stage,6,76.55499999999999,12.759166666666665,7.199,15.199,2.8310337628976923,13.639,14.619,15.141,0.0016779952442517647,3.4431238044865173
isl32768_osl4_c4,1,draft_extend,memcpy,Memcpy DtoD,18,66.662,3.703444444444445,3.159,4.479,0.45070170417227273,3.499,4.315,4.4654,0.0014611523606859272,2.9981780295823954
isl32768_osl4_c4,1,draft_extend,attention,create_flashinfer_kv_indices_triton,2,60.399,30.1995,29.68,30.719,0.7346839456528239,30.1995,30.6151,30.70861,0.0013238747927315307,2.716494476744578
isl32768_osl4_c4,1,draft_extend,elementwise,at::native::vectorized_elementwise_kernel,14,55.707,3.979071428571429,3.799,4.239,0.14277495163083334,3.939,4.1913,4.239,0.0012210316905693038,2.505467935164659
isl32768_osl4_c4,1,draft_extend,index_copy,at::native::CatArrayBatchedCopy_contig,10,51.27,5.127000000000001,3.799,6.279,0.9590365535844347,4.779,6.135,6.2646,0.0011237778874376328,2.305910227366257
isl32768_osl4_c4,1,draft_extend,other,reduce_segments_num_query_heads_8_TILE_SIZE_16_HEAD_SIZE_256_NUM_SEGMENTS_PER_S…,2,38.478,19.239,19.239,19.239,0.0,19.239,19.239,19.239,0.0008433923454812803,1.7305795539028443
isl32768_osl4_c4,1,draft_extend,index_copy,at::native::vectorized_elementwise_kernel,8,35.432,4.429,3.839,5.319,0.5655844006739527,4.259,5.263,5.3134,0.0007766276205907979,1.5935832099871505
isl32768_osl4_c4,1,draft_extend,gemm,Cijk_Alik_Bljk_BBS_BH_Bias_HA_S_SAV_UserArgs_MT16x16x1024_MI16x16x1_SN_LDSB1_AF…,2,34.598,17.299,17.199,17.399,0.14142135623731025,17.299,17.379,17.397000000000002,0.0007583473249379211,1.5560733771487758
isl32768_osl4_c4,1,draft_extend,embedding,at::native::vectorized_gather_kernel,6,27.634,4.605666666666667,4.159,5.119,0.4027240577202542,4.599,5.019,5.109,0.0006057046643544284,1.2428617753664744
isl32768_osl4_c4,1,draft_extend,norm,_gemma_rmsnorm_kernel,6,26.834,4.472333333333333,4.079,5.039,0.34448028487370164,4.479,4.819,5.0169999999999995,0.0005881696085722925,1.2068811203656356
isl32768_osl4_c4,1,draft_extend,other,compute_position_kernel,6,26.074,4.345666666666667,3.999,4.679,0.23140152693244417,4.339,4.579000000000001,4.6690000000000005,0.0005715113055792635,1.1726994981148386
isl32768_osl4_c4,1,draft_extend,gemm,Cijk_Alik_Bljk_BBS_BH_Bias_HA_S_SAV_UserArgs_MT32x16x1024_MI16x16x1_SN_LDSB1_AF…,2,24.317999999999998,12.158999999999999,11.799,12.519,0.5091168824543153,12.158999999999999,12.447000000000001,12.511800000000001,0.0005330218581374752,1.0937219603879973
isl32768_osl4_c4,1,draft_extend,index_copy,at::native::CatArrayBatchedCopy,4,21.956,5.489,4.759,6.359,0.8506468127254692,5.4190000000000005,6.275,6.3506,0.00048124960594071904,0.9874890764980209
isl32768_osl4_c4,1,draft_extend,moe,vllm::moe::topkGatingSoftmax,2,20.398000000000003,10.199000000000002,10.159,10.239,0.05656854249492448,10.199000000000002,10.231000000000002,10.2382,0.00044710008480500956,0.9174167508838875
isl32768_osl4_c4,1,draft_extend,moe,aiter::opus_moe_sorting_entry,4,17.516,4.379,4.039,4.559,0.24549270186029337,4.459,4.559,4.559,0.00038393004634986496,0.7877964412433655
isl32768_osl4_c4,1,draft_extend,memset,Memset,4,17.316,4.329,4.239,4.519,0.13216151734399367,4.279,4.4590000000000005,4.513,0.00037954628240433096,0.7788012774931558
isl32768_osl4_c4,1,draft_extend,norm,_gemma_fused_add_rmsnorm_kernel,4,16.676000000000002,4.1690000000000005,3.999,4.319,0.14,4.179,4.295,4.3166,0.0003655182377786223,0.7500167534924849
isl32768_osl4_c4,1,draft_extend,elementwise,at::native::multi_tensor_apply_kernel,4,16.596,4.149,3.959,4.279,0.136137185711081,4.179,4.255,4.2766,0.0003637647322004087,0.7464186879924009
isl32768_osl4_c4,1,draft_extend,other,ROCPRIM_400200_NS::detail::trampoline_kernel,4,15.876,3.969,3.799,4.119,0.13999999999999987,3.979,4.095,4.1166,0.0003479831819964864,0.714036098491646
isl32768_osl4_c4,1,draft_extend,gemm,hgemm_bf16_16x64x256x3_SPK2_W1x1x2_BLDS1_TN_AS1_0,2,14.678,7.339,7.279,7.399,0.08485281374238547,7.339,7.3870000000000005,7.3978,0.000321724435962738,0.66015506762789
isl32768_osl4_c4,1,draft_extend,gemm,hgemm_bf16_16x64x64x8_SPK8_W1x2x1_BLDS1_TN_AS1_0,2,10.478,5.239,5.239,5.239,0.0,5.239,5.239,5.239,0.0002296653931065246,0.4712566288734862
isl32768_osl4_c4,1,draft_extend,embedding,_vocab_parallel_embedding_kernel,2,9.798,4.899,4.839,4.959,0.08485281374238515,4.899,4.947,4.9578,0.0002147605956917091,0.4406730721227732
isl32768_osl4_c4,1,draft_extend,norm,_fused_qk_gemma_rmsnorm_gate_kernel,2,8.958,4.479,4.199,4.759,0.39597979746446693,4.479,4.703,4.7534,0.00019634878712046646,0.4028933843718925
isl32768_osl4_c4,1,draft_extend,elementwise,elementwise_kernel_with_index,2,8.437999999999999,4.218999999999999,4.199,4.239,0.02828427124746224,4.218999999999999,4.235,4.2386,0.0001849510008620781,0.3795059586213472
isl32768_osl4_c4,1,draft_extend,kv_cache,scatter_ragged_to_page_table_kernel,2,8.398,4.199,4.159,4.239,0.05656854249492385,4.199,4.231,4.2382,0.00018407424807297132,0.3777069258713053
isl32768_osl4_c4,1,draft_extend,activation,_fused_sigmoid_mul_kernel,2,8.277999999999999,4.138999999999999,4.079,4.199,0.0848528137423861,4.138999999999999,4.187,4.1978,0.00018144398970565092,0.3723098276211794
isl32768_osl4_c4,1,draft_extend,moe,_fused_append_shared_experts_with_weights_kernel,2,8.198,4.099,3.999,4.199,0.14142135623730917,4.099,4.179,4.197,0.0001796904841274374,0.36871176212109563
isl32768_osl4_c4,1,draft_extend,attention,reshape_and_cache_flash,2,8.118,4.059,3.999,4.119,0.0848528137423853,4.059,4.107,4.1178,0.0001779369785492238,0.3651136966210118
isl32768_osl4_c4,1,draft_extend,index_copy,at::native::unrolled_elementwise_kernel,2,7.918,3.959,3.919,3.999,0.05656854249492385,3.959,3.991,3.9982,0.00017355321460368984,0.3561185328708021
isl32768_osl4_c4,1,nccl:broadcast,comm,ncclDevKernel_Generic_1,6,52.234,8.705666666666668,5.839,14.599,4.133969843463625,6.159,14.019,14.541,0.0011449076296551066,100.0
isl32768_osl4_c4,1,scheduler.get_next_batch_to_run,memcpy,Memcpy DtoD,66,3897.232,59.0489696969697,0.639,884.683,179.5477513674476,5.719,80.0995,831.7469999999996,0.0854227256449062,50.473100487942354
isl32768_osl4_c4,1,scheduler.get_next_batch_to_run,memcpy,Memcpy HtoD,24,1043.1019999999999,43.46258333333333,2.559,787.083,158.94779749418868,5.479,31.6237,620.1296799999997,0.022863564695571863,13.509227078391442
isl32768_osl4_c4,1,scheduler.get_next_batch_to_run,other,write_req_to_token_pool_triton,4,922.239,230.55975,21.439,818.162,391.89150301529037,41.319,587.2811000000002,795.0739099999998,0.02021439038682651,11.943928850245372
isl32768_osl4_c4,1,scheduler.get_next_batch_to_run,index_copy,at::native::CatArrayBatchedCopy_contig,30,886.893,29.563100000000002,2.919,489.361,90.55243243571172,5.039,74.25900000000004,375.5183100000003,0.01943964778473229,11.48616236114572
isl32768_osl4_c4,1,scheduler.get_next_batch_to_run,other,alloc_extend_kernel,5,862.5989999999999,172.51979999999998,4.319,822.803,363.5380207945243,10.679,499.53740000000005,790.4764399999999,0.018907151978268276,11.171530462594626
isl32768_osl4_c4,1,scheduler.get_next_batch_to_run,index_copy,at::native::index_elementwise_kernel,8,40.513,5.064125,2.839,10.759,3.0058417141816176,3.5995,9.274999999999999,10.6106,0.0008879971436270883,0.5246843708734836
isl32768_osl4_c4,1,scheduler.get_next_batch_to_run,index_copy,at::native::vectorized_elementwise_kernel,8,34.672,4.334,1.759,8.199,2.5705974847438537,4.019,7.051,8.0842,0.0007599693175977687,0.4490375066503449
isl32768_osl4_c4,1,scheduler.get_next_batch_to_run,index_copy,at::native::elementwise_kernel_manual_unroll,4,26.756,6.689,5.479,8.119,1.1058028757423268,6.579000000000001,7.735,8.080599999999999,0.0005864599406335343,0.3465172914148774
isl32768_osl4_c4,1,scheduler.get_next_batch_to_run,other,assign_req_to_token_pool,1,4.719,4.719,4.719,4.719,,4.719,4.719,4.719,0.000103434910294874,0.06111582815767703
isl32768_osl4_c4,1,scheduler.get_next_batch_to_run,other,_get_last_loc_safe_kernel,1,2.679,2.679,2.679,2.679,,2.679,2.679,2.679,5.87205180504275e-05,0.03469576258411035
isl32768_osl4_c4,1,scheduler.process_batch_result,memcpy,Memcpy DtoD,29,2526.741,87.129,1.559,987.403,218.18801322385113,5.719,189.99999999999997,897.4219199999997,0.05538318047751223,78.48862077909573
isl32768_osl4_c4,1,scheduler.process_batch_result,index_copy,at::native::elementwise_kernel_manual_unroll,11,651.432,59.22109090909091,2.919,218.6,86.08254624191196,8.079,188.52,215.592,0.014278620572835422,20.23555212479945
isl32768_osl4_c4,1,scheduler.process_batch_result,index_copy,at::native::CatArrayBatchedCopy_contig,9,38.553,4.283666666666666,2.119,10.199,2.4324279537120925,4.039,5.975800000000001,9.776679999999999,0.0008450362569608553,1.1975789354336188
isl32768_osl4_c4,1,scheduler.process_batch_result,elementwise,at::native::vectorized_elementwise_kernel,1,2.519,2.519,2.519,2.519,,2.519,2.519,2.519,5.5213506894000334e-05,0.07824816067121329
isl32768_osl4_c4,1,scheduler.run_batch,memcpy,Memcpy HtoD,8,932783.109,116597.888625,10.199,468702.9,215868.0813347928,18.979,465392.2605,468371.83605000004,20.44550481118641,99.87439122415414
isl32768_osl4_c4,1,scheduler.run_batch,index_copy,at::native::index_elementwise_kernel,42,174.678,4.159,3.319,6.559,0.5681634941612854,4.099,4.779,6.017799999999995,0.0038287355923899125,0.01870301760604972
isl32768_osl4_c4,1,scheduler.run_batch,sampling,at::native::reduce_kernel,2,141.15800000000002,70.57900000000001,70.239,70.919,0.4808326112068521,70.57900000000001,70.851,70.9122,0.00309401675511842,0.015113984355412625
isl32768_osl4_c4,1,scheduler.run_batch,elementwise,at::native::vectorized_elementwise_kernel,30,126.17099999999999,4.205699999999999,3.879,4.839,0.2155229646136625,4.199,4.4430000000000005,4.769400000000001,0.0027655194038598316,0.013509305318202058
isl32768_osl4_c4,1,scheduler.run_batch,index_copy,at::native::elementwise_kernel_manual_unroll,28,121.373,4.3347500000000005,3.839,6.399,0.5132068837764704,4.239,4.659000000000001,6.1290000000000004,0.002660352906806472,0.012995576752075664
isl32768_osl4_c4,1,scheduler.run_batch,linear_attn,_fused_mamba_state_scatter_with_mask_kernel,4,121.27600000000001,30.319000000000003,20.799,39.719,10.695245049397732,30.378999999999998,39.635,39.7106,0.002658226781292888,0.012985190826499536
isl32768_osl4_c4,1,scheduler.run_batch,memcpy,Memcpy DtoD,26,104.694,4.026692307692308,3.279,5.719,0.5169472521819432,4.058999999999999,4.359,5.479,0.0022947689125686664,0.01120973290997017
isl32768_osl4_c4,1,scheduler.run_batch,other,aiter::greedy_sample_kernel,4,67.196,16.799,16.559,17.079,0.2286190426597643,16.779,17.019000000000002,17.073,0.0014728570104205027,0.007194769639314149
isl32768_osl4_c4,1,scheduler.run_batch,attention,create_flashinfer_kv_indices_triton,2,59.718,29.859,29.599,30.119,0.36769552621700313,29.859,30.067,30.1138,0.0013089480764969877,0.0063940897273730935
isl32768_osl4_c4,1,scheduler.run_batch,index_copy,at::native::vectorized_elementwise_kernel,12,50.869,4.239083333333333,3.959,4.56,0.17242677409335946,4.259,4.4270000000000005,4.54669,0.001114988440726837,0.005446614929196254
isl32768_osl4_c4,1,scheduler.run_batch,elementwise,elementwise_kernel_with_index,10,41.71,4.171,3.919,4.439,0.16975799768428518,4.179,4.403,4.4354000000000005,0.0009142339708411091,0.004465947997734883
isl32768_osl4_c4,1,scheduler.run_batch,elementwise,at::native::elementwise_kernel_manual_unroll,8,36.073,4.509125,4.159,5.039,0.3432660099273282,4.3995,5.010999999999999,5.0362,0.0007906775840362342,0.0038623865289448677
isl32768_osl4_c4,1,scheduler.run_batch,elementwise,_fused_conv_window_scatter_multi_kernel,2,20.558,10.279,10.199,10.359,0.1131370849898477,10.279,10.343,10.3574,0.00045060709596143666,0.0022011737937529066
isl32768_osl4_c4,1,scheduler.run_batch,other,compute_position_kernel,4,18.917,4.72925,4.2,5.759,0.7020305667609261,4.479,5.399000000000001,5.723,0.0004146383127883305,0.002025469630140273
isl32768_osl4_c4,1,scheduler.run_batch,other,VerifyTreeGreedy,2,11.078,5.539,5.519,5.559,0.028284271247461613,5.539,5.555000000000001,5.5586,0.0002428166849431265,0.001186136943632391
isl32768_osl4_c4,1,scheduler.run_batch,other,_gather_rows_kernel,2,10.278,5.139,4.679,5.599,0.6505382386916236,5.139,5.507000000000001,5.5898,0.00022528162916099064,0.001100479825478761
isl32768_osl4_c4,1,scheduler.run_batch,kv_cache,scatter_req_to_token_to_page_table_kernel,2,9.398,4.699,4.519,4.879,0.2545584412271567,4.699,4.843,4.8754,0.00020599306780064118,0.001006256995509768
isl32768_osl4_c4,1,scheduler.run_batch,other,assign_extend_cache_locs_uniform,2,9.038,4.519,4.319,4.719,0.2828427124746193,4.519,4.679,4.715,0.00019810229269868004,0.0009677112923406347
isl32768_osl4_c4,1,scheduler.run_batch,embedding,at::native::vectorized_gather_kernel,2,8.958,4.479,4.319,4.639,0.2262741699796954,4.479,4.607,4.635800000000001,0.00019634878712046646,0.0009591455805252716
isl32768_osl4_c4,1,scheduler.run_batch,other,ROCPRIM_400200_NS::detail::trampoline_kernel,2,8.478,4.239,4.199,4.279,0.05656854249492385,4.239,4.271,4.2782,0.00018582775365118492,0.0009077513096330936
isl32768_osl4_c4,1,scheduler.run_batch,other,fill_bonus_tokens,2,8.478,4.239,4.199,4.279,0.05656854249492385,4.239,4.271,4.2782,0.00018582775365118492,0.0009077513096330936
isl32768_osl4_c4,1,scheduler.run_batch,elementwise,_fused_replay_state_indices_kernel,2,8.277999999999999,4.138999999999999,4.119,4.159,0.028284271247461613,4.138999999999999,4.155,4.1586,0.00018144398970565092,0.0008863370300946859
isl32768_osl4_c4,1,scheduler.run_batch,elementwise,at::native::_scatter_gather_elementwise_kernel,2,8.158,4.079,4.039,4.119,0.05656854249492385,4.079,4.111,4.1182,0.00017881373133833058,0.0008734884623716416
isl32768_osl4_c4,1,scheduler.run_batch,memcpy,Memcpy DtoH,2,6.598000000000001,3.2990000000000004,3.079,3.519,0.31112698372208103,3.2990000000000004,3.475,3.5146,0.00014462037256316563,0.0007064570819720632
isl32768_osl4_c4,2,EXTEND,gemm,Cijk_Alik_Bljk_BBS_BH_Bias_HA_S_SAV_UserArgs_MT256x256x64_MI16x16x1_CMS_SN_LDSB…,1216,973471.4029999999,800.552140625,98.559,537783.445,15415.836459667049,111.119,1028.103,1040.85315,21.34008214955892,27.106900581569924
isl32768_osl4_c4,2,EXTEND,comm,quickreduce::allreduce_prototype_twoshot,496,843118.151,1699.8349818548386,1524.486,4104.656,128.66314142576005,1684.746,1745.8465,1911.6890500000018,18.482526090316206,23.477135360363594
isl32768_osl4_c4,2,EXTEND,linear_attn,l2norm_fwd_kernel,360,537945.955,1494.2943194444442,15.399,532077.175,28042.0678125191,16.319,17.119,18.041000000000004,11.792653421913542,14.979430803518618
isl32768_osl4_c4,2,EXTEND,linear_attn,chunk_gated_delta_rule_fwd_kernel_h_blockdim64,180,232294.078,1290.5226555555555,1238.964,1344.605,17.825092450048018,1290.1045,1315.368,1330.6926,5.092265363008355,6.468369238817228
isl32768_osl4_c4,2,EXTEND,moe,mfma_moe2_afp4_wfp4_bf16_cshuffle_t64x256x256_vscale_fix3_fp4opt_v1_persist_cu2…,240,178620.28399999999,744.2511833333333,655.322,789.043,30.795287438336437,754.822,775.587,785.7611899999999,3.915648186881094,4.973789949369252
isl32768_osl4_c4,2,EXTEND,moe,moe_reduction_kernel_0,240,134956.013,562.3167208333333,540.481,583.442,7.571149826808459,562.341,572.2979,577.52739,2.9584560934420607,3.75793188788316
isl32768_osl4_c4,2,EXTEND,attention,aiter::fmha_fwd_hd256_fp8_causal_group_gfx950,64,117658.71,1838.41734375,1635.846,2027.607,86.05110600863031,1842.9465,1944.495,2005.9098,2.5792709773223095,3.276278013608754
isl32768_osl4_c4,2,EXTEND,moe,mfma_moe1_silu_mul_afp4_wfp4_bf16_t128x128x256_pm1_async_xcd4_v32,240,117506.378,489.6099083333333,443.64,512.002,12.968881328152237,491.68100000000004,505.045,510.8198,2.5759316112310318,3.272036236842979
isl32768_osl4_c4,2,EXTEND,norm,_gemma_fused_add_rmsnorm_kernel,488,89067.568,182.5155081967213,173.359,197.279,4.248037427272213,181.84,188.692,193.49546999999998,1.952506475407399,2.4801403547939858
isl32768_osl4_c4,2,EXTEND,linear_attn,_fused_gate_sigmoid_mul_add_kernel,240,43284.947,180.35394583333334,170.48,194.799,3.8901089336780768,179.86,185.5271,191.18240999999998,0.9488766921890812,1.205295555053427
isl32768_osl4_c4,2,EXTEND,other,chunk_fwd_kernel_o,180,36334.249,201.85693888888892,197.999,210.6,2.424380153837842,201.32,204.748,210.23539,0.7965060464159616,1.0117491611091596
isl32768_osl4_c4,2,EXTEND,linear_attn,_causal_conv1d_fwd_kernel,180,35455.456,196.97475555555553,191.72,207.68,2.828413647460741,196.3195,200.92,204.82699,0.7772414694035668,0.9872786379799046
isl32768_osl4_c4,2,EXTEND,moe,ck::kernel_moe_gemm_2lds,8,25197.538999999997,3149.6923749999996,1676.726,4572.899,1432.2201395853858,3167.9725,4535.2383,4569.132930000001,0.5523711847822147,0.7016407287038002
isl32768_osl4_c4,2,EXTEND,quant,aiter::dynamic_per_group_scaled_quant_kernel,480,24083.854,50.17469583333333,33.319,74.92,15.018014246334776,50.919,65.923,69.89580000000001,0.5279573917159878,0.6706294956247884
isl32768_osl4_c4,2,EXTEND,elementwise,fused_qkvzba_split_reshape_cat_contiguous_kernel,180,23886.119,132.70066111111112,126.72,143.0,2.4701214797527964,132.4995,135.143,140.5818,0.5236227177534667,0.6651234448358504
isl32768_osl4_c4,2,EXTEND,linear_attn,chunk_gated_delta_rule_fwd_kkt_solve_kernel,180,23382.672,129.90373333333332,120.999,152.48,7.094907127395587,127.8395,138.9631,148.75361000000004,0.5125863377377416,0.6511046583208759
isl32768_osl4_c4,2,EXTEND,linear_attn,recompute_w_u_fwd_kernel,180,22756.402,126.42445555555554,122.08,134.6,2.0648996683790126,126.1395,128.5631,133.77019,0.4988574770782321,0.6336657910106466
isl32768_osl4_c4,2,EXTEND,norm,_fused_qk_gemma_rmsnorm_gate_kernel,64,16382.601999999999,255.97815624999998,250.84,280.64,5.9865049618068475,254.66,257.472,280.5896,0.35913337713478605,0.45618347114550895
isl32768_osl4_c4,2,EXTEND,moe,aiter::opus_moe_sorting_entry,976,15112.135,15.48374487704918,4.479,106.4,17.24016972066719,6.179,42.778999999999996,61.989000000000004,0.33128266671355383,0.4208065483565758
isl32768_osl4_c4,2,EXTEND,moe,aiter::mxfp4_moe_sort_kernel,480,13705.778,28.553704166666666,7.039,53.039,21.056060412031943,27.3995,50.723,52.20819,0.30045302567929405,0.3816456862462844
isl32768_osl4_c4,2,EXTEND,norm,_layer_norm_fwd_1pass_kernel,180,13106.849,72.81582777777778,71.48,78.88,1.1484019931067557,72.45949999999999,74.016,77.02419000000002,0.2873235243684546,0.36496814563401114
isl32768_osl4_c4,2,EXTEND,linear_attn,fused_qkv_split_gdn_prefill_kernel,180,11154.71,61.970611111111104,59.479,69.679,1.4205164352771897,61.739000000000004,63.403,68.38780000000001,0.24452945101511772,0.31060965330302964
isl32768_osl4_c4,2,EXTEND,moe,vllm::moe::topkGatingSoftmax,244,8911.114,36.52095901639344,35.879,39.6,0.4442754381913311,36.399,37.039,38.05499999999999,0.19534616447699038,0.2481353643513613
isl32768_osl4_c4,2,EXTEND,other,_triton_mrope_forward_fused,60,6616.45,110.27416666666666,107.24,122.08,3.032227989766094,108.8,114.623,120.2156,0.14504338402064917,0.18423905602179083
isl32768_osl4_c4,2,EXTEND,gemm,Cijk_Alik_Bljk_BBS_BH_Bias_HA_S_SAV_UserArgs_MT32x192x128_MI16x16x1_SN_LDSB1_AF…,135,5891.688,43.642133333333334,42.519,48.559,0.7761880523026065,43.439,44.263,46.3302,0.1291554179528071,0.16405761934193003
isl32768_osl4_c4,2,EXTEND,index_copy,at::native::vectorized_elementwise_kernel,368,5425.339,14.74276902173913,3.999,20.719,3.8276410017923284,12.2395,18.599,20.013199999999998,0.11893228665208758,0.15107184909705457
isl32768_osl4_c4,2,EXTEND,index_copy,at::native::index_elementwise_kernel,804,4521.3,5.623507462686567,3.399,8.159,0.5825315227845088,5.559,6.399,6.877800000000001,0.09911427611068792,0.12589833581321144
isl32768_osl4_c4,2,EXTEND,activation,_fused_sigmoid_mul_kernel,64,4116.237,64.316203125,61.559,66.319,1.0520601132515428,64.419,65.8313,66.319,0.09023463396700722,0.1146191113424825
isl32768_osl4_c4,2,EXTEND,activation,sgl_hip::activation::act_and_mul_kernel,240,3814.294,15.892891666666666,15.399,17.919,0.3352127856239181,15.799,16.3591,16.62401,0.08361555054593596,0.10621132570329718
isl32768_osl4_c4,2,EXTEND,linear_attn,fused_gdn_gating_kernel,180,3269.756,18.16531111111111,16.999,21.199,0.9886022144539931,17.739,19.563000000000002,20.8074,0.07167838873743801,0.0910483354157572
isl32768_osl4_c4,2,EXTEND,quant,at::native::vectorized_elementwise_kernel,192,3197.22,16.6521875,6.999,42.84,13.021672788297876,7.699,35.1599,38.511,0.07008828121704236,0.08902852658056663
isl32768_osl4_c4,2,EXTEND,other,chunk_local_cumsum_scalar_kernel,180,2538.71,14.103944444444444,12.799,16.479,0.8719138694727928,14.039,15.167,16.289400000000004,0.05565266713223289,0.07069191695139851
isl32768_osl4_c4,2,EXTEND,norm,_gemma_rmsnorm_kernel,16,2383.234,148.952125,141.72,161.719,6.219826652193232,146.2595,158.78,161.37115,0.05224437942900918,0.0663625936021638
isl32768_osl4_c4,2,EXTEND,gemm,Cijk_Alik_Bljk_BBS_BH_Bias_HA_S_SAV_UserArgs_MT32x224x128_MI16x16x1_SN_LDSB1_AF…,45,2059.12,45.75822222222222,44.799,51.279,1.168215984250595,45.439,46.527,50.293400000000005,0.04513927149825044,0.05733744304507552
isl32768_osl4_c4,2,EXTEND,index_copy,at::native::CatArrayBatchedCopy_contig,16,1798.351,112.3969375,3.159,415.881,178.56175570054887,17.059,414.24,415.64685,0.03942278936543289,0.05007617236370616
isl32768_osl4_c4,2,EXTEND,attention,reshape_and_cache_flash,64,1513.982,23.65596875,22.479,27.079,1.0883036015591727,23.179000000000002,25.471,26.7514,0.03318895671037346,0.042157745394279855
isl32768_osl4_c4,2,EXTEND,index_copy,at::native::elementwise_kernel_manual_unroll,243,1487.925,6.123148148148148,2.919,14.199,3.202350522744726,4.319,11.151000000000002,13.594999999999997,0.03261774473757444,0.041432172453690894
isl32768_osl4_c4,2,EXTEND,elementwise,at::native::vectorized_elementwise_kernel,248,1061.516,4.280306451612904,2.199,10.839,1.0871818129324846,4.199,4.559,9.557000000000002,0.023270163430852413,0.029558555689535526
isl32768_osl4_c4,2,EXTEND,index_copy,at::native::CatArrayBatchedCopy,8,742.2760000000001,92.78450000000001,26.119,161.52,70.73316183476359,92.21950000000001,159.5593,161.32393000000002,0.016271901535915997,0.020669124613294263
isl32768_osl4_c4,2,EXTEND,gemm,Cijk_Alik_Bljk_BBS_BH_Bias_HA_S_SAV_UserArgs_MT256x16x128_MI16x16x1_SN_LDSB1_AF…,8,669.673,83.709125,82.919,85.559,0.8295903356476642,83.459,84.607,85.46379999999999,0.014680325266156353,0.018647450122540144
isl32768_osl4_c4,2,EXTEND,embedding,_vocab_parallel_embedding_kernel,8,648.636,81.0795,80.719,81.88,0.37436460455397413,81.0195,81.488,81.8408,0.014219159887495227,0.018061662121190415
isl32768_osl4_c4,2,EXTEND,elementwise,at::native::elementwise_kernel_manual_unroll,52,466.109,8.963634615384615,2.799,20.159,6.4967908881438134,5.759,18.455,20.057,0.010217870108967917,0.012979087299573172
isl32768_osl4_c4,2,EXTEND,memcpy,Memcpy DtoD,84,320.638,3.8171190476190473,1.279,6.199,1.0545060215628619,4.159,4.975,5.9998000000000005,0.007028908336889557,0.008928359232627008
isl32768_osl4_c4,2,EXTEND,moe,_fused_append_shared_experts_with_weights_kernel,4,313.91700000000003,78.47925000000001,78.119,78.96,0.37989505129706586,78.41900000000001,78.8517,78.94917,0.0068815730462121125,0.008741208918557916
isl32768_osl4_c4,2,EXTEND,attention,create_flashinfer_kv_indices_triton,8,234.154,29.26925,21.28,31.239,3.3377623278392448,30.3595,31.239,31.239,0.005133037889196033,0.006520159892952628
isl32768_osl4_c4,2,EXTEND,other,ROCPRIM_400200_NS::detail::trampoline_kernel,52,199.069,3.8282499999999997,0.879,7.639,1.2160855857877704,3.819,4.675,7.047400000000002,0.004363917420007195,0.005543196826576469
isl32768_osl4_c4,2,EXTEND,memcpy,Memcpy DtoH,28,152.93200000000002,5.461857142857143,3.719,8.439,1.2407609885420439,5.4190000000000005,7.103,8.2338,0.003352519070656609,0.0042584841290306
isl32768_osl4_c4,2,EXTEND,comm,aiter::allgather_vec,8,152.912,19.114,12.039,26.519,5.074414814960017,18.319000000000003,25.455,26.412599999999998,0.003352080638010641,0.004257927216922078
isl32768_osl4_c4,2,EXTEND,memcpy,Memcpy HtoD,20,94.74,4.737,3.399,6.879,1.2531039357069353,4.179,6.759,6.856199999999999,0.002076855443948991,0.0026380926580726015
isl32768_osl4_c4,2,EXTEND,embedding,at::native::vectorized_gather_kernel,4,46.237,11.55925,11.4,11.679,0.1419867951606769,11.579,11.679,11.679,0.0010135905125804253,0.001287497258088483
isl32768_osl4_c4,2,EXTEND,index_copy,at::native::unrolled_elementwise_kernel,8,26.432,3.304,1.839,4.679,1.1632344070368128,2.739,4.679,4.679,0.0005794325849109112,0.0007360150426237598
isl32768_osl4_c4,2,EXTEND,kv_cache,_fused_slot_clear_kernel,4,22.636,5.659,4.919,6.999,0.9630507082530321,5.359,6.615,6.9605999999999995,0.000496218068706242,0.0006303131244261284
isl32768_osl4_c4,2,EXTEND,memset,Memset,8,22.112000000000002,2.7640000000000002,2.439,3.959,0.4965883607174055,2.579,3.147,3.8777999999999997,0.00048473113338188834,0.0006157220271828306
isl32768_osl4_c4,2,EXTEND,other,ROCPRIM_400200_NS::detail::init_lookback_scan_state_kernel,8,19.632,2.454,1.159,4.359,0.9290086882570812,2.399,3.3229999999999995,4.2554,0.00043036548528189354,0.0005466649257260008
isl32768_osl4_c4,2,EXTEND,elementwise,elementwise_kernel_with_index,4,10.756,2.689,1.999,3.319,0.5399999999999998,2.719,3.1390000000000002,3.3009999999999997,0.00023578907700142862,0.0002995073319635729
isl32768_osl4_c4,2,TARGET_VERIFY,moe,aiter::fmoe_bf16_pertokenMXfp4_g1u1_flat_novs_silu_16x256,120,6319.543,52.66285833333333,47.839,58.239,1.9074948959515554,52.239,55.167,57.67621,0.13853469793983259,27.822276583290066
isl32768_osl4_c4,2,TARGET_VERIFY,comm,aiter::cross_device_reduce_1stage,242,2349.852,9.710132231404959,6.959,64.96,4.185263032909817,8.879,11.795,19.009400000000003,0.05151259149962449,10.345405082898768
isl32768_osl4_c4,2,TARGET_VERIFY,attention,kernel_unified_attention_3d_num_query_heads_8_num_queries_per_kv_8_BLOCK_SIZE_1…,30,1636.536,54.5512,52.079,62.759,2.580861796724711,53.74,58.842999999999996,61.831,0.035875540435069735,7.204976250736991
isl32768_osl4_c4,2,TARGET_VERIFY,gemm,Cijk_Alik_Bljk_BBS_BH_Bias_HA_S_SAV_UserArgs_MT32x16x1024_MI16x16x1_SN_LDSB1_AF…,120,1536.764,12.806366666666666,11.879,16.479,0.6470528654169286,12.839,13.1991,15.895000000000005,0.033688375337395264,6.765722307964861
isl32768_osl4_c4,2,TARGET_VERIFY,moe,vllm::moe::topkGatingSoftmax,120,1187.405,9.895041666666666,9.2,10.999,0.34276391159169045,9.879,10.319,10.8334,0.026029855799263795,5.2276423036256805
isl32768_osl4_c4,2,TARGET_VERIFY,gemm,hgemm_bf16_16x64x64x8_SPK8_W1x2x1_BLDS1_TN_AS1_0,240,1186.126,4.942191666666667,4.519,6.199,0.24495342553922975,4.939,5.239,5.463399999999999,0.026001818031554158,5.2220114072538975
isl32768_osl4_c4,2,TARGET_VERIFY,norm,_gemma_fused_add_rmsnorm_kernel,240,1040.524,4.335516666666666,4.119,5.159,0.13400761755237708,4.319,4.479,4.679,0.022809984525644714,4.5809873466406215
isl32768_osl4_c4,2,TARGET_VERIFY,linear_attn,fused_sigmoid_gating_delta_rule_update_kernel,90,1008.674,11.20748888888889,10.679,12.039,0.39211896969161075,11.079,11.879,12.039,0.022111780536941152,4.440765259509038
isl32768_osl4_c4,2,TARGET_VERIFY,gemm,hgemm_bf16_16x64x256x3_SPK2_W1x1x2_BLDS1_TN_AS1_0,120,814.203,6.785025,6.319,9.199,0.3761834762095608,6.719,7.127000000000001,8.441400000000002,0.01784865878224193,3.58459164862784
isl32768_osl4_c4,2,TARGET_VERIFY,gemm,Cijk_Alik_Bljk_BBS_BH_Bias_HA_S_SAV_UserArgs_MT16x16x1024_MI16x16x1_SN_LDSB1_AF…,90,792.114,8.801266666666667,7.599,9.879,0.5512048254057306,8.779,9.559,9.7722,0.017364431846402906,3.4873431185603505
isl32768_osl4_c4,2,TARGET_VERIFY,linear_attn,_fused_gate_sigmoid_mul_add_kernel,120,580.884,4.8407,4.559,5.479,0.1643560696994751,4.799,5.043,5.3762,0.01273392545601505,2.557386714641845
isl32768_osl4_c4,2,TARGET_VERIFY,other,reduce_segments_num_query_heads_8_TILE_SIZE_16_HEAD_SIZE_256_NUM_SEGMENTS_PER_S…,30,572.933,19.097766666666665,18.599,22.279,0.6571263817631996,18.959,19.303,21.594600000000003,0.012559626557610592,2.522381822497945
isl32768_osl4_c4,2,TARGET_VERIFY,activation,sgl_hip::activation::act_and_mul_kernel,120,537.761,4.481341666666666,4.279,4.719,0.10528165472069823,4.479,4.639,4.679,0.011788598906411795,2.3675343735625582
isl32768_osl4_c4,2,TARGET_VERIFY,gemm,Cijk_Alik_Bljk_BBS_BH_Bias_HA_S_SAV_UserArgs_MT16x16x128_MI16x16x1_SN_LDSB0_AFC…,120,527.643,4.397025,4.199,5.359,0.15107054740788378,4.359,4.479,5.205000000000001,0.011566795830816736,2.322989096400946
isl32768_osl4_c4,2,TARGET_VERIFY,linear_attn,_causal_conv1d_update_kernel,90,417.87300000000005,4.643033333333334,4.399,4.839,0.09400806204968323,4.639,4.763000000000001,4.803400000000001,0.00916045825342302,1.83971818574368
isl32768_osl4_c4,2,TARGET_VERIFY,elementwise,fused_qkvzba_split_reshape_cat_contiguous_kernel,90,415.672,4.618577777777778,4.439,5.279,0.12026870456763487,4.599,4.759,4.8874,0.009112208740734274,1.8300281130976324
isl32768_osl4_c4,2,TARGET_VERIFY,linear_attn,fused_qkv_split_gdn_prefill_kernel,90,407.47,4.527444444444445,4.319,4.959,0.10784832369510981,4.519,4.639,4.781000000000001,0.00893240751262292,1.7939181740504344
isl32768_osl4_c4,2,TARGET_VERIFY,norm,_layer_norm_fwd_1pass_kernel,90,389.593,4.328811111111111,4.079,5.519,0.16314534048616625,4.319,4.399,4.9138,0.008540514492024693,1.7152132995872849
isl32768_osl4_c4,2,TARGET_VERIFY,gemm,Cijk_Alik_Bljk_BBS_BH_Bias_HA_S_SAV_UserArgs_MT256x16x128_MI16x16x1_SN_LDSB1_AF…,2,165.878,82.939,82.479,83.399,0.6505382386916199,82.939,83.307,83.3898,0.0036363165223915004,0.7302907180286596
isl32768_osl4_c4,2,TARGET_VERIFY,other,_triton_mrope_forward_fused,30,138.411,4.6137,4.439,4.719,0.07233978730675279,4.639,4.679,4.719,0.003034195048051761,0.6093651272203958
isl32768_osl4_c4,2,TARGET_VERIFY,norm,_fused_qk_gemma_rmsnorm_gate_kernel,30,136.09,4.536333333333333,4.359,4.719,0.09317885409563016,4.539,4.639,4.707400000000001,0.0029833149394872093,0.5991467452978713
isl32768_osl4_c4,2,TARGET_VERIFY,elementwise,at::native::vectorized_elementwise_kernel,30,131.17,4.372333333333333,4.199,4.799,0.11281150996954702,4.379,4.4430000000000005,4.7178,0.0028754605085791547,0.5774860649623174
isl32768_osl4_c4,2,TARGET_VERIFY,attention,reshape_and_cache_flash,30,128.691,4.2897,4.159,4.439,0.06876403931887858,4.279,4.359,4.4274000000000004,0.002821116782111459,0.566572075825765
isl32768_osl4_c4,2,TARGET_VERIFY,activation,_fused_sigmoid_mul_kernel,30,123.691,4.123033333333334,3.959,4.279,0.07949690227464451,4.119,4.199,4.279,0.002711508620619534,0.5445591893058932
isl32768_osl4_c4,2,TARGET_VERIFY,comm,aiter::allgather_vec,2,103.999,51.9995,50.159,53.84,2.602860061547687,51.9995,53.471900000000005,53.80319,0.0022798278373997376,0.45786363703602995
isl32768_osl4_c4,2,TARGET_VERIFY,index_copy,at::native::elementwise_kernel_manual_unroll,2,18.198,9.099,9.079,9.119,0.028284271247461298,9.099,9.115,9.118599999999999,0.0003989298645660095,0.08011810177772549
isl32768_osl4_c4,2,TARGET_VERIFY,memcpy,Memcpy DtoD,4,15.356,3.839,3.439,4.319,0.44661691265184594,3.799,4.259,4.313,0.00033662858557399945,0.06760597707983035
isl32768_osl4_c4,2,TARGET_VERIFY,index_copy,at::native::vectorized_elementwise_kernel,2,11.238,5.619,5.319,5.919,0.4242640687119283,5.619,5.859,5.912999999999999,0.0002463553037692502,0.049476163742063914
isl32768_osl4_c4,2,TARGET_VERIFY,embedding,_vocab_parallel_embedding_kernel,2,10.718,5.359,5.239,5.479,0.16970562748477155,5.359,5.455,5.4766,0.00023495605497409,0.04718682354399724
isl32768_osl4_c4,2,TARGET_VERIFY,norm,_gemma_rmsnorm_kernel,2,8.958,4.479,4.439,4.519,0.05656854249492385,4.479,4.511,4.5182,0.0001963739821289325,0.03943828748900236
isl32768_osl4_c4,2,copy_result_to_cpu,memcpy,Memcpy DtoD,8,29.392,3.674,3.359,4.359,0.3915901647677799,3.519,4.2749999999999995,4.3506,0.0006443206165141307,100.0
isl32768_osl4_c4,2,draft,comm,aiter::cross_device_reduce_1stage,12,2278.998,189.9165,5.559,2165.249,622.1176955605308,8.719,32.043000000000006,1930.859900000001,0.049959356164754734,45.3778741751484
isl32768_osl4_c4,2,draft,gemm,Cijk_Alik_Bljk_BBS_BH_Bias_HA_S_SAV_UserArgs_MT256x16x128_MI16x16x1_SN_LDSB1_AF…,4,328.477,82.11925,81.799,82.719,0.41166359647977213,81.9795,82.515,82.6986,0.0072007520124765965,6.540412925079451
isl32768_osl4_c4,2,draft,other,at::native::cunn_SoftMaxForwardGmem,4,319.678,79.9195,79.599,80.199,0.3046752369326997,79.94,80.1873,80.19783,0.007007863569883107,6.365213159714528
isl32768_osl4_c4,2,draft,elementwise,at::native::reduce_kernel,4,282.878,70.7195,70.44,70.959,0.27847261983900795,70.73949999999999,70.959,70.959,0.006201147501302541,5.632476329912368
isl32768_osl4_c4,2,draft,moe,ck::kernel_moe_gemm,8,250.553,31.319125,11.679,55.079,16.832873623083916,32.458999999999996,47.462999999999994,54.3174,0.005492530737257247,4.98884268797338
isl32768_osl4_c4,2,draft,sampling,generate_draft_decode_kv_indices,2,199.15800000000002,99.57900000000001,99.399,99.759,0.25455844122715166,99.57900000000001,99.723,99.7554,0.004365868445281753,3.965500042112457
isl32768_osl4_c4,2,draft,elementwise,at::native::elementwise_kernel_manual_unroll,32,136.568,4.26775,3.839,5.879,0.47232950499658877,4.099,4.639,5.8418,0.0029937934797258374,2.7192500916418822
isl32768_osl4_c4,2,draft,elementwise,at::native::vectorized_elementwise_kernel,24,96.697,4.029041666666667,2.399,4.959,0.48118788513126703,3.999,4.547,4.8946,0.0021197560783569307,1.9253655769396572
isl32768_osl4_c4,2,draft,comm,aiter::allgather_vec,4,95.436,23.859,22.639,25.159,1.2108399288648066,23.819000000000003,24.991,25.1422,0.002092112900028667,1.9002573937227951
isl32768_osl4_c4,2,draft,other,reduce_segments_num_query_heads_8_TILE_SIZE_32_HEAD_SIZE_256_NUM_SEGMENTS_PER_S…,4,72.196,18.049,16.079,19.759,1.5558491786373974,18.179000000000002,19.423000000000002,19.7254,0.0015826541654142005,1.4375181566412139
isl32768_osl4_c4,2,draft,attention,kernel_unified_attention_3d_num_query_heads_8_num_queries_per_kv_8_BLOCK_SIZE_1…,4,69.996,17.499,16.519,18.279,0.8425358548255787,17.599,18.231,18.2742,0.0015344265743577536,1.3937132374682588
isl32768_osl4_c4,2,draft,index_copy,at::native::vectorized_elementwise_kernel,10,68.35,6.834999999999999,2.719,18.279,5.452092768428978,4.639,16.083,18.0594,0.0014983435675946118,1.3609391933961295
isl32768_osl4_c4,2,draft,index_copy,at::native::CatArrayBatchedCopy_contig,16,67.42399999999999,4.2139999999999995,3.839,4.759,0.2660826939130016,4.138999999999999,4.559,4.735,0.0014780441360863076,1.342501304689695
isl32768_osl4_c4,2,draft,index_copy,at::native::elementwise_kernel_manual_unroll,14,62.706,4.479,3.519,6.279,0.70810690196847,4.2989999999999995,5.187,6.138599999999999,0.0013746178749025274,1.248559664390603
isl32768_osl4_c4,2,draft,gemm,Cijk_Alik_Bljk_BBS_BH_Bias_HA_S_SAV_UserArgs_MT256x16x64_MI16x16x1_SN_LDSB1_AFC…,4,59.676,14.919,14.439,15.439,0.4092269134192748,14.899000000000001,15.283,15.423399999999999,0.001308195329038421,1.1882283438933057
isl32768_osl4_c4,2,draft,norm,_gemma_rmsnorm_kernel,12,51.909,4.32575,4.039,4.599,0.1696451510439581,4.359,4.4759,4.58591,0.001137930010976865,1.0335770678858769
isl32768_osl4_c4,2,draft,gemm,Cijk_Alik_Bljk_BBS_BH_Bias_HA_S_SAV_UserArgs_MT32x16x512_MI16x16x1_SN_LDSB1_AFC…,4,46.156,11.539,10.959,12.119,0.6697263122599659,11.539,12.119,12.119,0.0010118148603642562,0.9190272042485992
isl32768_osl4_c4,2,draft,index_copy,at::native::CatArrayBatchedCopy,8,42.432,5.304,4.439,5.959,0.6335162643080736,5.519,5.930999999999999,5.9562,0.0009301787016850707,0.8448774228849243
isl32768_osl4_c4,2,draft,other,__amd_rocclr_copyBuffer,10,40.59,4.059,2.959,4.479,0.4292629341868067,4.099,4.443,4.4754000000000005,0.0008897990549914457,0.8082007587410228
isl32768_osl4_c4,2,draft,moe,vllm::moe::topkGatingSoftmax,4,38.717,9.67925,9.239,9.959,0.3098821012363676,9.7595,9.911,9.9542,0.0008487398376965705,0.7709068434633204
isl32768_osl4_c4,2,draft,norm,_gemma_fused_add_rmsnorm_kernel,8,35.432,4.429,4.199,4.679,0.17598701250782306,4.4190000000000005,4.623,4.6734,0.000776727275596376,0.7054981346073398
isl32768_osl4_c4,2,draft,moe,aiter::opus_moe_sorting_entry,8,35.352000000000004,4.4190000000000005,4.239,4.799,0.1876166303929371,4.359,4.659,4.785,0.0007749735450125052,0.7039052284555959
isl32768_osl4_c4,2,draft,gemm,Cijk_SB_BiasS_HAS_ScaleAlphaVec_PostGSU16_VW4,4,26.396,6.599,6.039,7.599,0.7397296803562775,6.379,7.335000000000001,7.5725999999999996,0.0005786434061481695,0.5255793847678748
isl32768_osl4_c4,2,draft,gemm,hgemm_bf16_16x64x128x3_SPK4_W1x2x1_BLDS1_TN_AS1_0,4,25.276,6.319,5.639,7.119,0.7708004497490469,6.259,7.035,7.1106,0.0005540911779739783,0.5032786986434612
isl32768_osl4_c4,2,draft,embedding,_vocab_parallel_embedding_kernel,4,21.676000000000002,5.4190000000000005,5.159,5.639,0.19999999999999996,5.439,5.591,5.6342,0.0004751733016997925,0.43159792181498924
isl32768_osl4_c4,2,draft,gemm,hgemm_bf16_16x64x64x6_SPK8_W1x2x1_BLDS1_TN_AS1_0,4,19.557000000000002,4.8892500000000005,4.639,5.199,0.23179067424438496,4.859500000000001,5.1033,5.18943,0.00042872136285951475,0.38940582012067465
isl32768_osl4_c4,2,draft,elementwise,triton_poi_fused_add_arange_floor_divide_index_max_unsqueeze_view_2,4,18.796,4.699,4.519,5.039,0.23209193580705584,4.619,4.919,5.026999999999999,0.0004120390006804437,0.37425330035221144
isl32768_osl4_c4,2,draft,elementwise,triton_poi_fused_gather_max_view_1,4,18.276,4.569,4.319,4.959,0.27398296784045983,4.4990000000000006,4.827,4.945799999999999,0.0004006397518852835,0.3638994103658766
isl32768_osl4_c4,2,draft,elementwise,triton_poi_fused_max_mul_unsqueeze_view_0,4,18.276,4.569,4.439,4.919,0.23409399821439272,4.459,4.787,4.905799999999999,0.0004006397518852835,0.3638994103658766
isl32768_osl4_c4,2,draft,quant,aiter::scaled_quant_kernel,4,18.196,4.549,4.399,4.839,0.19697715603592258,4.479,4.731000000000001,4.828200000000001,0.00039888602130141277,0.3623065042141328
isl32768_osl4_c4,2,draft,attention,reshape_and_cache_flash,4,17.516,4.379,4.279,4.439,0.06928203230275536,4.399,4.4270000000000005,4.4378,0.00038397931133851097,0.34876680192431025
isl32768_osl4_c4,2,draft,elementwise,triton_poi_fused_add_max_view_3,4,17.156,4.289,3.999,4.599,0.26407069760451146,4.279,4.539000000000001,4.593,0.0003760875237110924,0.34159872424146304
isl32768_osl4_c4,2,draft,moe,_fused_append_shared_experts_with_weights_kernel,4,17.116,4.279,4.199,4.359,0.07302967433402248,4.279,4.347,4.3578,0.000375210658419157,0.34080227116559114
isl32768_osl4_c4,2,draft,activation,_fused_sigmoid_mul_kernel,4,16.996,4.249,4.159,4.519,0.18000000000000033,4.159,4.4110000000000005,4.5082,0.0003725800625433508,0.3384129119379754
isl32768_osl4_c4,2,draft,kv_cache,scatter_ragged_to_page_table_kernel,4,16.836000000000002,4.2090000000000005,3.439,4.719,0.6104643041707405,4.339,4.707000000000001,4.7178,0.0003690726013756092,0.3352270996344878
isl32768_osl4_c4,2,draft,embedding,at::native::vectorized_gather_kernel,4,16.676,4.169,4.079,4.279,0.0886942313043339,4.159,4.255,4.2766,0.0003655651402078676,0.33204128733100013
isl32768_osl4_c4,2,draft,norm,_fused_qk_gemma_rmsnorm_gate_kernel,4,16.636,4.159,4.079,4.239,0.06531972647421815,4.159,4.215,4.2366,0.0003646882749159322,0.3312448342551282
isl32768_osl4_c4,2,draft,elementwise,at::native::multi_tensor_apply_kernel,4,14.836,3.709,2.999,4.319,0.7090839160494333,3.759,4.319,4.319,0.0003252293367788393,0.2954044458408922
isl32768_osl4_c4,2,draft,memcpy,Memcpy DtoD,4,14.395999999999999,3.5989999999999998,2.599,4.959,1.156085348637086,3.4189999999999996,4.718999999999999,4.935,0.0003155838185675499,0.28664346200630114
isl32768_osl4_c4,2,draft,sampling,build_tree_efficient,2,12.158000000000001,6.079000000000001,5.679,6.479,0.5656854249492376,6.079000000000001,6.399,6.471,0.0002665232054837644,0.2420819124112677
isl32768_osl4_c4,2,draft,elementwise,elementwise_kernel_with_index,2,8.318999999999999,4.1594999999999995,4.119,4.2,0.05727564927611032,4.1594999999999995,4.1919,4.19919,0.00018236605909026447,0.1656423284544609
isl32768_osl4_c4,2,draft,sampling,assign_draft_cache_locs_contiguous,2,7.798,3.899,3.639,4.159,0.3676955262170049,3.899,4.107,4.1537999999999995,0.0001709448886628059,0.15526852714122924
isl32768_osl4_c4,2,draft_extend,other,at::native::cunn_SoftMaxForwardGmem,6,467.436,77.90599999999999,76.839,78.959,0.8630860907232802,77.9795,78.759,78.93900000000001,0.010246960115027872,20.689069099001564
isl32768_osl4_c4,2,draft_extend,moe,ck::kernel_moe_gemm,4,201.076,50.269,28.679,73.199,23.844773012129938,49.599000000000004,71.783,73.0574,0.004407914136030054,8.899775066855865
isl32768_osl4_c4,2,draft_extend,elementwise,at::native::reduce_kernel,6,195.95600000000002,32.659333333333336,13.119,71.84,30.08632992351621,13.319,71.49950000000001,71.80595000000001,0.004295675378662324,8.673160014128033
isl32768_osl4_c4,2,draft_extend,gemm,Cijk_Alik_Bljk_BBS_BH_Bias_HA_S_SAV_UserArgs_MT256x16x128_MI16x16x1_SN_LDSB1_AF…,2,169.519,84.7595,82.279,87.24,3.5079567414664563,84.7595,86.7439,87.19039,0.0037161331855899205,7.503038500658158
isl32768_osl4_c4,2,draft_extend,memcpy,Memcpy HtoD,4,112.556,28.139,22.519,32.519,4.865059095221763,28.759,32.327,32.4998,0.002467411244977018,4.981813256803541
isl32768_osl4_c4,2,draft_extend,attention,kernel_unified_attention_3d_num_query_heads_8_num_queries_per_kv_8_BLOCK_SIZE_1…,2,108.15899999999999,54.079499999999996,53.04,55.119,1.4700749980868302,54.079499999999996,54.9111,55.09821,0.002371021827761019,4.787198728123016
isl32768_osl4_c4,2,draft_extend,comm,aiter::allgather_vec,2,97.479,48.7395,46.239,51.24,3.5362410127139277,48.7395,50.7399,51.18999,0.0021368987948142677,4.314493891573549
isl32768_osl4_c4,2,draft_extend,elementwise,at::native::elementwise_kernel_manual_unroll,20,86.62,4.331,3.839,5.639,0.5202590447884696,4.138999999999999,5.079000000000001,5.601,0.0018988517896861054,3.833866380329105
isl32768_osl4_c4,2,draft_extend,index_copy,at::native::elementwise_kernel_manual_unroll,18,85.90299999999999,4.772388888888888,3.879,9.039,1.552753423055463,4.239,6.275000000000002,9.0118,0.0018831339793281632,3.8021314207967105
isl32768_osl4_c4,2,draft_extend,memcpy,Memcpy DtoD,18,67.662,3.7590000000000003,3.359,4.439,0.4195235392680605,3.499,4.279,4.4117999999999995,0.0014832614845733233,2.9947710347013152
isl32768_osl4_c4,2,draft_extend,comm,aiter::cross_device_reduce_1stage,6,61.154,10.192333333333334,7.599,14.999,2.792838460539145,9.019,13.499,14.849,0.001340595501575434,2.706722057523044
isl32768_osl4_c4,2,draft_extend,attention,create_flashinfer_kv_indices_triton,2,58.798,29.399,29.159,29.639,0.3394112549695444,29.399,29.591,29.6342,0.001288948135880439,2.6024437246662515
isl32768_osl4_c4,2,draft_extend,elementwise,at::native::vectorized_elementwise_kernel,14,56.106,4.007571428571429,3.839,4.279,0.13960698367241464,3.979,4.159,4.2634,0.0012299351017331867,2.483293778974195
isl32768_osl4_c4,2,draft_extend,index_copy,at::native::CatArrayBatchedCopy_contig,10,52.75,5.275,3.879,6.799,1.019882346155673,4.959,6.511,6.7702,0.0011563661037398067,2.3347546936314973
isl32768_osl4_c4,2,draft_extend,other,reduce_segments_num_query_heads_8_TILE_SIZE_16_HEAD_SIZE_256_NUM_SEGMENTS_PER_S…,2,39.397999999999996,19.698999999999998,19.439,19.959,0.36769552621700313,19.698999999999998,19.907,19.9538,0.0008636684692917706,1.7437851264396913
isl32768_osl4_c4,2,draft_extend,index_copy,at::native::vectorized_elementwise_kernel,8,35.512,4.439,3.879,5.199,0.5009704867269413,4.4190000000000005,5.143,5.1934,0.0007784810061802467,1.571787842279464
isl32768_osl4_c4,2,draft_extend,gemm,Cijk_Alik_Bljk_BBS_BH_Bias_HA_S_SAV_UserArgs_MT16x16x1024_MI16x16x1_SN_LDSB1_AF…,2,34.039,17.0195,16.76,17.279,0.366988419435817,17.0195,17.2271,17.27381,0.0007461904418047257,1.5065917538677258
isl32768_osl4_c4,2,draft_extend,other,compute_position_kernel,6,27.514,4.585666666666667,4.239,5.359,0.4068742639522276,4.479,4.9990000000000006,5.323,0.0006031517910577638,1.2177903438971946
isl32768_osl4_c4,2,draft_extend,embedding,at::native::vectorized_gather_kernel,6,26.994,4.499,4.239,4.879,0.2990652102802996,4.359,4.879,4.879,0.0005917525422626037,1.1947747526045238
isl32768_osl4_c4,2,draft_extend,norm,_gemma_rmsnorm_kernel,6,25.834,4.305666666666666,4.159,4.519,0.12564500255349081,4.279,4.439,4.511,0.0005663234487964771,1.143432279720874
isl32768_osl4_c4,2,draft_extend,gemm,Cijk_Alik_Bljk_BBS_BH_Bias_HA_S_SAV_UserArgs_MT32x16x1024_MI16x16x1_SN_LDSB1_AF…,2,25.637999999999998,12.818999999999999,12.679,12.959,0.19798989873223224,12.818999999999999,12.931,12.956199999999999,0.0005620268088659936,1.1347571722336363
isl32768_osl4_c4,2,draft_extend,index_copy,at::native::CatArrayBatchedCopy,4,23.356,5.839,5.399,6.479,0.5336665625650534,5.739,6.359,6.467,0.0005120016439610792,1.033754135060801
isl32768_osl4_c4,2,draft_extend,moe,vllm::moe::topkGatingSoftmax,2,20.198,10.099,9.799,10.399,0.4242640687119289,10.099,10.338999999999999,10.392999999999999,0.0004427731291627794,0.8939786787103124
isl32768_osl4_c4,2,draft_extend,moe,aiter::opus_moe_sorting_entry,4,17.996000000000002,4.4990000000000006,4.319,4.719,0.2103964511741268,4.479,4.695,4.716600000000001,0.0003945016948417358,0.7965165017363494
isl32768_osl4_c4,2,draft_extend,memset,Memset,4,17.596,4.399,3.999,4.959,0.4039801975344831,4.319,4.779,4.941,0.0003857330419223818,0.7788122007419871
isl32768_osl4_c4,2,draft_extend,norm,_gemma_fused_add_rmsnorm_kernel,4,17.436,4.359,4.119,4.599,0.23551362310207613,4.359,4.575,4.5966000000000005,0.00038222558075464016,0.7717304803442423
isl32768_osl4_c4,2,draft_extend,elementwise,at::native::multi_tensor_apply_kernel,4,16.396,4.099,4.039,4.199,0.07659416862050729,4.079,4.175,4.1966,0.00035942708316431983,0.7256992977589011
isl32768_osl4_c4,2,draft_extend,other,ROCPRIM_400200_NS::detail::trampoline_kernel,4,16.036,4.009,3.999,4.039,0.019999999999999834,3.999,4.027,4.0378,0.00035153529553690125,0.7097654268639751
isl32768_osl4_c4,2,draft_extend,gemm,hgemm_bf16_16x64x256x3_SPK2_W1x1x2_BLDS1_TN_AS1_0,2,14.597999999999999,7.2989999999999995,7.279,7.319,0.028284271247461613,7.2989999999999995,7.315,7.3186,0.00032001198829182363,0.6461184647892435
isl32768_osl4_c4,2,draft_extend,embedding,_vocab_parallel_embedding_kernel,2,10.718,5.359,5.199,5.519,0.2262741699796954,5.359,5.487,5.5158000000000005,0.00023495605497409,0.4743867451439315
isl32768_osl4_c4,2,draft_extend,gemm,hgemm_bf16_16x64x64x8_SPK8_W1x2x1_BLDS1_TN_AS1_0,2,10.238,5.119,5.079,5.159,0.05656854249492385,5.119,5.151,5.1582,0.00022443367147086522,0.453141583950697
isl32768_osl4_c4,2,draft_extend,moe,_fused_append_shared_experts_with_weights_kernel,2,8.599,4.2995,4.279,4.32,0.02899137802864871,4.2995,4.3159,4.319590000000001,0.00018850411613381227,0.38059821062629845
isl32768_osl4_c4,2,draft_extend,elementwise,elementwise_kernel_with_index,2,8.558,4.279,4.239,4.319,0.05656854249492385,4.279,4.311,4.3182,0.0001876053292095785,0.37878351977437635
isl32768_osl4_c4,2,draft_extend,kv_cache,scatter_ragged_to_page_table_kernel,2,8.558,4.279,4.239,4.319,0.05656854249492385,4.279,4.311,4.3182,0.0001876053292095785,0.37878351977437635
isl32768_osl4_c4,2,draft_extend,norm,_fused_qk_gemma_rmsnorm_gate_kernel,2,8.398,4.199,4.199,4.199,0.0,4.199,4.199,4.199,0.0001840978680418369,0.3717017993766315
isl32768_osl4_c4,2,draft_extend,activation,_fused_sigmoid_mul_kernel,2,8.358,4.179,4.119,4.239,0.08485281374238547,4.179,4.227,4.2378,0.00018322100274990153,0.36993136927719533
isl32768_osl4_c4,2,draft_extend,attention,reshape_and_cache_flash,2,8.118,4.059,3.959,4.159,0.14142135623730917,4.059,4.139,4.157,0.00017795981099828914,0.35930878868057814
isl32768_osl4_c4,2,draft_extend,index_copy,at::native::unrolled_elementwise_kernel,2,8.078,4.039,3.999,4.079,0.0565685424949237,4.039,4.071,4.0782,0.0001770829457063537,0.35753835858114186
isl32768_osl4_c4,2,nccl:broadcast,comm,ncclDevKernel_Generic_1,6,54.153999999999996,9.025666666666666,5.839,14.599,4.22515640736135,6.739,14.439,14.583,0.001187144075486739,100.0
isl32768_osl4_c4,2,scheduler.get_next_batch_to_run,memcpy,Memcpy DtoD,66,5440.6759999999995,82.43448484848484,1.839,816.323,219.98608569139745,5.019,238.82,815.1523500000001,0.1192684987266479,70.1490391613796
isl32768_osl4_c4,2,scheduler.get_next_batch_to_run,index_copy,at::native::vectorized_elementwise_kernel,8,836.956,104.6195,2.159,810.403,285.18230476411304,3.879,247.3761999999999,754.1003199999998,0.018347441681927083,10.791243444813041
isl32768_osl4_c4,2,scheduler.get_next_batch_to_run,index_copy,at::native::CatArrayBatchedCopy_contig,30,766.293,25.5431,3.239,416.001,77.49466956100248,5.479,21.25900000000012,324.43002000000024,0.01679839337882631,9.880154169461859
isl32768_osl4_c4,2,scheduler.get_next_batch_to_run,memcpy,Memcpy HtoD,24,307.41700000000003,12.809041666666667,2.879,66.039,16.54113773091111,6.058999999999999,28.610999999999994,64.13459999999999,0.0067390824362726105,3.9636631866837573
isl32768_osl4_c4,2,scheduler.get_next_batch_to_run,other,write_req_to_token_pool_triton,4,254.27800000000002,63.569500000000005,21.399,183.28,79.85966433062437,24.799500000000002,136.6237,178.61436999999995,0.005574188817568731,3.2785185848003606
isl32768_osl4_c4,2,scheduler.get_next_batch_to_run,other,alloc_extend_kernel,5,70.635,14.127,6.519,27.079,7.760845314783693,12.759,21.767000000000003,26.5478,0.001548434497396422,0.9107282589817973
isl32768_osl4_c4,2,scheduler.get_next_batch_to_run,index_copy,at::native::index_elementwise_kernel,8,45.232,5.654,3.119,13.319,3.355639176925059,4.4190000000000005,9.091,12.896199999999999,0.0009915592721205485,0.583196157857502
isl32768_osl4_c4,2,scheduler.get_next_batch_to_run,index_copy,at::native::elementwise_kernel_manual_unroll,4,22.876,5.719,3.679,7.839,1.7001960671248089,5.679,7.215000000000001,7.7766,0.0005014792604578544,0.29495037378732347
isl32768_osl4_c4,2,scheduler.get_next_batch_to_run,other,assign_req_to_token_pool,1,6.359,6.359,6.359,6.359,,6.359,6.359,6.359,0.00013939965978542997,0.08198939617562467
isl32768_osl4_c4,2,scheduler.get_next_batch_to_run,other,_get_last_loc_safe_kernel,1,5.159,5.159,5.159,5.159,,5.159,5.159,5.159,0.00011309370102736801,0.06651726605913628
isl32768_osl4_c4,2,scheduler.process_batch_result,memcpy,Memcpy DtoD,29,2674.0660000000003,92.20917241379311,1.199,1099.044,264.60433072353106,4.999,202.864,1058.0744,0.05861989159361309,88.83925441984316
isl32768_osl4_c4,2,scheduler.process_batch_result,index_copy,at::native::elementwise_kernel_manual_unroll,11,291.349,26.486272727272727,3.439,194.159,56.16234986018821,6.719,25.319,177.27500000000006,0.0063868456485021595,9.679352692105162
isl32768_osl4_c4,2,scheduler.process_batch_result,index_copy,at::native::CatArrayBatchedCopy_contig,9,40.951,4.550111111111111,3.439,5.839,0.9530535720048017,4.439,5.711,5.8262,0.0008977127642511625,1.3604960789101679
isl32768_osl4_c4,2,scheduler.process_batch_result,elementwise,at::native::vectorized_elementwise_kernel,1,3.639,3.639,3.639,3.639,,3.639,3.639,3.639,7.977281993382287e-05,0.12089680914151305
isl32768_osl4_c4,2,scheduler.run_batch,memcpy,Memcpy HtoD,8,928442.377,116055.297125,11.719,468425.165,214864.25631865367,25.219,462447.6921,467827.41770999995,20.352972398832506,99.87244663349797
isl32768_osl4_c4,2,scheduler.run_batch,index_copy,at::native::index_elementwise_kernel,42,172.441,4.105738095238095,2.279,7.599,0.7330653336445567,3.999,4.595,6.5985999999999905,0.003780188195165801,0.018549459822779096
isl32768_osl4_c4,2,scheduler.run_batch,sampling,at::native::reduce_kernel,2,141.67899999999997,70.83949999999999,70.719,70.96,0.1704127342659527,70.83949999999999,70.93589999999999,70.95759,0.0031058349424028823,0.015240394791444723
isl32768_osl4_c4,2,scheduler.run_batch,elementwise,at::native::vectorized_elementwise_kernel,30,126.28999999999999,4.209666666666666,3.879,4.999,0.2680058328409695,4.159,4.567,4.9178,0.0027684829429630367,0.013585001716637993
isl32768_osl4_c4,2,scheduler.run_batch,linear_attn,_fused_mamba_state_scatter_with_mask_kernel,4,122.797,30.69925,20.599,41.159,11.30989833066593,30.5195,40.7513,41.11823,0.002691910681344778,0.013209260082334275
isl32768_osl4_c4,2,scheduler.run_batch,index_copy,at::native::elementwise_kernel_manual_unroll,28,119.49199999999999,4.267571428571428,3.959,5.879,0.39310458777686236,4.159,4.543,5.6414,0.0026194596865986154,0.012853741587809858
isl32768_osl4_c4,2,scheduler.run_batch,memcpy,Memcpy DtoD,26,109.254,4.202076923076923,3.319,8.079,0.9009806623042216,4.199,4.659000000000001,7.299,0.0023950260151277504,0.011752441028977491
isl32768_osl4_c4,2,scheduler.run_batch,other,aiter::greedy_sample_kernel,4,67.636,16.909,16.799,17.199,0.19425069712444698,16.819,17.091,17.188200000000002,0.001482691522133565,0.007275597245280919
isl32768_osl4_c4,2,scheduler.run_batch,attention,create_flashinfer_kv_indices_triton,2,59.478,29.739,28.279,31.199,2.06475180106472,29.739,30.907,31.169800000000002,0.0013038548458433408,0.006398042062730181
isl32768_osl4_c4,2,scheduler.run_batch,index_copy,at::native::vectorized_elementwise_kernel,12,51.028,4.2523333333333335,4.039,4.639,0.20772942774560185,4.179,4.555000000000001,4.6302,0.0011186170529219879,0.00548907647158606
isl32768_osl4_c4,2,scheduler.run_batch,elementwise,elementwise_kernel_with_index,10,41.03,4.103,3.839,4.399,0.1868570457744516,4.079,4.399,4.399,0.000899444573202735,0.0044135926869400335
isl32768_osl4_c4,2,scheduler.run_batch,elementwise,at::native::elementwise_kernel_manual_unroll,8,35.432,4.429,3.999,4.959,0.34854800858090457,4.279,4.847,4.9478,0.000776727275596376,0.0038114164290436094
isl32768_osl4_c4,2,scheduler.run_batch,elementwise,_fused_conv_window_scatter_multi_kernel,2,20.918,10.459,10.319,10.599,0.19798989873223347,10.459,10.571,10.5962,0.00045855670441761657,0.0022501470101245822
isl32768_osl4_c4,2,scheduler.run_batch,other,compute_position_kernel,4,20.516,5.129,4.239,7.239,1.4188727920430355,4.519,6.471,7.1621999999999995,0.00044974420823366585,0.00220690391336246
isl32768_osl4_c4,2,scheduler.run_batch,memcpy,Memcpy DtoH,2,15.838,7.919,4.879,10.959,4.299209229614209,7.919,10.350999999999999,10.8982,0.000347194812341821,0.001703691956513679
isl32768_osl4_c4,2,scheduler.run_batch,other,VerifyTreeGreedy,2,11.358,5.679,5.359,5.999,0.45254833995938987,5.679,5.935,5.9925999999999995,0.0002489858996450564,0.0012217788383686303
isl32768_osl4_c4,2,scheduler.run_batch,other,_gather_rows_kernel,2,10.478,5.239,5.119,5.359,0.16970562748477155,5.239,5.335,5.3566,0.00022969486322247762,0.00112711733301871
isl32768_osl4_c4,2,scheduler.run_batch,kv_cache,scatter_req_to_token_to_page_table_kernel,2,9.598,4.799,4.759,4.839,0.05656854249492385,4.799,4.831,4.8382000000000005,0.00021040382679989887,0.0010324558276687899
isl32768_osl4_c4,2,scheduler.run_batch,embedding,at::native::vectorized_gather_kernel,2,9.278,4.639,4.559,4.719,0.1131370849898477,4.639,4.703,4.7174000000000005,0.00020338890446441567,0.0009980334620870006
isl32768_osl4_c4,2,scheduler.run_batch,other,ROCPRIM_400200_NS::detail::trampoline_kernel,2,8.478,4.239,4.159,4.319,0.1131370849898477,4.239,4.303,4.3174,0.00018585159862570769,0.0009119775481325276
isl32768_osl4_c4,2,scheduler.run_batch,elementwise,_fused_replay_state_indices_kernel,2,8.439,4.2195,4.12,4.319,0.14071424945612285,4.2195,4.2991,4.31701,0.00018499665496607068,0.000907782322327247
isl32768_osl4_c4,2,scheduler.run_batch,other,fill_bonus_tokens,2,8.198,4.099,3.999,4.199,0.14142135623730917,4.099,4.179,4.197,0.00017971354158215992,0.0008818579782484622
isl32768_osl4_c4,2,scheduler.run_batch,other,assign_extend_cache_locs_uniform,2,8.117999999999999,4.058999999999999,4.039,4.079,0.028284271247461613,4.058999999999999,4.075,4.0786,0.00017795981099828908,0.0008732523868530146
isl32768_osl4_c4,2,scheduler.run_batch,elementwise,at::native::_scatter_gather_elementwise_kernel,2,7.997999999999999,3.9989999999999997,3.959,4.039,0.05656854249492338,3.9989999999999997,4.031,4.0382,0.0001753292151224829,0.0008603439997598438
isl32768_osl4_c4,3,EXTEND,comm,quickreduce::allreduce_prototype_twoshot,496,1930317.023,3891.7681915322582,1576.846,538233.598,33879.4646967521,1728.286,1801.2069999999999,2143.0220500000014,42.25526637852661,53.77063346364188
isl32768_osl4_c4,3,EXTEND,gemm,Cijk_Alik_Bljk_BBS_BH_Bias_HA_S_SAV_UserArgs_MT256x256x64_MI16x16x1_CMS_SN_LDSB…,1216,429834.025,353.4819284539474,99.0,1596.485,349.66940338910524,110.1195,1009.623,1018.053,9.409206367926885,11.973394801521614
isl32768_osl4_c4,3,EXTEND,linear_attn,chunk_gated_delta_rule_fwd_kernel_h_blockdim64,180,231089.752,1283.8319555555556,1238.204,1361.085,19.609504313963573,1283.244,1307.633,1324.6942000000001,5.058629702664987,6.43720290705632
isl32768_osl4_c4,3,EXTEND,moe,mfma_moe2_afp4_wfp4_bf16_cshuffle_t64x256x256_vscale_fix3_fp4opt_v1_persist_cu2…,240,176677.65899999999,736.1569125,646.321,787.203,27.87219385362534,742.3820000000001,765.558,782.59021,3.8675313201024855,4.921507467482614
isl32768_osl4_c4,3,EXTEND,moe,moe_reduction_kernel_0,240,129832.628,540.9692833333334,496.201,578.521,23.652994460504882,549.1814999999999,567.849,576.7339999999999,2.8420783816317994,3.6165990190355206
isl32768_osl4_c4,3,EXTEND,moe,mfma_moe1_silu_mul_afp4_wfp4_bf16_t128x128x256_pm1_async_xcd4_v32,240,117166.212,488.19255,442.961,508.801,11.933964047920984,489.361,502.617,506.649,2.564806422796035,3.263765156038495
isl32768_osl4_c4,3,EXTEND,attention,aiter::fmha_fwd_hd256_fp8_causal_group_gfx950,64,115204.698,1800.07340625,1649.966,1953.767,65.54592749755608,1800.347,1882.191,1942.805,2.521868244461787,3.20912550406885
isl32768_osl4_c4,3,EXTEND,norm,_gemma_fused_add_rmsnorm_kernel,488,88734.095,181.8321618852459,171.88,198.6,4.302200278528758,181.2995,188.07930000000002,193.80159999999998,1.9424181501830369,2.471764192680477
isl32768_osl4_c4,3,EXTEND,linear_attn,_fused_gate_sigmoid_mul_add_kernel,240,42950.218,178.95924166666666,170.04,191.32,4.068737719188285,178.59949999999998,184.4111,189.43839999999997,0.9401942173131779,1.1964150974912235
isl32768_osl4_c4,3,EXTEND,other,chunk_fwd_kernel_o,180,36300.861,201.67145,193.559,209.32,2.902100857749021,201.84,204.76,208.246,0.7946376336364454,1.011191564902659
isl32768_osl4_c4,3,EXTEND,linear_attn,_causal_conv1d_fwd_kernel,180,35410.045,196.72247222222222,192.359,205.64,2.7962916133575115,196.0795,201.004,205.1304,0.7751373821618183,0.9863771224826755
isl32768_osl4_c4,3,EXTEND,moe,ck::kernel_moe_gemm_2lds,8,25149.699,3143.712375,1656.846,4567.378,1450.7300255907553,3156.1325,4547.302,4565.3704,0.5505350768409839,0.7005663994757821
isl32768_osl4_c4,3,EXTEND,quant,aiter::dynamic_per_group_scaled_quant_kernel,480,23985.7,49.97020833333333,33.359,71.199,14.706712389562966,50.22,65.7671,69.9358,0.525054760797924,0.6681422106843612
isl32768_osl4_c4,3,EXTEND,elementwise,fused_qkvzba_split_reshape_cat_contiguous_kernel,180,23455.838,130.3102111111111,123.76,141.239,3.858183115094013,130.67950000000002,135.17499999999998,138.05761,0.5134559095796603,0.6533824509926432
isl32768_osl4_c4,3,EXTEND,linear_attn,chunk_gated_delta_rule_fwd_kkt_solve_kernel,180,23212.635,128.95908333333333,120.359,146.92,6.618596288986976,125.8195,138.8871,143.0294,0.5081321169452848,0.646607823190867
isl32768_osl4_c4,3,EXTEND,linear_attn,recompute_w_u_fwd_kernel,180,22852.112,126.95617777777778,122.439,132.279,1.879101916584419,126.5795,129.724,131.56321000000003,0.5002401514188608,0.6365651463366347
isl32768_osl4_c4,3,EXTEND,norm,_fused_qk_gemma_rmsnorm_gate_kernel,64,16215.282,253.36378125,247.44,278.32,6.184058421017988,251.38,256.736,276.178,0.3549577878394578,0.4516905640590156
isl32768_osl4_c4,3,EXTEND,moe,aiter::opus_moe_sorting_entry,976,15087.514,15.45851844262295,4.399,106.519,17.20022746849194,6.359,42.5195,61.079,0.33027058015006144,0.4202756207945254
isl32768_osl4_c4,3,EXTEND,moe,aiter::mxfp4_moe_sort_kernel,480,13639.623,28.415881249999998,7.079,52.639,20.898772901727455,27.7395,50.363,51.792809999999996,0.29857577605151664,0.3799433772673409
isl32768_osl4_c4,3,EXTEND,norm,_layer_norm_fwd_1pass_kernel,180,13169.513,73.16396111111112,70.999,77.439,1.1348993574550224,72.939,74.763,77.2736,0.2882849155138333,0.36684806069684994
isl32768_osl4_c4,3,EXTEND,linear_attn,fused_qkv_split_gdn_prefill_kernel,180,11230.949,62.39416111111112,60.199,66.439,1.2826959961701507,62.239,64.439,65.6652,0.24584912013110666,0.3128477006275955
isl32768_osl4_c4,3,EXTEND,moe,vllm::moe::topkGatingSoftmax,244,8976.162,36.78754918032787,36.239,37.839,0.380728630066618,36.799,37.307300000000005,37.639,0.1964911006055031,0.25003867813492864
isl32768_osl4_c4,3,EXTEND,other,_triton_mrope_forward_fused,60,6594.249,109.90415,107.439,115.24,1.9964646619988478,109.0595,112.747,114.74381,0.14435025166398938,0.18368845206365203
isl32768_osl4_c4,3,EXTEND,linear_attn,l2norm_fwd_kernel,360,5887.902,16.355283333333333,15.239,18.079,0.5412394964145806,16.239,17.083000000000002,17.824600000000004,0.12888808649368658,0.1640125515858562
isl32768_osl4_c4,3,EXTEND,gemm,Cijk_Alik_Bljk_BBS_BH_Bias_HA_S_SAV_UserArgs_MT32x192x128_MI16x16x1_SN_LDSB1_AF…,135,5884.687,43.590274074074074,42.479,46.319,0.5823584502875678,43.48,44.183,45.82414,0.12881770909982418,0.16392299500808905
isl32768_osl4_c4,3,EXTEND,index_copy,at::native::vectorized_elementwise_kernel,368,5430.649,14.757198369565218,4.079,20.759,3.878594208136109,12.919,18.719,19.65019999999999,0.11887866986047876,0.15127537775886532
isl32768_osl4_c4,3,EXTEND,index_copy,at::native::index_elementwise_kernel,804,4437.612,5.519417910447761,3.239,7.759,0.5946131318474989,5.399,6.319,6.879,0.09714076750622234,0.12361348185958507
isl32768_osl4_c4,3,EXTEND,activation,_fused_sigmoid_mul_kernel,64,4111.753,64.246140625,61.839,68.679,1.3325752233710733,64.0795,66.0557,68.049,0.09000760819468043,0.11453640040557725
isl32768_osl4_c4,3,EXTEND,activation,sgl_hip::activation::act_and_mul_kernel,240,3845.777,16.024070833333333,15.479,17.119,0.29964976624276374,15.959,16.439,16.9034,0.08418530719625268,0.10712741118996197
isl32768_osl4_c4,3,EXTEND,linear_attn,fused_gdn_gating_kernel,180,3248.995,18.049972222222223,16.959,20.879,0.9260974310179518,17.719,19.439,20.71921,0.07112155545006613,0.09050353759958793
isl32768_osl4_c4,3,EXTEND,quant,at::native::vectorized_elementwise_kernel,192,3184.581,16.586359375,6.879,38.079,12.944253873692883,7.719,35.235,37.191,0.06971151207580407,0.08870923047663458
isl32768_osl4_c4,3,EXTEND,other,chunk_local_cumsum_scalar_kernel,180,2522.193,14.012183333333335,12.759,16.479,0.8157045450091619,14.0395,15.163,15.872600000000002,0.0552116236883309,0.07025784558268557
isl32768_osl4_c4,3,EXTEND,norm,_gemma_rmsnorm_kernel,16,2357.312,147.332,139.519,156.72,5.239532447334081,145.8795,155.219,156.71985,0.05160232506393709,0.06566494415225625
isl32768_osl4_c4,3,EXTEND,gemm,Cijk_Alik_Bljk_BBS_BH_Bias_HA_S_SAV_UserArgs_MT32x224x128_MI16x16x1_SN_LDSB1_AF…,45,2051.444,45.58764444444444,44.719,47.36,0.6328874363350143,45.519,46.4076,47.32436,0.04490677523317378,0.057144729120066066
isl32768_osl4_c4,3,EXTEND,index_copy,at::native::CatArrayBatchedCopy_contig,16,1715.2730000000001,107.20456250000001,3.359,397.641,169.75468090982304,16.639,392.641,397.125,0.03754788289347977,0.04778039807665386
isl32768_osl4_c4,3,EXTEND,attention,reshape_and_cache_flash,64,1498.544,23.41475,22.359,26.679,1.0213937878415305,22.999000000000002,24.951,26.50323,0.0328036147148161,0.04174322621260941
isl32768_osl4_c4,3,EXTEND,index_copy,at::native::elementwise_kernel_manual_unroll,243,1473.7649999999999,6.064876543209876,3.0,14.04,3.1681400651326554,4.239,11.159000000000002,13.281399999999994,0.03226119435944552,0.041052985951180815
isl32768_osl4_c4,3,EXTEND,elementwise,at::native::vectorized_elementwise_kernel,248,1044.6779999999999,4.2124112903225805,1.999,11.159,1.0850790005538138,4.0794999999999995,4.439,9.5474,0.022868340611316477,0.02910040017065656
isl32768_osl4_c4,3,EXTEND,gemm,Cijk_Alik_Bljk_BBS_BH_Bias_HA_S_SAV_UserArgs_MT256x16x128_MI16x16x1_SN_LDSB1_AF…,8,744.034,93.00425,89.719,96.199,2.1904761876293986,92.3995,96.0037,96.17947,0.016287145836707814,0.020725704131391954
isl32768_osl4_c4,3,EXTEND,index_copy,at::native::CatArrayBatchedCopy,8,729.113,91.139125,26.439,156.479,68.81836411979728,90.49950000000001,156.28300000000002,156.45940000000002,0.015960520302082358,0.020310066900641077
isl32768_osl4_c4,3,EXTEND,embedding,_vocab_parallel_embedding_kernel,8,646.074,80.75925,79.919,81.64,0.549087749947909,80.7795,81.2473,81.60073,0.014142769630561457,0.01799694445547505
isl32768_osl4_c4,3,EXTEND,elementwise,at::native::elementwise_kernel_manual_unroll,52,457.632,8.800615384615385,2.839,20.639,6.344189913069437,5.379,18.102999999999998,20.3534,0.010017713066263463,0.012747731196500647
isl32768_osl4_c4,3,EXTEND,memcpy,Memcpy DtoD,84,319.878,3.8080714285714286,1.319,6.479,1.1620259083617537,4.199,5.135,6.147,0.0070022332796006925,0.008910475577919014
isl32768_osl4_c4,3,EXTEND,moe,_fused_append_shared_experts_with_weights_kernel,4,315.998,78.9995,77.479,80.76,1.3501408568491482,78.87950000000001,80.2317,80.70717,0.006917298819822744,0.008802394855761423
isl32768_osl4_c4,3,EXTEND,attention,create_flashinfer_kv_indices_triton,8,232.393,29.049125,22.239,31.639,2.929418783771669,29.4595,31.555,31.630599999999998,0.005087158224530114,0.006473505995971381
isl32768_osl4_c4,3,EXTEND,other,ROCPRIM_400200_NS::detail::trampoline_kernel,52,203.868,3.9205384615384613,1.159,6.999,1.0959021435765264,3.739,5.427,6.9582,0.004462736712889395,0.0056789176971195066
isl32768_osl4_c4,3,EXTEND,memcpy,Memcpy DtoH,28,148.492,5.303285714285714,3.519,6.759,0.9658672118358045,5.459,6.399,6.759,0.003250538093130712,0.004136371802738389
isl32768_osl4_c4,3,EXTEND,memcpy,Memcpy HtoD,20,96.46000000000001,4.823,3.279,8.079,1.4371550844783962,4.179,6.915000000000002,7.9878,0.002111540719118798,0.0026869758915776267
isl32768_osl4_c4,3,EXTEND,comm,aiter::allgather_vec,8,79.873,9.984125,6.479,17.079,3.978958781156555,8.939,15.482999999999999,16.9194,0.001748445903568067,0.0022249308043539267
isl32768_osl4_c4,3,EXTEND,embedding,at::native::vectorized_gather_kernel,4,46.516000000000005,11.629000000000001,11.159,11.919,0.34156502553198653,11.719000000000001,11.895000000000001,11.9166,0.0010182503430492434,0.0012957430082171355
isl32768_osl4_c4,3,EXTEND,index_copy,at::native::unrolled_elementwise_kernel,8,27.592,3.449,2.319,4.559,0.8958954020579475,3.079,4.503,4.5534,0.0006039978387095777,0.0007685987849928455
isl32768_osl4_c4,3,EXTEND,kv_cache,_fused_slot_clear_kernel,4,25.476,6.369,5.359,7.199,0.8771924912279327,6.459,7.139,7.193,0.0005576779116760367,0.000709655793218242
isl32768_osl4_c4,3,EXTEND,memset,Memset,8,22.792,2.849,2.479,4.199,0.5700125311905745,2.659,3.303,4.109399999999999,0.0004989242802213938,0.0006348906751071665
isl32768_osl4_c4,3,EXTEND,other,ROCPRIM_400200_NS::detail::init_lookback_scan_state_kernel,8,19.951999999999998,2.4939999999999998,1.239,4.079,0.7881805449442222,2.439,3.183,3.9893999999999994,0.00043675575811588484,0.0005557800434248061
isl32768_osl4_c4,3,EXTEND,elementwise,elementwise_kernel_with_index,4,11.596,2.899,2.439,3.399,0.39395431207184417,2.879,3.255,3.3846,0.00025384020504770453,0.0003230165087988198
isl32768_osl4_c4,3,TARGET_VERIFY,moe,aiter::fmoe_bf16_pertokenMXfp4_g1u1_flat_novs_silu_16x256,120,6365.265,53.043875,47.359,60.2,2.4836592229016023,53.0195,56.239900000000006,59.0794,0.13933771755631055,28.0227828727127
isl32768_osl4_c4,3,TARGET_VERIFY,comm,aiter::cross_device_reduce_1stage,242,2239.21,9.252933884297521,6.919,63.799,4.03628307043203,8.579,11.227000000000002,18.063800000000004,0.04901703393798469,9.858017794452707
isl32768_osl4_c4,3,TARGET_VERIFY,attention,kernel_unified_attention_3d_num_query_heads_8_num_queries_per_kv_8_BLOCK_SIZE_1…,30,1652.737,55.091233333333335,50.839,63.919,3.649304503254186,53.8395,62.367000000000004,63.75689,0.03617894954897621,7.276097711045584
isl32768_osl4_c4,3,TARGET_VERIFY,gemm,Cijk_Alik_Bljk_BBS_BH_Bias_HA_S_SAV_UserArgs_MT32x16x1024_MI16x16x1_SN_LDSB1_AF…,120,1508.926,12.574383333333333,11.759,15.759,0.57884271943036,12.559,12.8839,15.195400000000001,0.033030880065696155,6.642976477647181
isl32768_osl4_c4,3,TARGET_VERIFY,gemm,hgemm_bf16_16x64x64x8_SPK8_W1x2x1_BLDS1_TN_AS1_0,240,1205.5620000000001,5.023175,4.519,6.719,0.335019256612594,5.119,5.359,6.152199999999998,0.02639014360794419,5.307430588607587
isl32768_osl4_c4,3,TARGET_VERIFY,moe,vllm::moe::topkGatingSoftmax,120,1177.167,9.809724999999998,9.079,10.719,0.33083906475007685,9.7595,10.203,10.543989999999999,0.025768567838512522,5.182422922835513
isl32768_osl4_c4,3,TARGET_VERIFY,norm,_gemma_fused_add_rmsnorm_kernel,240,1065.806,4.440858333333334,4.159,4.839,0.11202616967374764,4.439,4.599,4.743399999999999,0.02333083939126197,4.6921613039574055
isl32768_osl4_c4,3,TARGET_VERIFY,linear_attn,fused_sigmoid_gating_delta_rule_update_kernel,90,1010.237,11.224855555555555,10.519,12.599,0.5556953445729275,10.959,12.003,12.52869,0.022114415938839074,4.447521368078259
isl32768_osl4_c4,3,TARGET_VERIFY,gemm,hgemm_bf16_16x64x256x3_SPK2_W1x1x2_BLDS1_TN_AS1_0,120,829.642,6.913683333333334,6.159,8.719,0.28898969140212344,6.879,7.199,7.763000000000002,0.01816113275234458,3.6524602868982066
isl32768_osl4_c4,3,TARGET_VERIFY,gemm,Cijk_Alik_Bljk_BBS_BH_Bias_HA_S_SAV_UserArgs_MT16x16x1024_MI16x16x1_SN_LDSB1_AF…,90,790.474,8.783044444444444,7.799,10.119,0.6026619957725593,8.679,9.639,10.08429,0.017303732515080997,3.480024990086776
isl32768_osl4_c4,3,TARGET_VERIFY,other,reduce_segments_num_query_heads_8_TILE_SIZE_16_HEAD_SIZE_256_NUM_SEGMENTS_PER_S…,30,582.412,19.413733333333333,18.999,20.039,0.25040449116460056,19.4195,19.759,19.9694,0.012749187780462549,2.564041719938188
isl32768_osl4_c4,3,TARGET_VERIFY,linear_attn,_fused_gate_sigmoid_mul_add_kernel,120,582.201,4.851675,4.519,5.839,0.17873698636297297,4.839,5.039,5.515400000000001,0.012744568921954006,2.563112802259797
isl32768_osl4_c4,3,TARGET_VERIFY,activation,sgl_hip::activation::act_and_mul_kernel,120,545.722,4.5476833333333335,4.279,5.079,0.11617987960817631,4.559,4.679,4.7514,0.01194603176776849,2.402515702781034
isl32768_osl4_c4,3,TARGET_VERIFY,gemm,Cijk_Alik_Bljk_BBS_BH_Bias_HA_S_SAV_UserArgs_MT16x16x128_MI16x16x1_SN_LDSB0_AFC…,120,544.923,4.541025,4.199,6.279,0.2195279681077393,4.519,4.719,5.15221,0.011928541398345146,2.398998142472815
isl32768_osl4_c4,3,TARGET_VERIFY,linear_attn,_causal_conv1d_update_kernel,90,419.23400000000004,4.658155555555556,4.399,4.999,0.10511095380234359,4.679,4.763000000000001,4.8922,0.009177168379007361,1.845658170533173
isl32768_osl4_c4,3,TARGET_VERIFY,linear_attn,fused_qkv_split_gdn_prefill_kernel,90,415.39000000000004,4.615444444444445,4.439,4.959,0.10031759802949335,4.639,4.719,4.781000000000001,0.009093021970918077,1.8287351394633422
isl32768_osl4_c4,3,TARGET_VERIFY,elementwise,fused_qkvzba_split_reshape_cat_contiguous_kernel,90,396.271,4.403011111111112,4.239,5.119,0.10744389645946412,4.399,4.479,4.6562,0.008674500853264827,1.7445646319128478
isl32768_osl4_c4,3,TARGET_VERIFY,norm,_layer_norm_fwd_1pass_kernel,90,390.23,4.335888888888889,4.119,5.319,0.15750615785675345,4.319,4.399,5.1766,0.00854226140184251,1.717969410608777
isl32768_osl4_c4,3,TARGET_VERIFY,gemm,Cijk_Alik_Bljk_BBS_BH_Bias_HA_S_SAV_UserArgs_MT256x16x128_MI16x16x1_SN_LDSB1_AF…,2,184.31900000000002,92.15950000000001,91.68,92.639,0.6781154031578862,92.15950000000001,92.5431,92.62941,0.0040348027556215815,0.8114558178356334
isl32768_osl4_c4,3,TARGET_VERIFY,norm,_fused_qk_gemma_rmsnorm_gate_kernel,30,139.171,4.639033333333333,4.439,4.8,0.09459914825501727,4.679,4.759,4.78811,0.00304649837674147,0.612693849380709
isl32768_osl4_c4,3,TARGET_VERIFY,other,_triton_mrope_forward_fused,30,136.93,4.564333333333334,4.399,4.679,0.07181073463762518,4.559,4.639,4.667400000000001,0.0029974421591222994,0.6028279511945771
isl32768_osl4_c4,3,TARGET_VERIFY,elementwise,at::native::vectorized_elementwise_kernel,30,131.011,4.3670333333333335,4.199,4.679,0.1015033491322208,4.359,4.479,4.6326,0.0028678733273115576,0.5767698292116611
isl32768_osl4_c4,3,TARGET_VERIFY,attention,reshape_and_cache_flash,30,126.44999999999999,4.215,4.119,4.319,0.05617705998862465,4.239,4.279,4.3074,0.002768031556423097,0.556690239016682
isl32768_osl4_c4,3,TARGET_VERIFY,activation,_fused_sigmoid_mul_kernel,30,125.21,4.173666666666667,4.079,4.399,0.07084384641387463,4.159,4.279,4.3642,0.00274088755381365,0.5512311967360914
isl32768_osl4_c4,3,TARGET_VERIFY,comm,aiter::allgather_vec,2,85.759,42.8795,42.079,43.68,1.132077956679662,42.8795,43.5199,43.66399,0.0018772923546642025,0.37755000559771956
isl32768_osl4_c4,3,TARGET_VERIFY,index_copy,at::native::elementwise_kernel_manual_unroll,2,18.677999999999997,9.338999999999999,9.279,9.399,0.08485281374238453,9.338999999999999,9.386999999999999,9.397799999999998,0.00040886748446714597,0.08222902557812248
isl32768_osl4_c4,3,TARGET_VERIFY,memcpy,Memcpy DtoD,4,15.155999999999999,3.7889999999999997,3.399,4.239,0.4136020631798959,3.759,4.179,4.233,0.000331769760926441,0.06672358451986424
isl32768_osl4_c4,3,TARGET_VERIFY,index_copy,at::native::vectorized_elementwise_kernel,2,11.198,5.599,5.359,5.839,0.3394112549695431,5.599,5.791,5.8342,0.00024512785582305927,0.049298673756495104
isl32768_osl4_c4,3,TARGET_VERIFY,embedding,_vocab_parallel_embedding_kernel,2,10.358,5.179,5.079,5.279,0.1414213562373093,5.179,5.259,5.277,0.0002267399830876271,0.04560061285674016
isl32768_osl4_c4,3,TARGET_VERIFY,norm,_gemma_rmsnorm_kernel,2,8.958,4.479,4.439,4.519,0.05656854249492385,4.479,4.511,4.5182,0.00019609352852857344,0.03943717802381525
isl32768_osl4_c4,3,copy_result_to_cpu,memcpy,Memcpy DtoD,8,29.552,3.694,3.399,4.359,0.35773094438618036,3.539,4.218999999999999,4.345,0.0006469028750922529,100.0
isl32768_osl4_c4,3,draft,comm,aiter::cross_device_reduce_1stage,12,1681.115,140.09291666666667,5.879,1559.085,446.9355103157214,9.079,32.775000000000006,1391.444340000001,0.03680015318288822,38.06334022019076
isl32768_osl4_c4,3,draft,gemm,Cijk_Alik_Bljk_BBS_BH_Bias_HA_S_SAV_UserArgs_MT256x16x128_MI16x16x1_SN_LDSB1_AF…,4,369.277,92.31925,91.4,93.119,0.8874984976513179,92.37899999999999,93.095,93.1166,0.0080835934287169,8.361067557241105
isl32768_osl4_c4,3,draft,other,at::native::cunn_SoftMaxForwardGmem,4,319.156,79.789,78.999,80.519,0.6469415223444305,79.819,80.375,80.50460000000001,0.006986428465178096,7.226241756997708
isl32768_osl4_c4,3,draft,elementwise,at::native::reduce_kernel,4,283.878,70.9695,69.999,71.72,0.7323298437179807,71.0795,71.5877,71.70676999999999,0.006214181590939312,6.427487051764639
isl32768_osl4_c4,3,draft,moe,ck::kernel_moe_gemm,8,249.113,31.139125,11.919,53.159,16.78375490456258,33.439,47.3357,52.57667,0.005453164453263955,5.640347550448589
isl32768_osl4_c4,3,draft,sampling,generate_draft_decode_kv_indices,2,198.039,99.0195,98.079,99.96,1.330067855411896,99.0195,99.77189999999999,99.94118999999999,0.004335138010300306,4.483944188152718
isl32768_osl4_c4,3,draft,elementwise,at::native::elementwise_kernel_manual_unroll,32,135.768,4.24275,3.839,5.879,0.487189106822445,4.138999999999999,4.479,5.755,0.0029720056018382847,3.0740214530325756
isl32768_osl4_c4,3,draft,elementwise,at::native::vectorized_elementwise_kernel,24,95.537,3.9807083333333337,2.839,4.759,0.37835633988019307,3.979,4.399,4.6946,0.0020913359494345077,2.1631222936065435
isl32768_osl4_c4,3,draft,attention,kernel_unified_attention_3d_num_query_heads_8_num_queries_per_kv_8_BLOCK_SIZE_1…,4,70.357,17.58925,16.319,18.359,0.8912202776717637,17.8395,18.2513,18.34823,0.0015401375738652422,1.593003707582147
isl32768_osl4_c4,3,draft,other,reduce_segments_num_query_heads_8_TILE_SIZE_32_HEAD_SIZE_256_NUM_SEGMENTS_PER_S…,4,69.39699999999999,17.349249999999998,15.639,18.799,1.516788355924013,17.4795,18.691,18.7882,0.0015191228621676052,1.5712676534684287
isl32768_osl4_c4,3,draft,index_copy,at::native::CatArrayBatchedCopy_contig,16,68.504,4.2815,3.839,4.799,0.34423828956117025,4.218999999999999,4.719,4.793,0.0014995748022238664,1.5510485947980643
isl32768_osl4_c4,3,draft,index_copy,at::native::vectorized_elementwise_kernel,10,68.031,6.803100000000001,2.919,16.96,5.275243574155289,4.639,16.5991,16.92391,0.001489220678647843,1.5403390598024511
isl32768_osl4_c4,3,draft,index_copy,at::native::elementwise_kernel_manual_unroll,14,63.067,4.504785714285714,3.759,6.199,0.6855953256473168,4.379,5.199,6.068999999999999,0.0013805571069113126,1.4279455466561004
isl32768_osl4_c4,3,draft,gemm,Cijk_Alik_Bljk_BBS_BH_Bias_HA_S_SAV_UserArgs_MT256x16x64_MI16x16x1_SN_LDSB1_AFC…,4,59.156,14.789,14.399,15.159,0.3368481359109284,14.799,15.099,15.153,0.0012949440470681277,1.3393937678657344
isl32768_osl4_c4,3,draft,comm,aiter::allgather_vec,4,54.357,13.58925,13.4,13.759,0.15057749942582166,13.599,13.723,13.7554,0.0011898923789046287,1.2307361390201794
isl32768_osl4_c4,3,draft,norm,_gemma_rmsnorm_kernel,12,52.908,4.409,4.039,4.719,0.24188652486050363,4.379,4.719,4.719,0.0011581732984360083,1.1979282823422863
isl32768_osl4_c4,3,draft,gemm,Cijk_Alik_Bljk_BBS_BH_Bias_HA_S_SAV_UserArgs_MT32x16x512_MI16x16x1_SN_LDSB1_AFC…,4,45.436,11.359,10.799,12.079,0.6066300355241242,11.279,11.947000000000001,12.065800000000001,0.0009946087923894018,1.0287493278238475
isl32768_osl4_c4,3,draft,index_copy,at::native::CatArrayBatchedCopy,8,40.872,5.109,4.519,5.879,0.6348903167364536,4.9990000000000006,5.851,5.8762,0.0008947013505268868,0.9254125038915461
isl32768_osl4_c4,3,draft,moe,vllm::moe::topkGatingSoftmax,4,40.156,10.039,9.559,10.479,0.3932768321000701,10.059000000000001,10.395,10.4706,0.0008790278780523995,0.909201030198398
isl32768_osl4_c4,3,draft,other,__amd_rocclr_copyBuffer,10,39.87,3.9869999999999997,2.879,4.399,0.4178463300730969,4.058999999999999,4.327,4.3918,0.0008727672451924784,0.9027254974103528
isl32768_osl4_c4,3,draft,norm,_gemma_fused_add_rmsnorm_kernel,8,35.632,4.454,4.239,4.679,0.15259657363687537,4.479,4.595,4.6706,0.000779996049177286,0.8067698751875018
isl32768_osl4_c4,3,draft,moe,aiter::opus_moe_sorting_entry,8,34.592,4.324,4.079,4.839,0.25427768847687554,4.218999999999999,4.615,4.8166,0.0007572301115048461,0.7832224832309739
isl32768_osl4_c4,3,draft,gemm,Cijk_SB_BiasS_HAS_ScaleAlphaVec_PostGSU16_VW4,4,26.596,6.649,5.879,7.759,0.898814033416628,6.478999999999999,7.531000000000001,7.7362,0.0005821950753232796,0.6021792658421306
isl32768_osl4_c4,3,draft,gemm,hgemm_bf16_16x64x128x3_SPK4_W1x2x1_BLDS1_TN_AS1_0,4,25.636,6.409,5.639,7.919,1.0749883720301345,6.039,7.475,7.874599999999999,0.0005611803636256428,0.5804432117284125
isl32768_osl4_c4,3,draft,embedding,_vocab_parallel_embedding_kernel,4,21.316,5.329,5.239,5.399,0.08246211251235327,5.339,5.399,5.399,0.00046661416098627717,0.4826309682166813
isl32768_osl4_c4,3,draft,gemm,hgemm_bf16_16x64x64x6_SPK8_W1x2x1_BLDS1_TN_AS1_0,4,19.436,4.859,4.399,5.319,0.43143172499635823,4.859,5.259,5.313,0.0004254603505784051,0.44006452891065007
isl32768_osl4_c4,3,draft,elementwise,triton_poi_fused_gather_max_view_1,4,18.636,4.659,4.479,5.039,0.2581988897471611,4.559,4.907,5.025799999999999,0.0004079480908303744,0.4219511504825517
isl32768_osl4_c4,3,draft,elementwise,triton_poi_fused_add_arange_floor_divide_index_max_unsqueeze_view_2,4,18.396,4.599,4.439,4.999,0.269320131689655,4.479,4.8549999999999995,4.9845999999999995,0.00040269441290596527,0.41651713695412224
isl32768_osl4_c4,3,draft,quant,aiter::scaled_quant_kernel,4,18.156,4.539,4.359,4.719,0.15491933384829693,4.539,4.683000000000001,4.715400000000001,0.000397440734981556,0.4110831234256927
isl32768_osl4_c4,3,draft,elementwise,triton_poi_fused_max_mul_unsqueeze_view_0,4,18.036,4.509,4.359,4.759,0.17397317800933207,4.459,4.675000000000001,4.7506,0.0003948138960193515,0.408366116661478
isl32768_osl4_c4,3,draft,attention,reshape_and_cache_flash,4,17.636,4.409,4.319,4.479,0.08246211251235315,4.4190000000000005,4.479,4.479,0.00038605776614533606,0.39930942744742876
isl32768_osl4_c4,3,draft,norm,_fused_qk_gemma_rmsnorm_gate_kernel,4,17.357,4.33925,4.28,4.439,0.06899456500333921,4.319,4.4030000000000005,4.4354000000000005,0.0003799503655582104,0.3929923867206294
isl32768_osl4_c4,3,draft,kv_cache,scatter_ragged_to_page_table_kernel,4,17.036,4.259,3.519,4.999,0.8544783984006459,4.259,4.999,4.999,0.00037292357133431313,0.385724393626355
isl32768_osl4_c4,3,draft,embedding,at::native::vectorized_gather_kernel,4,16.956,4.239,4.199,4.279,0.03265986323710929,4.239,4.267,4.2778,0.00037117234535951,0.3839130557835451
isl32768_osl4_c4,3,draft,activation,_fused_sigmoid_mul_kernel,4,16.636,4.159,3.999,4.519,0.2422120283277995,4.058999999999999,4.3870000000000005,4.5058,0.0003641674414602977,0.37666770441230574
isl32768_osl4_c4,3,draft,elementwise,triton_poi_fused_add_max_view_3,4,16.516,4.129,3.999,4.279,0.11489125293076044,4.119,4.231,4.2741999999999996,0.0003615406024980931,0.373950697648091
isl32768_osl4_c4,3,draft,moe,_fused_append_shared_experts_with_weights_kernel,4,16.476,4.119,3.999,4.199,0.0864098759787713,4.138999999999999,4.187,4.1978,0.0003606649895106916,0.3730450287266861
isl32768_osl4_c4,3,draft,elementwise,at::native::multi_tensor_apply_kernel,4,15.076,3.769,3.279,4.199,0.4410593308539487,3.799,4.163,4.1954,0.000330018534951638,0.34134661647751396
isl32768_osl4_c4,3,draft,memcpy,Memcpy DtoD,4,14.716,3.679,2.719,4.999,1.146821694946516,3.4989999999999997,4.7829999999999995,4.977399999999999,0.0003221380180650241,0.33319559618486966
isl32768_osl4_c4,3,draft,sampling,build_tree_efficient,2,12.398,6.199,6.039,6.359,0.2262741699796954,6.199,6.327,6.3558,0.0002713962454451053,0.2807120821894546
isl32768_osl4_c4,3,draft,elementwise,elementwise_kernel_with_index,2,8.518,4.259,4.239,4.279,0.02828427124746224,4.259,4.275,4.2786,0.00018646178566715657,0.1928621968131775
isl32768_osl4_c4,3,draft,sampling,assign_draft_cache_locs_contiguous,2,6.878,3.439,2.719,4.159,1.0182337649086286,3.439,4.015,4.1446,0.00015056165318369367,0.1557297710355758
isl32768_osl4_c4,3,draft_extend,other,at::native::cunn_SoftMaxForwardGmem,6,465.836,77.63933333333334,76.36,79.52,1.2412575343846497,77.419,78.9795,79.46594999999999,0.010197301289979518,20.528472571400115
isl32768_osl4_c4,3,draft_extend,elementwise,at::native::reduce_kernel,6,193.516,32.25266666666666,12.799,70.079,29.224791124431782,13.6595,69.979,70.06899999999999,0.004236128071749878,8.527867958094832
isl32768_osl4_c4,3,draft_extend,moe,ck::kernel_moe_gemm,4,192.197,48.04925,28.119,69.32,21.91546592971882,47.379,67.8917,69.17716999999999,0.004207254733490313,8.469742232900394
isl32768_osl4_c4,3,draft_extend,gemm,Cijk_Alik_Bljk_BBS_BH_Bias_HA_S_SAV_UserArgs_MT256x16x128_MI16x16x1_SN_LDSB1_AF…,2,183.398,91.699,90.919,92.479,1.1030865786510158,91.699,92.323,92.4634,0.004014641766586661,8.081987679461523
isl32768_osl4_c4,3,draft_extend,memcpy,Memcpy HtoD,4,124.036,31.009,28.039,33.559,2.560911296133988,31.219,33.295,33.532599999999995,0.002715188312633415,5.466021569535598
isl32768_osl4_c4,3,draft_extend,attention,kernel_unified_attention_3d_num_query_heads_8_num_queries_per_kv_8_BLOCK_SIZE_1…,2,111.238,55.619,52.839,58.399,3.9315137033972056,55.619,57.843,58.3434,0.002435035937314294,4.902038983456422
isl32768_osl4_c4,3,draft_extend,elementwise,at::native::elementwise_kernel_manual_unroll,20,86.42,4.321,3.799,5.959,0.5995752882797869,4.058999999999999,4.867000000000002,5.9361999999999995,0.001891761859281013,3.808358734877506
isl32768_osl4_c4,3,draft_extend,index_copy,at::native::elementwise_kernel_manual_unroll,18,84.942,4.718999999999999,3.879,8.999,1.553561373482384,4.179,5.839000000000003,8.9854,0.0018594079593965262,3.7432261936816142
isl32768_osl4_c4,3,draft_extend,comm,aiter::allgather_vec,2,83.639,41.8195,41.08,42.559,1.0458109293749032,41.8195,42.4111,42.54421,0.0018308848663319214,3.685805556889837
isl32768_osl4_c4,3,draft_extend,comm,aiter::cross_device_reduce_1stage,6,71.395,11.899166666666666,7.999,15.96,2.6055065086594333,11.839,14.3795,15.801950000000001,0.001562859730888312,3.14623665675283
isl32768_osl4_c4,3,draft_extend,memcpy,Memcpy DtoD,18,67.023,3.7234999999999996,3.399,4.439,0.41968310874361603,3.4395,4.331,4.4254,0.0014671552313653242,2.9535712507254694
isl32768_osl4_c4,3,draft_extend,attention,create_flashinfer_kv_indices_triton,2,59.118,29.559,29.559,29.559,0.0,29.559,29.559,29.559,0.0012941122147300964,2.6052135117853323
isl32768_osl4_c4,3,draft_extend,elementwise,at::native::vectorized_elementwise_kernel,14,55.986,3.9989999999999997,3.879,4.199,0.10640994748178813,3.979,4.147,4.1937999999999995,0.0012255517178165563,2.467192456964268
isl32768_osl4_c4,3,draft_extend,index_copy,at::native::CatArrayBatchedCopy_contig,10,52.91,5.2909999999999995,3.999,6.679,0.9708736043149773,4.939,6.391,6.6502,0.0011582170790853785,2.331639211552521
isl32768_osl4_c4,3,draft_extend,other,reduce_segments_num_query_heads_8_TILE_SIZE_16_HEAD_SIZE_256_NUM_SEGMENTS_PER_S…,2,39.078,19.539,19.479,19.599,0.08485281374238515,19.539,19.587,19.5978,0.0008554301080419282,1.7220902874513213
isl32768_osl4_c4,3,draft_extend,gemm,Cijk_Alik_Bljk_BBS_BH_Bias_HA_S_SAV_UserArgs_MT16x16x1024_MI16x16x1_SN_LDSB1_AF…,2,35.918,17.959,17.119,18.799,1.1879393923933996,17.959,18.631,18.7822,0.0007862566820372069,1.582835327925599
isl32768_osl4_c4,3,draft_extend,index_copy,at::native::vectorized_elementwise_kernel,8,35.713,4.464125,3.959,5.519,0.6416753601761118,4.218999999999999,5.463,5.5134,0.0007817691654767742,1.5738013827664936
isl32768_osl4_c4,3,draft_extend,other,compute_position_kernel,6,27.274,4.5456666666666665,4.319,4.719,0.17281975195754304,4.579000000000001,4.719,4.719,0.0005970367154597356,1.2019113183875156
isl32768_osl4_c4,3,draft_extend,embedding,at::native::vectorized_gather_kernel,6,26.874,4.479,4.079,5.079,0.4156921938165305,4.2989999999999995,4.999,5.071,0.0005882805855857203,1.1842841083209685
isl32768_osl4_c4,3,draft_extend,norm,_gemma_rmsnorm_kernel,6,25.834,4.305666666666666,4.119,4.639,0.22006059771496297,4.218999999999999,4.579000000000001,4.633,0.0005655146479132804,1.138453362147946
isl32768_osl4_c4,3,draft_extend,gemm,Cijk_Alik_Bljk_BBS_BH_Bias_HA_S_SAV_UserArgs_MT32x16x1024_MI16x16x1_SN_LDSB1_AF…,2,24.999000000000002,12.499500000000001,12.439,12.56,0.0855599205235732,12.499500000000001,12.5479,12.55879,0.0005472362268012734,1.101656561134029
isl32768_osl4_c4,3,draft_extend,index_copy,at::native::CatArrayBatchedCopy,4,22.356,5.589,5.159,6.159,0.4470644994479729,5.519,6.027,6.1457999999999995,0.0004893800986587171,0.985184770619319
isl32768_osl4_c4,3,draft_extend,moe,vllm::moe::topkGatingSoftmax,2,21.278,10.639,10.639,10.639,0.0,10.639,10.639,10.639,0.00046578232864824564,0.9376794394899741
isl32768_osl4_c4,3,draft_extend,moe,aiter::opus_moe_sorting_entry,4,17.996,4.499,4.159,4.879,0.37309516212355276,4.479,4.843,4.8754,0.00039393828303194985,0.7930481808939551
isl32768_osl4_c4,3,draft_extend,norm,_gemma_fused_add_rmsnorm_kernel,4,17.356,4.339,4.199,4.479,0.11547005383792507,4.339,4.4430000000000005,4.4754000000000005,0.0003799284752335254,0.7648446447874798
isl32768_osl4_c4,3,draft_extend,memset,Memset,4,17.316,4.329,4.119,4.679,0.2558645474986066,4.259,4.583,4.6694,0.0003790528622461238,0.763081923780825
isl32768_osl4_c4,3,draft_extend,elementwise,at::native::multi_tensor_apply_kernel,4,16.996,4.249,4.199,4.279,0.038297084310253596,4.259,4.279,4.279,0.00037204795834691156,0.7489801557275872
isl32768_osl4_c4,3,draft_extend,other,ROCPRIM_400200_NS::detail::trampoline_kernel,4,15.876,3.969,3.839,4.159,0.143759057685652,3.939,4.111,4.1541999999999994,0.0003475307946996686,0.6996239675412553
isl32768_osl4_c4,3,draft_extend,gemm,hgemm_bf16_16x64x256x3_SPK2_W1x1x2_BLDS1_TN_AS1_0,2,14.958,7.479,7.479,7.479,0.0,7.479,7.479,7.479,0.0003274354766388034,0.6591695204385297
isl32768_osl4_c4,3,draft_extend,gemm,hgemm_bf16_16x64x64x8_SPK8_W1x2x1_BLDS1_TN_AS1_0,2,10.277999999999999,5.138999999999999,5.079,5.199,0.08485281374238547,5.138999999999999,5.187,5.1978,0.000224988757112824,0.45293116265992833
isl32768_osl4_c4,3,draft_extend,embedding,_vocab_parallel_embedding_kernel,2,10.158000000000001,5.079000000000001,4.839,5.319,0.33941125496954216,5.079000000000001,5.271,5.3142,0.00022236191815061947,0.4476429996399643
isl32768_osl4_c4,3,draft_extend,norm,_fused_qk_gemma_rmsnorm_gate_kernel,2,8.558,4.279,4.239,4.319,0.05656854249492385,4.279,4.311,4.3182,0.00018733739865455808,0.3771341593737757
isl32768_osl4_c4,3,draft_extend,kv_cache,scatter_ragged_to_page_table_kernel,2,8.318999999999999,4.1594999999999995,4.08,4.239,0.1124299782086606,4.1594999999999995,4.2231,4.23741,0.00018210561105483388,0.36660190135901377
isl32768_osl4_c4,3,draft_extend,activation,_fused_sigmoid_mul_kernel,2,8.238,4.119,4.119,4.119,0.0,4.119,4.119,4.119,0.0001803324947553458,0.363032391320538
isl32768_osl4_c4,3,draft_extend,attention,reshape_and_cache_flash,2,8.238,4.119,4.119,4.119,0.0,4.119,4.119,4.119,0.0001803324947553458,0.363032391320538
isl32768_osl4_c4,3,draft_extend,moe,_fused_append_shared_experts_with_weights_kernel,2,8.118,4.059,3.999,4.119,0.0848528137423853,4.059,4.107,4.1178,0.00017770565579314123,0.3577442283005739
isl32768_osl4_c4,3,draft_extend,elementwise,elementwise_kernel_with_index,2,7.958,3.979,3.879,4.079,0.14142135623730917,3.979,4.059,4.077,0.0001742032038435351,0.35069334427395504
isl32768_osl4_c4,3,draft_extend,index_copy,at::native::unrolled_elementwise_kernel,2,7.878,3.939,3.879,3.999,0.08485281374238578,3.939,3.987,3.9978000000000002,0.000172451977868732,0.3471679022606456
isl32768_osl4_c4,3,nccl:broadcast,comm,ncclDevKernel_Generic_1,6,55.754000000000005,9.292333333333334,5.959,16.199,4.674332750956727,6.619,15.259,16.105,0.0012204731624896276,100.0
isl32768_osl4_c4,3,scheduler.get_next_batch_to_run,memcpy,Memcpy DtoD,66,2772.1059999999998,42.00160606060606,2.039,799.362,146.32113957045394,5.159,12.219000000000001,765.1459999999997,0.06068230040134288,37.028751351958576
isl32768_osl4_c4,3,scheduler.get_next_batch_to_run,other,alloc_extend_kernel,5,1997.125,399.425,6.479,847.723,398.71549416093677,374.081,811.915,844.1422,0.043717714686607186,26.67684606713462
isl32768_osl4_c4,3,scheduler.get_next_batch_to_run,other,write_req_to_token_pool_triton,4,1789.002,447.2505,22.479,831.442,421.21001788062927,467.5405,817.942,830.092,0.03916183464218295,23.89681715856342
isl32768_osl4_c4,3,scheduler.get_next_batch_to_run,index_copy,at::native::CatArrayBatchedCopy_contig,30,579.133,19.304433333333336,3.879,331.641,61.31842876480983,5.259,8.459000000000001,263.5484200000002,0.012677409405820307,7.73584121845046
isl32768_osl4_c4,3,scheduler.get_next_batch_to_run,memcpy,Memcpy HtoD,24,236.297,9.845708333333333,1.999,98.08,19.053761241103317,5.539,8.751,79.90056999999996,0.005172618052100504,3.1563666245856967
isl32768_osl4_c4,3,scheduler.get_next_batch_to_run,index_copy,at::native::vectorized_elementwise_kernel,8,40.232,5.029,1.999,8.439,1.791248566941905,5.138999999999999,6.311,8.226199999999999,0.0008806915427284623,0.5374039536698805
isl32768_osl4_c4,3,scheduler.get_next_batch_to_run,index_copy,at::native::index_elementwise_kernel,8,37.552,4.694,3.279,9.159,1.9284264495771088,4.239,6.387,8.8818,0.0008220254725725595,0.5016055196910755
isl32768_osl4_c4,3,scheduler.get_next_batch_to_run,index_copy,at::native::elementwise_kernel_manual_unroll,4,26.916,6.729,5.479,8.959,1.5417306293037485,6.239,8.215,8.884599999999999,0.0005891999792224918,0.3595338242438482
isl32768_osl4_c4,3,scheduler.get_next_batch_to_run,other,_get_last_loc_safe_kernel,1,4.999,4.999,4.999,4.999,,4.999,4.999,4.999,0.00010942973310050664,0.06677476547016635
isl32768_osl4_c4,3,scheduler.get_next_batch_to_run,other,assign_req_to_token_pool,1,2.999,2.999,2.999,2.999,,2.999,2.999,2.999,6.564908373042997e-05,0.04005951623225223
isl32768_osl4_c4,3,scheduler.process_batch_result,memcpy,Memcpy DtoD,29,2962.782,102.16489655172414,1.679,1149.483,267.8514529299169,5.319,192.144,1085.1725999999996,0.06485625995098726,85.30007220665614
isl32768_osl4_c4,3,scheduler.process_batch_result,index_copy,at::native::elementwise_kernel_manual_unroll,11,462.431,42.03918181818182,3.839,191.84,58.818239077378344,8.519,77.68,180.42400000000004,0.010122764734426963,13.313634850824734
isl32768_osl4_c4,3,scheduler.process_batch_result,index_copy,at::native::CatArrayBatchedCopy_contig,9,45.112,5.012444444444444,2.639,8.68,1.7179396897964077,4.559,6.7272,8.48472,0.0009875163271914494,1.2987985134872129
isl32768_osl4_c4,3,scheduler.process_batch_result,elementwise,at::native::vectorized_elementwise_kernel,1,3.039,3.039,3.039,3.039,,3.039,3.039,3.039,6.652469671783151e-05,0.08749442903191258
isl32768_osl4_c4,3,scheduler.run_batch,memcpy,Memcpy HtoD,8,936688.5380000001,117086.06725000001,11.879,472587.751,216772.03443993928,27.144,466552.7864,471984.25454,20.504416225573873,99.87366620975745
isl32768_osl4_c4,3,scheduler.run_batch,index_copy,at::native::index_elementwise_kernel,42,179.878,4.282809523809523,3.359,11.839,1.2496652281095564,4.119,4.735,9.001799999999974,0.003937587823695326,0.019179347885303948
isl32768_osl4_c4,3,scheduler.run_batch,sampling,at::native::reduce_kernel,2,140.918,70.459,70.039,70.879,0.5939696961967024,70.459,70.795,70.87060000000001,0.0030847407739662326,0.015025269045137605
isl32768_osl4_c4,3,scheduler.run_batch,elementwise,at::native::vectorized_elementwise_kernel,30,124.36999999999999,4.145666666666666,3.879,5.239,0.2639400837616218,4.119,4.307,5.053400000000001,0.0027224996810782174,0.013260851780069001
isl32768_osl4_c4,3,scheduler.run_batch,linear_attn,_fused_mamba_state_scatter_with_mask_kernel,4,122.157,30.53925,20.839,40.239,10.971803266403688,30.539499999999997,40.119,40.227,0.0026740563925502277,0.013024892425005138
isl32768_osl4_c4,3,scheduler.run_batch,index_copy,at::native::elementwise_kernel_manual_unroll,28,118.973,4.249035714285714,3.799,5.639,0.3578444191361357,4.179,4.543,5.4122,0.0026043575987530656,0.012685400971537746
isl32768_osl4_c4,3,scheduler.run_batch,memcpy,Memcpy DtoD,26,110.255,4.240576923076923,3.399,7.999,0.8806510397689619,4.279,4.659000000000001,7.218999999999999,0.0024135177481489018,0.01175585119411038
isl32768_osl4_c4,3,scheduler.run_batch,other,aiter::greedy_sample_kernel,4,66.67699999999999,16.669249999999998,16.519,16.84,0.13259053510714952,16.659,16.7917,16.83517,0.001459581179024301,0.007109381797376062
isl32768_osl4_c4,3,scheduler.run_batch,attention,create_flashinfer_kv_indices_triton,2,59.397999999999996,29.698999999999998,29.279,30.119,0.593969696196701,29.698999999999998,30.035,30.110599999999998,0.001300241505641907,0.006333264244050322
isl32768_osl4_c4,3,scheduler.run_batch,index_copy,at::native::vectorized_elementwise_kernel,12,50.668,4.222333333333333,3.959,4.959,0.28359168257239553,4.138999999999999,4.507000000000001,4.9106,0.0011091389711415224,0.0054024349762204415
isl32768_osl4_c4,3,scheduler.run_batch,elementwise,elementwise_kernel_with_index,10,41.47,4.147,3.839,4.559,0.22074620922880864,4.119,4.451,4.5482000000000005,0.0009077917646885398,0.004421705582692463
isl32768_osl4_c4,3,scheduler.run_batch,elementwise,at::native::elementwise_kernel_manual_unroll,8,35.832,4.479,4.039,5.119,0.36598204483670677,4.439,4.923,5.0994,0.0007843741141142938,0.0038205583419106902
isl32768_osl4_c4,3,scheduler.run_batch,elementwise,_fused_conv_window_scatter_multi_kernel,2,20.838,10.419,10.279,10.559,0.19798989873223224,10.419,10.530999999999999,10.556199999999999,0.0004561505857868289,0.002221835083967821
isl32768_osl4_c4,3,scheduler.run_batch,other,compute_position_kernel,4,20.676000000000002,5.1690000000000005,4.279,6.999,1.2369316876852976,4.699,6.327,6.931799999999999,0.0004526043531878527,0.002204561963533865
isl32768_osl4_c4,3,scheduler.run_batch,other,VerifyTreeGreedy,2,11.399000000000001,5.6995000000000005,5.599,5.8,0.1421284630184961,5.6995000000000005,5.7799,5.7979899999999995,0.000249527811084752,0.0012154092581893269
isl32768_osl4_c4,3,scheduler.run_batch,memcpy,Memcpy DtoH,2,11.038,5.519,4.959,6.079,0.7919595949289336,5.519,5.967,6.0678,0.00024162540387345316,0.001176917921913658
isl32768_osl4_c4,3,scheduler.run_batch,other,_gather_rows_kernel,2,10.798,5.399,5.279,5.519,0.16970562748477155,5.399,5.495,5.5166,0.00023637172594904394,0.001151328113863352
isl32768_osl4_c4,3,scheduler.run_batch,kv_cache,scatter_req_to_token_to_page_table_kernel,2,9.278,4.639,4.519,4.759,0.16970562748477155,4.639,4.735,4.756600000000001,0.0002030984324277857,0.0009892593295447473
isl32768_osl4_c4,3,scheduler.run_batch,embedding,at::native::vectorized_gather_kernel,2,8.678,4.339,4.319,4.359,0.02828427124746224,4.339,4.355,4.3586,0.0001899642376167627,0.0009252848094189822
isl32768_osl4_c4,3,scheduler.run_batch,other,fill_bonus_tokens,2,8.518,4.259,4.199,4.319,0.08485281374238547,4.259,4.307,4.3178,0.00018646178566715657,0.0009082249373854449
isl32768_osl4_c4,3,scheduler.run_batch,elementwise,_fused_replay_state_indices_kernel,2,8.358,4.179,4.079,4.279,0.1414213562373093,4.179,4.259,4.277,0.00018295933371755043,0.0008911650653519076
isl32768_osl4_c4,3,scheduler.run_batch,other,assign_extend_cache_locs_uniform,2,8.358,4.179,4.119,4.239,0.08485281374238547,4.179,4.227,4.2378,0.00018295933371755043,0.0008911650653519076
isl32768_osl4_c4,3,scheduler.run_batch,other,ROCPRIM_400200_NS::detail::trampoline_kernel,2,8.318,4.159,4.159,4.159,0.0,4.159,4.159,4.159,0.00018208372073014886,0.000886900097343523
isl32768_osl4_c4,3,scheduler.run_batch,elementwise,at::native::_scatter_gather_elementwise_kernel,2,7.997999999999999,3.9989999999999997,3.919,4.079,0.11313708498984723,3.9989999999999997,4.063,4.0774,0.0001750788168309366,0.0008527803532764484
