"Kind","Agent_Id","Queue_Id","Stream_Id","Thread_Id","Dispatch_Id","Kernel_Id","Kernel_Name","Correlation_Id","Start_Timestamp","End_Timestamp","LDS_Block_Size","Scratch_Size","VGPR_Count","Accum_VGPR_Count","SGPR_Count","Workgroup_Size_X","Workgroup_Size_Y","Workgroup_Size_Z","Grid_Size_X","Grid_Size_Y","Grid_Size_Z"
"KERNEL_DISPATCH","Agent 2",1,0,296578,1,1,"void at::native::(anonymous namespace)::distribution_elementwise_grid_stride_kernel<float, 4, at::native::templates::cuda::normal_and_transform<c10::BFloat16, float, at::CUDAGeneratorImpl*, at::native::templates::cuda::normal_kernel<at::CUDAGeneratorImpl*>(at::TensorBase const&, double, double, at::CUDAGeneratorImpl*)::{lambda()#1}::operator()() const::{lambda()#4}::operator()() const::{lambda(float)#1}>(at::TensorIteratorBase&, at::CUDAGeneratorImpl*, at::native::templates::cuda::normal_kernel<at::CUDAGeneratorImpl*>(at::TensorBase const&, double, double, at::CUDAGeneratorImpl*)::{lambda()#1}::operator()() const::{lambda()#4}::operator()() const::{lambda(float)#1})::{lambda(hiprandStatePhilox4_32_10*)#2}, at::native::(anonymous namespace)::distribution_nullary_kernel<c10::BFloat16, float, HIP_vector_type<float, 4u>, at::CUDAGeneratorImpl*, at::native::templates::cuda::normal_and_transform<c10::BFloat16, float, at::CUDAGeneratorImpl*, at::native::templates::cuda::normal_kernel<at::CUDAGeneratorImpl*>(at::TensorBase const&, double, double, at::CUDAGeneratorImpl*)::{lambda()#1}::operator()() const::{lambda()#4}::operator()() const::{lambda(float)#1}>(at::TensorIteratorBase&, at::CUDAGeneratorImpl*, at::native::templates::cuda::normal_kernel<at::CUDAGeneratorImpl*>(at::TensorBase const&, double, double, at::CUDAGeneratorImpl*)::{lambda()#1}::operator()() const::{lambda()#4}::operator()() const::{lambda(float)#1})::{lambda(hiprandStatePhilox4_32_10*)#2}, at::native::templates::cuda::normal_kernel<at::CUDAGeneratorImpl*>(at::TensorBase const&, double, double, at::CUDAGeneratorImpl*)::{lambda()#1}::operator()() const::{lambda()#4}::operator()() const::{lambda(float)#1}>(at::TensorIteratorBase&, at::CUDAGeneratorImpl*, at::native::templates::cuda::normal_and_transform<c10::BFloat16, float, at::CUDAGeneratorImpl*, at::native::templates::cuda::normal_kernel<at::CUDAGeneratorImpl*>(at::TensorBase const&, double, double, at::CUDAGeneratorImpl*)::{lambda()#1}::operator()() const::{lambda()#4}::operator()() const::{lambda(float)#1}>(at::TensorIteratorBase&, at::CUDAGeneratorImpl*, at::native::templates::cuda::normal_kernel<at::CUDAGeneratorImpl*>(at::TensorBase const&, double, double, at::CUDAGeneratorImpl*)::{lambda()#1}::operator()() const::{lambda()#4}::operator()() const::{lambda(float)#1})::{lambda(hiprandStatePhilox4_32_10*)#2} const&, at::native::templates::cuda::normal_kernel<at::CUDAGeneratorImpl*>(at::TensorBase const&, double, double, at::CUDAGeneratorImpl*)::{lambda()#1}::operator()() const::{lambda()#4}::operator()() const::{lambda(float)#1})::{lambda(int, float)#1}>(long, at::PhiloxCudaState, at::native::templates::cuda::normal_and_transform<c10::BFloat16, float, at::CUDAGeneratorImpl*, at::native::templates::cuda::normal_kernel<at::CUDAGeneratorImpl*>(at::TensorBase const&, double, double, at::CUDAGeneratorImpl*)::{lambda()#1}::operator()() const::{lambda()#4}::operator()() const::{lambda(float)#1}>(at::TensorIteratorBase&, at::CUDAGeneratorImpl*, at::native::templates::cuda::normal_kernel<at::CUDAGeneratorImpl*>(at::TensorBase const&, double, double, at::CUDAGeneratorImpl*)::{lambda()#1}::operator()() const::{lambda()#4}::operator()() const::{lambda(float)#1})::{lambda(hiprandStatePhilox4_32_10*)#2}, at::native::(anonymous namespace)::distribution_nullary_kernel<c10::BFloat16, float, HIP_vector_type<float, 4u>, at::CUDAGeneratorImpl*, at::native::templates::cuda::normal_and_transform<c10::BFloat16, float, at::CUDAGeneratorImpl*, at::native::templates::cuda::normal_kernel<at::CUDAGeneratorImpl*>(at::TensorBase const&, double, double, at::CUDAGeneratorImpl*)::{lambda()#1}::operator()() const::{lambda()#4}::operator()() const::{lambda(float)#1}>(at::TensorIteratorBase&, at::CUDAGeneratorImpl*, at::native::templates::cuda::normal_kernel<at::CUDAGeneratorImpl*>(at::TensorBase const&, double, double, at::CUDAGeneratorImpl*)::{lambda()#1}::operator()() const::{lambda()#4}::operator()() const::{lambda(float)#1})::{lambda(hiprandStatePhilox4_32_10*)#2}, at::native::templates::cuda::normal_kernel<at::CUDAGeneratorImpl*>(at::TensorBase const&, double, double, at::CUDAGeneratorImpl*)::{lambda()#1}::operator()() const::{lambda()#4}::operator()() const::{lambda(float)#1}>(at::TensorIteratorBase&, at::CUDAGeneratorImpl*, at::native::templates::cuda::normal_and_transform<c10::BFloat16, float, at::CUDAGeneratorImpl*, at::native::templates::cuda::normal_kernel<at::CUDAGeneratorImpl*>(at::TensorBase const&, double, double, at::CUDAGeneratorImpl*)::{lambda()#1}::operator()() const::{lambda()#4}::operator()() const::{lambda(float)#1}>(at::TensorIteratorBase&, at::CUDAGeneratorImpl*, at::native::templates::cuda::normal_kernel<at::CUDAGeneratorImpl*>(at::TensorBase const&, double, double, at::CUDAGeneratorImpl*)::{lambda()#1}::operator()() const::{lambda()#4}::operator()() const::{lambda(float)#1})::{lambda(hiprandStatePhilox4_32_10*)#2} const&, at::native::templates::cuda::normal_kernel<at::CUDAGeneratorImpl*>(at::TensorBase const&, double, double, at::CUDAGeneratorImpl*)::{lambda()#1}::operator()() const::{lambda()#4}::operator()() const::{lambda(float)#1})::{lambda(int, float)#1})",1,2543704001389857,2543704001544178,0,0,32,0,48,256,1,1,524288,1,1
"KERNEL_DISPATCH","Agent 2",1,0,296578,2,1,"void at::native::(anonymous namespace)::distribution_elementwise_grid_stride_kernel<float, 4, at::native::templates::cuda::normal_and_transform<c10::BFloat16, float, at::CUDAGeneratorImpl*, at::native::templates::cuda::normal_kernel<at::CUDAGeneratorImpl*>(at::TensorBase const&, double, double, at::CUDAGeneratorImpl*)::{lambda()#1}::operator()() const::{lambda()#4}::operator()() const::{lambda(float)#1}>(at::TensorIteratorBase&, at::CUDAGeneratorImpl*, at::native::templates::cuda::normal_kernel<at::CUDAGeneratorImpl*>(at::TensorBase const&, double, double, at::CUDAGeneratorImpl*)::{lambda()#1}::operator()() const::{lambda()#4}::operator()() const::{lambda(float)#1})::{lambda(hiprandStatePhilox4_32_10*)#2}, at::native::(anonymous namespace)::distribution_nullary_kernel<c10::BFloat16, float, HIP_vector_type<float, 4u>, at::CUDAGeneratorImpl*, at::native::templates::cuda::normal_and_transform<c10::BFloat16, float, at::CUDAGeneratorImpl*, at::native::templates::cuda::normal_kernel<at::CUDAGeneratorImpl*>(at::TensorBase const&, double, double, at::CUDAGeneratorImpl*)::{lambda()#1}::operator()() const::{lambda()#4}::operator()() const::{lambda(float)#1}>(at::TensorIteratorBase&, at::CUDAGeneratorImpl*, at::native::templates::cuda::normal_kernel<at::CUDAGeneratorImpl*>(at::TensorBase const&, double, double, at::CUDAGeneratorImpl*)::{lambda()#1}::operator()() const::{lambda()#4}::operator()() const::{lambda(float)#1})::{lambda(hiprandStatePhilox4_32_10*)#2}, at::native::templates::cuda::normal_kernel<at::CUDAGeneratorImpl*>(at::TensorBase const&, double, double, at::CUDAGeneratorImpl*)::{lambda()#1}::operator()() const::{lambda()#4}::operator()() const::{lambda(float)#1}>(at::TensorIteratorBase&, at::CUDAGeneratorImpl*, at::native::templates::cuda::normal_and_transform<c10::BFloat16, float, at::CUDAGeneratorImpl*, at::native::templates::cuda::normal_kernel<at::CUDAGeneratorImpl*>(at::TensorBase const&, double, double, at::CUDAGeneratorImpl*)::{lambda()#1}::operator()() const::{lambda()#4}::operator()() const::{lambda(float)#1}>(at::TensorIteratorBase&, at::CUDAGeneratorImpl*, at::native::templates::cuda::normal_kernel<at::CUDAGeneratorImpl*>(at::TensorBase const&, double, double, at::CUDAGeneratorImpl*)::{lambda()#1}::operator()() const::{lambda()#4}::operator()() const::{lambda(float)#1})::{lambda(hiprandStatePhilox4_32_10*)#2} const&, at::native::templates::cuda::normal_kernel<at::CUDAGeneratorImpl*>(at::TensorBase const&, double, double, at::CUDAGeneratorImpl*)::{lambda()#1}::operator()() const::{lambda()#4}::operator()() const::{lambda(float)#1})::{lambda(int, float)#1}>(long, at::PhiloxCudaState, at::native::templates::cuda::normal_and_transform<c10::BFloat16, float, at::CUDAGeneratorImpl*, at::native::templates::cuda::normal_kernel<at::CUDAGeneratorImpl*>(at::TensorBase const&, double, double, at::CUDAGeneratorImpl*)::{lambda()#1}::operator()() const::{lambda()#4}::operator()() const::{lambda(float)#1}>(at::TensorIteratorBase&, at::CUDAGeneratorImpl*, at::native::templates::cuda::normal_kernel<at::CUDAGeneratorImpl*>(at::TensorBase const&, double, double, at::CUDAGeneratorImpl*)::{lambda()#1}::operator()() const::{lambda()#4}::operator()() const::{lambda(float)#1})::{lambda(hiprandStatePhilox4_32_10*)#2}, at::native::(anonymous namespace)::distribution_nullary_kernel<c10::BFloat16, float, HIP_vector_type<float, 4u>, at::CUDAGeneratorImpl*, at::native::templates::cuda::normal_and_transform<c10::BFloat16, float, at::CUDAGeneratorImpl*, at::native::templates::cuda::normal_kernel<at::CUDAGeneratorImpl*>(at::TensorBase const&, double, double, at::CUDAGeneratorImpl*)::{lambda()#1}::operator()() const::{lambda()#4}::operator()() const::{lambda(float)#1}>(at::TensorIteratorBase&, at::CUDAGeneratorImpl*, at::native::templates::cuda::normal_kernel<at::CUDAGeneratorImpl*>(at::TensorBase const&, double, double, at::CUDAGeneratorImpl*)::{lambda()#1}::operator()() const::{lambda()#4}::operator()() const::{lambda(float)#1})::{lambda(hiprandStatePhilox4_32_10*)#2}, at::native::templates::cuda::normal_kernel<at::CUDAGeneratorImpl*>(at::TensorBase const&, double, double, at::CUDAGeneratorImpl*)::{lambda()#1}::operator()() const::{lambda()#4}::operator()() const::{lambda(float)#1}>(at::TensorIteratorBase&, at::CUDAGeneratorImpl*, at::native::templates::cuda::normal_and_transform<c10::BFloat16, float, at::CUDAGeneratorImpl*, at::native::templates::cuda::normal_kernel<at::CUDAGeneratorImpl*>(at::TensorBase const&, double, double, at::CUDAGeneratorImpl*)::{lambda()#1}::operator()() const::{lambda()#4}::operator()() const::{lambda(float)#1}>(at::TensorIteratorBase&, at::CUDAGeneratorImpl*, at::native::templates::cuda::normal_kernel<at::CUDAGeneratorImpl*>(at::TensorBase const&, double, double, at::CUDAGeneratorImpl*)::{lambda()#1}::operator()() const::{lambda()#4}::operator()() const::{lambda(float)#1})::{lambda(hiprandStatePhilox4_32_10*)#2} const&, at::native::templates::cuda::normal_kernel<at::CUDAGeneratorImpl*>(at::TensorBase const&, double, double, at::CUDAGeneratorImpl*)::{lambda()#1}::operator()() const::{lambda()#4}::operator()() const::{lambda(float)#1})::{lambda(int, float)#1})",2,2543704001667939,2543704001671859,0,0,32,0,48,256,1,1,12288,1,1
"KERNEL_DISPATCH","Agent 2",1,0,296578,3,77,"void at::native::vectorized_elementwise_kernel<8, at::native::AUnaryFunctor<c10::BFloat16, c10::BFloat16, c10::BFloat16, at::native::binary_internal::MulFunctor<float> >, std::array<char*, 2ul> >(int, at::native::AUnaryFunctor<c10::BFloat16, c10::BFloat16, c10::BFloat16, at::native::binary_internal::MulFunctor<float> >, std::array<char*, 2ul>)",3,2543704025942291,2543704025945611,0,0,12,0,32,256,1,1,1536,1,1
"KERNEL_DISPATCH","Agent 2",1,0,296578,4,1,"void at::native::(anonymous namespace)::distribution_elementwise_grid_stride_kernel<float, 4, at::native::templates::cuda::normal_and_transform<c10::BFloat16, float, at::CUDAGeneratorImpl*, at::native::templates::cuda::normal_kernel<at::CUDAGeneratorImpl*>(at::TensorBase const&, double, double, at::CUDAGeneratorImpl*)::{lambda()#1}::operator()() const::{lambda()#4}::operator()() const::{lambda(float)#1}>(at::TensorIteratorBase&, at::CUDAGeneratorImpl*, at::native::templates::cuda::normal_kernel<at::CUDAGeneratorImpl*>(at::TensorBase const&, double, double, at::CUDAGeneratorImpl*)::{lambda()#1}::operator()() const::{lambda()#4}::operator()() const::{lambda(float)#1})::{lambda(hiprandStatePhilox4_32_10*)#2}, at::native::(anonymous namespace)::distribution_nullary_kernel<c10::BFloat16, float, HIP_vector_type<float, 4u>, at::CUDAGeneratorImpl*, at::native::templates::cuda::normal_and_transform<c10::BFloat16, float, at::CUDAGeneratorImpl*, at::native::templates::cuda::normal_kernel<at::CUDAGeneratorImpl*>(at::TensorBase const&, double, double, at::CUDAGeneratorImpl*)::{lambda()#1}::operator()() const::{lambda()#4}::operator()() const::{lambda(float)#1}>(at::TensorIteratorBase&, at::CUDAGeneratorImpl*, at::native::templates::cuda::normal_kernel<at::CUDAGeneratorImpl*>(at::TensorBase const&, double, double, at::CUDAGeneratorImpl*)::{lambda()#1}::operator()() const::{lambda()#4}::operator()() const::{lambda(float)#1})::{lambda(hiprandStatePhilox4_32_10*)#2}, at::native::templates::cuda::normal_kernel<at::CUDAGeneratorImpl*>(at::TensorBase const&, double, double, at::CUDAGeneratorImpl*)::{lambda()#1}::operator()() const::{lambda()#4}::operator()() const::{lambda(float)#1}>(at::TensorIteratorBase&, at::CUDAGeneratorImpl*, at::native::templates::cuda::normal_and_transform<c10::BFloat16, float, at::CUDAGeneratorImpl*, at::native::templates::cuda::normal_kernel<at::CUDAGeneratorImpl*>(at::TensorBase const&, double, double, at::CUDAGeneratorImpl*)::{lambda()#1}::operator()() const::{lambda()#4}::operator()() const::{lambda(float)#1}>(at::TensorIteratorBase&, at::CUDAGeneratorImpl*, at::native::templates::cuda::normal_kernel<at::CUDAGeneratorImpl*>(at::TensorBase const&, double, double, at::CUDAGeneratorImpl*)::{lambda()#1}::operator()() const::{lambda()#4}::operator()() const::{lambda(float)#1})::{lambda(hiprandStatePhilox4_32_10*)#2} const&, at::native::templates::cuda::normal_kernel<at::CUDAGeneratorImpl*>(at::TensorBase const&, double, double, at::CUDAGeneratorImpl*)::{lambda()#1}::operator()() const::{lambda()#4}::operator()() const::{lambda(float)#1})::{lambda(int, float)#1}>(long, at::PhiloxCudaState, at::native::templates::cuda::normal_and_transform<c10::BFloat16, float, at::CUDAGeneratorImpl*, at::native::templates::cuda::normal_kernel<at::CUDAGeneratorImpl*>(at::TensorBase const&, double, double, at::CUDAGeneratorImpl*)::{lambda()#1}::operator()() const::{lambda()#4}::operator()() const::{lambda(float)#1}>(at::TensorIteratorBase&, at::CUDAGeneratorImpl*, at::native::templates::cuda::normal_kernel<at::CUDAGeneratorImpl*>(at::TensorBase const&, double, double, at::CUDAGeneratorImpl*)::{lambda()#1}::operator()() const::{lambda()#4}::operator()() const::{lambda(float)#1})::{lambda(hiprandStatePhilox4_32_10*)#2}, at::native::(anonymous namespace)::distribution_nullary_kernel<c10::BFloat16, float, HIP_vector_type<float, 4u>, at::CUDAGeneratorImpl*, at::native::templates::cuda::normal_and_transform<c10::BFloat16, float, at::CUDAGeneratorImpl*, at::native::templates::cuda::normal_kernel<at::CUDAGeneratorImpl*>(at::TensorBase const&, double, double, at::CUDAGeneratorImpl*)::{lambda()#1}::operator()() const::{lambda()#4}::operator()() const::{lambda(float)#1}>(at::TensorIteratorBase&, at::CUDAGeneratorImpl*, at::native::templates::cuda::normal_kernel<at::CUDAGeneratorImpl*>(at::TensorBase const&, double, double, at::CUDAGeneratorImpl*)::{lambda()#1}::operator()() const::{lambda()#4}::operator()() const::{lambda(float)#1})::{lambda(hiprandStatePhilox4_32_10*)#2}, at::native::templates::cuda::normal_kernel<at::CUDAGeneratorImpl*>(at::TensorBase const&, double, double, at::CUDAGeneratorImpl*)::{lambda()#1}::operator()() const::{lambda()#4}::operator()() const::{lambda(float)#1}>(at::TensorIteratorBase&, at::CUDAGeneratorImpl*, at::native::templates::cuda::normal_and_transform<c10::BFloat16, float, at::CUDAGeneratorImpl*, at::native::templates::cuda::normal_kernel<at::CUDAGeneratorImpl*>(at::TensorBase const&, double, double, at::CUDAGeneratorImpl*)::{lambda()#1}::operator()() const::{lambda()#4}::operator()() const::{lambda(float)#1}>(at::TensorIteratorBase&, at::CUDAGeneratorImpl*, at::native::templates::cuda::normal_kernel<at::CUDAGeneratorImpl*>(at::TensorBase const&, double, double, at::CUDAGeneratorImpl*)::{lambda()#1}::operator()() const::{lambda()#4}::operator()() const::{lambda(float)#1})::{lambda(hiprandStatePhilox4_32_10*)#2} const&, at::native::templates::cuda::normal_kernel<at::CUDAGeneratorImpl*>(at::TensorBase const&, double, double, at::CUDAGeneratorImpl*)::{lambda()#1}::operator()() const::{lambda()#4}::operator()() const::{lambda(float)#1})::{lambda(int, float)#1})",4,2543704026100732,2543704026127052,0,0,32,0,48,256,1,1,524288,1,1
"KERNEL_DISPATCH","Agent 2",1,0,296578,5,23,"__amd_rocclr_copyBuffer",5,2543704026214453,2543704026223453,0,0,8,0,32,512,1,1,131072,1,1
"KERNEL_DISPATCH","Agent 2",1,0,296578,6,300,"void at::native::vectorized_elementwise_kernel<4, at::native::FillFunctor<long>, std::array<char*, 1ul> >(int, at::native::FillFunctor<long>, std::array<char*, 1ul>)",6,2543704036860221,2543704036862461,0,0,8,0,32,256,1,1,256,1,1
"KERNEL_DISPATCH","Agent 2",1,0,296578,7,419,"void (anonymous namespace)::elementwise_kernel_with_index<int, at::native::arange_cuda_out(c10::Scalar const&, c10::Scalar const&, c10::Scalar const&, at::Tensor&)::{lambda()#1}::operator()() const::{lambda()#4}::operator()() const::{lambda(long)#1}>(int, at::native::arange_cuda_out(c10::Scalar const&, c10::Scalar const&, c10::Scalar const&, at::Tensor&)::{lambda()#1}::operator()() const::{lambda()#4}::operator()() const::{lambda(long)#1}, function_traits<at::native::arange_cuda_out(c10::Scalar const&, c10::Scalar const&, c10::Scalar const&, at::Tensor&)::{lambda()#1}::operator()() const::{lambda()#4}::operator()() const::{lambda(long)#1}>::result_type*)",7,2543704043882650,2543704043886290,0,0,4,0,16,128,1,1,1280,1,1
"KERNEL_DISPATCH","Agent 2",1,0,296578,8,539,"void at::native::(anonymous namespace)::distribution_elementwise_grid_stride_kernel<unsigned long, 2, at::native::templates::cuda::random_from_to_kernel<at::CUDAGeneratorImpl*>(at::TensorIteratorBase&, unsigned long, long, at::CUDAGeneratorImpl*)::{lambda()#1}::operator()() const::{lambda()#3}::operator()() const::{lambda(hiprandStatePhilox4_32_10*)#1}, at::native::(anonymous namespace)::distribution_nullary_kernel<int, unsigned long, HIP_vector_type<unsigned long long, 2u>, at::CUDAGeneratorImpl*, at::native::templates::cuda::random_from_to_kernel<at::CUDAGeneratorImpl*>(at::TensorIteratorBase&, unsigned long, long, at::CUDAGeneratorImpl*)::{lambda()#1}::operator()() const::{lambda()#3}::operator()() const::{lambda(hiprandStatePhilox4_32_10*)#1}, at::native::templates::cuda::random_from_to_kernel<at::CUDAGeneratorImpl*>(at::TensorIteratorBase&, unsigned long, long, at::CUDAGeneratorImpl*)::{lambda()#1}::operator()() const::{lambda()#3}::operator()() const::{lambda(unsigned long)#1}>(at::TensorIteratorBase&, at::CUDAGeneratorImpl*, at::native::templates::cuda::random_from_to_kernel<at::CUDAGeneratorImpl*>(at::TensorIteratorBase&, unsigned long, long, at::CUDAGeneratorImpl*)::{lambda()#1}::operator()() const::{lambda()#3}::operator()() const::{lambda(hiprandStatePhilox4_32_10*)#1} const&, at::native::templates::cuda::random_from_to_kernel<at::CUDAGeneratorImpl*>(at::TensorIteratorBase&, unsigned long, long, at::CUDAGeneratorImpl*)::{lambda()#1}::operator()() const::{lambda()#3}::operator()() const::{lambda(unsigned long)#1})::{lambda(int, unsigned long)#1}>(long, at::PhiloxCudaState, at::native::templates::cuda::random_from_to_kernel<at::CUDAGeneratorImpl*>(at::TensorIteratorBase&, unsigned long, long, at::CUDAGeneratorImpl*)::{lambda()#1}::operator()() const::{lambda()#3}::operator()() const::{lambda(hiprandStatePhilox4_32_10*)#1}, at::native::(anonymous namespace)::distribution_nullary_kernel<int, unsigned long, HIP_vector_type<unsigned long long, 2u>, at::CUDAGeneratorImpl*, at::native::templates::cuda::random_from_to_kernel<at::CUDAGeneratorImpl*>(at::TensorIteratorBase&, unsigned long, long, at::CUDAGeneratorImpl*)::{lambda()#1}::operator()() const::{lambda()#3}::operator()() const::{lambda(hiprandStatePhilox4_32_10*)#1}, at::native::templates::cuda::random_from_to_kernel<at::CUDAGeneratorImpl*>(at::TensorIteratorBase&, unsigned long, long, at::CUDAGeneratorImpl*)::{lambda()#1}::operator()() const::{lambda()#3}::operator()() const::{lambda(unsigned long)#1}>(at::TensorIteratorBase&, at::CUDAGeneratorImpl*, at::native::templates::cuda::random_from_to_kernel<at::CUDAGeneratorImpl*>(at::TensorIteratorBase&, unsigned long, long, at::CUDAGeneratorImpl*)::{lambda()#1}::operator()() const::{lambda()#3}::operator()() const::{lambda(hiprandStatePhilox4_32_10*)#1} const&, at::native::templates::cuda::random_from_to_kernel<at::CUDAGeneratorImpl*>(at::TensorIteratorBase&, unsigned long, long, at::CUDAGeneratorImpl*)::{lambda()#1}::operator()() const::{lambda()#3}::operator()() const::{lambda(unsigned long)#1})::{lambda(int, unsigned long)#1})",8,2543704069500591,2543704069505871,0,0,32,0,48,256,1,1,1280,1,1
"KERNEL_DISPATCH","Agent 2",1,0,296578,9,2432,"void rocprim::ROCPRIM_400200_NS::detail::trampoline_kernel<rocprim::ROCPRIM_400200_NS::detail::wrapped_radix_sort_block_sort_config<rocprim::ROCPRIM_400200_NS::kernel_config<256u, 4u, 4294967295u>, int, at::cuda::cub::detail::OpaqueType<8> >, (rocprim::ROCPRIM_400200_NS::detail::target_arch)950, rocprim::ROCPRIM_400200_NS::detail::radix_sort_block_sort<rocprim::ROCPRIM_400200_NS::kernel_config<256u, 4u, 4294967295u>, false, int const*, int*, at::cuda::cub::detail::OpaqueType<8> const*, at::cuda::cub::detail::OpaqueType<8>*, rocprim::ROCPRIM_400200_NS::identity_decomposer>(int const*, int*, at::cuda::cub::detail::OpaqueType<8> const*, at::cuda::cub::detail::OpaqueType<8>*, unsigned int, unsigned int&, rocprim::ROCPRIM_400200_NS::identity_decomposer, unsigned int, unsigned int, ihipStream_t*, bool)::{lambda(auto:1)#1}, rocprim::ROCPRIM_400200_NS::detail::radix_sort_config_selector>(rocprim::ROCPRIM_400200_NS::detail::radix_sort_block_sort<rocprim::ROCPRIM_400200_NS::kernel_config<256u, 4u, 4294967295u>, false, int const*, int*, at::cuda::cub::detail::OpaqueType<8> const*, at::cuda::cub::detail::OpaqueType<8>*, rocprim::ROCPRIM_400200_NS::identity_decomposer>(int const*, int*, at::cuda::cub::detail::OpaqueType<8> const*, at::cuda::cub::detail::OpaqueType<8>*, unsigned int, unsigned int&, rocprim::ROCPRIM_400200_NS::identity_decomposer, unsigned int, unsigned int, ihipStream_t*, bool)::{lambda(auto:1)#1})",9,2543704649648260,2543704649657620,8192,0,24,0,64,256,1,1,512,1,1
"KERNEL_DISPATCH","Agent 2",1,0,296578,10,1982,"void rocprim::ROCPRIM_400200_NS::detail::trampoline_kernel<rocprim::ROCPRIM_400200_NS::detail::wrapped_merge_sort_block_merge_config<rocprim::ROCPRIM_400200_NS::default_config, int, at::cuda::cub::detail::OpaqueType<8> >, (rocprim::ROCPRIM_400200_NS::detail::target_arch)950, rocprim::ROCPRIM_400200_NS::detail::merge_sort_block_merge_impl<rocprim::ROCPRIM_400200_NS::default_config, int*, at::cuda::cub::detail::OpaqueType<8>*, unsigned int, rocprim::ROCPRIM_400200_NS::detail::radix_merge_compare<false, true, int, rocprim::ROCPRIM_400200_NS::identity_decomposer> >(int*, at::cuda::cub::detail::OpaqueType<8>*, unsigned int, unsigned int, rocprim::ROCPRIM_400200_NS::detail::radix_merge_compare<false, true, int, rocprim::ROCPRIM_400200_NS::identity_decomposer>, ihipStream_t*, bool, std::iterator_traits<int*>::value_type*, std::iterator_traits<at::cuda::cub::detail::OpaqueType<8>*>::value_type*, unsigned int*, rocprim::ROCPRIM_400200_NS::detail::vsmem_t)::{lambda(auto:1, auto:2, auto:3, auto:4)#1}::operator()<int*, int*, at::cuda::cub::detail::OpaqueType<8>*, at::cuda::cub::detail::OpaqueType<8>*>(int*, int*, at::cuda::cub::detail::OpaqueType<8>*, at::cuda::cub::detail::OpaqueType<8>*) const::{lambda(auto:1)#3}, rocprim::ROCPRIM_400200_NS::detail::merge_oddeven_config_selector>(rocprim::ROCPRIM_400200_NS::detail::merge_sort_block_merge_impl<rocprim::ROCPRIM_400200_NS::default_config, int*, at::cuda::cub::detail::OpaqueType<8>*, unsigned int, rocprim::ROCPRIM_400200_NS::detail::radix_merge_compare<false, true, int, rocprim::ROCPRIM_400200_NS::identity_decomposer> >(int*, at::cuda::cub::detail::OpaqueType<8>*, unsigned int, unsigned int, rocprim::ROCPRIM_400200_NS::detail::radix_merge_compare<false, true, int, rocprim::ROCPRIM_400200_NS::identity_decomposer>, ihipStream_t*, bool, std::iterator_traits<int*>::value_type*, std::iterator_traits<at::cuda::cub::detail::OpaqueType<8>*>::value_type*, unsigned int*, rocprim::ROCPRIM_400200_NS::detail::vsmem_t)::{lambda(auto:1, auto:2, auto:3, auto:4)#1}::operator()<int*, int*, at::cuda::cub::detail::OpaqueType<8>*, at::cuda::cub::detail::OpaqueType<8>*>(int*, int*, at::cuda::cub::detail::OpaqueType<8>*, at::cuda::cub::detail::OpaqueType<8>*) const::{lambda(auto:1)#3})",10,2543704649679660,2543704649684940,0,0,8,0,32,128,1,1,1280,1,1
"KERNEL_DISPATCH","Agent 2",1,0,296578,11,7214,"void rocprim::ROCPRIM_400200_NS::detail::trampoline_kernel<rocprim::ROCPRIM_400200_NS::detail::wrapped_transform_config<rocprim::ROCPRIM_400200_NS::default_config, int, true>, (rocprim::ROCPRIM_400200_NS::detail::target_arch)950, rocprim::ROCPRIM_400200_NS::detail::transform_impl<true, rocprim::ROCPRIM_400200_NS::default_config, int*, int*, rocprim::ROCPRIM_400200_NS::identity<int> >(int*, int*, unsigned long, rocprim::ROCPRIM_400200_NS::identity<int>, ihipStream_t*, bool)::{lambda(auto:1)#1}, rocprim::ROCPRIM_400200_NS::detail::default_config_selector>(rocprim::ROCPRIM_400200_NS::detail::transform_impl<true, rocprim::ROCPRIM_400200_NS::default_config, int*, int*, rocprim::ROCPRIM_400200_NS::identity<int> >(int*, int*, unsigned long, rocprim::ROCPRIM_400200_NS::identity<int>, ihipStream_t*, bool)::{lambda(auto:1)#1})",11,2543705447530640,2543705447533280,0,0,4,0,32,256,1,1,512,1,1
"KERNEL_DISPATCH","Agent 2",1,0,296578,12,8568,"void rocprim::ROCPRIM_400200_NS::detail::trampoline_kernel<rocprim::ROCPRIM_400200_NS::detail::wrapped_transform_config<rocprim::ROCPRIM_400200_NS::default_config, at::cuda::cub::detail::OpaqueType<8>, true>, (rocprim::ROCPRIM_400200_NS::detail::target_arch)950, rocprim::ROCPRIM_400200_NS::detail::transform_impl<true, rocprim::ROCPRIM_400200_NS::default_config, at::cuda::cub::detail::OpaqueType<8>*, at::cuda::cub::detail::OpaqueType<8>*, rocprim::ROCPRIM_400200_NS::identity<at::cuda::cub::detail::OpaqueType<8> > >(at::cuda::cub::detail::OpaqueType<8>*, at::cuda::cub::detail::OpaqueType<8>*, unsigned long, rocprim::ROCPRIM_400200_NS::identity<at::cuda::cub::detail::OpaqueType<8> >, ihipStream_t*, bool)::{lambda(auto:1)#1}, rocprim::ROCPRIM_400200_NS::detail::default_config_selector>(rocprim::ROCPRIM_400200_NS::detail::transform_impl<true, rocprim::ROCPRIM_400200_NS::default_config, at::cuda::cub::detail::OpaqueType<8>*, at::cuda::cub::detail::OpaqueType<8>*, rocprim::ROCPRIM_400200_NS::identity<at::cuda::cub::detail::OpaqueType<8> > >(at::cuda::cub::detail::OpaqueType<8>*, at::cuda::cub::detail::OpaqueType<8>*, unsigned long, rocprim::ROCPRIM_400200_NS::identity<at::cuda::cub::detail::OpaqueType<8> >, ihipStream_t*, bool)::{lambda(auto:1)#1})",12,2543705500804233,2543705500807473,0,0,8,0,32,256,1,1,768,1,1
"KERNEL_DISPATCH","Agent 2",1,0,296578,13,8712,"void (anonymous namespace)::randperm_handle_duplicate_keys_kernel<int, at::native::(anonymous namespace)::OpaqueType<8> >(int*, at::native::(anonymous namespace)::OpaqueType<8>*, int, int, at::PhiloxCudaState)",13,2543705503709017,2543705503711697,65536,0,32,0,32,512,1,1,1536,1,1
"KERNEL_DISPATCH","Agent 2",1,0,296578,14,23,"__amd_rocclr_copyBuffer",14,2543705503984260,2543705503989300,0,0,8,0,32,512,1,1,512,1,1
"KERNEL_DISPATCH","Agent 2",1,0,296578,15,23,"__amd_rocclr_copyBuffer",15,2543705504030460,2543705504033860,0,0,8,0,32,512,1,1,512,1,1
"KERNEL_DISPATCH","Agent 2",1,0,296578,16,8717,"_causal_conv1d_fwd_kernel",16,2543706639556606,2543706639757447,0,0,20,0,48,256,1,1,256,4096,12
"KERNEL_DISPATCH","Agent 2",1,0,296578,17,23,"__amd_rocclr_copyBuffer",17,2543706639757447,2543706639836887,0,0,8,0,32,512,1,1,131072,1,1
"KERNEL_DISPATCH","Agent 2",1,0,296578,18,23,"__amd_rocclr_copyBuffer",18,2543706639836887,2543706639848527,0,0,8,0,32,512,1,1,131072,1,1
"KERNEL_DISPATCH","Agent 2",1,0,296578,19,23,"__amd_rocclr_copyBuffer",19,2543706639848287,2543706639859087,0,0,8,0,32,512,1,1,131072,1,1
"KERNEL_DISPATCH","Agent 2",1,0,296578,20,8718,"kernel_0",20,2543707528151873,2543707528346274,0,0,12,0,32,128,1,1,262144,1,24
"KERNEL_DISPATCH","Agent 2",1,0,296578,21,8766,"void at::native::vectorized_elementwise_kernel<8, at::native::AbsFunctor<c10::BFloat16>, std::array<char*, 2ul> >(int, at::native::AbsFunctor<c10::BFloat16>, std::array<char*, 2ul>)",21,2543707537383810,2543707537458090,0,0,12,0,32,256,1,1,12582912,1,1
"KERNEL_DISPATCH","Agent 2",1,0,296578,22,8988,"void at::native::vectorized_elementwise_kernel<8, at::native::AUnaryFunctor<c10::BFloat16, c10::BFloat16, bool, at::native::(anonymous namespace)::CompareEqFunctor<c10::BFloat16> >, std::array<char*, 2ul> >(int, at::native::AUnaryFunctor<c10::BFloat16, c10::BFloat16, bool, at::native::(anonymous namespace)::CompareEqFunctor<c10::BFloat16> >, std::array<char*, 2ul>)",22,2543707575705123,2543707575778644,0,0,16,0,32,256,1,1,6291456,1,1
"KERNEL_DISPATCH","Agent 2",1,0,296578,23,9013,"void at::native::vectorized_elementwise_kernel<8, at::native::BinaryFunctor<c10::BFloat16, c10::BFloat16, bool, at::native::(anonymous namespace)::CompareEqFunctor<c10::BFloat16> >, std::array<char*, 3ul> >(int, at::native::BinaryFunctor<c10::BFloat16, c10::BFloat16, bool, at::native::(anonymous namespace)::CompareEqFunctor<c10::BFloat16> >, std::array<char*, 3ul>)",23,2543707575842564,2543707575911445,0,0,20,0,32,256,1,1,6291456,1,1
"KERNEL_DISPATCH","Agent 2",1,0,296578,24,74,"void at::native::vectorized_elementwise_kernel<16, at::native::BinaryFunctor<bool, bool, bool, at::native::binary_internal::MulFunctor<bool> >, std::array<char*, 3ul> >(int, at::native::BinaryFunctor<bool, bool, bool, at::native::binary_internal::MulFunctor<bool> >, std::array<char*, 3ul>)",24,2543707575911445,2543707575975845,0,0,20,0,80,256,1,1,6291456,1,1
"KERNEL_DISPATCH","Agent 2",1,0,296578,25,26,"__amd_rocclr_fillBufferAligned",25,2543707576061406,2543707576063686,0,0,8,0,48,256,1,1,256,1,1
"KERNEL_DISPATCH","Agent 2",1,0,296578,26,9185,"void at::native::reduce_kernel<512, 1, at::native::ReduceOp<bool, at::native::func_wrapper_t<bool, at::native::and_kernel_cuda(at::TensorIterator&)::{lambda()#1}::operator()() const::{lambda()#12}::operator()() const::{lambda(bool, bool)#1}>, unsigned int, bool, 4, 4> >(at::native::ReduceOp<bool, at::native::func_wrapper_t<bool, at::native::and_kernel_cuda(at::TensorIterator&)::{lambda()#1}::operator()() const::{lambda()#12}::operator()() const::{lambda(bool, bool)#1}>, unsigned int, bool, 4, 4>)",26,2543707589179887,2543707589272928,512,12,16,0,80,512,1,1,512,256,1
"KERNEL_DISPATCH","Agent 2",1,0,296578,27,23,"__amd_rocclr_copyBuffer",27,2543707589272928,2543707589277128,0,0,8,0,32,512,1,1,512,1,1
"KERNEL_DISPATCH","Agent 2",1,0,296578,28,8766,"void at::native::vectorized_elementwise_kernel<8, at::native::AbsFunctor<c10::BFloat16>, std::array<char*, 2ul> >(int, at::native::AbsFunctor<c10::BFloat16>, std::array<char*, 2ul>)",28,2543707589357048,2543707589426169,0,0,12,0,32,256,1,1,12582912,1,1
"KERNEL_DISPATCH","Agent 2",1,0,296578,29,8988,"void at::native::vectorized_elementwise_kernel<8, at::native::AUnaryFunctor<c10::BFloat16, c10::BFloat16, bool, at::native::(anonymous namespace)::CompareEqFunctor<c10::BFloat16> >, std::array<char*, 2ul> >(int, at::native::AUnaryFunctor<c10::BFloat16, c10::BFloat16, bool, at::native::(anonymous namespace)::CompareEqFunctor<c10::BFloat16> >, std::array<char*, 2ul>)",29,2543707589426169,2543707589495050,0,0,16,0,32,256,1,1,6291456,1,1
"KERNEL_DISPATCH","Agent 2",1,0,296578,30,9013,"void at::native::vectorized_elementwise_kernel<8, at::native::BinaryFunctor<c10::BFloat16, c10::BFloat16, bool, at::native::(anonymous namespace)::CompareEqFunctor<c10::BFloat16> >, std::array<char*, 3ul> >(int, at::native::BinaryFunctor<c10::BFloat16, c10::BFloat16, bool, at::native::(anonymous namespace)::CompareEqFunctor<c10::BFloat16> >, std::array<char*, 3ul>)",30,2543707589495050,2543707589557170,0,0,20,0,32,256,1,1,6291456,1,1
"KERNEL_DISPATCH","Agent 2",1,0,296578,31,74,"void at::native::vectorized_elementwise_kernel<16, at::native::BinaryFunctor<bool, bool, bool, at::native::binary_internal::MulFunctor<bool> >, std::array<char*, 3ul> >(int, at::native::BinaryFunctor<bool, bool, bool, at::native::binary_internal::MulFunctor<bool> >, std::array<char*, 3ul>)",31,2543707589557170,2543707589618371,0,0,20,0,80,256,1,1,6291456,1,1
"KERNEL_DISPATCH","Agent 2",1,0,296578,32,26,"__amd_rocclr_fillBufferAligned",32,2543707589618242,2543707589623482,0,0,8,0,48,256,1,1,256,1,1
"KERNEL_DISPATCH","Agent 2",1,0,296578,33,9185,"void at::native::reduce_kernel<512, 1, at::native::ReduceOp<bool, at::native::func_wrapper_t<bool, at::native::and_kernel_cuda(at::TensorIterator&)::{lambda()#1}::operator()() const::{lambda()#12}::operator()() const::{lambda(bool, bool)#1}>, unsigned int, bool, 4, 4> >(at::native::ReduceOp<bool, at::native::func_wrapper_t<bool, at::native::and_kernel_cuda(at::TensorIterator&)::{lambda()#1}::operator()() const::{lambda()#12}::operator()() const::{lambda(bool, bool)#1}>, unsigned int, bool, 4, 4>)",33,2543707589623611,2543707589711691,512,12,16,0,80,512,1,1,512,256,1
"KERNEL_DISPATCH","Agent 2",1,0,296578,34,23,"__amd_rocclr_copyBuffer",34,2543707589711461,2543707589715621,0,0,8,0,32,512,1,1,512,1,1
"KERNEL_DISPATCH","Agent 2",1,0,296578,35,8766,"void at::native::vectorized_elementwise_kernel<8, at::native::AbsFunctor<c10::BFloat16>, std::array<char*, 2ul> >(int, at::native::AbsFunctor<c10::BFloat16>, std::array<char*, 2ul>)",35,2543707589738732,2543707589751492,0,0,12,0,32,256,1,1,1432064,1,1
"KERNEL_DISPATCH","Agent 2",1,0,296578,36,8988,"void at::native::vectorized_elementwise_kernel<8, at::native::AUnaryFunctor<c10::BFloat16, c10::BFloat16, bool, at::native::(anonymous namespace)::CompareEqFunctor<c10::BFloat16> >, std::array<char*, 2ul> >(int, at::native::AUnaryFunctor<c10::BFloat16, c10::BFloat16, bool, at::native::(anonymous namespace)::CompareEqFunctor<c10::BFloat16> >, std::array<char*, 2ul>)",36,2543707589751492,2543707589761732,0,0,16,0,32,256,1,1,716032,1,1
"KERNEL_DISPATCH","Agent 2",1,0,296578,37,9013,"void at::native::vectorized_elementwise_kernel<8, at::native::BinaryFunctor<c10::BFloat16, c10::BFloat16, bool, at::native::(anonymous namespace)::CompareEqFunctor<c10::BFloat16> >, std::array<char*, 3ul> >(int, at::native::BinaryFunctor<c10::BFloat16, c10::BFloat16, bool, at::native::(anonymous namespace)::CompareEqFunctor<c10::BFloat16> >, std::array<char*, 3ul>)",37,2543707589761732,2543707589771692,0,0,20,0,32,256,1,1,716032,1,1
"KERNEL_DISPATCH","Agent 2",1,0,296578,38,74,"void at::native::vectorized_elementwise_kernel<16, at::native::BinaryFunctor<bool, bool, bool, at::native::binary_internal::MulFunctor<bool> >, std::array<char*, 3ul> >(int, at::native::BinaryFunctor<bool, bool, bool, at::native::binary_internal::MulFunctor<bool> >, std::array<char*, 3ul>)",38,2543707589771692,2543707589782412,0,0,20,0,80,256,1,1,716032,1,1
"KERNEL_DISPATCH","Agent 2",1,0,296578,39,26,"__amd_rocclr_fillBufferAligned",39,2543707589782412,2543707589787492,0,0,8,0,48,256,1,1,256,1,1
"KERNEL_DISPATCH","Agent 2",1,0,296578,40,9185,"void at::native::reduce_kernel<512, 1, at::native::ReduceOp<bool, at::native::func_wrapper_t<bool, at::native::and_kernel_cuda(at::TensorIterator&)::{lambda()#1}::operator()() const::{lambda()#12}::operator()() const::{lambda(bool, bool)#1}>, unsigned int, bool, 4, 4> >(at::native::ReduceOp<bool, at::native::func_wrapper_t<bool, at::native::and_kernel_cuda(at::TensorIterator&)::{lambda()#1}::operator()() const::{lambda()#12}::operator()() const::{lambda(bool, bool)#1}>, unsigned int, bool, 4, 4>)",40,2543707589787471,2543707589803791,512,12,16,0,80,512,1,1,512,256,1
"KERNEL_DISPATCH","Agent 2",1,0,296578,41,23,"__amd_rocclr_copyBuffer",41,2543707589803600,2543707589807760,0,0,8,0,32,512,1,1,512,1,1
"KERNEL_DISPATCH","Agent 2",1,0,296578,42,8766,"void at::native::vectorized_elementwise_kernel<8, at::native::AbsFunctor<c10::BFloat16>, std::array<char*, 2ul> >(int, at::native::AbsFunctor<c10::BFloat16>, std::array<char*, 2ul>)",42,2543707589828059,2543707589839380,0,0,12,0,32,256,1,1,1432064,1,1
"KERNEL_DISPATCH","Agent 2",1,0,296578,43,8988,"void at::native::vectorized_elementwise_kernel<8, at::native::AUnaryFunctor<c10::BFloat16, c10::BFloat16, bool, at::native::(anonymous namespace)::CompareEqFunctor<c10::BFloat16> >, std::array<char*, 2ul> >(int, at::native::AUnaryFunctor<c10::BFloat16, c10::BFloat16, bool, at::native::(anonymous namespace)::CompareEqFunctor<c10::BFloat16> >, std::array<char*, 2ul>)",43,2543707589839453,2543707589850133,0,0,16,0,32,256,1,1,716032,1,1
"KERNEL_DISPATCH","Agent 2",1,0,296578,44,9013,"void at::native::vectorized_elementwise_kernel<8, at::native::BinaryFunctor<c10::BFloat16, c10::BFloat16, bool, at::native::(anonymous namespace)::CompareEqFunctor<c10::BFloat16> >, std::array<char*, 3ul> >(int, at::native::BinaryFunctor<c10::BFloat16, c10::BFloat16, bool, at::native::(anonymous namespace)::CompareEqFunctor<c10::BFloat16> >, std::array<char*, 3ul>)",44,2543707589850133,2543707589859613,0,0,20,0,32,256,1,1,716032,1,1
"KERNEL_DISPATCH","Agent 2",1,0,296578,45,74,"void at::native::vectorized_elementwise_kernel<16, at::native::BinaryFunctor<bool, bool, bool, at::native::binary_internal::MulFunctor<bool> >, std::array<char*, 3ul> >(int, at::native::BinaryFunctor<bool, bool, bool, at::native::binary_internal::MulFunctor<bool> >, std::array<char*, 3ul>)",45,2543707589859530,2543707589869170,0,0,20,0,80,256,1,1,716032,1,1
"KERNEL_DISPATCH","Agent 2",1,0,296578,46,26,"__amd_rocclr_fillBufferAligned",46,2543707589869253,2543707589874413,0,0,8,0,48,256,1,1,256,1,1
"KERNEL_DISPATCH","Agent 2",1,0,296578,47,9185,"void at::native::reduce_kernel<512, 1, at::native::ReduceOp<bool, at::native::func_wrapper_t<bool, at::native::and_kernel_cuda(at::TensorIterator&)::{lambda()#1}::operator()() const::{lambda()#12}::operator()() const::{lambda(bool, bool)#1}>, unsigned int, bool, 4, 4> >(at::native::ReduceOp<bool, at::native::func_wrapper_t<bool, at::native::and_kernel_cuda(at::TensorIterator&)::{lambda()#1}::operator()() const::{lambda()#12}::operator()() const::{lambda(bool, bool)#1}>, unsigned int, bool, 4, 4>)",47,2543707589874413,2543707589890853,512,12,16,0,80,512,1,1,512,256,1
"KERNEL_DISPATCH","Agent 2",1,0,296578,48,23,"__amd_rocclr_copyBuffer",48,2543707589890760,2543707589896480,0,0,8,0,32,512,1,1,512,1,1
"KERNEL_DISPATCH","Agent 2",1,0,296578,49,9013,"void at::native::vectorized_elementwise_kernel<8, at::native::BinaryFunctor<c10::BFloat16, c10::BFloat16, bool, at::native::(anonymous namespace)::CompareEqFunctor<c10::BFloat16> >, std::array<char*, 3ul> >(int, at::native::BinaryFunctor<c10::BFloat16, c10::BFloat16, bool, at::native::(anonymous namespace)::CompareEqFunctor<c10::BFloat16> >, std::array<char*, 3ul>)",49,2543707590446498,2543707590556139,0,0,20,0,32,256,1,1,6291456,1,1
"KERNEL_DISPATCH","Agent 2",1,0,296578,50,77,"void at::native::vectorized_elementwise_kernel<8, at::native::AUnaryFunctor<c10::BFloat16, c10::BFloat16, c10::BFloat16, at::native::binary_internal::MulFunctor<float> >, std::array<char*, 2ul> >(int, at::native::AUnaryFunctor<c10::BFloat16, c10::BFloat16, c10::BFloat16, at::native::binary_internal::MulFunctor<float> >, std::array<char*, 2ul>)",50,2543707590556139,2543707590627179,0,0,12,0,32,256,1,1,12582912,1,1
"KERNEL_DISPATCH","Agent 2",1,0,296578,51,8766,"void at::native::vectorized_elementwise_kernel<8, at::native::AbsFunctor<c10::BFloat16>, std::array<char*, 2ul> >(int, at::native::AbsFunctor<c10::BFloat16>, std::array<char*, 2ul>)",51,2543707590627179,2543707590712140,0,0,12,0,32,256,1,1,12582912,1,1
"KERNEL_DISPATCH","Agent 2",1,0,296578,52,9457,"void at::native::vectorized_elementwise_kernel<8, at::native::CUDAFunctorOnSelf_add<c10::BFloat16>, std::array<char*, 2ul> >(int, at::native::CUDAFunctorOnSelf_add<c10::BFloat16>, std::array<char*, 2ul>)",52,2543707616407738,2543707616490378,0,0,12,0,32,256,1,1,12582912,1,1
"KERNEL_DISPATCH","Agent 2",1,0,296578,53,9236,"void at::native::vectorized_elementwise_kernel<8, at::native::CUDAFunctor_add<c10::BFloat16>, std::array<char*, 3ul> >(int, at::native::CUDAFunctor_add<c10::BFloat16>, std::array<char*, 3ul>)",53,2543707616490378,2543707616620779,0,0,12,0,32,256,1,1,12582912,1,1
"KERNEL_DISPATCH","Agent 2",1,0,296578,54,8766,"void at::native::vectorized_elementwise_kernel<8, at::native::AbsFunctor<c10::BFloat16>, std::array<char*, 2ul> >(int, at::native::AbsFunctor<c10::BFloat16>, std::array<char*, 2ul>)",54,2543707616620779,2543707616698579,0,0,12,0,32,256,1,1,12582912,1,1
"KERNEL_DISPATCH","Agent 2",1,0,296578,55,8766,"void at::native::vectorized_elementwise_kernel<8, at::native::AbsFunctor<c10::BFloat16>, std::array<char*, 2ul> >(int, at::native::AbsFunctor<c10::BFloat16>, std::array<char*, 2ul>)",55,2543707616698579,2543707616783020,0,0,12,0,32,256,1,1,12582912,1,1
"KERNEL_DISPATCH","Agent 2",1,0,296578,56,8988,"void at::native::vectorized_elementwise_kernel<8, at::native::AUnaryFunctor<c10::BFloat16, c10::BFloat16, bool, at::native::(anonymous namespace)::CompareEqFunctor<c10::BFloat16> >, std::array<char*, 2ul> >(int, at::native::AUnaryFunctor<c10::BFloat16, c10::BFloat16, bool, at::native::(anonymous namespace)::CompareEqFunctor<c10::BFloat16> >, std::array<char*, 2ul>)",56,2543707616783020,2543707616854661,0,0,16,0,32,256,1,1,6291456,1,1
"KERNEL_DISPATCH","Agent 2",1,0,296578,57,9013,"void at::native::vectorized_elementwise_kernel<8, at::native::BinaryFunctor<c10::BFloat16, c10::BFloat16, bool, at::native::(anonymous namespace)::CompareEqFunctor<c10::BFloat16> >, std::array<char*, 3ul> >(int, at::native::BinaryFunctor<c10::BFloat16, c10::BFloat16, bool, at::native::(anonymous namespace)::CompareEqFunctor<c10::BFloat16> >, std::array<char*, 3ul>)",57,2543707616854661,2543707616922421,0,0,20,0,32,256,1,1,6291456,1,1
"KERNEL_DISPATCH","Agent 2",1,0,296578,58,74,"void at::native::vectorized_elementwise_kernel<16, at::native::BinaryFunctor<bool, bool, bool, at::native::binary_internal::MulFunctor<bool> >, std::array<char*, 3ul> >(int, at::native::BinaryFunctor<bool, bool, bool, at::native::binary_internal::MulFunctor<bool> >, std::array<char*, 3ul>)",58,2543707616922421,2543707616984102,0,0,20,0,80,256,1,1,6291456,1,1
"KERNEL_DISPATCH","Agent 2",1,0,296578,59,9554,"void at::native::vectorized_elementwise_kernel<8, at::native::(anonymous namespace)::CompareFunctor<c10::BFloat16>, std::array<char*, 3ul> >(int, at::native::(anonymous namespace)::CompareFunctor<c10::BFloat16>, std::array<char*, 3ul>)",59,2543707632652994,2543707632766675,0,0,20,0,64,256,1,1,6291456,1,1
"KERNEL_DISPATCH","Agent 2",1,0,296578,60,9769,"void at::native::vectorized_elementwise_kernel<16, at::native::BinaryFunctor<bool, bool, bool, at::native::BitwiseAndFunctor<bool> >, std::array<char*, 3ul> >(int, at::native::BinaryFunctor<bool, bool, bool, at::native::BitwiseAndFunctor<bool> >, std::array<char*, 3ul>)",60,2543707659072087,2543707659129087,0,0,20,0,80,256,1,1,6291456,1,1
"KERNEL_DISPATCH","Agent 2",1,0,296578,61,9929,"void at::native::vectorized_elementwise_kernel<16, at::native::BinaryFunctor<bool, bool, bool, at::native::BitwiseOrFunctor<bool> >, std::array<char*, 3ul> >(int, at::native::BinaryFunctor<bool, bool, bool, at::native::BitwiseOrFunctor<bool> >, std::array<char*, 3ul>)",61,2543707659129000,2543707659177481,0,0,20,0,32,256,1,1,6291456,1,1
"KERNEL_DISPATCH","Agent 2",1,0,296578,62,26,"__amd_rocclr_fillBufferAligned",62,2543707659255450,2543707659257330,0,0,8,0,48,256,1,1,256,1,1
"KERNEL_DISPATCH","Agent 2",1,0,296578,63,9185,"void at::native::reduce_kernel<512, 1, at::native::ReduceOp<bool, at::native::func_wrapper_t<bool, at::native::and_kernel_cuda(at::TensorIterator&)::{lambda()#1}::operator()() const::{lambda()#12}::operator()() const::{lambda(bool, bool)#1}>, unsigned int, bool, 4, 4> >(at::native::ReduceOp<bool, at::native::func_wrapper_t<bool, at::native::and_kernel_cuda(at::TensorIterator&)::{lambda()#1}::operator()() const::{lambda()#12}::operator()() const::{lambda(bool, bool)#1}>, unsigned int, bool, 4, 4>)",63,2543707659268319,2543707659346999,512,12,16,0,80,512,1,1,512,256,1
"KERNEL_DISPATCH","Agent 2",1,0,296578,64,23,"__amd_rocclr_copyBuffer",64,2543707659347089,2543707659351329,0,0,8,0,32,512,1,1,512,1,1
"KERNEL_DISPATCH","Agent 2",1,0,296578,65,9013,"void at::native::vectorized_elementwise_kernel<8, at::native::BinaryFunctor<c10::BFloat16, c10::BFloat16, bool, at::native::(anonymous namespace)::CompareEqFunctor<c10::BFloat16> >, std::array<char*, 3ul> >(int, at::native::BinaryFunctor<c10::BFloat16, c10::BFloat16, bool, at::native::(anonymous namespace)::CompareEqFunctor<c10::BFloat16> >, std::array<char*, 3ul>)",65,2543707659527091,2543707659548251,0,0,20,0,32,256,1,1,716032,1,1
"KERNEL_DISPATCH","Agent 2",1,0,296578,66,26,"__amd_rocclr_fillBufferAligned",66,2543707659548251,2543707659553691,0,0,8,0,48,256,1,1,256,1,1
"KERNEL_DISPATCH","Agent 2",1,0,296578,67,9185,"void at::native::reduce_kernel<512, 1, at::native::ReduceOp<bool, at::native::func_wrapper_t<bool, at::native::and_kernel_cuda(at::TensorIterator&)::{lambda()#1}::operator()() const::{lambda()#12}::operator()() const::{lambda(bool, bool)#1}>, unsigned int, bool, 4, 4> >(at::native::ReduceOp<bool, at::native::func_wrapper_t<bool, at::native::and_kernel_cuda(at::TensorIterator&)::{lambda()#1}::operator()() const::{lambda()#12}::operator()() const::{lambda(bool, bool)#1}>, unsigned int, bool, 4, 4>)",67,2543707659553691,2543707659570211,512,12,16,0,80,512,1,1,512,256,1
"KERNEL_DISPATCH","Agent 2",1,0,296578,68,23,"__amd_rocclr_copyBuffer",68,2543707659570211,2543707659574331,0,0,8,0,32,512,1,1,512,1,1
"KERNEL_DISPATCH","Agent 2",1,0,296578,69,9013,"void at::native::vectorized_elementwise_kernel<8, at::native::BinaryFunctor<c10::BFloat16, c10::BFloat16, bool, at::native::(anonymous namespace)::CompareEqFunctor<c10::BFloat16> >, std::array<char*, 3ul> >(int, at::native::BinaryFunctor<c10::BFloat16, c10::BFloat16, bool, at::native::(anonymous namespace)::CompareEqFunctor<c10::BFloat16> >, std::array<char*, 3ul>)",69,2543707659625052,2543707659737412,0,0,20,0,32,256,1,1,6291456,1,1
"KERNEL_DISPATCH","Agent 2",1,0,296578,70,26,"__amd_rocclr_fillBufferAligned",70,2543707659737266,2543707659742587,0,0,8,0,48,256,1,1,256,1,1
"KERNEL_DISPATCH","Agent 2",1,0,296578,71,9185,"void at::native::reduce_kernel<512, 1, at::native::ReduceOp<bool, at::native::func_wrapper_t<bool, at::native::and_kernel_cuda(at::TensorIterator&)::{lambda()#1}::operator()() const::{lambda()#12}::operator()() const::{lambda(bool, bool)#1}>, unsigned int, bool, 4, 4> >(at::native::ReduceOp<bool, at::native::func_wrapper_t<bool, at::native::and_kernel_cuda(at::TensorIterator&)::{lambda()#1}::operator()() const::{lambda()#12}::operator()() const::{lambda(bool, bool)#1}>, unsigned int, bool, 4, 4>)",71,2543707659742733,2543707659842173,512,12,16,0,80,512,1,1,512,256,1
"KERNEL_DISPATCH","Agent 2",1,0,296578,72,23,"__amd_rocclr_copyBuffer",72,2543707659842173,2543707659846373,0,0,8,0,32,512,1,1,512,1,1
"KERNEL_DISPATCH","Agent 2",1,0,296578,73,10195,"void at::native::vectorized_elementwise_kernel<4, at::native::bfloat16tofloat32_copy_kernel_cuda(at::TensorIteratorBase&)::{lambda(c10::BFloat16)#1}, std::array<char*, 2ul> >(int, at::native::bfloat16tofloat32_copy_kernel_cuda(at::TensorIteratorBase&)::{lambda(c10::BFloat16)#1}, std::array<char*, 2ul>)",73,2543707691139379,2543707691248939,0,0,8,0,32,256,1,1,12582912,1,1
"KERNEL_DISPATCH","Agent 2",1,0,296578,74,10195,"void at::native::vectorized_elementwise_kernel<4, at::native::bfloat16tofloat32_copy_kernel_cuda(at::TensorIteratorBase&)::{lambda(c10::BFloat16)#1}, std::array<char*, 2ul> >(int, at::native::bfloat16tofloat32_copy_kernel_cuda(at::TensorIteratorBase&)::{lambda(c10::BFloat16)#1}, std::array<char*, 2ul>)",74,2543707691291499,2543707691415820,0,0,8,0,32,256,1,1,12582912,1,1
"KERNEL_DISPATCH","Agent 2",1,0,296578,75,9459,"void at::native::vectorized_elementwise_kernel<4, at::native::CUDAFunctor_add<float>, std::array<char*, 3ul> >(int, at::native::CUDAFunctor_add<float>, std::array<char*, 3ul>)",75,2543707691415820,2543707691677462,0,0,8,0,32,256,1,1,25165824,1,1
"KERNEL_DISPATCH","Agent 2",1,0,296578,76,8758,"void at::native::vectorized_elementwise_kernel<4, at::native::AbsFunctor<float>, std::array<char*, 2ul> >(int, at::native::AbsFunctor<float>, std::array<char*, 2ul>)",76,2543707691677462,2543707691832503,0,0,8,0,32,256,1,1,25165824,1,1
"KERNEL_DISPATCH","Agent 2",1,0,296578,77,10094,"void at::native::elementwise_kernel_manual_unroll<128, 4, at::native::gpu_kernel_impl_nocast<at::native::direct_copy_kernel_cuda(at::TensorIteratorBase&)::{lambda()#3}::operator()() const::{lambda()#7}::operator()() const::{lambda(float)#1}>(at::TensorIteratorBase&, at::native::direct_copy_kernel_cuda(at::TensorIteratorBase&)::{lambda()#3}::operator()() const::{lambda()#7}::operator()() const::{lambda(float)#1} const&)::{lambda(int, bool)#1}>(int, at::native::gpu_kernel_impl_nocast<at::native::direct_copy_kernel_cuda(at::TensorIteratorBase&)::{lambda()#3}::operator()() const::{lambda()#7}::operator()() const::{lambda(float)#1}>(at::TensorIteratorBase&, at::native::direct_copy_kernel_cuda(at::TensorIteratorBase&)::{lambda()#3}::operator()() const::{lambda()#7}::operator()() const::{lambda(float)#1} const&)::{lambda(int, bool)#1})",77,2543707691832503,2543707692289347,0,0,12,0,80,128,1,1,25165824,1,1
"KERNEL_DISPATCH","Agent 2",1,0,296578,78,26,"__amd_rocclr_fillBufferAligned",78,2543707692289347,2543707692293427,0,0,8,0,48,256,1,1,256,1,1
"KERNEL_DISPATCH","Agent 2",1,0,296578,79,10350,"void at::native::reduce_kernel<512, 1, at::native::ReduceOp<float, at::native::func_wrapper_t<float, at::native::MaxNanFunctor<float> >, unsigned int, float, 4, 4> >(at::native::ReduceOp<float, at::native::func_wrapper_t<float, at::native::MaxNanFunctor<float> >, unsigned int, float, 4, 4>)",79,2543707701522305,2543707701650706,512,0,16,0,80,512,1,1,512,256,1
"KERNEL_DISPATCH","Agent 2",1,0,296578,80,23,"__amd_rocclr_copyBuffer",80,2543707701650706,2543707701654906,0,0,8,0,32,512,1,1,512,1,1
"KERNEL_DISPATCH","Agent 2",2,1,296578,81,23,"__amd_rocclr_copyBuffer",81,2543707711142385,2543707711179986,0,0,8,0,32,512,1,1,131072,1,1
"KERNEL_DISPATCH","Agent 2",2,1,296578,82,8717,"_causal_conv1d_fwd_kernel",82,2543707711547709,2543707711744551,0,0,20,0,48,256,1,1,256,4096,12
"KERNEL_DISPATCH","Agent 2",2,1,296578,83,23,"__amd_rocclr_copyBuffer",83,2543707711744551,2543707711755191,0,0,8,0,32,512,1,1,131072,1,1
"KERNEL_DISPATCH","Agent 2",2,1,296578,84,8717,"_causal_conv1d_fwd_kernel",84,2543707711755191,2543707711955312,0,0,20,0,48,256,1,1,256,4096,12
"KERNEL_DISPATCH","Agent 2",1,0,296578,85,23,"__amd_rocclr_copyBuffer",85,2543707711986873,2543707712000073,0,0,8,0,32,512,1,1,131072,1,1
"KERNEL_DISPATCH","Agent 2",2,1,296578,86,300,"void at::native::vectorized_elementwise_kernel<4, at::native::FillFunctor<long>, std::array<char*, 1ul> >(int, at::native::FillFunctor<long>, std::array<char*, 1ul>)",86,2543707714026875,2543707714030075,0,0,8,0,32,256,1,1,256,1,1
"KERNEL_DISPATCH","Agent 2",2,1,296578,87,300,"void at::native::vectorized_elementwise_kernel<4, at::native::FillFunctor<long>, std::array<char*, 1ul> >(int, at::native::FillFunctor<long>, std::array<char*, 1ul>)",87,2543707714030170,2543707714034970,0,0,8,0,32,256,1,1,256,1,1
"KERNEL_DISPATCH","Agent 2",1,0,296578,88,23,"__amd_rocclr_copyBuffer",88,2543707714365813,2543707714376853,0,0,8,0,32,512,1,1,131072,1,1
"KERNEL_DISPATCH","Agent 2",1,0,296578,89,8717,"_causal_conv1d_fwd_kernel",89,2543707714376853,2543707714579214,0,0,20,0,48,256,1,1,256,4096,12
"KERNEL_DISPATCH","Agent 2",1,0,296578,90,8766,"void at::native::vectorized_elementwise_kernel<8, at::native::AbsFunctor<c10::BFloat16>, std::array<char*, 2ul> >(int, at::native::AbsFunctor<c10::BFloat16>, std::array<char*, 2ul>)",90,2543707714588174,2543707714657295,0,0,12,0,32,256,1,1,12582912,1,1
"KERNEL_DISPATCH","Agent 2",1,0,296578,91,8988,"void at::native::vectorized_elementwise_kernel<8, at::native::AUnaryFunctor<c10::BFloat16, c10::BFloat16, bool, at::native::(anonymous namespace)::CompareEqFunctor<c10::BFloat16> >, std::array<char*, 2ul> >(int, at::native::AUnaryFunctor<c10::BFloat16, c10::BFloat16, bool, at::native::(anonymous namespace)::CompareEqFunctor<c10::BFloat16> >, std::array<char*, 2ul>)",91,2543707714657295,2543707714727936,0,0,16,0,32,256,1,1,6291456,1,1
"KERNEL_DISPATCH","Agent 2",1,0,296578,92,9013,"void at::native::vectorized_elementwise_kernel<8, at::native::BinaryFunctor<c10::BFloat16, c10::BFloat16, bool, at::native::(anonymous namespace)::CompareEqFunctor<c10::BFloat16> >, std::array<char*, 3ul> >(int, at::native::BinaryFunctor<c10::BFloat16, c10::BFloat16, bool, at::native::(anonymous namespace)::CompareEqFunctor<c10::BFloat16> >, std::array<char*, 3ul>)",92,2543707714727936,2543707714793256,0,0,20,0,32,256,1,1,6291456,1,1
"KERNEL_DISPATCH","Agent 2",1,0,296578,93,74,"void at::native::vectorized_elementwise_kernel<16, at::native::BinaryFunctor<bool, bool, bool, at::native::binary_internal::MulFunctor<bool> >, std::array<char*, 3ul> >(int, at::native::BinaryFunctor<bool, bool, bool, at::native::binary_internal::MulFunctor<bool> >, std::array<char*, 3ul>)",93,2543707714793256,2543707714854697,0,0,20,0,80,256,1,1,6291456,1,1
"KERNEL_DISPATCH","Agent 2",1,0,296578,94,26,"__amd_rocclr_fillBufferAligned",94,2543707714854697,2543707714860337,0,0,8,0,48,256,1,1,256,1,1
"KERNEL_DISPATCH","Agent 2",1,0,296578,95,9185,"void at::native::reduce_kernel<512, 1, at::native::ReduceOp<bool, at::native::func_wrapper_t<bool, at::native::and_kernel_cuda(at::TensorIterator&)::{lambda()#1}::operator()() const::{lambda()#12}::operator()() const::{lambda(bool, bool)#1}>, unsigned int, bool, 4, 4> >(at::native::ReduceOp<bool, at::native::func_wrapper_t<bool, at::native::and_kernel_cuda(at::TensorIterator&)::{lambda()#1}::operator()() const::{lambda()#12}::operator()() const::{lambda(bool, bool)#1}>, unsigned int, bool, 4, 4>)",95,2543707714860337,2543707714948337,512,12,16,0,80,512,1,1,512,256,1
"KERNEL_DISPATCH","Agent 2",1,0,296578,96,23,"__amd_rocclr_copyBuffer",96,2543707714948337,2543707714952257,0,0,8,0,32,512,1,1,512,1,1
"KERNEL_DISPATCH","Agent 2",1,0,296578,97,8766,"void at::native::vectorized_elementwise_kernel<8, at::native::AbsFunctor<c10::BFloat16>, std::array<char*, 2ul> >(int, at::native::AbsFunctor<c10::BFloat16>, std::array<char*, 2ul>)",97,2543707714979018,2543707715051658,0,0,12,0,32,256,1,1,12582912,1,1
"KERNEL_DISPATCH","Agent 2",1,0,296578,98,8988,"void at::native::vectorized_elementwise_kernel<8, at::native::AUnaryFunctor<c10::BFloat16, c10::BFloat16, bool, at::native::(anonymous namespace)::CompareEqFunctor<c10::BFloat16> >, std::array<char*, 2ul> >(int, at::native::AUnaryFunctor<c10::BFloat16, c10::BFloat16, bool, at::native::(anonymous namespace)::CompareEqFunctor<c10::BFloat16> >, std::array<char*, 2ul>)",98,2543707715051658,2543707715123419,0,0,16,0,32,256,1,1,6291456,1,1
"KERNEL_DISPATCH","Agent 2",1,0,296578,99,9013,"void at::native::vectorized_elementwise_kernel<8, at::native::BinaryFunctor<c10::BFloat16, c10::BFloat16, bool, at::native::(anonymous namespace)::CompareEqFunctor<c10::BFloat16> >, std::array<char*, 3ul> >(int, at::native::BinaryFunctor<c10::BFloat16, c10::BFloat16, bool, at::native::(anonymous namespace)::CompareEqFunctor<c10::BFloat16> >, std::array<char*, 3ul>)",99,2543707715123419,2543707715190179,0,0,20,0,32,256,1,1,6291456,1,1
"KERNEL_DISPATCH","Agent 2",1,0,296578,100,74,"void at::native::vectorized_elementwise_kernel<16, at::native::BinaryFunctor<bool, bool, bool, at::native::binary_internal::MulFunctor<bool> >, std::array<char*, 3ul> >(int, at::native::BinaryFunctor<bool, bool, bool, at::native::binary_internal::MulFunctor<bool> >, std::array<char*, 3ul>)",100,2543707715190179,2543707715251660,0,0,20,0,80,256,1,1,6291456,1,1
"KERNEL_DISPATCH","Agent 2",1,0,296578,101,26,"__amd_rocclr_fillBufferAligned",101,2543707715251660,2543707715256740,0,0,8,0,48,256,1,1,256,1,1
"KERNEL_DISPATCH","Agent 2",1,0,296578,102,9185,"void at::native::reduce_kernel<512, 1, at::native::ReduceOp<bool, at::native::func_wrapper_t<bool, at::native::and_kernel_cuda(at::TensorIterator&)::{lambda()#1}::operator()() const::{lambda()#12}::operator()() const::{lambda(bool, bool)#1}>, unsigned int, bool, 4, 4> >(at::native::ReduceOp<bool, at::native::func_wrapper_t<bool, at::native::and_kernel_cuda(at::TensorIterator&)::{lambda()#1}::operator()() const::{lambda()#12}::operator()() const::{lambda(bool, bool)#1}>, unsigned int, bool, 4, 4>)",102,2543707715256740,2543707715347061,512,12,16,0,80,512,1,1,512,256,1
"KERNEL_DISPATCH","Agent 2",1,0,296578,103,23,"__amd_rocclr_copyBuffer",103,2543707715347061,2543707715350981,0,0,8,0,32,512,1,1,512,1,1
"KERNEL_DISPATCH","Agent 2",1,0,296578,104,8766,"void at::native::vectorized_elementwise_kernel<8, at::native::AbsFunctor<c10::BFloat16>, std::array<char*, 2ul> >(int, at::native::AbsFunctor<c10::BFloat16>, std::array<char*, 2ul>)",104,2543707715372821,2543707715384381,0,0,12,0,32,256,1,1,1432064,1,1
"KERNEL_DISPATCH","Agent 2",1,0,296578,105,8988,"void at::native::vectorized_elementwise_kernel<8, at::native::AUnaryFunctor<c10::BFloat16, c10::BFloat16, bool, at::native::(anonymous namespace)::CompareEqFunctor<c10::BFloat16> >, std::array<char*, 2ul> >(int, at::native::AUnaryFunctor<c10::BFloat16, c10::BFloat16, bool, at::native::(anonymous namespace)::CompareEqFunctor<c10::BFloat16> >, std::array<char*, 2ul>)",105,2543707715384381,2543707715394781,0,0,16,0,32,256,1,1,716032,1,1
"KERNEL_DISPATCH","Agent 2",1,0,296578,106,9013,"void at::native::vectorized_elementwise_kernel<8, at::native::BinaryFunctor<c10::BFloat16, c10::BFloat16, bool, at::native::(anonymous namespace)::CompareEqFunctor<c10::BFloat16> >, std::array<char*, 3ul> >(int, at::native::BinaryFunctor<c10::BFloat16, c10::BFloat16, bool, at::native::(anonymous namespace)::CompareEqFunctor<c10::BFloat16> >, std::array<char*, 3ul>)",106,2543707715394781,2543707715404621,0,0,20,0,32,256,1,1,716032,1,1
"KERNEL_DISPATCH","Agent 2",1,0,296578,107,74,"void at::native::vectorized_elementwise_kernel<16, at::native::BinaryFunctor<bool, bool, bool, at::native::binary_internal::MulFunctor<bool> >, std::array<char*, 3ul> >(int, at::native::BinaryFunctor<bool, bool, bool, at::native::binary_internal::MulFunctor<bool> >, std::array<char*, 3ul>)",107,2543707715404621,2543707715415381,0,0,20,0,80,256,1,1,716032,1,1
"KERNEL_DISPATCH","Agent 2",1,0,296578,108,26,"__amd_rocclr_fillBufferAligned",108,2543707715415365,2543707715420285,0,0,8,0,48,256,1,1,256,1,1
"KERNEL_DISPATCH","Agent 2",1,0,296578,109,9185,"void at::native::reduce_kernel<512, 1, at::native::ReduceOp<bool, at::native::func_wrapper_t<bool, at::native::and_kernel_cuda(at::TensorIterator&)::{lambda()#1}::operator()() const::{lambda()#12}::operator()() const::{lambda(bool, bool)#1}>, unsigned int, bool, 4, 4> >(at::native::ReduceOp<bool, at::native::func_wrapper_t<bool, at::native::and_kernel_cuda(at::TensorIterator&)::{lambda()#1}::operator()() const::{lambda()#12}::operator()() const::{lambda(bool, bool)#1}>, unsigned int, bool, 4, 4>)",109,2543707715420301,2543707715436742,512,12,16,0,80,512,1,1,512,256,1
"KERNEL_DISPATCH","Agent 2",1,0,296578,110,23,"__amd_rocclr_copyBuffer",110,2543707715436742,2543707715440662,0,0,8,0,32,512,1,1,512,1,1
"KERNEL_DISPATCH","Agent 2",1,0,296578,111,8766,"void at::native::vectorized_elementwise_kernel<8, at::native::AbsFunctor<c10::BFloat16>, std::array<char*, 2ul> >(int, at::native::AbsFunctor<c10::BFloat16>, std::array<char*, 2ul>)",111,2543707715460342,2543707715472422,0,0,12,0,32,256,1,1,1432064,1,1
"KERNEL_DISPATCH","Agent 2",1,0,296578,112,8988,"void at::native::vectorized_elementwise_kernel<8, at::native::AUnaryFunctor<c10::BFloat16, c10::BFloat16, bool, at::native::(anonymous namespace)::CompareEqFunctor<c10::BFloat16> >, std::array<char*, 2ul> >(int, at::native::AUnaryFunctor<c10::BFloat16, c10::BFloat16, bool, at::native::(anonymous namespace)::CompareEqFunctor<c10::BFloat16> >, std::array<char*, 2ul>)",112,2543707715472422,2543707715482182,0,0,16,0,32,256,1,1,716032,1,1
"KERNEL_DISPATCH","Agent 2",1,0,296578,113,9013,"void at::native::vectorized_elementwise_kernel<8, at::native::BinaryFunctor<c10::BFloat16, c10::BFloat16, bool, at::native::(anonymous namespace)::CompareEqFunctor<c10::BFloat16> >, std::array<char*, 3ul> >(int, at::native::BinaryFunctor<c10::BFloat16, c10::BFloat16, bool, at::native::(anonymous namespace)::CompareEqFunctor<c10::BFloat16> >, std::array<char*, 3ul>)",113,2543707715482105,2543707715492265,0,0,20,0,32,256,1,1,716032,1,1
"KERNEL_DISPATCH","Agent 2",1,0,296578,114,74,"void at::native::vectorized_elementwise_kernel<16, at::native::BinaryFunctor<bool, bool, bool, at::native::binary_internal::MulFunctor<bool> >, std::array<char*, 3ul> >(int, at::native::BinaryFunctor<bool, bool, bool, at::native::binary_internal::MulFunctor<bool> >, std::array<char*, 3ul>)",114,2543707715492342,2543707715502982,0,0,20,0,80,256,1,1,716032,1,1
"KERNEL_DISPATCH","Agent 2",1,0,296578,115,26,"__amd_rocclr_fillBufferAligned",115,2543707715502982,2543707715507982,0,0,8,0,48,256,1,1,256,1,1
"KERNEL_DISPATCH","Agent 2",1,0,296578,116,9185,"void at::native::reduce_kernel<512, 1, at::native::ReduceOp<bool, at::native::func_wrapper_t<bool, at::native::and_kernel_cuda(at::TensorIterator&)::{lambda()#1}::operator()() const::{lambda()#12}::operator()() const::{lambda(bool, bool)#1}>, unsigned int, bool, 4, 4> >(at::native::ReduceOp<bool, at::native::func_wrapper_t<bool, at::native::and_kernel_cuda(at::TensorIterator&)::{lambda()#1}::operator()() const::{lambda()#12}::operator()() const::{lambda(bool, bool)#1}>, unsigned int, bool, 4, 4>)",116,2543707715507982,2543707715525622,512,12,16,0,80,512,1,1,512,256,1
"KERNEL_DISPATCH","Agent 2",1,0,296578,117,23,"__amd_rocclr_copyBuffer",117,2543707715525622,2543707715529502,0,0,8,0,32,512,1,1,512,1,1
"KERNEL_DISPATCH","Agent 2",1,0,296578,118,9013,"void at::native::vectorized_elementwise_kernel<8, at::native::BinaryFunctor<c10::BFloat16, c10::BFloat16, bool, at::native::(anonymous namespace)::CompareEqFunctor<c10::BFloat16> >, std::array<char*, 3ul> >(int, at::native::BinaryFunctor<c10::BFloat16, c10::BFloat16, bool, at::native::(anonymous namespace)::CompareEqFunctor<c10::BFloat16> >, std::array<char*, 3ul>)",118,2543707715642423,2543707715747344,0,0,20,0,32,256,1,1,6291456,1,1
"KERNEL_DISPATCH","Agent 2",1,0,296578,119,77,"void at::native::vectorized_elementwise_kernel<8, at::native::AUnaryFunctor<c10::BFloat16, c10::BFloat16, c10::BFloat16, at::native::binary_internal::MulFunctor<float> >, std::array<char*, 2ul> >(int, at::native::AUnaryFunctor<c10::BFloat16, c10::BFloat16, c10::BFloat16, at::native::binary_internal::MulFunctor<float> >, std::array<char*, 2ul>)",119,2543707715747344,2543707715819145,0,0,12,0,32,256,1,1,12582912,1,1
"KERNEL_DISPATCH","Agent 2",1,0,296578,120,8766,"void at::native::vectorized_elementwise_kernel<8, at::native::AbsFunctor<c10::BFloat16>, std::array<char*, 2ul> >(int, at::native::AbsFunctor<c10::BFloat16>, std::array<char*, 2ul>)",120,2543707715819145,2543707715903385,0,0,12,0,32,256,1,1,12582912,1,1
"KERNEL_DISPATCH","Agent 2",1,0,296578,121,9457,"void at::native::vectorized_elementwise_kernel<8, at::native::CUDAFunctorOnSelf_add<c10::BFloat16>, std::array<char*, 2ul> >(int, at::native::CUDAFunctorOnSelf_add<c10::BFloat16>, std::array<char*, 2ul>)",121,2543707715903385,2543707715987426,0,0,12,0,32,256,1,1,12582912,1,1
"KERNEL_DISPATCH","Agent 2",1,0,296578,122,9236,"void at::native::vectorized_elementwise_kernel<8, at::native::CUDAFunctor_add<c10::BFloat16>, std::array<char*, 3ul> >(int, at::native::CUDAFunctor_add<c10::BFloat16>, std::array<char*, 3ul>)",122,2543707715987426,2543707716126067,0,0,12,0,32,256,1,1,12582912,1,1
"KERNEL_DISPATCH","Agent 2",1,0,296578,123,8766,"void at::native::vectorized_elementwise_kernel<8, at::native::AbsFunctor<c10::BFloat16>, std::array<char*, 2ul> >(int, at::native::AbsFunctor<c10::BFloat16>, std::array<char*, 2ul>)",123,2543707716126067,2543707716202348,0,0,12,0,32,256,1,1,12582912,1,1
"KERNEL_DISPATCH","Agent 2",1,0,296578,124,8766,"void at::native::vectorized_elementwise_kernel<8, at::native::AbsFunctor<c10::BFloat16>, std::array<char*, 2ul> >(int, at::native::AbsFunctor<c10::BFloat16>, std::array<char*, 2ul>)",124,2543707716202348,2543707716284549,0,0,12,0,32,256,1,1,12582912,1,1
"KERNEL_DISPATCH","Agent 2",1,0,296578,125,8988,"void at::native::vectorized_elementwise_kernel<8, at::native::AUnaryFunctor<c10::BFloat16, c10::BFloat16, bool, at::native::(anonymous namespace)::CompareEqFunctor<c10::BFloat16> >, std::array<char*, 2ul> >(int, at::native::AUnaryFunctor<c10::BFloat16, c10::BFloat16, bool, at::native::(anonymous namespace)::CompareEqFunctor<c10::BFloat16> >, std::array<char*, 2ul>)",125,2543707716284549,2543707716359549,0,0,16,0,32,256,1,1,6291456,1,1
"KERNEL_DISPATCH","Agent 2",1,0,296578,126,9013,"void at::native::vectorized_elementwise_kernel<8, at::native::BinaryFunctor<c10::BFloat16, c10::BFloat16, bool, at::native::(anonymous namespace)::CompareEqFunctor<c10::BFloat16> >, std::array<char*, 3ul> >(int, at::native::BinaryFunctor<c10::BFloat16, c10::BFloat16, bool, at::native::(anonymous namespace)::CompareEqFunctor<c10::BFloat16> >, std::array<char*, 3ul>)",126,2543707716359549,2543707716430150,0,0,20,0,32,256,1,1,6291456,1,1
"KERNEL_DISPATCH","Agent 2",1,0,296578,127,74,"void at::native::vectorized_elementwise_kernel<16, at::native::BinaryFunctor<bool, bool, bool, at::native::binary_internal::MulFunctor<bool> >, std::array<char*, 3ul> >(int, at::native::BinaryFunctor<bool, bool, bool, at::native::binary_internal::MulFunctor<bool> >, std::array<char*, 3ul>)",127,2543707716430150,2543707716489110,0,0,20,0,80,256,1,1,6291456,1,1
"KERNEL_DISPATCH","Agent 2",1,0,296578,128,9554,"void at::native::vectorized_elementwise_kernel<8, at::native::(anonymous namespace)::CompareFunctor<c10::BFloat16>, std::array<char*, 3ul> >(int, at::native::(anonymous namespace)::CompareFunctor<c10::BFloat16>, std::array<char*, 3ul>)",128,2543707716489110,2543707716606111,0,0,20,0,64,256,1,1,6291456,1,1
"KERNEL_DISPATCH","Agent 2",1,0,296578,129,9769,"void at::native::vectorized_elementwise_kernel<16, at::native::BinaryFunctor<bool, bool, bool, at::native::BitwiseAndFunctor<bool> >, std::array<char*, 3ul> >(int, at::native::BinaryFunctor<bool, bool, bool, at::native::BitwiseAndFunctor<bool> >, std::array<char*, 3ul>)",129,2543707716606111,2543707716661072,0,0,20,0,80,256,1,1,6291456,1,1
"KERNEL_DISPATCH","Agent 2",1,0,296578,130,9929,"void at::native::vectorized_elementwise_kernel<16, at::native::BinaryFunctor<bool, bool, bool, at::native::BitwiseOrFunctor<bool> >, std::array<char*, 3ul> >(int, at::native::BinaryFunctor<bool, bool, bool, at::native::BitwiseOrFunctor<bool> >, std::array<char*, 3ul>)",130,2543707716661072,2543707716714712,0,0,20,0,32,256,1,1,6291456,1,1
"KERNEL_DISPATCH","Agent 2",1,0,296578,131,26,"__amd_rocclr_fillBufferAligned",131,2543707716714712,2543707716719952,0,0,8,0,48,256,1,1,256,1,1
"KERNEL_DISPATCH","Agent 2",1,0,296578,132,9185,"void at::native::reduce_kernel<512, 1, at::native::ReduceOp<bool, at::native::func_wrapper_t<bool, at::native::and_kernel_cuda(at::TensorIterator&)::{lambda()#1}::operator()() const::{lambda()#12}::operator()() const::{lambda(bool, bool)#1}>, unsigned int, bool, 4, 4> >(at::native::ReduceOp<bool, at::native::func_wrapper_t<bool, at::native::and_kernel_cuda(at::TensorIterator&)::{lambda()#1}::operator()() const::{lambda()#12}::operator()() const::{lambda(bool, bool)#1}>, unsigned int, bool, 4, 4>)",132,2543707716719952,2543707716796793,512,12,16,0,80,512,1,1,512,256,1
"KERNEL_DISPATCH","Agent 2",1,0,296578,133,23,"__amd_rocclr_copyBuffer",133,2543707716796793,2543707716800793,0,0,8,0,32,512,1,1,512,1,1
"KERNEL_DISPATCH","Agent 2",1,0,296578,134,9013,"void at::native::vectorized_elementwise_kernel<8, at::native::BinaryFunctor<c10::BFloat16, c10::BFloat16, bool, at::native::(anonymous namespace)::CompareEqFunctor<c10::BFloat16> >, std::array<char*, 3ul> >(int, at::native::BinaryFunctor<c10::BFloat16, c10::BFloat16, bool, at::native::(anonymous namespace)::CompareEqFunctor<c10::BFloat16> >, std::array<char*, 3ul>)",134,2543707716860193,2543707716881274,0,0,20,0,32,256,1,1,716032,1,1
"KERNEL_DISPATCH","Agent 2",1,0,296578,135,26,"__amd_rocclr_fillBufferAligned",135,2543707716881274,2543707716886434,0,0,8,0,48,256,1,1,256,1,1
"KERNEL_DISPATCH","Agent 2",1,0,296578,136,9185,"void at::native::reduce_kernel<512, 1, at::native::ReduceOp<bool, at::native::func_wrapper_t<bool, at::native::and_kernel_cuda(at::TensorIterator&)::{lambda()#1}::operator()() const::{lambda()#12}::operator()() const::{lambda(bool, bool)#1}>, unsigned int, bool, 4, 4> >(at::native::ReduceOp<bool, at::native::func_wrapper_t<bool, at::native::and_kernel_cuda(at::TensorIterator&)::{lambda()#1}::operator()() const::{lambda()#12}::operator()() const::{lambda(bool, bool)#1}>, unsigned int, bool, 4, 4>)",136,2543707716886434,2543707716902714,512,12,16,0,80,512,1,1,512,256,1
"KERNEL_DISPATCH","Agent 2",1,0,296578,137,23,"__amd_rocclr_copyBuffer",137,2543707716902714,2543707716908714,0,0,8,0,32,512,1,1,512,1,1
"KERNEL_DISPATCH","Agent 2",1,0,296578,138,9013,"void at::native::vectorized_elementwise_kernel<8, at::native::BinaryFunctor<c10::BFloat16, c10::BFloat16, bool, at::native::(anonymous namespace)::CompareEqFunctor<c10::BFloat16> >, std::array<char*, 3ul> >(int, at::native::BinaryFunctor<c10::BFloat16, c10::BFloat16, bool, at::native::(anonymous namespace)::CompareEqFunctor<c10::BFloat16> >, std::array<char*, 3ul>)",138,2543707716933314,2543707717045355,0,0,20,0,32,256,1,1,6291456,1,1
"KERNEL_DISPATCH","Agent 2",1,0,296578,139,26,"__amd_rocclr_fillBufferAligned",139,2543707717045343,2543707717050463,0,0,8,0,48,256,1,1,256,1,1
"KERNEL_DISPATCH","Agent 2",1,0,296578,140,9185,"void at::native::reduce_kernel<512, 1, at::native::ReduceOp<bool, at::native::func_wrapper_t<bool, at::native::and_kernel_cuda(at::TensorIterator&)::{lambda()#1}::operator()() const::{lambda()#12}::operator()() const::{lambda(bool, bool)#1}>, unsigned int, bool, 4, 4> >(at::native::ReduceOp<bool, at::native::func_wrapper_t<bool, at::native::and_kernel_cuda(at::TensorIterator&)::{lambda()#1}::operator()() const::{lambda()#12}::operator()() const::{lambda(bool, bool)#1}>, unsigned int, bool, 4, 4>)",140,2543707717050475,2543707717153956,512,12,16,0,80,512,1,1,512,256,1
"KERNEL_DISPATCH","Agent 2",1,0,296578,141,23,"__amd_rocclr_copyBuffer",141,2543707717153956,2543707717158116,0,0,8,0,32,512,1,1,512,1,1
"KERNEL_DISPATCH","Agent 2",1,0,296578,142,10195,"void at::native::vectorized_elementwise_kernel<4, at::native::bfloat16tofloat32_copy_kernel_cuda(at::TensorIteratorBase&)::{lambda(c10::BFloat16)#1}, std::array<char*, 2ul> >(int, at::native::bfloat16tofloat32_copy_kernel_cuda(at::TensorIteratorBase&)::{lambda(c10::BFloat16)#1}, std::array<char*, 2ul>)",142,2543707717218516,2543707717330597,0,0,8,0,32,256,1,1,12582912,1,1
"KERNEL_DISPATCH","Agent 2",1,0,296578,143,10195,"void at::native::vectorized_elementwise_kernel<4, at::native::bfloat16tofloat32_copy_kernel_cuda(at::TensorIteratorBase&)::{lambda(c10::BFloat16)#1}, std::array<char*, 2ul> >(int, at::native::bfloat16tofloat32_copy_kernel_cuda(at::TensorIteratorBase&)::{lambda(c10::BFloat16)#1}, std::array<char*, 2ul>)",143,2543707717330597,2543707717460999,0,0,8,0,32,256,1,1,12582912,1,1
"KERNEL_DISPATCH","Agent 2",1,0,296578,144,9459,"void at::native::vectorized_elementwise_kernel<4, at::native::CUDAFunctor_add<float>, std::array<char*, 3ul> >(int, at::native::CUDAFunctor_add<float>, std::array<char*, 3ul>)",144,2543707717460999,2543707717752441,0,0,8,0,32,256,1,1,25165824,1,1
"KERNEL_DISPATCH","Agent 2",1,0,296578,145,8758,"void at::native::vectorized_elementwise_kernel<4, at::native::AbsFunctor<float>, std::array<char*, 2ul> >(int, at::native::AbsFunctor<float>, std::array<char*, 2ul>)",145,2543707717752441,2543707717912882,0,0,8,0,32,256,1,1,25165824,1,1
"KERNEL_DISPATCH","Agent 2",1,0,296578,146,10094,"void at::native::elementwise_kernel_manual_unroll<128, 4, at::native::gpu_kernel_impl_nocast<at::native::direct_copy_kernel_cuda(at::TensorIteratorBase&)::{lambda()#3}::operator()() const::{lambda()#7}::operator()() const::{lambda(float)#1}>(at::TensorIteratorBase&, at::native::direct_copy_kernel_cuda(at::TensorIteratorBase&)::{lambda()#3}::operator()() const::{lambda()#7}::operator()() const::{lambda(float)#1} const&)::{lambda(int, bool)#1}>(int, at::native::gpu_kernel_impl_nocast<at::native::direct_copy_kernel_cuda(at::TensorIteratorBase&)::{lambda()#3}::operator()() const::{lambda()#7}::operator()() const::{lambda(float)#1}>(at::TensorIteratorBase&, at::native::direct_copy_kernel_cuda(at::TensorIteratorBase&)::{lambda()#3}::operator()() const::{lambda()#7}::operator()() const::{lambda(float)#1} const&)::{lambda(int, bool)#1})",146,2543707717912882,2543707718393486,0,0,12,0,80,128,1,1,25165824,1,1
"KERNEL_DISPATCH","Agent 2",1,0,296578,147,26,"__amd_rocclr_fillBufferAligned",147,2543707718393486,2543707718398886,0,0,8,0,48,256,1,1,256,1,1
"KERNEL_DISPATCH","Agent 2",1,0,296578,148,10350,"void at::native::reduce_kernel<512, 1, at::native::ReduceOp<float, at::native::func_wrapper_t<float, at::native::MaxNanFunctor<float> >, unsigned int, float, 4, 4> >(at::native::ReduceOp<float, at::native::func_wrapper_t<float, at::native::MaxNanFunctor<float> >, unsigned int, float, 4, 4>)",148,2543707718398886,2543707718534928,512,0,16,0,80,512,1,1,512,256,1
"KERNEL_DISPATCH","Agent 2",1,0,296578,149,23,"__amd_rocclr_copyBuffer",149,2543707718534928,2543707718539008,0,0,8,0,32,512,1,1,512,1,1
"KERNEL_DISPATCH","Agent 2",3,2,296578,150,23,"__amd_rocclr_copyBuffer",150,2543707727943457,2543707727956777,0,0,8,0,32,512,1,1,131072,1,1
"KERNEL_DISPATCH","Agent 2",3,2,296578,151,8718,"kernel_0",151,2543707728149098,2543707728338540,0,0,12,0,32,128,1,1,262144,1,24
"KERNEL_DISPATCH","Agent 2",3,2,296578,152,23,"__amd_rocclr_copyBuffer",152,2543707728338540,2543707728349380,0,0,8,0,32,512,1,1,131072,1,1
"KERNEL_DISPATCH","Agent 2",3,2,296578,153,8718,"kernel_0",153,2543707728349380,2543707728541902,0,0,12,0,32,128,1,1,262144,1,24
"KERNEL_DISPATCH","Agent 2",1,0,296578,154,23,"__amd_rocclr_copyBuffer",154,2543707728570302,2543707728583662,0,0,8,0,32,512,1,1,131072,1,1
"KERNEL_DISPATCH","Agent 2",3,2,296578,155,300,"void at::native::vectorized_elementwise_kernel<4, at::native::FillFunctor<long>, std::array<char*, 1ul> >(int, at::native::FillFunctor<long>, std::array<char*, 1ul>)",155,2543707730314596,2543707730317756,0,0,8,0,32,256,1,1,256,1,1
"KERNEL_DISPATCH","Agent 2",3,2,296578,156,300,"void at::native::vectorized_elementwise_kernel<4, at::native::FillFunctor<long>, std::array<char*, 1ul> >(int, at::native::FillFunctor<long>, std::array<char*, 1ul>)",156,2543707730317756,2543707730323036,0,0,8,0,32,256,1,1,256,1,1
"KERNEL_DISPATCH","Agent 2",1,0,296578,157,23,"__amd_rocclr_copyBuffer",157,2543707730559078,2543707730567599,0,0,8,0,32,512,1,1,131072,1,1
"KERNEL_DISPATCH","Agent 2",1,0,296578,158,8718,"kernel_0",158,2543707730567599,2543707730763160,0,0,12,0,32,128,1,1,262144,1,24
"KERNEL_DISPATCH","Agent 2",1,0,296578,159,8766,"void at::native::vectorized_elementwise_kernel<8, at::native::AbsFunctor<c10::BFloat16>, std::array<char*, 2ul> >(int, at::native::AbsFunctor<c10::BFloat16>, std::array<char*, 2ul>)",159,2543707730772080,2543707730840161,0,0,12,0,32,256,1,1,12582912,1,1
"KERNEL_DISPATCH","Agent 2",1,0,296578,160,8988,"void at::native::vectorized_elementwise_kernel<8, at::native::AUnaryFunctor<c10::BFloat16, c10::BFloat16, bool, at::native::(anonymous namespace)::CompareEqFunctor<c10::BFloat16> >, std::array<char*, 2ul> >(int, at::native::AUnaryFunctor<c10::BFloat16, c10::BFloat16, bool, at::native::(anonymous namespace)::CompareEqFunctor<c10::BFloat16> >, std::array<char*, 2ul>)",160,2543707730840161,2543707730909281,0,0,16,0,32,256,1,1,6291456,1,1
"KERNEL_DISPATCH","Agent 2",1,0,296578,161,9013,"void at::native::vectorized_elementwise_kernel<8, at::native::BinaryFunctor<c10::BFloat16, c10::BFloat16, bool, at::native::(anonymous namespace)::CompareEqFunctor<c10::BFloat16> >, std::array<char*, 3ul> >(int, at::native::BinaryFunctor<c10::BFloat16, c10::BFloat16, bool, at::native::(anonymous namespace)::CompareEqFunctor<c10::BFloat16> >, std::array<char*, 3ul>)",161,2543707730909281,2543707730975922,0,0,20,0,32,256,1,1,6291456,1,1
"KERNEL_DISPATCH","Agent 2",1,0,296578,162,74,"void at::native::vectorized_elementwise_kernel<16, at::native::BinaryFunctor<bool, bool, bool, at::native::binary_internal::MulFunctor<bool> >, std::array<char*, 3ul> >(int, at::native::BinaryFunctor<bool, bool, bool, at::native::binary_internal::MulFunctor<bool> >, std::array<char*, 3ul>)",162,2543707730975922,2543707731039363,0,0,20,0,80,256,1,1,6291456,1,1
"KERNEL_DISPATCH","Agent 2",1,0,296578,163,26,"__amd_rocclr_fillBufferAligned",163,2543707731039363,2543707731045003,0,0,8,0,48,256,1,1,256,1,1
"KERNEL_DISPATCH","Agent 2",1,0,296578,164,9185,"void at::native::reduce_kernel<512, 1, at::native::ReduceOp<bool, at::native::func_wrapper_t<bool, at::native::and_kernel_cuda(at::TensorIterator&)::{lambda()#1}::operator()() const::{lambda()#12}::operator()() const::{lambda(bool, bool)#1}>, unsigned int, bool, 4, 4> >(at::native::ReduceOp<bool, at::native::func_wrapper_t<bool, at::native::and_kernel_cuda(at::TensorIterator&)::{lambda()#1}::operator()() const::{lambda()#12}::operator()() const::{lambda(bool, bool)#1}>, unsigned int, bool, 4, 4>)",164,2543707731045003,2543707731131083,512,12,16,0,80,512,1,1,512,256,1
"KERNEL_DISPATCH","Agent 2",1,0,296578,165,23,"__amd_rocclr_copyBuffer",165,2543707731131083,2543707731135203,0,0,8,0,32,512,1,1,512,1,1
"KERNEL_DISPATCH","Agent 2",1,0,296578,166,8766,"void at::native::vectorized_elementwise_kernel<8, at::native::AbsFunctor<c10::BFloat16>, std::array<char*, 2ul> >(int, at::native::AbsFunctor<c10::BFloat16>, std::array<char*, 2ul>)",166,2543707731161484,2543707731229924,0,0,12,0,32,256,1,1,12582912,1,1
"KERNEL_DISPATCH","Agent 2",1,0,296578,167,8988,"void at::native::vectorized_elementwise_kernel<8, at::native::AUnaryFunctor<c10::BFloat16, c10::BFloat16, bool, at::native::(anonymous namespace)::CompareEqFunctor<c10::BFloat16> >, std::array<char*, 2ul> >(int, at::native::AUnaryFunctor<c10::BFloat16, c10::BFloat16, bool, at::native::(anonymous namespace)::CompareEqFunctor<c10::BFloat16> >, std::array<char*, 2ul>)",167,2543707731229924,2543707731297605,0,0,16,0,32,256,1,1,6291456,1,1
"KERNEL_DISPATCH","Agent 2",1,0,296578,168,9013,"void at::native::vectorized_elementwise_kernel<8, at::native::BinaryFunctor<c10::BFloat16, c10::BFloat16, bool, at::native::(anonymous namespace)::CompareEqFunctor<c10::BFloat16> >, std::array<char*, 3ul> >(int, at::native::BinaryFunctor<c10::BFloat16, c10::BFloat16, bool, at::native::(anonymous namespace)::CompareEqFunctor<c10::BFloat16> >, std::array<char*, 3ul>)",168,2543707731297605,2543707731365885,0,0,20,0,32,256,1,1,6291456,1,1
"KERNEL_DISPATCH","Agent 2",1,0,296578,169,74,"void at::native::vectorized_elementwise_kernel<16, at::native::BinaryFunctor<bool, bool, bool, at::native::binary_internal::MulFunctor<bool> >, std::array<char*, 3ul> >(int, at::native::BinaryFunctor<bool, bool, bool, at::native::binary_internal::MulFunctor<bool> >, std::array<char*, 3ul>)",169,2543707731365885,2543707731425366,0,0,20,0,80,256,1,1,6291456,1,1
"KERNEL_DISPATCH","Agent 2",1,0,296578,170,26,"__amd_rocclr_fillBufferAligned",170,2543707731425366,2543707731430566,0,0,8,0,48,256,1,1,256,1,1
"KERNEL_DISPATCH","Agent 2",1,0,296578,171,9185,"void at::native::reduce_kernel<512, 1, at::native::ReduceOp<bool, at::native::func_wrapper_t<bool, at::native::and_kernel_cuda(at::TensorIterator&)::{lambda()#1}::operator()() const::{lambda()#12}::operator()() const::{lambda(bool, bool)#1}>, unsigned int, bool, 4, 4> >(at::native::ReduceOp<bool, at::native::func_wrapper_t<bool, at::native::and_kernel_cuda(at::TensorIterator&)::{lambda()#1}::operator()() const::{lambda()#12}::operator()() const::{lambda(bool, bool)#1}>, unsigned int, bool, 4, 4>)",171,2543707731430566,2543707731516127,512,12,16,0,80,512,1,1,512,256,1
"KERNEL_DISPATCH","Agent 2",1,0,296578,172,23,"__amd_rocclr_copyBuffer",172,2543707731516127,2543707731520207,0,0,8,0,32,512,1,1,512,1,1
"KERNEL_DISPATCH","Agent 2",1,0,296578,173,8766,"void at::native::vectorized_elementwise_kernel<8, at::native::AbsFunctor<c10::BFloat16>, std::array<char*, 2ul> >(int, at::native::AbsFunctor<c10::BFloat16>, std::array<char*, 2ul>)",173,2543707731541047,2543707731553207,0,0,12,0,32,256,1,1,1432064,1,1
"KERNEL_DISPATCH","Agent 2",1,0,296578,174,8988,"void at::native::vectorized_elementwise_kernel<8, at::native::AUnaryFunctor<c10::BFloat16, c10::BFloat16, bool, at::native::(anonymous namespace)::CompareEqFunctor<c10::BFloat16> >, std::array<char*, 2ul> >(int, at::native::AUnaryFunctor<c10::BFloat16, c10::BFloat16, bool, at::native::(anonymous namespace)::CompareEqFunctor<c10::BFloat16> >, std::array<char*, 2ul>)",174,2543707731553207,2543707731565247,0,0,16,0,32,256,1,1,716032,1,1
"KERNEL_DISPATCH","Agent 2",1,0,296578,175,9013,"void at::native::vectorized_elementwise_kernel<8, at::native::BinaryFunctor<c10::BFloat16, c10::BFloat16, bool, at::native::(anonymous namespace)::CompareEqFunctor<c10::BFloat16> >, std::array<char*, 3ul> >(int, at::native::BinaryFunctor<c10::BFloat16, c10::BFloat16, bool, at::native::(anonymous namespace)::CompareEqFunctor<c10::BFloat16> >, std::array<char*, 3ul>)",175,2543707731565247,2543707731575127,0,0,20,0,32,256,1,1,716032,1,1
"KERNEL_DISPATCH","Agent 2",1,0,296578,176,74,"void at::native::vectorized_elementwise_kernel<16, at::native::BinaryFunctor<bool, bool, bool, at::native::binary_internal::MulFunctor<bool> >, std::array<char*, 3ul> >(int, at::native::BinaryFunctor<bool, bool, bool, at::native::binary_internal::MulFunctor<bool> >, std::array<char*, 3ul>)",176,2543707731575127,2543707731586487,0,0,20,0,80,256,1,1,716032,1,1
"KERNEL_DISPATCH","Agent 2",1,0,296578,177,26,"__amd_rocclr_fillBufferAligned",177,2543707731586487,2543707731590247,0,0,8,0,48,256,1,1,256,1,1
"KERNEL_DISPATCH","Agent 2",1,0,296578,178,9185,"void at::native::reduce_kernel<512, 1, at::native::ReduceOp<bool, at::native::func_wrapper_t<bool, at::native::and_kernel_cuda(at::TensorIterator&)::{lambda()#1}::operator()() const::{lambda()#12}::operator()() const::{lambda(bool, bool)#1}>, unsigned int, bool, 4, 4> >(at::native::ReduceOp<bool, at::native::func_wrapper_t<bool, at::native::and_kernel_cuda(at::TensorIterator&)::{lambda()#1}::operator()() const::{lambda()#12}::operator()() const::{lambda(bool, bool)#1}>, unsigned int, bool, 4, 4>)",178,2543707731594487,2543707731610607,512,12,16,0,80,512,1,1,512,256,1
"KERNEL_DISPATCH","Agent 2",1,0,296578,179,23,"__amd_rocclr_copyBuffer",179,2543707731610607,2543707731614527,0,0,8,0,32,512,1,1,512,1,1
"KERNEL_DISPATCH","Agent 2",1,0,296578,180,8766,"void at::native::vectorized_elementwise_kernel<8, at::native::AbsFunctor<c10::BFloat16>, std::array<char*, 2ul> >(int, at::native::AbsFunctor<c10::BFloat16>, std::array<char*, 2ul>)",180,2543707731634248,2543707731645488,0,0,12,0,32,256,1,1,1432064,1,1
"KERNEL_DISPATCH","Agent 2",1,0,296578,181,8988,"void at::native::vectorized_elementwise_kernel<8, at::native::AUnaryFunctor<c10::BFloat16, c10::BFloat16, bool, at::native::(anonymous namespace)::CompareEqFunctor<c10::BFloat16> >, std::array<char*, 2ul> >(int, at::native::AUnaryFunctor<c10::BFloat16, c10::BFloat16, bool, at::native::(anonymous namespace)::CompareEqFunctor<c10::BFloat16> >, std::array<char*, 2ul>)",181,2543707731645488,2543707731655848,0,0,16,0,32,256,1,1,716032,1,1
"KERNEL_DISPATCH","Agent 2",1,0,296578,182,9013,"void at::native::vectorized_elementwise_kernel<8, at::native::BinaryFunctor<c10::BFloat16, c10::BFloat16, bool, at::native::(anonymous namespace)::CompareEqFunctor<c10::BFloat16> >, std::array<char*, 3ul> >(int, at::native::BinaryFunctor<c10::BFloat16, c10::BFloat16, bool, at::native::(anonymous namespace)::CompareEqFunctor<c10::BFloat16> >, std::array<char*, 3ul>)",182,2543707731655848,2543707731666128,0,0,20,0,32,256,1,1,716032,1,1
"KERNEL_DISPATCH","Agent 2",1,0,296578,183,74,"void at::native::vectorized_elementwise_kernel<16, at::native::BinaryFunctor<bool, bool, bool, at::native::binary_internal::MulFunctor<bool> >, std::array<char*, 3ul> >(int, at::native::BinaryFunctor<bool, bool, bool, at::native::binary_internal::MulFunctor<bool> >, std::array<char*, 3ul>)",183,2543707731666128,2543707731675488,0,0,20,0,80,256,1,1,716032,1,1
"KERNEL_DISPATCH","Agent 2",1,0,296578,184,26,"__amd_rocclr_fillBufferAligned",184,2543707731675378,2543707731680538,0,0,8,0,48,256,1,1,256,1,1
"KERNEL_DISPATCH","Agent 2",1,0,296578,185,9185,"void at::native::reduce_kernel<512, 1, at::native::ReduceOp<bool, at::native::func_wrapper_t<bool, at::native::and_kernel_cuda(at::TensorIterator&)::{lambda()#1}::operator()() const::{lambda()#12}::operator()() const::{lambda(bool, bool)#1}>, unsigned int, bool, 4, 4> >(at::native::ReduceOp<bool, at::native::func_wrapper_t<bool, at::native::and_kernel_cuda(at::TensorIterator&)::{lambda()#1}::operator()() const::{lambda()#12}::operator()() const::{lambda(bool, bool)#1}>, unsigned int, bool, 4, 4>)",185,2543707731680648,2543707731697528,512,12,16,0,80,512,1,1,512,256,1
"KERNEL_DISPATCH","Agent 2",1,0,296578,186,23,"__amd_rocclr_copyBuffer",186,2543707731697528,2543707731701488,0,0,8,0,32,512,1,1,512,1,1
"KERNEL_DISPATCH","Agent 2",1,0,296578,187,9013,"void at::native::vectorized_elementwise_kernel<8, at::native::BinaryFunctor<c10::BFloat16, c10::BFloat16, bool, at::native::(anonymous namespace)::CompareEqFunctor<c10::BFloat16> >, std::array<char*, 3ul> >(int, at::native::BinaryFunctor<c10::BFloat16, c10::BFloat16, bool, at::native::(anonymous namespace)::CompareEqFunctor<c10::BFloat16> >, std::array<char*, 3ul>)",187,2543707731766849,2543707731869849,0,0,20,0,32,256,1,1,6291456,1,1
"KERNEL_DISPATCH","Agent 2",1,0,296578,188,77,"void at::native::vectorized_elementwise_kernel<8, at::native::AUnaryFunctor<c10::BFloat16, c10::BFloat16, c10::BFloat16, at::native::binary_internal::MulFunctor<float> >, std::array<char*, 2ul> >(int, at::native::AUnaryFunctor<c10::BFloat16, c10::BFloat16, c10::BFloat16, at::native::binary_internal::MulFunctor<float> >, std::array<char*, 2ul>)",188,2543707731869849,2543707731941570,0,0,12,0,32,256,1,1,12582912,1,1
"KERNEL_DISPATCH","Agent 2",1,0,296578,189,8766,"void at::native::vectorized_elementwise_kernel<8, at::native::AbsFunctor<c10::BFloat16>, std::array<char*, 2ul> >(int, at::native::AbsFunctor<c10::BFloat16>, std::array<char*, 2ul>)",189,2543707731941570,2543707732023531,0,0,12,0,32,256,1,1,12582912,1,1
"KERNEL_DISPATCH","Agent 2",1,0,296578,190,9457,"void at::native::vectorized_elementwise_kernel<8, at::native::CUDAFunctorOnSelf_add<c10::BFloat16>, std::array<char*, 2ul> >(int, at::native::CUDAFunctorOnSelf_add<c10::BFloat16>, std::array<char*, 2ul>)",190,2543707732023531,2543707732106051,0,0,12,0,32,256,1,1,12582912,1,1
"KERNEL_DISPATCH","Agent 2",1,0,296578,191,9236,"void at::native::vectorized_elementwise_kernel<8, at::native::CUDAFunctor_add<c10::BFloat16>, std::array<char*, 3ul> >(int, at::native::CUDAFunctor_add<c10::BFloat16>, std::array<char*, 3ul>)",191,2543707732106051,2543707732236773,0,0,12,0,32,256,1,1,12582912,1,1
"KERNEL_DISPATCH","Agent 2",1,0,296578,192,8766,"void at::native::vectorized_elementwise_kernel<8, at::native::AbsFunctor<c10::BFloat16>, std::array<char*, 2ul> >(int, at::native::AbsFunctor<c10::BFloat16>, std::array<char*, 2ul>)",192,2543707732236773,2543707732313013,0,0,12,0,32,256,1,1,12582912,1,1
"KERNEL_DISPATCH","Agent 2",1,0,296578,193,8766,"void at::native::vectorized_elementwise_kernel<8, at::native::AbsFunctor<c10::BFloat16>, std::array<char*, 2ul> >(int, at::native::AbsFunctor<c10::BFloat16>, std::array<char*, 2ul>)",193,2543707732313013,2543707732394494,0,0,12,0,32,256,1,1,12582912,1,1
"KERNEL_DISPATCH","Agent 2",1,0,296578,194,8988,"void at::native::vectorized_elementwise_kernel<8, at::native::AUnaryFunctor<c10::BFloat16, c10::BFloat16, bool, at::native::(anonymous namespace)::CompareEqFunctor<c10::BFloat16> >, std::array<char*, 2ul> >(int, at::native::AUnaryFunctor<c10::BFloat16, c10::BFloat16, bool, at::native::(anonymous namespace)::CompareEqFunctor<c10::BFloat16> >, std::array<char*, 2ul>)",194,2543707732394494,2543707732463894,0,0,16,0,32,256,1,1,6291456,1,1
"KERNEL_DISPATCH","Agent 2",1,0,296578,195,9013,"void at::native::vectorized_elementwise_kernel<8, at::native::BinaryFunctor<c10::BFloat16, c10::BFloat16, bool, at::native::(anonymous namespace)::CompareEqFunctor<c10::BFloat16> >, std::array<char*, 3ul> >(int, at::native::BinaryFunctor<c10::BFloat16, c10::BFloat16, bool, at::native::(anonymous namespace)::CompareEqFunctor<c10::BFloat16> >, std::array<char*, 3ul>)",195,2543707732463894,2543707732525775,0,0,20,0,32,256,1,1,6291456,1,1
"KERNEL_DISPATCH","Agent 2",1,0,296578,196,74,"void at::native::vectorized_elementwise_kernel<16, at::native::BinaryFunctor<bool, bool, bool, at::native::binary_internal::MulFunctor<bool> >, std::array<char*, 3ul> >(int, at::native::BinaryFunctor<bool, bool, bool, at::native::binary_internal::MulFunctor<bool> >, std::array<char*, 3ul>)",196,2543707732525775,2543707732587416,0,0,20,0,80,256,1,1,6291456,1,1
"KERNEL_DISPATCH","Agent 2",1,0,296578,197,9554,"void at::native::vectorized_elementwise_kernel<8, at::native::(anonymous namespace)::CompareFunctor<c10::BFloat16>, std::array<char*, 3ul> >(int, at::native::(anonymous namespace)::CompareFunctor<c10::BFloat16>, std::array<char*, 3ul>)",197,2543707732587416,2543707732700736,0,0,20,0,64,256,1,1,6291456,1,1
"KERNEL_DISPATCH","Agent 2",1,0,296578,198,9769,"void at::native::vectorized_elementwise_kernel<16, at::native::BinaryFunctor<bool, bool, bool, at::native::BitwiseAndFunctor<bool> >, std::array<char*, 3ul> >(int, at::native::BinaryFunctor<bool, bool, bool, at::native::BitwiseAndFunctor<bool> >, std::array<char*, 3ul>)",198,2543707732700736,2543707732757577,0,0,20,0,80,256,1,1,6291456,1,1
"KERNEL_DISPATCH","Agent 2",1,0,296578,199,9929,"void at::native::vectorized_elementwise_kernel<16, at::native::BinaryFunctor<bool, bool, bool, at::native::BitwiseOrFunctor<bool> >, std::array<char*, 3ul> >(int, at::native::BinaryFunctor<bool, bool, bool, at::native::BitwiseOrFunctor<bool> >, std::array<char*, 3ul>)",199,2543707732757577,2543707732809537,0,0,20,0,32,256,1,1,6291456,1,1
"KERNEL_DISPATCH","Agent 2",1,0,296578,200,26,"__amd_rocclr_fillBufferAligned",200,2543707732809537,2543707732814777,0,0,8,0,48,256,1,1,256,1,1
"KERNEL_DISPATCH","Agent 2",1,0,296578,201,9185,"void at::native::reduce_kernel<512, 1, at::native::ReduceOp<bool, at::native::func_wrapper_t<bool, at::native::and_kernel_cuda(at::TensorIterator&)::{lambda()#1}::operator()() const::{lambda()#12}::operator()() const::{lambda(bool, bool)#1}>, unsigned int, bool, 4, 4> >(at::native::ReduceOp<bool, at::native::func_wrapper_t<bool, at::native::and_kernel_cuda(at::TensorIterator&)::{lambda()#1}::operator()() const::{lambda()#12}::operator()() const::{lambda(bool, bool)#1}>, unsigned int, bool, 4, 4>)",201,2543707732814777,2543707732892578,512,12,16,0,80,512,1,1,512,256,1
"KERNEL_DISPATCH","Agent 2",1,0,296578,202,23,"__amd_rocclr_copyBuffer",202,2543707732892578,2543707732896738,0,0,8,0,32,512,1,1,512,1,1
"KERNEL_DISPATCH","Agent 2",1,0,296578,203,9013,"void at::native::vectorized_elementwise_kernel<8, at::native::BinaryFunctor<c10::BFloat16, c10::BFloat16, bool, at::native::(anonymous namespace)::CompareEqFunctor<c10::BFloat16> >, std::array<char*, 3ul> >(int, at::native::BinaryFunctor<c10::BFloat16, c10::BFloat16, bool, at::native::(anonymous namespace)::CompareEqFunctor<c10::BFloat16> >, std::array<char*, 3ul>)",203,2543707732951859,2543707732971659,0,0,20,0,32,256,1,1,716032,1,1
"KERNEL_DISPATCH","Agent 2",1,0,296578,204,26,"__amd_rocclr_fillBufferAligned",204,2543707732971659,2543707732976779,0,0,8,0,48,256,1,1,256,1,1
"KERNEL_DISPATCH","Agent 2",1,0,296578,205,9185,"void at::native::reduce_kernel<512, 1, at::native::ReduceOp<bool, at::native::func_wrapper_t<bool, at::native::and_kernel_cuda(at::TensorIterator&)::{lambda()#1}::operator()() const::{lambda()#12}::operator()() const::{lambda(bool, bool)#1}>, unsigned int, bool, 4, 4> >(at::native::ReduceOp<bool, at::native::func_wrapper_t<bool, at::native::and_kernel_cuda(at::TensorIterator&)::{lambda()#1}::operator()() const::{lambda()#12}::operator()() const::{lambda(bool, bool)#1}>, unsigned int, bool, 4, 4>)",205,2543707732976779,2543707732993739,512,12,16,0,80,512,1,1,512,256,1
"KERNEL_DISPATCH","Agent 2",1,0,296578,206,23,"__amd_rocclr_copyBuffer",206,2543707732993739,2543707732998259,0,0,8,0,32,512,1,1,512,1,1
"KERNEL_DISPATCH","Agent 2",1,0,296578,207,9013,"void at::native::vectorized_elementwise_kernel<8, at::native::BinaryFunctor<c10::BFloat16, c10::BFloat16, bool, at::native::(anonymous namespace)::CompareEqFunctor<c10::BFloat16> >, std::array<char*, 3ul> >(int, at::native::BinaryFunctor<c10::BFloat16, c10::BFloat16, bool, at::native::(anonymous namespace)::CompareEqFunctor<c10::BFloat16> >, std::array<char*, 3ul>)",207,2543707733021459,2543707733123180,0,0,20,0,32,256,1,1,6291456,1,1
"KERNEL_DISPATCH","Agent 2",1,0,296578,208,26,"__amd_rocclr_fillBufferAligned",208,2543707733123180,2543707733128740,0,0,8,0,48,256,1,1,256,1,1
"KERNEL_DISPATCH","Agent 2",1,0,296578,209,9185,"void at::native::reduce_kernel<512, 1, at::native::ReduceOp<bool, at::native::func_wrapper_t<bool, at::native::and_kernel_cuda(at::TensorIterator&)::{lambda()#1}::operator()() const::{lambda()#12}::operator()() const::{lambda(bool, bool)#1}>, unsigned int, bool, 4, 4> >(at::native::ReduceOp<bool, at::native::func_wrapper_t<bool, at::native::and_kernel_cuda(at::TensorIterator&)::{lambda()#1}::operator()() const::{lambda()#12}::operator()() const::{lambda(bool, bool)#1}>, unsigned int, bool, 4, 4>)",209,2543707733128740,2543707733236621,512,12,16,0,80,512,1,1,512,256,1
"KERNEL_DISPATCH","Agent 2",1,0,296578,210,23,"__amd_rocclr_copyBuffer",210,2543707733236621,2543707733240861,0,0,8,0,32,512,1,1,512,1,1
"KERNEL_DISPATCH","Agent 2",1,0,296578,211,10195,"void at::native::vectorized_elementwise_kernel<4, at::native::bfloat16tofloat32_copy_kernel_cuda(at::TensorIteratorBase&)::{lambda(c10::BFloat16)#1}, std::array<char*, 2ul> >(int, at::native::bfloat16tofloat32_copy_kernel_cuda(at::TensorIteratorBase&)::{lambda(c10::BFloat16)#1}, std::array<char*, 2ul>)",211,2543707733302422,2543707733412022,0,0,8,0,32,256,1,1,12582912,1,1
"KERNEL_DISPATCH","Agent 2",1,0,296578,212,10195,"void at::native::vectorized_elementwise_kernel<4, at::native::bfloat16tofloat32_copy_kernel_cuda(at::TensorIteratorBase&)::{lambda(c10::BFloat16)#1}, std::array<char*, 2ul> >(int, at::native::bfloat16tofloat32_copy_kernel_cuda(at::TensorIteratorBase&)::{lambda(c10::BFloat16)#1}, std::array<char*, 2ul>)",212,2543707733412022,2543707733540784,0,0,8,0,32,256,1,1,12582912,1,1
"KERNEL_DISPATCH","Agent 2",1,0,296578,213,9459,"void at::native::vectorized_elementwise_kernel<4, at::native::CUDAFunctor_add<float>, std::array<char*, 3ul> >(int, at::native::CUDAFunctor_add<float>, std::array<char*, 3ul>)",213,2543707733540784,2543707733808906,0,0,8,0,32,256,1,1,25165824,1,1
"KERNEL_DISPATCH","Agent 2",1,0,296578,214,8758,"void at::native::vectorized_elementwise_kernel<4, at::native::AbsFunctor<float>, std::array<char*, 2ul> >(int, at::native::AbsFunctor<float>, std::array<char*, 2ul>)",214,2543707733808906,2543707733967827,0,0,8,0,32,256,1,1,25165824,1,1
"KERNEL_DISPATCH","Agent 2",1,0,296578,215,10094,"void at::native::elementwise_kernel_manual_unroll<128, 4, at::native::gpu_kernel_impl_nocast<at::native::direct_copy_kernel_cuda(at::TensorIteratorBase&)::{lambda()#3}::operator()() const::{lambda()#7}::operator()() const::{lambda(float)#1}>(at::TensorIteratorBase&, at::native::direct_copy_kernel_cuda(at::TensorIteratorBase&)::{lambda()#3}::operator()() const::{lambda()#7}::operator()() const::{lambda(float)#1} const&)::{lambda(int, bool)#1}>(int, at::native::gpu_kernel_impl_nocast<at::native::direct_copy_kernel_cuda(at::TensorIteratorBase&)::{lambda()#3}::operator()() const::{lambda()#7}::operator()() const::{lambda(float)#1}>(at::TensorIteratorBase&, at::native::direct_copy_kernel_cuda(at::TensorIteratorBase&)::{lambda()#3}::operator()() const::{lambda()#7}::operator()() const::{lambda(float)#1} const&)::{lambda(int, bool)#1})",215,2543707733967827,2543707734468551,0,0,12,0,80,128,1,1,25165824,1,1
"KERNEL_DISPATCH","Agent 2",1,0,296578,216,26,"__amd_rocclr_fillBufferAligned",216,2543707734468551,2543707734474071,0,0,8,0,48,256,1,1,256,1,1
"KERNEL_DISPATCH","Agent 2",1,0,296578,217,10350,"void at::native::reduce_kernel<512, 1, at::native::ReduceOp<float, at::native::func_wrapper_t<float, at::native::MaxNanFunctor<float> >, unsigned int, float, 4, 4> >(at::native::ReduceOp<float, at::native::func_wrapper_t<float, at::native::MaxNanFunctor<float> >, unsigned int, float, 4, 4>)",217,2543707734474071,2543707734606832,512,0,16,0,80,512,1,1,512,256,1
"KERNEL_DISPATCH","Agent 2",1,0,296578,218,23,"__amd_rocclr_copyBuffer",218,2543707734606832,2543707734611153,0,0,8,0,32,512,1,1,512,1,1
"KERNEL_DISPATCH","Agent 2",1,0,296578,219,23,"__amd_rocclr_copyBuffer",219,2543707734645793,2543707734658873,0,0,8,0,32,512,1,1,131072,1,1
"KERNEL_DISPATCH","Agent 2",1,0,296578,220,8717,"_causal_conv1d_fwd_kernel",220,2543707734658873,2543707734864155,0,0,20,0,48,256,1,1,256,4096,12
"KERNEL_DISPATCH","Agent 2",1,0,296578,221,23,"__amd_rocclr_copyBuffer",221,2543707734873515,2543707734885435,0,0,8,0,32,512,1,1,131072,1,1
"KERNEL_DISPATCH","Agent 2",1,0,296578,222,8717,"_causal_conv1d_fwd_kernel",222,2543707734885435,2543707735093597,0,0,20,0,48,256,1,1,256,4096,12
"KERNEL_DISPATCH","Agent 2",1,0,296578,223,23,"__amd_rocclr_copyBuffer",223,2543707735127877,2543707735139197,0,0,8,0,32,512,1,1,131072,1,1
"KERNEL_DISPATCH","Agent 2",1,0,296578,224,8717,"_causal_conv1d_fwd_kernel",224,2543707735158397,2543707735365279,0,0,20,0,48,256,1,1,256,4096,12
"KERNEL_DISPATCH","Agent 2",1,0,296578,225,23,"__amd_rocclr_copyBuffer",225,2543707735400239,2543707735413639,0,0,8,0,32,512,1,1,131072,1,1
"KERNEL_DISPATCH","Agent 2",1,0,296578,226,8717,"_causal_conv1d_fwd_kernel",226,2543707735419639,2543707735624921,0,0,20,0,48,256,1,1,256,4096,12
"KERNEL_DISPATCH","Agent 2",1,0,296578,227,23,"__amd_rocclr_copyBuffer",227,2543707735782922,2543707735795722,0,0,8,0,32,512,1,1,131072,1,1
"KERNEL_DISPATCH","Agent 2",1,0,296578,228,8718,"kernel_0",228,2543707735795722,2543707735992044,0,0,12,0,32,128,1,1,262144,1,24
"KERNEL_DISPATCH","Agent 2",1,0,296578,229,23,"__amd_rocclr_copyBuffer",229,2543707736001204,2543707736013284,0,0,8,0,32,512,1,1,131072,1,1
"KERNEL_DISPATCH","Agent 2",1,0,296578,230,8718,"kernel_0",230,2543707736013284,2543707736210206,0,0,12,0,32,128,1,1,262144,1,24
"KERNEL_DISPATCH","Agent 2",1,0,296578,231,23,"__amd_rocclr_copyBuffer",231,2543707736239286,2543707736250726,0,0,8,0,32,512,1,1,131072,1,1
"KERNEL_DISPATCH","Agent 2",1,0,296578,232,8718,"kernel_0",232,2543707736256366,2543707736451768,0,0,12,0,32,128,1,1,262144,1,24
"KERNEL_DISPATCH","Agent 2",1,0,296578,233,23,"__amd_rocclr_copyBuffer",233,2543707736479288,2543707736490768,0,0,8,0,32,512,1,1,131072,1,1
"KERNEL_DISPATCH","Agent 2",1,0,296578,234,8718,"kernel_0",234,2543707736496448,2543707736692810,0,0,12,0,32,128,1,1,262144,1,24
