timestamp,gpu,gfx_activity,umc_activity,mm_activity,vcn_activity,jpeg_activity,gfx_busy_inst_xcp_0,jpeg_busy_xcp_0,vcn_busy_xcp_0,socket_power,gfx_voltage,soc_voltage,mem_voltage,throttle_status,power_management,gfx_0_clk,gfx_0_min_clk,gfx_0_max_clk,gfx_0_clk_locked,gfx_0_deep_sleep,gfx_1_clk,gfx_1_min_clk,gfx_1_max_clk,gfx_1_clk_locked,gfx_1_deep_sleep,gfx_2_clk,gfx_2_min_clk,gfx_2_max_clk,gfx_2_clk_locked,gfx_2_deep_sleep,gfx_3_clk,gfx_3_min_clk,gfx_3_max_clk,gfx_3_clk_locked,gfx_3_deep_sleep,gfx_4_clk,gfx_4_min_clk,gfx_4_max_clk,gfx_4_clk_locked,gfx_4_deep_sleep,gfx_5_clk,gfx_5_min_clk,gfx_5_max_clk,gfx_5_clk_locked,gfx_5_deep_sleep,gfx_6_clk,gfx_6_min_clk,gfx_6_max_clk,gfx_6_clk_locked,gfx_6_deep_sleep,gfx_7_clk,gfx_7_min_clk,gfx_7_max_clk,gfx_7_clk_locked,gfx_7_deep_sleep,mem_0_clk,mem_0_min_clk,mem_0_max_clk,mem_0_clk_locked,mem_0_deep_sleep,vclk_0_clk,vclk_0_min_clk,vclk_0_max_clk,vclk_0_clk_locked,vclk_0_deep_sleep,vclk_1_clk,vclk_1_min_clk,vclk_1_max_clk,vclk_1_clk_locked,vclk_1_deep_sleep,vclk_2_clk,vclk_2_min_clk,vclk_2_max_clk,vclk_2_clk_locked,vclk_2_deep_sleep,vclk_3_clk,vclk_3_min_clk,vclk_3_max_clk,vclk_3_clk_locked,vclk_3_deep_sleep,dclk_0_clk,dclk_0_min_clk,dclk_0_max_clk,dclk_0_clk_locked,dclk_0_deep_sleep,dclk_1_clk,dclk_1_min_clk,dclk_1_max_clk,dclk_1_clk_locked,dclk_1_deep_sleep,dclk_2_clk,dclk_2_min_clk,dclk_2_max_clk,dclk_2_clk_locked,dclk_2_deep_sleep,dclk_3_clk,dclk_3_min_clk,dclk_3_max_clk,dclk_3_clk_locked,dclk_3_deep_sleep,fclk_0_clk,fclk_0_min_clk,fclk_0_max_clk,fclk_0_clk_locked,fclk_0_deep_sleep,socclk_0_clk,socclk_0_min_clk,socclk_0_max_clk,socclk_0_clk_locked,socclk_0_deep_sleep,edge,hotspot,mem
1789733353,0,0,0,N/A,"['N/A', 'N/A', 'N/A', 'N/A']","['N/A', 'N/A', 'N/A', 'N/A', 'N/A', 'N/A', 'N/A', 'N/A', 'N/A', 'N/A', 'N/A', 'N/A', 'N/A', 'N/A', 'N/A', 'N/A', 'N/A', 'N/A', 'N/A', 'N/A', 'N/A', 'N/A', 'N/A', 'N/A', 'N/A', 'N/A', 'N/A', 'N/A', 'N/A', 'N/A', 'N/A', 'N/A']","[0, 0, 0, 0, 0, 0, 0, 0]","[0, 0, 0, 0, 0, 0, 0, 0, 0, 0, 0, 0, 0, 0, 0, 0, 0, 0, 0, 0, 0, 0, 0, 0, 0, 0, 0, 0, 0, 0, 0, 0, 0, 0, 0, 0, 0, 0, 0, 0]","[0, 0, 0, 0]",219,N/A,N/A,N/A,N/A,ENABLED,94,500,2400,DISABLED,ENABLED,94,500,2400,DISABLED,ENABLED,94,500,2400,DISABLED,ENABLED,95,500,2400,DISABLED,ENABLED,96,500,2400,DISABLED,ENABLED,96,500,2400,DISABLED,ENABLED,94,500,2400,DISABLED,ENABLED,95,500,2400,DISABLED,ENABLED,1900,1900,1900,N/A,DISABLED,59,1900,1900,N/A,ENABLED,59,1900,1900,N/A,ENABLED,59,1900,1900,N/A,ENABLED,59,1900,1900,N/A,ENABLED,48,1520,1520,N/A,ENABLED,48,1520,1520,N/A,ENABLED,48,1520,1520,N/A,ENABLED,48,1520,1520,N/A,ENABLED,1250,1250,1250,N/A,DISABLED,39,1200,1200,N/A,ENABLED,N/A,42,28
1789733353,1,0,0,N/A,"['N/A', 'N/A', 'N/A', 'N/A']","['N/A', 'N/A', 'N/A', 'N/A', 'N/A', 'N/A', 'N/A', 'N/A', 'N/A', 'N/A', 'N/A', 'N/A', 'N/A', 'N/A', 'N/A', 'N/A', 'N/A', 'N/A', 'N/A', 'N/A', 'N/A', 'N/A', 'N/A', 'N/A', 'N/A', 'N/A', 'N/A', 'N/A', 'N/A', 'N/A', 'N/A', 'N/A']","[0, 0, 0, 0, 0, 0, 0, 0]","[0, 0, 0, 0, 0, 0, 0, 0, 0, 0, 0, 0, 0, 0, 0, 0, 0, 0, 0, 0, 0, 0, 0, 0, 0, 0, 0, 0, 0, 0, 0, 0, 0, 0, 0, 0, 0, 0, 0, 0]","[0, 0, 0, 0]",223,N/A,N/A,N/A,N/A,ENABLED,94,500,2400,DISABLED,ENABLED,95,500,2400,DISABLED,ENABLED,94,500,2400,DISABLED,ENABLED,95,500,2400,DISABLED,ENABLED,94,500,2400,DISABLED,ENABLED,95,500,2400,DISABLED,ENABLED,94,500,2400,DISABLED,ENABLED,94,500,2400,DISABLED,ENABLED,1900,1900,1900,N/A,DISABLED,59,1900,1900,N/A,ENABLED,59,1900,1900,N/A,ENABLED,59,1900,1900,N/A,ENABLED,59,1900,1900,N/A,ENABLED,48,1520,1520,N/A,ENABLED,48,1520,1520,N/A,ENABLED,48,1520,1520,N/A,ENABLED,48,1520,1520,N/A,ENABLED,1250,1250,1250,N/A,DISABLED,39,1200,1200,N/A,ENABLED,N/A,41,28
1789733353,2,0,0,N/A,"['N/A', 'N/A', 'N/A', 'N/A']","['N/A', 'N/A', 'N/A', 'N/A', 'N/A', 'N/A', 'N/A', 'N/A', 'N/A', 'N/A', 'N/A', 'N/A', 'N/A', 'N/A', 'N/A', 'N/A', 'N/A', 'N/A', 'N/A', 'N/A', 'N/A', 'N/A', 'N/A', 'N/A', 'N/A', 'N/A', 'N/A', 'N/A', 'N/A', 'N/A', 'N/A', 'N/A']","[0, 0, 0, 0, 0, 0, 0, 0]","[0, 0, 0, 0, 0, 0, 0, 0, 0, 0, 0, 0, 0, 0, 0, 0, 0, 0, 0, 0, 0, 0, 0, 0, 0, 0, 0, 0, 0, 0, 0, 0, 0, 0, 0, 0, 0, 0, 0, 0]","[0, 0, 0, 0]",212,N/A,N/A,N/A,N/A,ENABLED,94,500,2400,DISABLED,ENABLED,95,500,2400,DISABLED,ENABLED,94,500,2400,DISABLED,ENABLED,95,500,2400,DISABLED,ENABLED,94,500,2400,DISABLED,ENABLED,95,500,2400,DISABLED,ENABLED,112,500,2400,DISABLED,ENABLED,111,500,2400,DISABLED,ENABLED,1900,1900,1900,N/A,DISABLED,59,1900,1900,N/A,ENABLED,59,1900,1900,N/A,ENABLED,59,1900,1900,N/A,ENABLED,59,1900,1900,N/A,ENABLED,48,1520,1520,N/A,ENABLED,48,1520,1520,N/A,ENABLED,48,1520,1520,N/A,ENABLED,48,1520,1520,N/A,ENABLED,1250,1250,1250,N/A,DISABLED,39,1200,1200,N/A,ENABLED,N/A,43,28
1789733353,3,0,0,N/A,"['N/A', 'N/A', 'N/A', 'N/A']","['N/A', 'N/A', 'N/A', 'N/A', 'N/A', 'N/A', 'N/A', 'N/A', 'N/A', 'N/A', 'N/A', 'N/A', 'N/A', 'N/A', 'N/A', 'N/A', 'N/A', 'N/A', 'N/A', 'N/A', 'N/A', 'N/A', 'N/A', 'N/A', 'N/A', 'N/A', 'N/A', 'N/A', 'N/A', 'N/A', 'N/A', 'N/A']","[0, 0, 0, 0, 0, 0, 0, 0]","[0, 0, 0, 0, 0, 0, 0, 0, 0, 0, 0, 0, 0, 0, 0, 0, 0, 0, 0, 0, 0, 0, 0, 0, 0, 0, 0, 0, 0, 0, 0, 0, 0, 0, 0, 0, 0, 0, 0, 0]","[0, 0, 0, 0]",283,N/A,N/A,N/A,N/A,ENABLED,2372,500,2400,DISABLED,DISABLED,2397,500,2400,DISABLED,DISABLED,2390,500,2400,DISABLED,DISABLED,2390,500,2400,DISABLED,DISABLED,2393,500,2400,DISABLED,DISABLED,2394,500,2400,DISABLED,DISABLED,2388,500,2400,DISABLED,DISABLED,2397,500,2400,DISABLED,DISABLED,1900,1900,1900,N/A,DISABLED,59,1900,1900,N/A,ENABLED,59,1900,1900,N/A,ENABLED,59,1900,1900,N/A,ENABLED,59,1900,1900,N/A,ENABLED,48,1520,1520,N/A,ENABLED,48,1520,1520,N/A,ENABLED,48,1520,1520,N/A,ENABLED,48,1520,1520,N/A,ENABLED,1250,1250,1250,N/A,DISABLED,39,1200,1200,N/A,ENABLED,N/A,43,29

1789733354,0,0,0,N/A,"['N/A', 'N/A', 'N/A', 'N/A']","['N/A', 'N/A', 'N/A', 'N/A', 'N/A', 'N/A', 'N/A', 'N/A', 'N/A', 'N/A', 'N/A', 'N/A', 'N/A', 'N/A', 'N/A', 'N/A', 'N/A', 'N/A', 'N/A', 'N/A', 'N/A', 'N/A', 'N/A', 'N/A', 'N/A', 'N/A', 'N/A', 'N/A', 'N/A', 'N/A', 'N/A', 'N/A']","[0, 0, 0, 0, 0, 0, 0, 0]","[0, 0, 0, 0, 0, 0, 0, 0, 0, 0, 0, 0, 0, 0, 0, 0, 0, 0, 0, 0, 0, 0, 0, 0, 0, 0, 0, 0, 0, 0, 0, 0, 0, 0, 0, 0, 0, 0, 0, 0]","[0, 0, 0, 0]",219,N/A,N/A,N/A,N/A,ENABLED,94,500,2400,DISABLED,ENABLED,94,500,2400,DISABLED,ENABLED,94,500,2400,DISABLED,ENABLED,95,500,2400,DISABLED,ENABLED,96,500,2400,DISABLED,ENABLED,96,500,2400,DISABLED,ENABLED,94,500,2400,DISABLED,ENABLED,95,500,2400,DISABLED,ENABLED,1900,1900,1900,N/A,DISABLED,59,1900,1900,N/A,ENABLED,59,1900,1900,N/A,ENABLED,59,1900,1900,N/A,ENABLED,59,1900,1900,N/A,ENABLED,48,1520,1520,N/A,ENABLED,48,1520,1520,N/A,ENABLED,48,1520,1520,N/A,ENABLED,48,1520,1520,N/A,ENABLED,1250,1250,1250,N/A,DISABLED,38,1200,1200,N/A,ENABLED,N/A,42,28
1789733354,1,0,0,N/A,"['N/A', 'N/A', 'N/A', 'N/A']","['N/A', 'N/A', 'N/A', 'N/A', 'N/A', 'N/A', 'N/A', 'N/A', 'N/A', 'N/A', 'N/A', 'N/A', 'N/A', 'N/A', 'N/A', 'N/A', 'N/A', 'N/A', 'N/A', 'N/A', 'N/A', 'N/A', 'N/A', 'N/A', 'N/A', 'N/A', 'N/A', 'N/A', 'N/A', 'N/A', 'N/A', 'N/A']","[0, 0, 0, 0, 0, 0, 0, 0]","[0, 0, 0, 0, 0, 0, 0, 0, 0, 0, 0, 0, 0, 0, 0, 0, 0, 0, 0, 0, 0, 0, 0, 0, 0, 0, 0, 0, 0, 0, 0, 0, 0, 0, 0, 0, 0, 0, 0, 0]","[0, 0, 0, 0]",222,N/A,N/A,N/A,N/A,ENABLED,94,500,2400,DISABLED,ENABLED,95,500,2400,DISABLED,ENABLED,94,500,2400,DISABLED,ENABLED,95,500,2400,DISABLED,ENABLED,94,500,2400,DISABLED,ENABLED,95,500,2400,DISABLED,ENABLED,95,500,2400,DISABLED,ENABLED,95,500,2400,DISABLED,ENABLED,1900,1900,1900,N/A,DISABLED,59,1900,1900,N/A,ENABLED,59,1900,1900,N/A,ENABLED,59,1900,1900,N/A,ENABLED,59,1900,1900,N/A,ENABLED,48,1520,1520,N/A,ENABLED,48,1520,1520,N/A,ENABLED,48,1520,1520,N/A,ENABLED,48,1520,1520,N/A,ENABLED,1250,1250,1250,N/A,DISABLED,38,1200,1200,N/A,ENABLED,N/A,41,28
1789733354,2,0,0,N/A,"['N/A', 'N/A', 'N/A', 'N/A']","['N/A', 'N/A', 'N/A', 'N/A', 'N/A', 'N/A', 'N/A', 'N/A', 'N/A', 'N/A', 'N/A', 'N/A', 'N/A', 'N/A', 'N/A', 'N/A', 'N/A', 'N/A', 'N/A', 'N/A', 'N/A', 'N/A', 'N/A', 'N/A', 'N/A', 'N/A', 'N/A', 'N/A', 'N/A', 'N/A', 'N/A', 'N/A']","[0, 0, 0, 0, 0, 0, 0, 0]","[0, 0, 0, 0, 0, 0, 0, 0, 0, 0, 0, 0, 0, 0, 0, 0, 0, 0, 0, 0, 0, 0, 0, 0, 0, 0, 0, 0, 0, 0, 0, 0, 0, 0, 0, 0, 0, 0, 0, 0]","[0, 0, 0, 0]",211,N/A,N/A,N/A,N/A,ENABLED,94,500,2400,DISABLED,ENABLED,95,500,2400,DISABLED,ENABLED,94,500,2400,DISABLED,ENABLED,95,500,2400,DISABLED,ENABLED,94,500,2400,DISABLED,ENABLED,95,500,2400,DISABLED,ENABLED,104,500,2400,DISABLED,ENABLED,104,500,2400,DISABLED,ENABLED,1900,1900,1900,N/A,DISABLED,59,1900,1900,N/A,ENABLED,59,1900,1900,N/A,ENABLED,59,1900,1900,N/A,ENABLED,59,1900,1900,N/A,ENABLED,48,1520,1520,N/A,ENABLED,48,1520,1520,N/A,ENABLED,48,1520,1520,N/A,ENABLED,48,1520,1520,N/A,ENABLED,1250,1250,1250,N/A,DISABLED,38,1200,1200,N/A,ENABLED,N/A,43,28
1789733354,3,0,0,N/A,"['N/A', 'N/A', 'N/A', 'N/A']","['N/A', 'N/A', 'N/A', 'N/A', 'N/A', 'N/A', 'N/A', 'N/A', 'N/A', 'N/A', 'N/A', 'N/A', 'N/A', 'N/A', 'N/A', 'N/A', 'N/A', 'N/A', 'N/A', 'N/A', 'N/A', 'N/A', 'N/A', 'N/A', 'N/A', 'N/A', 'N/A', 'N/A', 'N/A', 'N/A', 'N/A', 'N/A']","[0, 0, 0, 0, 0, 0, 0, 0]","[0, 0, 0, 0, 0, 0, 0, 0, 0, 0, 0, 0, 0, 0, 0, 0, 0, 0, 0, 0, 0, 0, 0, 0, 0, 0, 0, 0, 0, 0, 0, 0, 0, 0, 0, 0, 0, 0, 0, 0]","[0, 0, 0, 0]",282,N/A,N/A,N/A,N/A,ENABLED,2373,500,2400,DISABLED,DISABLED,2397,500,2400,DISABLED,DISABLED,2391,500,2400,DISABLED,DISABLED,2390,500,2400,DISABLED,DISABLED,2392,500,2400,DISABLED,DISABLED,2393,500,2400,DISABLED,DISABLED,2388,500,2400,DISABLED,DISABLED,2397,500,2400,DISABLED,DISABLED,1900,1900,1900,N/A,DISABLED,59,1900,1900,N/A,ENABLED,59,1900,1900,N/A,ENABLED,59,1900,1900,N/A,ENABLED,59,1900,1900,N/A,ENABLED,48,1520,1520,N/A,ENABLED,48,1520,1520,N/A,ENABLED,48,1520,1520,N/A,ENABLED,48,1520,1520,N/A,ENABLED,1250,1250,1250,N/A,DISABLED,38,1200,1200,N/A,ENABLED,N/A,43,29

1789733355,0,0,0,N/A,"['N/A', 'N/A', 'N/A', 'N/A']","['N/A', 'N/A', 'N/A', 'N/A', 'N/A', 'N/A', 'N/A', 'N/A', 'N/A', 'N/A', 'N/A', 'N/A', 'N/A', 'N/A', 'N/A', 'N/A', 'N/A', 'N/A', 'N/A', 'N/A', 'N/A', 'N/A', 'N/A', 'N/A', 'N/A', 'N/A', 'N/A', 'N/A', 'N/A', 'N/A', 'N/A', 'N/A']","[0, 0, 0, 0, 0, 0, 0, 0]","[0, 0, 0, 0, 0, 0, 0, 0, 0, 0, 0, 0, 0, 0, 0, 0, 0, 0, 0, 0, 0, 0, 0, 0, 0, 0, 0, 0, 0, 0, 0, 0, 0, 0, 0, 0, 0, 0, 0, 0]","[0, 0, 0, 0]",218,N/A,N/A,N/A,N/A,ENABLED,94,500,2400,DISABLED,ENABLED,95,500,2400,DISABLED,ENABLED,94,500,2400,DISABLED,ENABLED,95,500,2400,DISABLED,ENABLED,96,500,2400,DISABLED,ENABLED,96,500,2400,DISABLED,ENABLED,94,500,2400,DISABLED,ENABLED,95,500,2400,DISABLED,ENABLED,1900,1900,1900,N/A,DISABLED,59,1900,1900,N/A,ENABLED,59,1900,1900,N/A,ENABLED,59,1900,1900,N/A,ENABLED,59,1900,1900,N/A,ENABLED,48,1520,1520,N/A,ENABLED,48,1520,1520,N/A,ENABLED,48,1520,1520,N/A,ENABLED,48,1520,1520,N/A,ENABLED,1250,1250,1250,N/A,DISABLED,38,1200,1200,N/A,ENABLED,N/A,42,28
1789733355,1,0,0,N/A,"['N/A', 'N/A', 'N/A', 'N/A']","['N/A', 'N/A', 'N/A', 'N/A', 'N/A', 'N/A', 'N/A', 'N/A', 'N/A', 'N/A', 'N/A', 'N/A', 'N/A', 'N/A', 'N/A', 'N/A', 'N/A', 'N/A', 'N/A', 'N/A', 'N/A', 'N/A', 'N/A', 'N/A', 'N/A', 'N/A', 'N/A', 'N/A', 'N/A', 'N/A', 'N/A', 'N/A']","[0, 0, 0, 0, 0, 0, 0, 0]","[0, 0, 0, 0, 0, 0, 0, 0, 0, 0, 0, 0, 0, 0, 0, 0, 0, 0, 0, 0, 0, 0, 0, 0, 0, 0, 0, 0, 0, 0, 0, 0, 0, 0, 0, 0, 0, 0, 0, 0]","[0, 0, 0, 0]",222,N/A,N/A,N/A,N/A,ENABLED,94,500,2400,DISABLED,ENABLED,95,500,2400,DISABLED,ENABLED,94,500,2400,DISABLED,ENABLED,95,500,2400,DISABLED,ENABLED,94,500,2400,DISABLED,ENABLED,95,500,2400,DISABLED,ENABLED,94,500,2400,DISABLED,ENABLED,94,500,2400,DISABLED,ENABLED,1900,1900,1900,N/A,DISABLED,59,1900,1900,N/A,ENABLED,59,1900,1900,N/A,ENABLED,59,1900,1900,N/A,ENABLED,59,1900,1900,N/A,ENABLED,48,1520,1520,N/A,ENABLED,48,1520,1520,N/A,ENABLED,48,1520,1520,N/A,ENABLED,48,1520,1520,N/A,ENABLED,1250,1250,1250,N/A,DISABLED,38,1200,1200,N/A,ENABLED,N/A,41,28
1789733355,2,0,0,N/A,"['N/A', 'N/A', 'N/A', 'N/A']","['N/A', 'N/A', 'N/A', 'N/A', 'N/A', 'N/A', 'N/A', 'N/A', 'N/A', 'N/A', 'N/A', 'N/A', 'N/A', 'N/A', 'N/A', 'N/A', 'N/A', 'N/A', 'N/A', 'N/A', 'N/A', 'N/A', 'N/A', 'N/A', 'N/A', 'N/A', 'N/A', 'N/A', 'N/A', 'N/A', 'N/A', 'N/A']","[0, 0, 0, 0, 0, 0, 0, 0]","[0, 0, 0, 0, 0, 0, 0, 0, 0, 0, 0, 0, 0, 0, 0, 0, 0, 0, 0, 0, 0, 0, 0, 0, 0, 0, 0, 0, 0, 0, 0, 0, 0, 0, 0, 0, 0, 0, 0, 0]","[0, 0, 0, 0]",211,N/A,N/A,N/A,N/A,ENABLED,94,500,2400,DISABLED,ENABLED,95,500,2400,DISABLED,ENABLED,94,500,2400,DISABLED,ENABLED,95,500,2400,DISABLED,ENABLED,95,500,2400,DISABLED,ENABLED,95,500,2400,DISABLED,ENABLED,112,500,2400,DISABLED,ENABLED,111,500,2400,DISABLED,ENABLED,1900,1900,1900,N/A,DISABLED,59,1900,1900,N/A,ENABLED,59,1900,1900,N/A,ENABLED,59,1900,1900,N/A,ENABLED,59,1900,1900,N/A,ENABLED,48,1520,1520,N/A,ENABLED,48,1520,1520,N/A,ENABLED,48,1520,1520,N/A,ENABLED,48,1520,1520,N/A,ENABLED,1250,1250,1250,N/A,DISABLED,38,1200,1200,N/A,ENABLED,N/A,43,28
1789733355,3,0,0,N/A,"['N/A', 'N/A', 'N/A', 'N/A']","['N/A', 'N/A', 'N/A', 'N/A', 'N/A', 'N/A', 'N/A', 'N/A', 'N/A', 'N/A', 'N/A', 'N/A', 'N/A', 'N/A', 'N/A', 'N/A', 'N/A', 'N/A', 'N/A', 'N/A', 'N/A', 'N/A', 'N/A', 'N/A', 'N/A', 'N/A', 'N/A', 'N/A', 'N/A', 'N/A', 'N/A', 'N/A']","[0, 0, 0, 0, 0, 0, 0, 0]","[0, 0, 0, 0, 0, 0, 0, 0, 0, 0, 0, 0, 0, 0, 0, 0, 0, 0, 0, 0, 0, 0, 0, 0, 0, 0, 0, 0, 0, 0, 0, 0, 0, 0, 0, 0, 0, 0, 0, 0]","[0, 0, 0, 0]",282,N/A,N/A,N/A,N/A,ENABLED,2372,500,2400,DISABLED,DISABLED,2395,500,2400,DISABLED,DISABLED,2390,500,2400,DISABLED,DISABLED,2390,500,2400,DISABLED,DISABLED,2391,500,2400,DISABLED,DISABLED,2394,500,2400,DISABLED,DISABLED,2388,500,2400,DISABLED,DISABLED,2398,500,2400,DISABLED,DISABLED,1900,1900,1900,N/A,DISABLED,59,1900,1900,N/A,ENABLED,59,1900,1900,N/A,ENABLED,59,1900,1900,N/A,ENABLED,59,1900,1900,N/A,ENABLED,48,1520,1520,N/A,ENABLED,48,1520,1520,N/A,ENABLED,48,1520,1520,N/A,ENABLED,48,1520,1520,N/A,ENABLED,1250,1250,1250,N/A,DISABLED,38,1200,1200,N/A,ENABLED,N/A,43,29

1789733356,0,0,0,N/A,"['N/A', 'N/A', 'N/A', 'N/A']","['N/A', 'N/A', 'N/A', 'N/A', 'N/A', 'N/A', 'N/A', 'N/A', 'N/A', 'N/A', 'N/A', 'N/A', 'N/A', 'N/A', 'N/A', 'N/A', 'N/A', 'N/A', 'N/A', 'N/A', 'N/A', 'N/A', 'N/A', 'N/A', 'N/A', 'N/A', 'N/A', 'N/A', 'N/A', 'N/A', 'N/A', 'N/A']","[0, 0, 0, 0, 0, 0, 0, 0]","[0, 0, 0, 0, 0, 0, 0, 0, 0, 0, 0, 0, 0, 0, 0, 0, 0, 0, 0, 0, 0, 0, 0, 0, 0, 0, 0, 0, 0, 0, 0, 0, 0, 0, 0, 0, 0, 0, 0, 0]","[0, 0, 0, 0]",219,N/A,N/A,N/A,N/A,ENABLED,94,500,2400,DISABLED,ENABLED,94,500,2400,DISABLED,ENABLED,94,500,2400,DISABLED,ENABLED,95,500,2400,DISABLED,ENABLED,98,500,2400,DISABLED,ENABLED,98,500,2400,DISABLED,ENABLED,94,500,2400,DISABLED,ENABLED,95,500,2400,DISABLED,ENABLED,1900,1900,1900,N/A,DISABLED,59,1900,1900,N/A,ENABLED,59,1900,1900,N/A,ENABLED,59,1900,1900,N/A,ENABLED,59,1900,1900,N/A,ENABLED,48,1520,1520,N/A,ENABLED,48,1520,1520,N/A,ENABLED,48,1520,1520,N/A,ENABLED,48,1520,1520,N/A,ENABLED,1250,1250,1250,N/A,DISABLED,38,1200,1200,N/A,ENABLED,N/A,42,28
1789733356,1,0,0,N/A,"['N/A', 'N/A', 'N/A', 'N/A']","['N/A', 'N/A', 'N/A', 'N/A', 'N/A', 'N/A', 'N/A', 'N/A', 'N/A', 'N/A', 'N/A', 'N/A', 'N/A', 'N/A', 'N/A', 'N/A', 'N/A', 'N/A', 'N/A', 'N/A', 'N/A', 'N/A', 'N/A', 'N/A', 'N/A', 'N/A', 'N/A', 'N/A', 'N/A', 'N/A', 'N/A', 'N/A']","[0, 0, 0, 0, 0, 0, 0, 0]","[0, 0, 0, 0, 0, 0, 0, 0, 0, 0, 0, 0, 0, 0, 0, 0, 0, 0, 0, 0, 0, 0, 0, 0, 0, 0, 0, 0, 0, 0, 0, 0, 0, 0, 0, 0, 0, 0, 0, 0]","[0, 0, 0, 0]",222,N/A,N/A,N/A,N/A,ENABLED,94,500,2400,DISABLED,ENABLED,95,500,2400,DISABLED,ENABLED,94,500,2400,DISABLED,ENABLED,95,500,2400,DISABLED,ENABLED,94,500,2400,DISABLED,ENABLED,95,500,2400,DISABLED,ENABLED,94,500,2400,DISABLED,ENABLED,94,500,2400,DISABLED,ENABLED,1900,1900,1900,N/A,DISABLED,59,1900,1900,N/A,ENABLED,59,1900,1900,N/A,ENABLED,59,1900,1900,N/A,ENABLED,59,1900,1900,N/A,ENABLED,48,1520,1520,N/A,ENABLED,48,1520,1520,N/A,ENABLED,48,1520,1520,N/A,ENABLED,48,1520,1520,N/A,ENABLED,1250,1250,1250,N/A,DISABLED,38,1200,1200,N/A,ENABLED,N/A,41,28
1789733356,2,0,0,N/A,"['N/A', 'N/A', 'N/A', 'N/A']","['N/A', 'N/A', 'N/A', 'N/A', 'N/A', 'N/A', 'N/A', 'N/A', 'N/A', 'N/A', 'N/A', 'N/A', 'N/A', 'N/A', 'N/A', 'N/A', 'N/A', 'N/A', 'N/A', 'N/A', 'N/A', 'N/A', 'N/A', 'N/A', 'N/A', 'N/A', 'N/A', 'N/A', 'N/A', 'N/A', 'N/A', 'N/A']","[0, 0, 0, 0, 0, 0, 0, 0]","[0, 0, 0, 0, 0, 0, 0, 0, 0, 0, 0, 0, 0, 0, 0, 0, 0, 0, 0, 0, 0, 0, 0, 0, 0, 0, 0, 0, 0, 0, 0, 0, 0, 0, 0, 0, 0, 0, 0, 0]","[0, 0, 0, 0]",212,N/A,N/A,N/A,N/A,ENABLED,94,500,2400,DISABLED,ENABLED,95,500,2400,DISABLED,ENABLED,94,500,2400,DISABLED,ENABLED,95,500,2400,DISABLED,ENABLED,94,500,2400,DISABLED,ENABLED,95,500,2400,DISABLED,ENABLED,105,500,2400,DISABLED,ENABLED,105,500,2400,DISABLED,ENABLED,1900,1900,1900,N/A,DISABLED,59,1900,1900,N/A,ENABLED,59,1900,1900,N/A,ENABLED,59,1900,1900,N/A,ENABLED,59,1900,1900,N/A,ENABLED,48,1520,1520,N/A,ENABLED,48,1520,1520,N/A,ENABLED,48,1520,1520,N/A,ENABLED,48,1520,1520,N/A,ENABLED,1250,1250,1250,N/A,DISABLED,38,1200,1200,N/A,ENABLED,N/A,43,28
1789733356,3,0,0,N/A,"['N/A', 'N/A', 'N/A', 'N/A']","['N/A', 'N/A', 'N/A', 'N/A', 'N/A', 'N/A', 'N/A', 'N/A', 'N/A', 'N/A', 'N/A', 'N/A', 'N/A', 'N/A', 'N/A', 'N/A', 'N/A', 'N/A', 'N/A', 'N/A', 'N/A', 'N/A', 'N/A', 'N/A', 'N/A', 'N/A', 'N/A', 'N/A', 'N/A', 'N/A', 'N/A', 'N/A']","[0, 0, 0, 0, 0, 0, 0, 0]","[0, 0, 0, 0, 0, 0, 0, 0, 0, 0, 0, 0, 0, 0, 0, 0, 0, 0, 0, 0, 0, 0, 0, 0, 0, 0, 0, 0, 0, 0, 0, 0, 0, 0, 0, 0, 0, 0, 0, 0]","[0, 0, 0, 0]",283,N/A,N/A,N/A,N/A,ENABLED,2372,500,2400,DISABLED,DISABLED,2396,500,2400,DISABLED,DISABLED,2391,500,2400,DISABLED,DISABLED,2389,500,2400,DISABLED,DISABLED,2392,500,2400,DISABLED,DISABLED,2393,500,2400,DISABLED,DISABLED,2388,500,2400,DISABLED,DISABLED,2397,500,2400,DISABLED,DISABLED,1900,1900,1900,N/A,DISABLED,59,1900,1900,N/A,ENABLED,59,1900,1900,N/A,ENABLED,59,1900,1900,N/A,ENABLED,59,1900,1900,N/A,ENABLED,48,1520,1520,N/A,ENABLED,48,1520,1520,N/A,ENABLED,48,1520,1520,N/A,ENABLED,48,1520,1520,N/A,ENABLED,1250,1250,1250,N/A,DISABLED,38,1200,1200,N/A,ENABLED,N/A,43,29

1789733357,0,0,0,N/A,"['N/A', 'N/A', 'N/A', 'N/A']","['N/A', 'N/A', 'N/A', 'N/A', 'N/A', 'N/A', 'N/A', 'N/A', 'N/A', 'N/A', 'N/A', 'N/A', 'N/A', 'N/A', 'N/A', 'N/A', 'N/A', 'N/A', 'N/A', 'N/A', 'N/A', 'N/A', 'N/A', 'N/A', 'N/A', 'N/A', 'N/A', 'N/A', 'N/A', 'N/A', 'N/A', 'N/A']","[0, 0, 0, 0, 0, 0, 0, 0]","[0, 0, 0, 0, 0, 0, 0, 0, 0, 0, 0, 0, 0, 0, 0, 0, 0, 0, 0, 0, 0, 0, 0, 0, 0, 0, 0, 0, 0, 0, 0, 0, 0, 0, 0, 0, 0, 0, 0, 0]","[0, 0, 0, 0]",218,N/A,N/A,N/A,N/A,ENABLED,94,500,2400,DISABLED,ENABLED,94,500,2400,DISABLED,ENABLED,94,500,2400,DISABLED,ENABLED,95,500,2400,DISABLED,ENABLED,95,500,2400,DISABLED,ENABLED,95,500,2400,DISABLED,ENABLED,94,500,2400,DISABLED,ENABLED,95,500,2400,DISABLED,ENABLED,1900,1900,1900,N/A,DISABLED,59,1900,1900,N/A,ENABLED,59,1900,1900,N/A,ENABLED,59,1900,1900,N/A,ENABLED,59,1900,1900,N/A,ENABLED,48,1520,1520,N/A,ENABLED,48,1520,1520,N/A,ENABLED,48,1520,1520,N/A,ENABLED,48,1520,1520,N/A,ENABLED,1250,1250,1250,N/A,DISABLED,38,1200,1200,N/A,ENABLED,N/A,42,28
1789733357,1,0,0,N/A,"['N/A', 'N/A', 'N/A', 'N/A']","['N/A', 'N/A', 'N/A', 'N/A', 'N/A', 'N/A', 'N/A', 'N/A', 'N/A', 'N/A', 'N/A', 'N/A', 'N/A', 'N/A', 'N/A', 'N/A', 'N/A', 'N/A', 'N/A', 'N/A', 'N/A', 'N/A', 'N/A', 'N/A', 'N/A', 'N/A', 'N/A', 'N/A', 'N/A', 'N/A', 'N/A', 'N/A']","[0, 0, 0, 0, 0, 0, 0, 0]","[0, 0, 0, 0, 0, 0, 0, 0, 0, 0, 0, 0, 0, 0, 0, 0, 0, 0, 0, 0, 0, 0, 0, 0, 0, 0, 0, 0, 0, 0, 0, 0, 0, 0, 0, 0, 0, 0, 0, 0]","[0, 0, 0, 0]",222,N/A,N/A,N/A,N/A,ENABLED,94,500,2400,DISABLED,ENABLED,95,500,2400,DISABLED,ENABLED,94,500,2400,DISABLED,ENABLED,95,500,2400,DISABLED,ENABLED,94,500,2400,DISABLED,ENABLED,95,500,2400,DISABLED,ENABLED,94,500,2400,DISABLED,ENABLED,94,500,2400,DISABLED,ENABLED,1900,1900,1900,N/A,DISABLED,59,1900,1900,N/A,ENABLED,59,1900,1900,N/A,ENABLED,59,1900,1900,N/A,ENABLED,59,1900,1900,N/A,ENABLED,48,1520,1520,N/A,ENABLED,48,1520,1520,N/A,ENABLED,48,1520,1520,N/A,ENABLED,48,1520,1520,N/A,ENABLED,1250,1250,1250,N/A,DISABLED,38,1200,1200,N/A,ENABLED,N/A,41,28
1789733357,2,0,0,N/A,"['N/A', 'N/A', 'N/A', 'N/A']","['N/A', 'N/A', 'N/A', 'N/A', 'N/A', 'N/A', 'N/A', 'N/A', 'N/A', 'N/A', 'N/A', 'N/A', 'N/A', 'N/A', 'N/A', 'N/A', 'N/A', 'N/A', 'N/A', 'N/A', 'N/A', 'N/A', 'N/A', 'N/A', 'N/A', 'N/A', 'N/A', 'N/A', 'N/A', 'N/A', 'N/A', 'N/A']","[0, 0, 0, 0, 0, 0, 0, 0]","[0, 0, 0, 0, 0, 0, 0, 0, 0, 0, 0, 0, 0, 0, 0, 0, 0, 0, 0, 0, 0, 0, 0, 0, 0, 0, 0, 0, 0, 0, 0, 0, 0, 0, 0, 0, 0, 0, 0, 0]","[0, 0, 0, 0]",212,N/A,N/A,N/A,N/A,ENABLED,94,500,2400,DISABLED,ENABLED,95,500,2400,DISABLED,ENABLED,94,500,2400,DISABLED,ENABLED,95,500,2400,DISABLED,ENABLED,94,500,2400,DISABLED,ENABLED,95,500,2400,DISABLED,ENABLED,108,500,2400,DISABLED,ENABLED,107,500,2400,DISABLED,ENABLED,1900,1900,1900,N/A,DISABLED,59,1900,1900,N/A,ENABLED,59,1900,1900,N/A,ENABLED,59,1900,1900,N/A,ENABLED,59,1900,1900,N/A,ENABLED,48,1520,1520,N/A,ENABLED,48,1520,1520,N/A,ENABLED,48,1520,1520,N/A,ENABLED,48,1520,1520,N/A,ENABLED,1250,1250,1250,N/A,DISABLED,38,1200,1200,N/A,ENABLED,N/A,43,28
1789733357,3,0,0,N/A,"['N/A', 'N/A', 'N/A', 'N/A']","['N/A', 'N/A', 'N/A', 'N/A', 'N/A', 'N/A', 'N/A', 'N/A', 'N/A', 'N/A', 'N/A', 'N/A', 'N/A', 'N/A', 'N/A', 'N/A', 'N/A', 'N/A', 'N/A', 'N/A', 'N/A', 'N/A', 'N/A', 'N/A', 'N/A', 'N/A', 'N/A', 'N/A', 'N/A', 'N/A', 'N/A', 'N/A']","[0, 0, 0, 0, 0, 0, 0, 0]","[0, 0, 0, 0, 0, 0, 0, 0, 0, 0, 0, 0, 0, 0, 0, 0, 0, 0, 0, 0, 0, 0, 0, 0, 0, 0, 0, 0, 0, 0, 0, 0, 0, 0, 0, 0, 0, 0, 0, 0]","[0, 0, 0, 0]",228,N/A,N/A,N/A,N/A,ENABLED,701,500,2400,DISABLED,DISABLED,705,500,2400,DISABLED,DISABLED,701,500,2400,DISABLED,DISABLED,705,500,2400,DISABLED,DISABLED,700,500,2400,DISABLED,DISABLED,709,500,2400,DISABLED,DISABLED,702,500,2400,DISABLED,DISABLED,704,500,2400,DISABLED,DISABLED,1900,1900,1900,N/A,DISABLED,59,1900,1900,N/A,ENABLED,59,1900,1900,N/A,ENABLED,59,1900,1900,N/A,ENABLED,59,1900,1900,N/A,ENABLED,48,1520,1520,N/A,ENABLED,48,1520,1520,N/A,ENABLED,48,1520,1520,N/A,ENABLED,48,1520,1520,N/A,ENABLED,1250,1250,1250,N/A,DISABLED,38,1200,1200,N/A,ENABLED,N/A,43,29

1789733358,0,0,0,N/A,"['N/A', 'N/A', 'N/A', 'N/A']","['N/A', 'N/A', 'N/A', 'N/A', 'N/A', 'N/A', 'N/A', 'N/A', 'N/A', 'N/A', 'N/A', 'N/A', 'N/A', 'N/A', 'N/A', 'N/A', 'N/A', 'N/A', 'N/A', 'N/A', 'N/A', 'N/A', 'N/A', 'N/A', 'N/A', 'N/A', 'N/A', 'N/A', 'N/A', 'N/A', 'N/A', 'N/A']","[0, 0, 0, 0, 0, 0, 0, 0]","[0, 0, 0, 0, 0, 0, 0, 0, 0, 0, 0, 0, 0, 0, 0, 0, 0, 0, 0, 0, 0, 0, 0, 0, 0, 0, 0, 0, 0, 0, 0, 0, 0, 0, 0, 0, 0, 0, 0, 0]","[0, 0, 0, 0]",228,N/A,N/A,N/A,N/A,ENABLED,157,500,2400,DISABLED,ENABLED,157,500,2400,DISABLED,ENABLED,157,500,2400,DISABLED,ENABLED,158,500,2400,DISABLED,ENABLED,157,500,2400,DISABLED,ENABLED,157,500,2400,DISABLED,ENABLED,156,500,2400,DISABLED,ENABLED,157,500,2400,DISABLED,ENABLED,1900,1900,1900,N/A,DISABLED,59,1900,1900,N/A,ENABLED,59,1900,1900,N/A,ENABLED,59,1900,1900,N/A,ENABLED,59,1900,1900,N/A,ENABLED,48,1520,1520,N/A,ENABLED,48,1520,1520,N/A,ENABLED,48,1520,1520,N/A,ENABLED,48,1520,1520,N/A,ENABLED,1250,1250,1250,N/A,DISABLED,38,1200,1200,N/A,ENABLED,N/A,42,28
1789733358,1,0,0,N/A,"['N/A', 'N/A', 'N/A', 'N/A']","['N/A', 'N/A', 'N/A', 'N/A', 'N/A', 'N/A', 'N/A', 'N/A', 'N/A', 'N/A', 'N/A', 'N/A', 'N/A', 'N/A', 'N/A', 'N/A', 'N/A', 'N/A', 'N/A', 'N/A', 'N/A', 'N/A', 'N/A', 'N/A', 'N/A', 'N/A', 'N/A', 'N/A', 'N/A', 'N/A', 'N/A', 'N/A']","[0, 0, 0, 0, 0, 0, 0, 0]","[0, 0, 0, 0, 0, 0, 0, 0, 0, 0, 0, 0, 0, 0, 0, 0, 0, 0, 0, 0, 0, 0, 0, 0, 0, 0, 0, 0, 0, 0, 0, 0, 0, 0, 0, 0, 0, 0, 0, 0]","[0, 0, 0, 0]",232,N/A,N/A,N/A,N/A,ENABLED,156,500,2400,DISABLED,ENABLED,157,500,2400,DISABLED,ENABLED,156,500,2400,DISABLED,ENABLED,157,500,2400,DISABLED,ENABLED,157,500,2400,DISABLED,ENABLED,157,500,2400,DISABLED,ENABLED,156,500,2400,DISABLED,ENABLED,156,500,2400,DISABLED,ENABLED,1900,1900,1900,N/A,DISABLED,59,1900,1900,N/A,ENABLED,59,1900,1900,N/A,ENABLED,59,1900,1900,N/A,ENABLED,59,1900,1900,N/A,ENABLED,48,1520,1520,N/A,ENABLED,48,1520,1520,N/A,ENABLED,48,1520,1520,N/A,ENABLED,48,1520,1520,N/A,ENABLED,1250,1250,1250,N/A,DISABLED,38,1200,1200,N/A,ENABLED,N/A,41,28
1789733358,2,0,0,N/A,"['N/A', 'N/A', 'N/A', 'N/A']","['N/A', 'N/A', 'N/A', 'N/A', 'N/A', 'N/A', 'N/A', 'N/A', 'N/A', 'N/A', 'N/A', 'N/A', 'N/A', 'N/A', 'N/A', 'N/A', 'N/A', 'N/A', 'N/A', 'N/A', 'N/A', 'N/A', 'N/A', 'N/A', 'N/A', 'N/A', 'N/A', 'N/A', 'N/A', 'N/A', 'N/A', 'N/A']","[0, 0, 0, 0, 0, 0, 0, 0]","[0, 0, 0, 0, 0, 0, 0, 0, 0, 0, 0, 0, 0, 0, 0, 0, 0, 0, 0, 0, 0, 0, 0, 0, 0, 0, 0, 0, 0, 0, 0, 0, 0, 0, 0, 0, 0, 0, 0, 0]","[0, 0, 0, 0]",221,N/A,N/A,N/A,N/A,ENABLED,156,500,2400,DISABLED,ENABLED,157,500,2400,DISABLED,ENABLED,160,500,2400,DISABLED,ENABLED,162,500,2400,DISABLED,ENABLED,161,500,2400,DISABLED,ENABLED,162,500,2400,DISABLED,ENABLED,157,500,2400,DISABLED,ENABLED,157,500,2400,DISABLED,ENABLED,1900,1900,1900,N/A,DISABLED,59,1900,1900,N/A,ENABLED,59,1900,1900,N/A,ENABLED,59,1900,1900,N/A,ENABLED,59,1900,1900,N/A,ENABLED,48,1520,1520,N/A,ENABLED,48,1520,1520,N/A,ENABLED,48,1520,1520,N/A,ENABLED,48,1520,1520,N/A,ENABLED,1250,1250,1250,N/A,DISABLED,38,1200,1200,N/A,ENABLED,N/A,43,28
1789733358,3,0,0,N/A,"['N/A', 'N/A', 'N/A', 'N/A']","['N/A', 'N/A', 'N/A', 'N/A', 'N/A', 'N/A', 'N/A', 'N/A', 'N/A', 'N/A', 'N/A', 'N/A', 'N/A', 'N/A', 'N/A', 'N/A', 'N/A', 'N/A', 'N/A', 'N/A', 'N/A', 'N/A', 'N/A', 'N/A', 'N/A', 'N/A', 'N/A', 'N/A', 'N/A', 'N/A', 'N/A', 'N/A']","[0, 0, 0, 0, 0, 0, 0, 0]","[0, 0, 0, 0, 0, 0, 0, 0, 0, 0, 0, 0, 0, 0, 0, 0, 0, 0, 0, 0, 0, 0, 0, 0, 0, 0, 0, 0, 0, 0, 0, 0, 0, 0, 0, 0, 0, 0, 0, 0]","[0, 0, 0, 0]",283,N/A,N/A,N/A,N/A,ENABLED,2366,500,2400,DISABLED,DISABLED,2389,500,2400,DISABLED,DISABLED,2383,500,2400,DISABLED,DISABLED,2382,500,2400,DISABLED,DISABLED,2385,500,2400,DISABLED,DISABLED,2386,500,2400,DISABLED,DISABLED,2381,500,2400,DISABLED,DISABLED,2391,500,2400,DISABLED,DISABLED,1900,1900,1900,N/A,DISABLED,59,1900,1900,N/A,ENABLED,59,1900,1900,N/A,ENABLED,59,1900,1900,N/A,ENABLED,59,1900,1900,N/A,ENABLED,48,1520,1520,N/A,ENABLED,48,1520,1520,N/A,ENABLED,48,1520,1520,N/A,ENABLED,48,1520,1520,N/A,ENABLED,1250,1250,1250,N/A,DISABLED,38,1200,1200,N/A,ENABLED,N/A,43,29

1789733359,0,0,0,N/A,"['N/A', 'N/A', 'N/A', 'N/A']","['N/A', 'N/A', 'N/A', 'N/A', 'N/A', 'N/A', 'N/A', 'N/A', 'N/A', 'N/A', 'N/A', 'N/A', 'N/A', 'N/A', 'N/A', 'N/A', 'N/A', 'N/A', 'N/A', 'N/A', 'N/A', 'N/A', 'N/A', 'N/A', 'N/A', 'N/A', 'N/A', 'N/A', 'N/A', 'N/A', 'N/A', 'N/A']","[0, 0, 0, 0, 0, 0, 0, 0]","[0, 0, 0, 0, 0, 0, 0, 0, 0, 0, 0, 0, 0, 0, 0, 0, 0, 0, 0, 0, 0, 0, 0, 0, 0, 0, 0, 0, 0, 0, 0, 0, 0, 0, 0, 0, 0, 0, 0, 0]","[0, 0, 0, 0]",228,N/A,N/A,N/A,N/A,ENABLED,157,500,2400,DISABLED,ENABLED,157,500,2400,DISABLED,ENABLED,157,500,2400,DISABLED,ENABLED,158,500,2400,DISABLED,ENABLED,157,500,2400,DISABLED,ENABLED,157,500,2400,DISABLED,ENABLED,157,500,2400,DISABLED,ENABLED,157,500,2400,DISABLED,ENABLED,1900,1900,1900,N/A,DISABLED,59,1900,1900,N/A,ENABLED,59,1900,1900,N/A,ENABLED,59,1900,1900,N/A,ENABLED,59,1900,1900,N/A,ENABLED,48,1520,1520,N/A,ENABLED,48,1520,1520,N/A,ENABLED,48,1520,1520,N/A,ENABLED,48,1520,1520,N/A,ENABLED,1250,1250,1250,N/A,DISABLED,38,1200,1200,N/A,ENABLED,N/A,42,28
1789733359,1,0,0,N/A,"['N/A', 'N/A', 'N/A', 'N/A']","['N/A', 'N/A', 'N/A', 'N/A', 'N/A', 'N/A', 'N/A', 'N/A', 'N/A', 'N/A', 'N/A', 'N/A', 'N/A', 'N/A', 'N/A', 'N/A', 'N/A', 'N/A', 'N/A', 'N/A', 'N/A', 'N/A', 'N/A', 'N/A', 'N/A', 'N/A', 'N/A', 'N/A', 'N/A', 'N/A', 'N/A', 'N/A']","[0, 0, 0, 0, 0, 0, 0, 0]","[0, 0, 0, 0, 0, 0, 0, 0, 0, 0, 0, 0, 0, 0, 0, 0, 0, 0, 0, 0, 0, 0, 0, 0, 0, 0, 0, 0, 0, 0, 0, 0, 0, 0, 0, 0, 0, 0, 0, 0]","[0, 0, 0, 0]",232,N/A,N/A,N/A,N/A,ENABLED,156,500,2400,DISABLED,ENABLED,157,500,2400,DISABLED,ENABLED,156,500,2400,DISABLED,ENABLED,157,500,2400,DISABLED,ENABLED,157,500,2400,DISABLED,ENABLED,157,500,2400,DISABLED,ENABLED,157,500,2400,DISABLED,ENABLED,157,500,2400,DISABLED,ENABLED,1900,1900,1900,N/A,DISABLED,59,1900,1900,N/A,ENABLED,59,1900,1900,N/A,ENABLED,59,1900,1900,N/A,ENABLED,59,1900,1900,N/A,ENABLED,48,1520,1520,N/A,ENABLED,48,1520,1520,N/A,ENABLED,48,1520,1520,N/A,ENABLED,48,1520,1520,N/A,ENABLED,1250,1250,1250,N/A,DISABLED,38,1200,1200,N/A,ENABLED,N/A,41,28
1789733359,2,0,0,N/A,"['N/A', 'N/A', 'N/A', 'N/A']","['N/A', 'N/A', 'N/A', 'N/A', 'N/A', 'N/A', 'N/A', 'N/A', 'N/A', 'N/A', 'N/A', 'N/A', 'N/A', 'N/A', 'N/A', 'N/A', 'N/A', 'N/A', 'N/A', 'N/A', 'N/A', 'N/A', 'N/A', 'N/A', 'N/A', 'N/A', 'N/A', 'N/A', 'N/A', 'N/A', 'N/A', 'N/A']","[0, 0, 0, 0, 0, 0, 0, 0]","[0, 0, 0, 0, 0, 0, 0, 0, 0, 0, 0, 0, 0, 0, 0, 0, 0, 0, 0, 0, 0, 0, 0, 0, 0, 0, 0, 0, 0, 0, 0, 0, 0, 0, 0, 0, 0, 0, 0, 0]","[0, 0, 0, 0]",222,N/A,N/A,N/A,N/A,ENABLED,156,500,2400,DISABLED,ENABLED,157,500,2400,DISABLED,ENABLED,158,500,2400,DISABLED,ENABLED,159,500,2400,DISABLED,ENABLED,160,500,2400,DISABLED,ENABLED,161,500,2400,DISABLED,ENABLED,157,500,2400,DISABLED,ENABLED,157,500,2400,DISABLED,ENABLED,1900,1900,1900,N/A,DISABLED,59,1900,1900,N/A,ENABLED,59,1900,1900,N/A,ENABLED,59,1900,1900,N/A,ENABLED,59,1900,1900,N/A,ENABLED,48,1520,1520,N/A,ENABLED,48,1520,1520,N/A,ENABLED,48,1520,1520,N/A,ENABLED,48,1520,1520,N/A,ENABLED,1250,1250,1250,N/A,DISABLED,38,1200,1200,N/A,ENABLED,N/A,43,28
1789733359,3,0,0,N/A,"['N/A', 'N/A', 'N/A', 'N/A']","['N/A', 'N/A', 'N/A', 'N/A', 'N/A', 'N/A', 'N/A', 'N/A', 'N/A', 'N/A', 'N/A', 'N/A', 'N/A', 'N/A', 'N/A', 'N/A', 'N/A', 'N/A', 'N/A', 'N/A', 'N/A', 'N/A', 'N/A', 'N/A', 'N/A', 'N/A', 'N/A', 'N/A', 'N/A', 'N/A', 'N/A', 'N/A']","[0, 0, 0, 0, 0, 0, 0, 0]","[0, 0, 0, 0, 0, 0, 0, 0, 0, 0, 0, 0, 0, 0, 0, 0, 0, 0, 0, 0, 0, 0, 0, 0, 0, 0, 0, 0, 0, 0, 0, 0, 0, 0, 0, 0, 0, 0, 0, 0]","[0, 0, 0, 0]",283,N/A,N/A,N/A,N/A,ENABLED,2373,500,2400,DISABLED,DISABLED,2397,500,2400,DISABLED,DISABLED,2390,500,2400,DISABLED,DISABLED,2389,500,2400,DISABLED,DISABLED,2392,500,2400,DISABLED,DISABLED,2394,500,2400,DISABLED,DISABLED,2387,500,2400,DISABLED,DISABLED,2397,500,2400,DISABLED,DISABLED,1900,1900,1900,N/A,DISABLED,59,1900,1900,N/A,ENABLED,59,1900,1900,N/A,ENABLED,59,1900,1900,N/A,ENABLED,59,1900,1900,N/A,ENABLED,48,1520,1520,N/A,ENABLED,48,1520,1520,N/A,ENABLED,48,1520,1520,N/A,ENABLED,48,1520,1520,N/A,ENABLED,1250,1250,1250,N/A,DISABLED,38,1200,1200,N/A,ENABLED,N/A,43,29

1789733360,0,0,0,N/A,"['N/A', 'N/A', 'N/A', 'N/A']","['N/A', 'N/A', 'N/A', 'N/A', 'N/A', 'N/A', 'N/A', 'N/A', 'N/A', 'N/A', 'N/A', 'N/A', 'N/A', 'N/A', 'N/A', 'N/A', 'N/A', 'N/A', 'N/A', 'N/A', 'N/A', 'N/A', 'N/A', 'N/A', 'N/A', 'N/A', 'N/A', 'N/A', 'N/A', 'N/A', 'N/A', 'N/A']","[0, 0, 0, 0, 0, 0, 0, 0]","[0, 0, 0, 0, 0, 0, 0, 0, 0, 0, 0, 0, 0, 0, 0, 0, 0, 0, 0, 0, 0, 0, 0, 0, 0, 0, 0, 0, 0, 0, 0, 0, 0, 0, 0, 0, 0, 0, 0, 0]","[0, 0, 0, 0]",228,N/A,N/A,N/A,N/A,ENABLED,157,500,2400,DISABLED,ENABLED,157,500,2400,DISABLED,ENABLED,157,500,2400,DISABLED,ENABLED,158,500,2400,DISABLED,ENABLED,158,500,2400,DISABLED,ENABLED,158,500,2400,DISABLED,ENABLED,156,500,2400,DISABLED,ENABLED,157,500,2400,DISABLED,ENABLED,1900,1900,1900,N/A,DISABLED,59,1900,1900,N/A,ENABLED,59,1900,1900,N/A,ENABLED,59,1900,1900,N/A,ENABLED,59,1900,1900,N/A,ENABLED,48,1520,1520,N/A,ENABLED,48,1520,1520,N/A,ENABLED,48,1520,1520,N/A,ENABLED,48,1520,1520,N/A,ENABLED,1250,1250,1250,N/A,DISABLED,38,1200,1200,N/A,ENABLED,N/A,42,28
1789733360,1,0,0,N/A,"['N/A', 'N/A', 'N/A', 'N/A']","['N/A', 'N/A', 'N/A', 'N/A', 'N/A', 'N/A', 'N/A', 'N/A', 'N/A', 'N/A', 'N/A', 'N/A', 'N/A', 'N/A', 'N/A', 'N/A', 'N/A', 'N/A', 'N/A', 'N/A', 'N/A', 'N/A', 'N/A', 'N/A', 'N/A', 'N/A', 'N/A', 'N/A', 'N/A', 'N/A', 'N/A', 'N/A']","[0, 0, 0, 0, 0, 0, 0, 0]","[0, 0, 0, 0, 0, 0, 0, 0, 0, 0, 0, 0, 0, 0, 0, 0, 0, 0, 0, 0, 0, 0, 0, 0, 0, 0, 0, 0, 0, 0, 0, 0, 0, 0, 0, 0, 0, 0, 0, 0]","[0, 0, 0, 0]",232,N/A,N/A,N/A,N/A,ENABLED,156,500,2400,DISABLED,ENABLED,157,500,2400,DISABLED,ENABLED,156,500,2400,DISABLED,ENABLED,157,500,2400,DISABLED,ENABLED,157,500,2400,DISABLED,ENABLED,157,500,2400,DISABLED,ENABLED,156,500,2400,DISABLED,ENABLED,156,500,2400,DISABLED,ENABLED,1900,1900,1900,N/A,DISABLED,59,1900,1900,N/A,ENABLED,59,1900,1900,N/A,ENABLED,59,1900,1900,N/A,ENABLED,59,1900,1900,N/A,ENABLED,48,1520,1520,N/A,ENABLED,48,1520,1520,N/A,ENABLED,48,1520,1520,N/A,ENABLED,48,1520,1520,N/A,ENABLED,1250,1250,1250,N/A,DISABLED,38,1200,1200,N/A,ENABLED,N/A,41,28
1789733360,2,0,0,N/A,"['N/A', 'N/A', 'N/A', 'N/A']","['N/A', 'N/A', 'N/A', 'N/A', 'N/A', 'N/A', 'N/A', 'N/A', 'N/A', 'N/A', 'N/A', 'N/A', 'N/A', 'N/A', 'N/A', 'N/A', 'N/A', 'N/A', 'N/A', 'N/A', 'N/A', 'N/A', 'N/A', 'N/A', 'N/A', 'N/A', 'N/A', 'N/A', 'N/A', 'N/A', 'N/A', 'N/A']","[0, 0, 0, 0, 0, 0, 0, 0]","[0, 0, 0, 0, 0, 0, 0, 0, 0, 0, 0, 0, 0, 0, 0, 0, 0, 0, 0, 0, 0, 0, 0, 0, 0, 0, 0, 0, 0, 0, 0, 0, 0, 0, 0, 0, 0, 0, 0, 0]","[0, 0, 0, 0]",221,N/A,N/A,N/A,N/A,ENABLED,156,500,2400,DISABLED,ENABLED,156,500,2400,DISABLED,ENABLED,156,500,2400,DISABLED,ENABLED,157,500,2400,DISABLED,ENABLED,157,500,2400,DISABLED,ENABLED,157,500,2400,DISABLED,ENABLED,157,500,2400,DISABLED,ENABLED,158,500,2400,DISABLED,ENABLED,1900,1900,1900,N/A,DISABLED,59,1900,1900,N/A,ENABLED,59,1900,1900,N/A,ENABLED,59,1900,1900,N/A,ENABLED,59,1900,1900,N/A,ENABLED,48,1520,1520,N/A,ENABLED,48,1520,1520,N/A,ENABLED,48,1520,1520,N/A,ENABLED,48,1520,1520,N/A,ENABLED,1250,1250,1250,N/A,DISABLED,38,1200,1200,N/A,ENABLED,N/A,43,28
1789733360,3,0,0,N/A,"['N/A', 'N/A', 'N/A', 'N/A']","['N/A', 'N/A', 'N/A', 'N/A', 'N/A', 'N/A', 'N/A', 'N/A', 'N/A', 'N/A', 'N/A', 'N/A', 'N/A', 'N/A', 'N/A', 'N/A', 'N/A', 'N/A', 'N/A', 'N/A', 'N/A', 'N/A', 'N/A', 'N/A', 'N/A', 'N/A', 'N/A', 'N/A', 'N/A', 'N/A', 'N/A', 'N/A']","[0, 0, 0, 0, 0, 0, 0, 0]","[0, 0, 0, 0, 0, 0, 0, 0, 0, 0, 0, 0, 0, 0, 0, 0, 0, 0, 0, 0, 0, 0, 0, 0, 0, 0, 0, 0, 0, 0, 0, 0, 0, 0, 0, 0, 0, 0, 0, 0]","[0, 0, 0, 0]",282,N/A,N/A,N/A,N/A,ENABLED,2372,500,2400,DISABLED,DISABLED,2396,500,2400,DISABLED,DISABLED,2390,500,2400,DISABLED,DISABLED,2389,500,2400,DISABLED,DISABLED,2393,500,2400,DISABLED,DISABLED,2395,500,2400,DISABLED,DISABLED,2388,500,2400,DISABLED,DISABLED,2397,500,2400,DISABLED,DISABLED,1900,1900,1900,N/A,DISABLED,59,1900,1900,N/A,ENABLED,59,1900,1900,N/A,ENABLED,59,1900,1900,N/A,ENABLED,59,1900,1900,N/A,ENABLED,48,1520,1520,N/A,ENABLED,48,1520,1520,N/A,ENABLED,48,1520,1520,N/A,ENABLED,48,1520,1520,N/A,ENABLED,1250,1250,1250,N/A,DISABLED,38,1200,1200,N/A,ENABLED,N/A,43,29

1789733361,0,0,0,N/A,"['N/A', 'N/A', 'N/A', 'N/A']","['N/A', 'N/A', 'N/A', 'N/A', 'N/A', 'N/A', 'N/A', 'N/A', 'N/A', 'N/A', 'N/A', 'N/A', 'N/A', 'N/A', 'N/A', 'N/A', 'N/A', 'N/A', 'N/A', 'N/A', 'N/A', 'N/A', 'N/A', 'N/A', 'N/A', 'N/A', 'N/A', 'N/A', 'N/A', 'N/A', 'N/A', 'N/A']","[0, 0, 0, 0, 0, 0, 0, 0]","[0, 0, 0, 0, 0, 0, 0, 0, 0, 0, 0, 0, 0, 0, 0, 0, 0, 0, 0, 0, 0, 0, 0, 0, 0, 0, 0, 0, 0, 0, 0, 0, 0, 0, 0, 0, 0, 0, 0, 0]","[0, 0, 0, 0]",228,N/A,N/A,N/A,N/A,ENABLED,157,500,2400,DISABLED,ENABLED,157,500,2400,DISABLED,ENABLED,157,500,2400,DISABLED,ENABLED,158,500,2400,DISABLED,ENABLED,157,500,2400,DISABLED,ENABLED,158,500,2400,DISABLED,ENABLED,156,500,2400,DISABLED,ENABLED,157,500,2400,DISABLED,ENABLED,1900,1900,1900,N/A,DISABLED,59,1900,1900,N/A,ENABLED,59,1900,1900,N/A,ENABLED,59,1900,1900,N/A,ENABLED,59,1900,1900,N/A,ENABLED,48,1520,1520,N/A,ENABLED,48,1520,1520,N/A,ENABLED,48,1520,1520,N/A,ENABLED,48,1520,1520,N/A,ENABLED,1250,1250,1250,N/A,DISABLED,38,1200,1200,N/A,ENABLED,N/A,42,28
1789733361,1,0,0,N/A,"['N/A', 'N/A', 'N/A', 'N/A']","['N/A', 'N/A', 'N/A', 'N/A', 'N/A', 'N/A', 'N/A', 'N/A', 'N/A', 'N/A', 'N/A', 'N/A', 'N/A', 'N/A', 'N/A', 'N/A', 'N/A', 'N/A', 'N/A', 'N/A', 'N/A', 'N/A', 'N/A', 'N/A', 'N/A', 'N/A', 'N/A', 'N/A', 'N/A', 'N/A', 'N/A', 'N/A']","[0, 0, 0, 0, 0, 0, 0, 0]","[0, 0, 0, 0, 0, 0, 0, 0, 0, 0, 0, 0, 0, 0, 0, 0, 0, 0, 0, 0, 0, 0, 0, 0, 0, 0, 0, 0, 0, 0, 0, 0, 0, 0, 0, 0, 0, 0, 0, 0]","[0, 0, 0, 0]",231,N/A,N/A,N/A,N/A,ENABLED,156,500,2400,DISABLED,ENABLED,157,500,2400,DISABLED,ENABLED,156,500,2400,DISABLED,ENABLED,157,500,2400,DISABLED,ENABLED,157,500,2400,DISABLED,ENABLED,157,500,2400,DISABLED,ENABLED,156,500,2400,DISABLED,ENABLED,156,500,2400,DISABLED,ENABLED,1900,1900,1900,N/A,DISABLED,59,1900,1900,N/A,ENABLED,59,1900,1900,N/A,ENABLED,59,1900,1900,N/A,ENABLED,59,1900,1900,N/A,ENABLED,48,1520,1520,N/A,ENABLED,48,1520,1520,N/A,ENABLED,48,1520,1520,N/A,ENABLED,48,1520,1520,N/A,ENABLED,1250,1250,1250,N/A,DISABLED,38,1200,1200,N/A,ENABLED,N/A,41,28
1789733361,2,0,0,N/A,"['N/A', 'N/A', 'N/A', 'N/A']","['N/A', 'N/A', 'N/A', 'N/A', 'N/A', 'N/A', 'N/A', 'N/A', 'N/A', 'N/A', 'N/A', 'N/A', 'N/A', 'N/A', 'N/A', 'N/A', 'N/A', 'N/A', 'N/A', 'N/A', 'N/A', 'N/A', 'N/A', 'N/A', 'N/A', 'N/A', 'N/A', 'N/A', 'N/A', 'N/A', 'N/A', 'N/A']","[0, 0, 0, 0, 0, 0, 0, 0]","[0, 0, 0, 0, 0, 0, 0, 0, 0, 0, 0, 0, 0, 0, 0, 0, 0, 0, 0, 0, 0, 0, 0, 0, 0, 0, 0, 0, 0, 0, 0, 0, 0, 0, 0, 0, 0, 0, 0, 0]","[0, 0, 0, 0]",221,N/A,N/A,N/A,N/A,ENABLED,156,500,2400,DISABLED,ENABLED,156,500,2400,DISABLED,ENABLED,156,500,2400,DISABLED,ENABLED,157,500,2400,DISABLED,ENABLED,161,500,2400,DISABLED,ENABLED,161,500,2400,DISABLED,ENABLED,157,500,2400,DISABLED,ENABLED,157,500,2400,DISABLED,ENABLED,1900,1900,1900,N/A,DISABLED,59,1900,1900,N/A,ENABLED,59,1900,1900,N/A,ENABLED,59,1900,1900,N/A,ENABLED,59,1900,1900,N/A,ENABLED,48,1520,1520,N/A,ENABLED,48,1520,1520,N/A,ENABLED,48,1520,1520,N/A,ENABLED,48,1520,1520,N/A,ENABLED,1250,1250,1250,N/A,DISABLED,38,1200,1200,N/A,ENABLED,N/A,43,28
1789733361,3,0,0,N/A,"['N/A', 'N/A', 'N/A', 'N/A']","['N/A', 'N/A', 'N/A', 'N/A', 'N/A', 'N/A', 'N/A', 'N/A', 'N/A', 'N/A', 'N/A', 'N/A', 'N/A', 'N/A', 'N/A', 'N/A', 'N/A', 'N/A', 'N/A', 'N/A', 'N/A', 'N/A', 'N/A', 'N/A', 'N/A', 'N/A', 'N/A', 'N/A', 'N/A', 'N/A', 'N/A', 'N/A']","[0, 0, 0, 0, 0, 0, 0, 0]","[0, 0, 0, 0, 0, 0, 0, 0, 0, 0, 0, 0, 0, 0, 0, 0, 0, 0, 0, 0, 0, 0, 0, 0, 0, 0, 0, 0, 0, 0, 0, 0, 0, 0, 0, 0, 0, 0, 0, 0]","[0, 0, 0, 0]",282,N/A,N/A,N/A,N/A,ENABLED,2372,500,2400,DISABLED,DISABLED,2396,500,2400,DISABLED,DISABLED,2390,500,2400,DISABLED,DISABLED,2388,500,2400,DISABLED,DISABLED,2393,500,2400,DISABLED,DISABLED,2395,500,2400,DISABLED,DISABLED,2388,500,2400,DISABLED,DISABLED,2398,500,2400,DISABLED,DISABLED,1900,1900,1900,N/A,DISABLED,59,1900,1900,N/A,ENABLED,59,1900,1900,N/A,ENABLED,59,1900,1900,N/A,ENABLED,59,1900,1900,N/A,ENABLED,48,1520,1520,N/A,ENABLED,48,1520,1520,N/A,ENABLED,48,1520,1520,N/A,ENABLED,48,1520,1520,N/A,ENABLED,1250,1250,1250,N/A,DISABLED,38,1200,1200,N/A,ENABLED,N/A,43,29

1789733362,0,0,0,N/A,"['N/A', 'N/A', 'N/A', 'N/A']","['N/A', 'N/A', 'N/A', 'N/A', 'N/A', 'N/A', 'N/A', 'N/A', 'N/A', 'N/A', 'N/A', 'N/A', 'N/A', 'N/A', 'N/A', 'N/A', 'N/A', 'N/A', 'N/A', 'N/A', 'N/A', 'N/A', 'N/A', 'N/A', 'N/A', 'N/A', 'N/A', 'N/A', 'N/A', 'N/A', 'N/A', 'N/A']","[0, 0, 0, 0, 0, 0, 0, 0]","[0, 0, 0, 0, 0, 0, 0, 0, 0, 0, 0, 0, 0, 0, 0, 0, 0, 0, 0, 0, 0, 0, 0, 0, 0, 0, 0, 0, 0, 0, 0, 0, 0, 0, 0, 0, 0, 0, 0, 0]","[0, 0, 0, 0]",228,N/A,N/A,N/A,N/A,ENABLED,157,500,2400,DISABLED,ENABLED,157,500,2400,DISABLED,ENABLED,157,500,2400,DISABLED,ENABLED,158,500,2400,DISABLED,ENABLED,157,500,2400,DISABLED,ENABLED,158,500,2400,DISABLED,ENABLED,156,500,2400,DISABLED,ENABLED,157,500,2400,DISABLED,ENABLED,1900,1900,1900,N/A,DISABLED,59,1900,1900,N/A,ENABLED,59,1900,1900,N/A,ENABLED,59,1900,1900,N/A,ENABLED,59,1900,1900,N/A,ENABLED,48,1520,1520,N/A,ENABLED,48,1520,1520,N/A,ENABLED,48,1520,1520,N/A,ENABLED,48,1520,1520,N/A,ENABLED,1250,1250,1250,N/A,DISABLED,38,1200,1200,N/A,ENABLED,N/A,42,28
1789733362,1,0,0,N/A,"['N/A', 'N/A', 'N/A', 'N/A']","['N/A', 'N/A', 'N/A', 'N/A', 'N/A', 'N/A', 'N/A', 'N/A', 'N/A', 'N/A', 'N/A', 'N/A', 'N/A', 'N/A', 'N/A', 'N/A', 'N/A', 'N/A', 'N/A', 'N/A', 'N/A', 'N/A', 'N/A', 'N/A', 'N/A', 'N/A', 'N/A', 'N/A', 'N/A', 'N/A', 'N/A', 'N/A']","[0, 0, 0, 0, 0, 0, 0, 0]","[0, 0, 0, 0, 0, 0, 0, 0, 0, 0, 0, 0, 0, 0, 0, 0, 0, 0, 0, 0, 0, 0, 0, 0, 0, 0, 0, 0, 0, 0, 0, 0, 0, 0, 0, 0, 0, 0, 0, 0]","[0, 0, 0, 0]",232,N/A,N/A,N/A,N/A,ENABLED,156,500,2400,DISABLED,ENABLED,157,500,2400,DISABLED,ENABLED,156,500,2400,DISABLED,ENABLED,157,500,2400,DISABLED,ENABLED,157,500,2400,DISABLED,ENABLED,157,500,2400,DISABLED,ENABLED,156,500,2400,DISABLED,ENABLED,156,500,2400,DISABLED,ENABLED,1900,1900,1900,N/A,DISABLED,59,1900,1900,N/A,ENABLED,59,1900,1900,N/A,ENABLED,59,1900,1900,N/A,ENABLED,59,1900,1900,N/A,ENABLED,48,1520,1520,N/A,ENABLED,48,1520,1520,N/A,ENABLED,48,1520,1520,N/A,ENABLED,48,1520,1520,N/A,ENABLED,1250,1250,1250,N/A,DISABLED,38,1200,1200,N/A,ENABLED,N/A,41,28
1789733362,2,0,0,N/A,"['N/A', 'N/A', 'N/A', 'N/A']","['N/A', 'N/A', 'N/A', 'N/A', 'N/A', 'N/A', 'N/A', 'N/A', 'N/A', 'N/A', 'N/A', 'N/A', 'N/A', 'N/A', 'N/A', 'N/A', 'N/A', 'N/A', 'N/A', 'N/A', 'N/A', 'N/A', 'N/A', 'N/A', 'N/A', 'N/A', 'N/A', 'N/A', 'N/A', 'N/A', 'N/A', 'N/A']","[0, 0, 0, 0, 0, 0, 0, 0]","[0, 0, 0, 0, 0, 0, 0, 0, 0, 0, 0, 0, 0, 0, 0, 0, 0, 0, 0, 0, 0, 0, 0, 0, 0, 0, 0, 0, 0, 0, 0, 0, 0, 0, 0, 0, 0, 0, 0, 0]","[0, 0, 0, 0]",221,N/A,N/A,N/A,N/A,ENABLED,156,500,2400,DISABLED,ENABLED,157,500,2400,DISABLED,ENABLED,157,500,2400,DISABLED,ENABLED,158,500,2400,DISABLED,ENABLED,158,500,2400,DISABLED,ENABLED,159,500,2400,DISABLED,ENABLED,157,500,2400,DISABLED,ENABLED,157,500,2400,DISABLED,ENABLED,1900,1900,1900,N/A,DISABLED,59,1900,1900,N/A,ENABLED,59,1900,1900,N/A,ENABLED,59,1900,1900,N/A,ENABLED,59,1900,1900,N/A,ENABLED,48,1520,1520,N/A,ENABLED,48,1520,1520,N/A,ENABLED,48,1520,1520,N/A,ENABLED,48,1520,1520,N/A,ENABLED,1250,1250,1250,N/A,DISABLED,38,1200,1200,N/A,ENABLED,N/A,43,28
1789733362,3,0,0,N/A,"['N/A', 'N/A', 'N/A', 'N/A']","['N/A', 'N/A', 'N/A', 'N/A', 'N/A', 'N/A', 'N/A', 'N/A', 'N/A', 'N/A', 'N/A', 'N/A', 'N/A', 'N/A', 'N/A', 'N/A', 'N/A', 'N/A', 'N/A', 'N/A', 'N/A', 'N/A', 'N/A', 'N/A', 'N/A', 'N/A', 'N/A', 'N/A', 'N/A', 'N/A', 'N/A', 'N/A']","[0, 0, 0, 0, 0, 0, 0, 0]","[0, 0, 0, 0, 0, 0, 0, 0, 0, 0, 0, 0, 0, 0, 0, 0, 0, 0, 0, 0, 0, 0, 0, 0, 0, 0, 0, 0, 0, 0, 0, 0, 0, 0, 0, 0, 0, 0, 0, 0]","[0, 0, 0, 0]",282,N/A,N/A,N/A,N/A,ENABLED,2371,500,2400,DISABLED,DISABLED,2395,500,2400,DISABLED,DISABLED,2390,500,2400,DISABLED,DISABLED,2389,500,2400,DISABLED,DISABLED,2393,500,2400,DISABLED,DISABLED,2394,500,2400,DISABLED,DISABLED,2388,500,2400,DISABLED,DISABLED,2397,500,2400,DISABLED,DISABLED,1900,1900,1900,N/A,DISABLED,59,1900,1900,N/A,ENABLED,59,1900,1900,N/A,ENABLED,59,1900,1900,N/A,ENABLED,59,1900,1900,N/A,ENABLED,48,1520,1520,N/A,ENABLED,48,1520,1520,N/A,ENABLED,48,1520,1520,N/A,ENABLED,48,1520,1520,N/A,ENABLED,1250,1250,1250,N/A,DISABLED,38,1200,1200,N/A,ENABLED,N/A,43,29

1789733363,0,2,0,N/A,"['N/A', 'N/A', 'N/A', 'N/A']","['N/A', 'N/A', 'N/A', 'N/A', 'N/A', 'N/A', 'N/A', 'N/A', 'N/A', 'N/A', 'N/A', 'N/A', 'N/A', 'N/A', 'N/A', 'N/A', 'N/A', 'N/A', 'N/A', 'N/A', 'N/A', 'N/A', 'N/A', 'N/A', 'N/A', 'N/A', 'N/A', 'N/A', 'N/A', 'N/A', 'N/A', 'N/A']","[2, 2, 2, 2, 2, 2, 2, 2]","[0, 0, 0, 0, 0, 0, 0, 0, 0, 0, 0, 0, 0, 0, 0, 0, 0, 0, 0, 0, 0, 0, 0, 0, 0, 0, 0, 0, 0, 0, 0, 0, 0, 0, 0, 0, 0, 0, 0, 0]","[0, 0, 0, 0]",228,N/A,N/A,N/A,N/A,ENABLED,224,500,2400,DISABLED,ENABLED,224,500,2400,DISABLED,ENABLED,221,500,2400,DISABLED,ENABLED,222,500,2400,DISABLED,ENABLED,219,500,2400,DISABLED,ENABLED,217,500,2400,DISABLED,ENABLED,213,500,2400,DISABLED,ENABLED,213,500,2400,DISABLED,ENABLED,1900,1900,1900,N/A,DISABLED,59,1900,1900,N/A,ENABLED,59,1900,1900,N/A,ENABLED,59,1900,1900,N/A,ENABLED,59,1900,1900,N/A,ENABLED,48,1520,1520,N/A,ENABLED,48,1520,1520,N/A,ENABLED,48,1520,1520,N/A,ENABLED,48,1520,1520,N/A,ENABLED,1250,1250,1250,N/A,DISABLED,42,1200,1200,N/A,ENABLED,N/A,42,28
1789733363,1,2,0,N/A,"['N/A', 'N/A', 'N/A', 'N/A']","['N/A', 'N/A', 'N/A', 'N/A', 'N/A', 'N/A', 'N/A', 'N/A', 'N/A', 'N/A', 'N/A', 'N/A', 'N/A', 'N/A', 'N/A', 'N/A', 'N/A', 'N/A', 'N/A', 'N/A', 'N/A', 'N/A', 'N/A', 'N/A', 'N/A', 'N/A', 'N/A', 'N/A', 'N/A', 'N/A', 'N/A', 'N/A']","[2, 2, 2, 2, 2, 2, 2, 2]","[0, 0, 0, 0, 0, 0, 0, 0, 0, 0, 0, 0, 0, 0, 0, 0, 0, 0, 0, 0, 0, 0, 0, 0, 0, 0, 0, 0, 0, 0, 0, 0, 0, 0, 0, 0, 0, 0, 0, 0]","[0, 0, 0, 0]",231,N/A,N/A,N/A,N/A,ENABLED,214,500,2400,DISABLED,ENABLED,216,500,2400,DISABLED,ENABLED,212,500,2400,DISABLED,ENABLED,212,500,2400,DISABLED,ENABLED,209,500,2400,DISABLED,ENABLED,206,500,2400,DISABLED,ENABLED,205,500,2400,DISABLED,ENABLED,204,500,2400,DISABLED,ENABLED,1900,1900,1900,N/A,DISABLED,59,1900,1900,N/A,ENABLED,59,1900,1900,N/A,ENABLED,59,1900,1900,N/A,ENABLED,59,1900,1900,N/A,ENABLED,48,1520,1520,N/A,ENABLED,48,1520,1520,N/A,ENABLED,48,1520,1520,N/A,ENABLED,48,1520,1520,N/A,ENABLED,1250,1250,1250,N/A,DISABLED,41,1200,1200,N/A,ENABLED,N/A,41,28
1789733363,2,2,0,N/A,"['N/A', 'N/A', 'N/A', 'N/A']","['N/A', 'N/A', 'N/A', 'N/A', 'N/A', 'N/A', 'N/A', 'N/A', 'N/A', 'N/A', 'N/A', 'N/A', 'N/A', 'N/A', 'N/A', 'N/A', 'N/A', 'N/A', 'N/A', 'N/A', 'N/A', 'N/A', 'N/A', 'N/A', 'N/A', 'N/A', 'N/A', 'N/A', 'N/A', 'N/A', 'N/A', 'N/A']","[2, 2, 2, 2, 2, 2, 2, 2]","[0, 0, 0, 0, 0, 0, 0, 0, 0, 0, 0, 0, 0, 0, 0, 0, 0, 0, 0, 0, 0, 0, 0, 0, 0, 0, 0, 0, 0, 0, 0, 0, 0, 0, 0, 0, 0, 0, 0, 0]","[0, 0, 0, 0]",221,N/A,N/A,N/A,N/A,ENABLED,209,500,2400,DISABLED,ENABLED,211,500,2400,DISABLED,ENABLED,212,500,2400,DISABLED,ENABLED,212,500,2400,DISABLED,ENABLED,215,500,2400,DISABLED,ENABLED,215,500,2400,DISABLED,ENABLED,209,500,2400,DISABLED,ENABLED,210,500,2400,DISABLED,ENABLED,1900,1900,1900,N/A,DISABLED,59,1900,1900,N/A,ENABLED,59,1900,1900,N/A,ENABLED,59,1900,1900,N/A,ENABLED,59,1900,1900,N/A,ENABLED,48,1520,1520,N/A,ENABLED,48,1520,1520,N/A,ENABLED,48,1520,1520,N/A,ENABLED,48,1520,1520,N/A,ENABLED,1250,1250,1250,N/A,DISABLED,42,1200,1200,N/A,ENABLED,N/A,43,28
1789733363,3,2,0,N/A,"['N/A', 'N/A', 'N/A', 'N/A']","['N/A', 'N/A', 'N/A', 'N/A', 'N/A', 'N/A', 'N/A', 'N/A', 'N/A', 'N/A', 'N/A', 'N/A', 'N/A', 'N/A', 'N/A', 'N/A', 'N/A', 'N/A', 'N/A', 'N/A', 'N/A', 'N/A', 'N/A', 'N/A', 'N/A', 'N/A', 'N/A', 'N/A', 'N/A', 'N/A', 'N/A', 'N/A']","[2, 2, 2, 2, 2, 2, 1, 1]","[0, 0, 0, 0, 0, 0, 0, 0, 0, 0, 0, 0, 0, 0, 0, 0, 0, 0, 0, 0, 0, 0, 0, 0, 0, 0, 0, 0, 0, 0, 0, 0, 0, 0, 0, 0, 0, 0, 0, 0]","[0, 0, 0, 0]",268,N/A,N/A,N/A,N/A,ENABLED,1945,500,2400,DISABLED,DISABLED,1961,500,2400,DISABLED,DISABLED,1954,500,2400,DISABLED,DISABLED,1953,500,2400,DISABLED,DISABLED,1955,500,2400,DISABLED,DISABLED,1959,500,2400,DISABLED,DISABLED,1953,500,2400,DISABLED,DISABLED,1960,500,2400,DISABLED,DISABLED,1900,1900,1900,N/A,DISABLED,59,1900,1900,N/A,ENABLED,59,1900,1900,N/A,ENABLED,59,1900,1900,N/A,ENABLED,59,1900,1900,N/A,ENABLED,48,1520,1520,N/A,ENABLED,48,1520,1520,N/A,ENABLED,48,1520,1520,N/A,ENABLED,48,1520,1520,N/A,ENABLED,1250,1250,1250,N/A,DISABLED,42,1200,1200,N/A,ENABLED,N/A,43,29

1789733364,0,0,0,N/A,"['N/A', 'N/A', 'N/A', 'N/A']","['N/A', 'N/A', 'N/A', 'N/A', 'N/A', 'N/A', 'N/A', 'N/A', 'N/A', 'N/A', 'N/A', 'N/A', 'N/A', 'N/A', 'N/A', 'N/A', 'N/A', 'N/A', 'N/A', 'N/A', 'N/A', 'N/A', 'N/A', 'N/A', 'N/A', 'N/A', 'N/A', 'N/A', 'N/A', 'N/A', 'N/A', 'N/A']","[0, 0, 0, 0, 0, 0, 0, 0]","[0, 0, 0, 0, 0, 0, 0, 0, 0, 0, 0, 0, 0, 0, 0, 0, 0, 0, 0, 0, 0, 0, 0, 0, 0, 0, 0, 0, 0, 0, 0, 0, 0, 0, 0, 0, 0, 0, 0, 0]","[0, 0, 0, 0]",229,N/A,N/A,N/A,N/A,ENABLED,157,500,2400,DISABLED,ENABLED,157,500,2400,DISABLED,ENABLED,157,500,2400,DISABLED,ENABLED,158,500,2400,DISABLED,ENABLED,157,500,2400,DISABLED,ENABLED,158,500,2400,DISABLED,ENABLED,157,500,2400,DISABLED,ENABLED,157,500,2400,DISABLED,ENABLED,1900,1900,1900,N/A,DISABLED,59,1900,1900,N/A,ENABLED,59,1900,1900,N/A,ENABLED,59,1900,1900,N/A,ENABLED,59,1900,1900,N/A,ENABLED,48,1520,1520,N/A,ENABLED,48,1520,1520,N/A,ENABLED,48,1520,1520,N/A,ENABLED,48,1520,1520,N/A,ENABLED,1250,1250,1250,N/A,DISABLED,38,1200,1200,N/A,ENABLED,N/A,42,28
1789733364,1,0,0,N/A,"['N/A', 'N/A', 'N/A', 'N/A']","['N/A', 'N/A', 'N/A', 'N/A', 'N/A', 'N/A', 'N/A', 'N/A', 'N/A', 'N/A', 'N/A', 'N/A', 'N/A', 'N/A', 'N/A', 'N/A', 'N/A', 'N/A', 'N/A', 'N/A', 'N/A', 'N/A', 'N/A', 'N/A', 'N/A', 'N/A', 'N/A', 'N/A', 'N/A', 'N/A', 'N/A', 'N/A']","[0, 0, 0, 0, 0, 0, 0, 0]","[0, 0, 0, 0, 0, 0, 0, 0, 0, 0, 0, 0, 0, 0, 0, 0, 0, 0, 0, 0, 0, 0, 0, 0, 0, 0, 0, 0, 0, 0, 0, 0, 0, 0, 0, 0, 0, 0, 0, 0]","[0, 0, 0, 0]",232,N/A,N/A,N/A,N/A,ENABLED,156,500,2400,DISABLED,ENABLED,157,500,2400,DISABLED,ENABLED,156,500,2400,DISABLED,ENABLED,157,500,2400,DISABLED,ENABLED,157,500,2400,DISABLED,ENABLED,157,500,2400,DISABLED,ENABLED,157,500,2400,DISABLED,ENABLED,156,500,2400,DISABLED,ENABLED,1900,1900,1900,N/A,DISABLED,59,1900,1900,N/A,ENABLED,59,1900,1900,N/A,ENABLED,59,1900,1900,N/A,ENABLED,59,1900,1900,N/A,ENABLED,48,1520,1520,N/A,ENABLED,48,1520,1520,N/A,ENABLED,48,1520,1520,N/A,ENABLED,48,1520,1520,N/A,ENABLED,1250,1250,1250,N/A,DISABLED,38,1200,1200,N/A,ENABLED,N/A,41,28
1789733364,2,0,0,N/A,"['N/A', 'N/A', 'N/A', 'N/A']","['N/A', 'N/A', 'N/A', 'N/A', 'N/A', 'N/A', 'N/A', 'N/A', 'N/A', 'N/A', 'N/A', 'N/A', 'N/A', 'N/A', 'N/A', 'N/A', 'N/A', 'N/A', 'N/A', 'N/A', 'N/A', 'N/A', 'N/A', 'N/A', 'N/A', 'N/A', 'N/A', 'N/A', 'N/A', 'N/A', 'N/A', 'N/A']","[0, 0, 0, 0, 0, 0, 0, 0]","[0, 0, 0, 0, 0, 0, 0, 0, 0, 0, 0, 0, 0, 0, 0, 0, 0, 0, 0, 0, 0, 0, 0, 0, 0, 0, 0, 0, 0, 0, 0, 0, 0, 0, 0, 0, 0, 0, 0, 0]","[0, 0, 0, 0]",221,N/A,N/A,N/A,N/A,ENABLED,156,500,2400,DISABLED,ENABLED,157,500,2400,DISABLED,ENABLED,156,500,2400,DISABLED,ENABLED,157,500,2400,DISABLED,ENABLED,165,500,2400,DISABLED,ENABLED,166,500,2400,DISABLED,ENABLED,157,500,2400,DISABLED,ENABLED,157,500,2400,DISABLED,ENABLED,1900,1900,1900,N/A,DISABLED,59,1900,1900,N/A,ENABLED,59,1900,1900,N/A,ENABLED,59,1900,1900,N/A,ENABLED,59,1900,1900,N/A,ENABLED,48,1520,1520,N/A,ENABLED,48,1520,1520,N/A,ENABLED,48,1520,1520,N/A,ENABLED,48,1520,1520,N/A,ENABLED,1250,1250,1250,N/A,DISABLED,38,1200,1200,N/A,ENABLED,N/A,43,28
1789733364,3,0,0,N/A,"['N/A', 'N/A', 'N/A', 'N/A']","['N/A', 'N/A', 'N/A', 'N/A', 'N/A', 'N/A', 'N/A', 'N/A', 'N/A', 'N/A', 'N/A', 'N/A', 'N/A', 'N/A', 'N/A', 'N/A', 'N/A', 'N/A', 'N/A', 'N/A', 'N/A', 'N/A', 'N/A', 'N/A', 'N/A', 'N/A', 'N/A', 'N/A', 'N/A', 'N/A', 'N/A', 'N/A']","[0, 0, 0, 0, 0, 0, 0, 0]","[0, 0, 0, 0, 0, 0, 0, 0, 0, 0, 0, 0, 0, 0, 0, 0, 0, 0, 0, 0, 0, 0, 0, 0, 0, 0, 0, 0, 0, 0, 0, 0, 0, 0, 0, 0, 0, 0, 0, 0]","[0, 0, 0, 0]",281,N/A,N/A,N/A,N/A,ENABLED,2385,500,2400,DISABLED,DISABLED,2407,500,2400,DISABLED,DISABLED,2390,500,2400,DISABLED,DISABLED,2390,500,2400,DISABLED,DISABLED,2393,500,2400,DISABLED,DISABLED,2394,500,2400,DISABLED,DISABLED,2389,500,2400,DISABLED,DISABLED,2398,500,2400,DISABLED,DISABLED,1900,1900,1900,N/A,DISABLED,59,1900,1900,N/A,ENABLED,59,1900,1900,N/A,ENABLED,59,1900,1900,N/A,ENABLED,59,1900,1900,N/A,ENABLED,48,1520,1520,N/A,ENABLED,48,1520,1520,N/A,ENABLED,48,1520,1520,N/A,ENABLED,48,1520,1520,N/A,ENABLED,1250,1250,1250,N/A,DISABLED,38,1200,1200,N/A,ENABLED,N/A,43,29

1789733365,0,0,0,N/A,"['N/A', 'N/A', 'N/A', 'N/A']","['N/A', 'N/A', 'N/A', 'N/A', 'N/A', 'N/A', 'N/A', 'N/A', 'N/A', 'N/A', 'N/A', 'N/A', 'N/A', 'N/A', 'N/A', 'N/A', 'N/A', 'N/A', 'N/A', 'N/A', 'N/A', 'N/A', 'N/A', 'N/A', 'N/A', 'N/A', 'N/A', 'N/A', 'N/A', 'N/A', 'N/A', 'N/A']","[0, 0, 0, 0, 0, 0, 0, 0]","[0, 0, 0, 0, 0, 0, 0, 0, 0, 0, 0, 0, 0, 0, 0, 0, 0, 0, 0, 0, 0, 0, 0, 0, 0, 0, 0, 0, 0, 0, 0, 0, 0, 0, 0, 0, 0, 0, 0, 0]","[0, 0, 0, 0]",228,N/A,N/A,N/A,N/A,ENABLED,157,500,2400,DISABLED,ENABLED,157,500,2400,DISABLED,ENABLED,157,500,2400,DISABLED,ENABLED,158,500,2400,DISABLED,ENABLED,158,500,2400,DISABLED,ENABLED,158,500,2400,DISABLED,ENABLED,157,500,2400,DISABLED,ENABLED,157,500,2400,DISABLED,ENABLED,1900,1900,1900,N/A,DISABLED,59,1900,1900,N/A,ENABLED,59,1900,1900,N/A,ENABLED,59,1900,1900,N/A,ENABLED,59,1900,1900,N/A,ENABLED,48,1520,1520,N/A,ENABLED,48,1520,1520,N/A,ENABLED,48,1520,1520,N/A,ENABLED,48,1520,1520,N/A,ENABLED,1250,1250,1250,N/A,DISABLED,38,1200,1200,N/A,ENABLED,N/A,42,28
1789733365,1,0,0,N/A,"['N/A', 'N/A', 'N/A', 'N/A']","['N/A', 'N/A', 'N/A', 'N/A', 'N/A', 'N/A', 'N/A', 'N/A', 'N/A', 'N/A', 'N/A', 'N/A', 'N/A', 'N/A', 'N/A', 'N/A', 'N/A', 'N/A', 'N/A', 'N/A', 'N/A', 'N/A', 'N/A', 'N/A', 'N/A', 'N/A', 'N/A', 'N/A', 'N/A', 'N/A', 'N/A', 'N/A']","[0, 0, 0, 0, 0, 0, 0, 0]","[0, 0, 0, 0, 0, 0, 0, 0, 0, 0, 0, 0, 0, 0, 0, 0, 0, 0, 0, 0, 0, 0, 0, 0, 0, 0, 0, 0, 0, 0, 0, 0, 0, 0, 0, 0, 0, 0, 0, 0]","[0, 0, 0, 0]",232,N/A,N/A,N/A,N/A,ENABLED,156,500,2400,DISABLED,ENABLED,157,500,2400,DISABLED,ENABLED,156,500,2400,DISABLED,ENABLED,157,500,2400,DISABLED,ENABLED,157,500,2400,DISABLED,ENABLED,157,500,2400,DISABLED,ENABLED,157,500,2400,DISABLED,ENABLED,156,500,2400,DISABLED,ENABLED,1900,1900,1900,N/A,DISABLED,59,1900,1900,N/A,ENABLED,59,1900,1900,N/A,ENABLED,59,1900,1900,N/A,ENABLED,59,1900,1900,N/A,ENABLED,48,1520,1520,N/A,ENABLED,48,1520,1520,N/A,ENABLED,48,1520,1520,N/A,ENABLED,48,1520,1520,N/A,ENABLED,1250,1250,1250,N/A,DISABLED,38,1200,1200,N/A,ENABLED,N/A,41,28
1789733365,2,0,0,N/A,"['N/A', 'N/A', 'N/A', 'N/A']","['N/A', 'N/A', 'N/A', 'N/A', 'N/A', 'N/A', 'N/A', 'N/A', 'N/A', 'N/A', 'N/A', 'N/A', 'N/A', 'N/A', 'N/A', 'N/A', 'N/A', 'N/A', 'N/A', 'N/A', 'N/A', 'N/A', 'N/A', 'N/A', 'N/A', 'N/A', 'N/A', 'N/A', 'N/A', 'N/A', 'N/A', 'N/A']","[0, 0, 0, 0, 0, 0, 0, 0]","[0, 0, 0, 0, 0, 0, 0, 0, 0, 0, 0, 0, 0, 0, 0, 0, 0, 0, 0, 0, 0, 0, 0, 0, 0, 0, 0, 0, 0, 0, 0, 0, 0, 0, 0, 0, 0, 0, 0, 0]","[0, 0, 0, 0]",218,N/A,N/A,N/A,N/A,ENABLED,156,500,2400,DISABLED,ENABLED,157,500,2400,DISABLED,ENABLED,156,500,2400,DISABLED,ENABLED,157,500,2400,DISABLED,ENABLED,157,500,2400,DISABLED,ENABLED,158,500,2400,DISABLED,ENABLED,157,500,2400,DISABLED,ENABLED,157,500,2400,DISABLED,ENABLED,1900,1900,1900,N/A,DISABLED,59,1900,1900,N/A,ENABLED,59,1900,1900,N/A,ENABLED,59,1900,1900,N/A,ENABLED,59,1900,1900,N/A,ENABLED,48,1520,1520,N/A,ENABLED,48,1520,1520,N/A,ENABLED,48,1520,1520,N/A,ENABLED,48,1520,1520,N/A,ENABLED,1250,1250,1250,N/A,DISABLED,38,1200,1200,N/A,ENABLED,N/A,43,28
1789733365,3,0,0,N/A,"['N/A', 'N/A', 'N/A', 'N/A']","['N/A', 'N/A', 'N/A', 'N/A', 'N/A', 'N/A', 'N/A', 'N/A', 'N/A', 'N/A', 'N/A', 'N/A', 'N/A', 'N/A', 'N/A', 'N/A', 'N/A', 'N/A', 'N/A', 'N/A', 'N/A', 'N/A', 'N/A', 'N/A', 'N/A', 'N/A', 'N/A', 'N/A', 'N/A', 'N/A', 'N/A', 'N/A']","[0, 0, 0, 0, 0, 0, 0, 0]","[0, 0, 0, 0, 0, 0, 0, 0, 0, 0, 0, 0, 0, 0, 0, 0, 0, 0, 0, 0, 0, 0, 0, 0, 0, 0, 0, 0, 0, 0, 0, 0, 0, 0, 0, 0, 0, 0, 0, 0]","[0, 0, 0, 0]",281,N/A,N/A,N/A,N/A,ENABLED,2385,500,2400,DISABLED,DISABLED,2406,500,2400,DISABLED,DISABLED,2390,500,2400,DISABLED,DISABLED,2390,500,2400,DISABLED,DISABLED,2393,500,2400,DISABLED,DISABLED,2395,500,2400,DISABLED,DISABLED,2389,500,2400,DISABLED,DISABLED,2398,500,2400,DISABLED,DISABLED,1900,1900,1900,N/A,DISABLED,59,1900,1900,N/A,ENABLED,59,1900,1900,N/A,ENABLED,59,1900,1900,N/A,ENABLED,59,1900,1900,N/A,ENABLED,48,1520,1520,N/A,ENABLED,48,1520,1520,N/A,ENABLED,48,1520,1520,N/A,ENABLED,48,1520,1520,N/A,ENABLED,1250,1250,1250,N/A,DISABLED,38,1200,1200,N/A,ENABLED,N/A,43,29

1789733366,0,0,0,N/A,"['N/A', 'N/A', 'N/A', 'N/A']","['N/A', 'N/A', 'N/A', 'N/A', 'N/A', 'N/A', 'N/A', 'N/A', 'N/A', 'N/A', 'N/A', 'N/A', 'N/A', 'N/A', 'N/A', 'N/A', 'N/A', 'N/A', 'N/A', 'N/A', 'N/A', 'N/A', 'N/A', 'N/A', 'N/A', 'N/A', 'N/A', 'N/A', 'N/A', 'N/A', 'N/A', 'N/A']","[0, 0, 0, 0, 0, 0, 0, 0]","[0, 0, 0, 0, 0, 0, 0, 0, 0, 0, 0, 0, 0, 0, 0, 0, 0, 0, 0, 0, 0, 0, 0, 0, 0, 0, 0, 0, 0, 0, 0, 0, 0, 0, 0, 0, 0, 0, 0, 0]","[0, 0, 0, 0]",228,N/A,N/A,N/A,N/A,ENABLED,157,500,2400,DISABLED,ENABLED,157,500,2400,DISABLED,ENABLED,157,500,2400,DISABLED,ENABLED,158,500,2400,DISABLED,ENABLED,157,500,2400,DISABLED,ENABLED,158,500,2400,DISABLED,ENABLED,156,500,2400,DISABLED,ENABLED,157,500,2400,DISABLED,ENABLED,1900,1900,1900,N/A,DISABLED,59,1900,1900,N/A,ENABLED,59,1900,1900,N/A,ENABLED,59,1900,1900,N/A,ENABLED,59,1900,1900,N/A,ENABLED,48,1520,1520,N/A,ENABLED,48,1520,1520,N/A,ENABLED,48,1520,1520,N/A,ENABLED,48,1520,1520,N/A,ENABLED,1250,1250,1250,N/A,DISABLED,38,1200,1200,N/A,ENABLED,N/A,42,28
1789733366,1,0,0,N/A,"['N/A', 'N/A', 'N/A', 'N/A']","['N/A', 'N/A', 'N/A', 'N/A', 'N/A', 'N/A', 'N/A', 'N/A', 'N/A', 'N/A', 'N/A', 'N/A', 'N/A', 'N/A', 'N/A', 'N/A', 'N/A', 'N/A', 'N/A', 'N/A', 'N/A', 'N/A', 'N/A', 'N/A', 'N/A', 'N/A', 'N/A', 'N/A', 'N/A', 'N/A', 'N/A', 'N/A']","[0, 0, 0, 0, 0, 0, 0, 0]","[0, 0, 0, 0, 0, 0, 0, 0, 0, 0, 0, 0, 0, 0, 0, 0, 0, 0, 0, 0, 0, 0, 0, 0, 0, 0, 0, 0, 0, 0, 0, 0, 0, 0, 0, 0, 0, 0, 0, 0]","[0, 0, 0, 0]",232,N/A,N/A,N/A,N/A,ENABLED,156,500,2400,DISABLED,ENABLED,157,500,2400,DISABLED,ENABLED,156,500,2400,DISABLED,ENABLED,157,500,2400,DISABLED,ENABLED,157,500,2400,DISABLED,ENABLED,157,500,2400,DISABLED,ENABLED,156,500,2400,DISABLED,ENABLED,156,500,2400,DISABLED,ENABLED,1900,1900,1900,N/A,DISABLED,59,1900,1900,N/A,ENABLED,59,1900,1900,N/A,ENABLED,59,1900,1900,N/A,ENABLED,59,1900,1900,N/A,ENABLED,48,1520,1520,N/A,ENABLED,48,1520,1520,N/A,ENABLED,48,1520,1520,N/A,ENABLED,48,1520,1520,N/A,ENABLED,1250,1250,1250,N/A,DISABLED,38,1200,1200,N/A,ENABLED,N/A,41,28
1789733366,2,0,0,N/A,"['N/A', 'N/A', 'N/A', 'N/A']","['N/A', 'N/A', 'N/A', 'N/A', 'N/A', 'N/A', 'N/A', 'N/A', 'N/A', 'N/A', 'N/A', 'N/A', 'N/A', 'N/A', 'N/A', 'N/A', 'N/A', 'N/A', 'N/A', 'N/A', 'N/A', 'N/A', 'N/A', 'N/A', 'N/A', 'N/A', 'N/A', 'N/A', 'N/A', 'N/A', 'N/A', 'N/A']","[0, 0, 0, 0, 0, 0, 0, 0]","[0, 0, 0, 0, 0, 0, 0, 0, 0, 0, 0, 0, 0, 0, 0, 0, 0, 0, 0, 0, 0, 0, 0, 0, 0, 0, 0, 0, 0, 0, 0, 0, 0, 0, 0, 0, 0, 0, 0, 0]","[0, 0, 0, 0]",221,N/A,N/A,N/A,N/A,ENABLED,156,500,2400,DISABLED,ENABLED,157,500,2400,DISABLED,ENABLED,157,500,2400,DISABLED,ENABLED,158,500,2400,DISABLED,ENABLED,159,500,2400,DISABLED,ENABLED,160,500,2400,DISABLED,ENABLED,157,500,2400,DISABLED,ENABLED,158,500,2400,DISABLED,ENABLED,1900,1900,1900,N/A,DISABLED,59,1900,1900,N/A,ENABLED,59,1900,1900,N/A,ENABLED,59,1900,1900,N/A,ENABLED,59,1900,1900,N/A,ENABLED,48,1520,1520,N/A,ENABLED,48,1520,1520,N/A,ENABLED,48,1520,1520,N/A,ENABLED,48,1520,1520,N/A,ENABLED,1250,1250,1250,N/A,DISABLED,38,1200,1200,N/A,ENABLED,N/A,43,28
1789733366,3,0,0,N/A,"['N/A', 'N/A', 'N/A', 'N/A']","['N/A', 'N/A', 'N/A', 'N/A', 'N/A', 'N/A', 'N/A', 'N/A', 'N/A', 'N/A', 'N/A', 'N/A', 'N/A', 'N/A', 'N/A', 'N/A', 'N/A', 'N/A', 'N/A', 'N/A', 'N/A', 'N/A', 'N/A', 'N/A', 'N/A', 'N/A', 'N/A', 'N/A', 'N/A', 'N/A', 'N/A', 'N/A']","[0, 0, 0, 0, 0, 0, 0, 0]","[0, 0, 0, 0, 0, 0, 0, 0, 0, 0, 0, 0, 0, 0, 0, 0, 0, 0, 0, 0, 0, 0, 0, 0, 0, 0, 0, 0, 0, 0, 0, 0, 0, 0, 0, 0, 0, 0, 0, 0]","[0, 0, 0, 0]",281,N/A,N/A,N/A,N/A,ENABLED,2385,500,2400,DISABLED,DISABLED,2407,500,2400,DISABLED,DISABLED,2390,500,2400,DISABLED,DISABLED,2389,500,2400,DISABLED,DISABLED,2393,500,2400,DISABLED,DISABLED,2395,500,2400,DISABLED,DISABLED,2388,500,2400,DISABLED,DISABLED,2398,500,2400,DISABLED,DISABLED,1900,1900,1900,N/A,DISABLED,59,1900,1900,N/A,ENABLED,59,1900,1900,N/A,ENABLED,59,1900,1900,N/A,ENABLED,59,1900,1900,N/A,ENABLED,48,1520,1520,N/A,ENABLED,48,1520,1520,N/A,ENABLED,48,1520,1520,N/A,ENABLED,48,1520,1520,N/A,ENABLED,1250,1250,1250,N/A,DISABLED,38,1200,1200,N/A,ENABLED,N/A,43,29

1789733367,0,0,0,N/A,"['N/A', 'N/A', 'N/A', 'N/A']","['N/A', 'N/A', 'N/A', 'N/A', 'N/A', 'N/A', 'N/A', 'N/A', 'N/A', 'N/A', 'N/A', 'N/A', 'N/A', 'N/A', 'N/A', 'N/A', 'N/A', 'N/A', 'N/A', 'N/A', 'N/A', 'N/A', 'N/A', 'N/A', 'N/A', 'N/A', 'N/A', 'N/A', 'N/A', 'N/A', 'N/A', 'N/A']","[0, 0, 0, 0, 0, 0, 0, 0]","[0, 0, 0, 0, 0, 0, 0, 0, 0, 0, 0, 0, 0, 0, 0, 0, 0, 0, 0, 0, 0, 0, 0, 0, 0, 0, 0, 0, 0, 0, 0, 0, 0, 0, 0, 0, 0, 0, 0, 0]","[0, 0, 0, 0]",228,N/A,N/A,N/A,N/A,ENABLED,157,500,2400,DISABLED,ENABLED,157,500,2400,DISABLED,ENABLED,157,500,2400,DISABLED,ENABLED,158,500,2400,DISABLED,ENABLED,157,500,2400,DISABLED,ENABLED,158,500,2400,DISABLED,ENABLED,156,500,2400,DISABLED,ENABLED,157,500,2400,DISABLED,ENABLED,1900,1900,1900,N/A,DISABLED,59,1900,1900,N/A,ENABLED,59,1900,1900,N/A,ENABLED,59,1900,1900,N/A,ENABLED,59,1900,1900,N/A,ENABLED,48,1520,1520,N/A,ENABLED,48,1520,1520,N/A,ENABLED,48,1520,1520,N/A,ENABLED,48,1520,1520,N/A,ENABLED,1250,1250,1250,N/A,DISABLED,38,1200,1200,N/A,ENABLED,N/A,42,28
1789733367,1,0,0,N/A,"['N/A', 'N/A', 'N/A', 'N/A']","['N/A', 'N/A', 'N/A', 'N/A', 'N/A', 'N/A', 'N/A', 'N/A', 'N/A', 'N/A', 'N/A', 'N/A', 'N/A', 'N/A', 'N/A', 'N/A', 'N/A', 'N/A', 'N/A', 'N/A', 'N/A', 'N/A', 'N/A', 'N/A', 'N/A', 'N/A', 'N/A', 'N/A', 'N/A', 'N/A', 'N/A', 'N/A']","[0, 0, 0, 0, 0, 0, 0, 0]","[0, 0, 0, 0, 0, 0, 0, 0, 0, 0, 0, 0, 0, 0, 0, 0, 0, 0, 0, 0, 0, 0, 0, 0, 0, 0, 0, 0, 0, 0, 0, 0, 0, 0, 0, 0, 0, 0, 0, 0]","[0, 0, 0, 0]",232,N/A,N/A,N/A,N/A,ENABLED,156,500,2400,DISABLED,ENABLED,157,500,2400,DISABLED,ENABLED,156,500,2400,DISABLED,ENABLED,157,500,2400,DISABLED,ENABLED,157,500,2400,DISABLED,ENABLED,157,500,2400,DISABLED,ENABLED,156,500,2400,DISABLED,ENABLED,156,500,2400,DISABLED,ENABLED,1900,1900,1900,N/A,DISABLED,59,1900,1900,N/A,ENABLED,59,1900,1900,N/A,ENABLED,59,1900,1900,N/A,ENABLED,59,1900,1900,N/A,ENABLED,48,1520,1520,N/A,ENABLED,48,1520,1520,N/A,ENABLED,48,1520,1520,N/A,ENABLED,48,1520,1520,N/A,ENABLED,1250,1250,1250,N/A,DISABLED,38,1200,1200,N/A,ENABLED,N/A,41,28
1789733367,2,0,0,N/A,"['N/A', 'N/A', 'N/A', 'N/A']","['N/A', 'N/A', 'N/A', 'N/A', 'N/A', 'N/A', 'N/A', 'N/A', 'N/A', 'N/A', 'N/A', 'N/A', 'N/A', 'N/A', 'N/A', 'N/A', 'N/A', 'N/A', 'N/A', 'N/A', 'N/A', 'N/A', 'N/A', 'N/A', 'N/A', 'N/A', 'N/A', 'N/A', 'N/A', 'N/A', 'N/A', 'N/A']","[0, 0, 0, 0, 0, 0, 0, 0]","[0, 0, 0, 0, 0, 0, 0, 0, 0, 0, 0, 0, 0, 0, 0, 0, 0, 0, 0, 0, 0, 0, 0, 0, 0, 0, 0, 0, 0, 0, 0, 0, 0, 0, 0, 0, 0, 0, 0, 0]","[0, 0, 0, 0]",221,N/A,N/A,N/A,N/A,ENABLED,156,500,2400,DISABLED,ENABLED,157,500,2400,DISABLED,ENABLED,160,500,2400,DISABLED,ENABLED,161,500,2400,DISABLED,ENABLED,157,500,2400,DISABLED,ENABLED,157,500,2400,DISABLED,ENABLED,157,500,2400,DISABLED,ENABLED,157,500,2400,DISABLED,ENABLED,1900,1900,1900,N/A,DISABLED,59,1900,1900,N/A,ENABLED,59,1900,1900,N/A,ENABLED,59,1900,1900,N/A,ENABLED,59,1900,1900,N/A,ENABLED,48,1520,1520,N/A,ENABLED,48,1520,1520,N/A,ENABLED,48,1520,1520,N/A,ENABLED,48,1520,1520,N/A,ENABLED,1250,1250,1250,N/A,DISABLED,38,1200,1200,N/A,ENABLED,N/A,43,28
1789733367,3,0,0,N/A,"['N/A', 'N/A', 'N/A', 'N/A']","['N/A', 'N/A', 'N/A', 'N/A', 'N/A', 'N/A', 'N/A', 'N/A', 'N/A', 'N/A', 'N/A', 'N/A', 'N/A', 'N/A', 'N/A', 'N/A', 'N/A', 'N/A', 'N/A', 'N/A', 'N/A', 'N/A', 'N/A', 'N/A', 'N/A', 'N/A', 'N/A', 'N/A', 'N/A', 'N/A', 'N/A', 'N/A']","[0, 0, 0, 0, 0, 0, 0, 0]","[0, 0, 0, 0, 0, 0, 0, 0, 0, 0, 0, 0, 0, 0, 0, 0, 0, 0, 0, 0, 0, 0, 0, 0, 0, 0, 0, 0, 0, 0, 0, 0, 0, 0, 0, 0, 0, 0, 0, 0]","[0, 0, 0, 0]",281,N/A,N/A,N/A,N/A,ENABLED,2385,500,2400,DISABLED,DISABLED,2406,500,2400,DISABLED,DISABLED,2391,500,2400,DISABLED,DISABLED,2390,500,2400,DISABLED,DISABLED,2393,500,2400,DISABLED,DISABLED,2394,500,2400,DISABLED,DISABLED,2388,500,2400,DISABLED,DISABLED,2397,500,2400,DISABLED,DISABLED,1900,1900,1900,N/A,DISABLED,59,1900,1900,N/A,ENABLED,59,1900,1900,N/A,ENABLED,59,1900,1900,N/A,ENABLED,59,1900,1900,N/A,ENABLED,48,1520,1520,N/A,ENABLED,48,1520,1520,N/A,ENABLED,48,1520,1520,N/A,ENABLED,48,1520,1520,N/A,ENABLED,1250,1250,1250,N/A,DISABLED,38,1200,1200,N/A,ENABLED,N/A,43,29

1789733368,0,0,0,N/A,"['N/A', 'N/A', 'N/A', 'N/A']","['N/A', 'N/A', 'N/A', 'N/A', 'N/A', 'N/A', 'N/A', 'N/A', 'N/A', 'N/A', 'N/A', 'N/A', 'N/A', 'N/A', 'N/A', 'N/A', 'N/A', 'N/A', 'N/A', 'N/A', 'N/A', 'N/A', 'N/A', 'N/A', 'N/A', 'N/A', 'N/A', 'N/A', 'N/A', 'N/A', 'N/A', 'N/A']","[0, 0, 0, 0, 0, 0, 0, 0]","[0, 0, 0, 0, 0, 0, 0, 0, 0, 0, 0, 0, 0, 0, 0, 0, 0, 0, 0, 0, 0, 0, 0, 0, 0, 0, 0, 0, 0, 0, 0, 0, 0, 0, 0, 0, 0, 0, 0, 0]","[0, 0, 0, 0]",228,N/A,N/A,N/A,N/A,ENABLED,157,500,2400,DISABLED,ENABLED,157,500,2400,DISABLED,ENABLED,157,500,2400,DISABLED,ENABLED,158,500,2400,DISABLED,ENABLED,157,500,2400,DISABLED,ENABLED,158,500,2400,DISABLED,ENABLED,156,500,2400,DISABLED,ENABLED,157,500,2400,DISABLED,ENABLED,1900,1900,1900,N/A,DISABLED,59,1900,1900,N/A,ENABLED,59,1900,1900,N/A,ENABLED,59,1900,1900,N/A,ENABLED,59,1900,1900,N/A,ENABLED,48,1520,1520,N/A,ENABLED,48,1520,1520,N/A,ENABLED,48,1520,1520,N/A,ENABLED,48,1520,1520,N/A,ENABLED,1250,1250,1250,N/A,DISABLED,38,1200,1200,N/A,ENABLED,N/A,42,28
1789733368,1,0,0,N/A,"['N/A', 'N/A', 'N/A', 'N/A']","['N/A', 'N/A', 'N/A', 'N/A', 'N/A', 'N/A', 'N/A', 'N/A', 'N/A', 'N/A', 'N/A', 'N/A', 'N/A', 'N/A', 'N/A', 'N/A', 'N/A', 'N/A', 'N/A', 'N/A', 'N/A', 'N/A', 'N/A', 'N/A', 'N/A', 'N/A', 'N/A', 'N/A', 'N/A', 'N/A', 'N/A', 'N/A']","[0, 0, 0, 0, 0, 0, 0, 0]","[0, 0, 0, 0, 0, 0, 0, 0, 0, 0, 0, 0, 0, 0, 0, 0, 0, 0, 0, 0, 0, 0, 0, 0, 0, 0, 0, 0, 0, 0, 0, 0, 0, 0, 0, 0, 0, 0, 0, 0]","[0, 0, 0, 0]",231,N/A,N/A,N/A,N/A,ENABLED,156,500,2400,DISABLED,ENABLED,158,500,2400,DISABLED,ENABLED,156,500,2400,DISABLED,ENABLED,157,500,2400,DISABLED,ENABLED,157,500,2400,DISABLED,ENABLED,157,500,2400,DISABLED,ENABLED,156,500,2400,DISABLED,ENABLED,156,500,2400,DISABLED,ENABLED,1900,1900,1900,N/A,DISABLED,59,1900,1900,N/A,ENABLED,59,1900,1900,N/A,ENABLED,59,1900,1900,N/A,ENABLED,59,1900,1900,N/A,ENABLED,48,1520,1520,N/A,ENABLED,48,1520,1520,N/A,ENABLED,48,1520,1520,N/A,ENABLED,48,1520,1520,N/A,ENABLED,1250,1250,1250,N/A,DISABLED,38,1200,1200,N/A,ENABLED,N/A,41,28
1789733368,2,0,0,N/A,"['N/A', 'N/A', 'N/A', 'N/A']","['N/A', 'N/A', 'N/A', 'N/A', 'N/A', 'N/A', 'N/A', 'N/A', 'N/A', 'N/A', 'N/A', 'N/A', 'N/A', 'N/A', 'N/A', 'N/A', 'N/A', 'N/A', 'N/A', 'N/A', 'N/A', 'N/A', 'N/A', 'N/A', 'N/A', 'N/A', 'N/A', 'N/A', 'N/A', 'N/A', 'N/A', 'N/A']","[0, 0, 0, 0, 0, 0, 0, 0]","[0, 0, 0, 0, 0, 0, 0, 0, 0, 0, 0, 0, 0, 0, 0, 0, 0, 0, 0, 0, 0, 0, 0, 0, 0, 0, 0, 0, 0, 0, 0, 0, 0, 0, 0, 0, 0, 0, 0, 0]","[0, 0, 0, 0]",221,N/A,N/A,N/A,N/A,ENABLED,156,500,2400,DISABLED,ENABLED,157,500,2400,DISABLED,ENABLED,156,500,2400,DISABLED,ENABLED,158,500,2400,DISABLED,ENABLED,159,500,2400,DISABLED,ENABLED,159,500,2400,DISABLED,ENABLED,157,500,2400,DISABLED,ENABLED,157,500,2400,DISABLED,ENABLED,1900,1900,1900,N/A,DISABLED,59,1900,1900,N/A,ENABLED,59,1900,1900,N/A,ENABLED,59,1900,1900,N/A,ENABLED,59,1900,1900,N/A,ENABLED,48,1520,1520,N/A,ENABLED,48,1520,1520,N/A,ENABLED,48,1520,1520,N/A,ENABLED,48,1520,1520,N/A,ENABLED,1250,1250,1250,N/A,DISABLED,38,1200,1200,N/A,ENABLED,N/A,43,28
1789733368,3,0,0,N/A,"['N/A', 'N/A', 'N/A', 'N/A']","['N/A', 'N/A', 'N/A', 'N/A', 'N/A', 'N/A', 'N/A', 'N/A', 'N/A', 'N/A', 'N/A', 'N/A', 'N/A', 'N/A', 'N/A', 'N/A', 'N/A', 'N/A', 'N/A', 'N/A', 'N/A', 'N/A', 'N/A', 'N/A', 'N/A', 'N/A', 'N/A', 'N/A', 'N/A', 'N/A', 'N/A', 'N/A']","[0, 0, 0, 0, 0, 0, 0, 0]","[0, 0, 0, 0, 0, 0, 0, 0, 0, 0, 0, 0, 0, 0, 0, 0, 0, 0, 0, 0, 0, 0, 0, 0, 0, 0, 0, 0, 0, 0, 0, 0, 0, 0, 0, 0, 0, 0, 0, 0]","[0, 0, 0, 0]",281,N/A,N/A,N/A,N/A,ENABLED,2385,500,2400,DISABLED,DISABLED,2406,500,2400,DISABLED,DISABLED,2390,500,2400,DISABLED,DISABLED,2389,500,2400,DISABLED,DISABLED,2393,500,2400,DISABLED,DISABLED,2395,500,2400,DISABLED,DISABLED,2389,500,2400,DISABLED,DISABLED,2398,500,2400,DISABLED,DISABLED,1900,1900,1900,N/A,DISABLED,59,1900,1900,N/A,ENABLED,59,1900,1900,N/A,ENABLED,59,1900,1900,N/A,ENABLED,59,1900,1900,N/A,ENABLED,48,1520,1520,N/A,ENABLED,48,1520,1520,N/A,ENABLED,48,1520,1520,N/A,ENABLED,48,1520,1520,N/A,ENABLED,1250,1250,1250,N/A,DISABLED,38,1200,1200,N/A,ENABLED,N/A,43,29

1789733369,0,0,0,N/A,"['N/A', 'N/A', 'N/A', 'N/A']","['N/A', 'N/A', 'N/A', 'N/A', 'N/A', 'N/A', 'N/A', 'N/A', 'N/A', 'N/A', 'N/A', 'N/A', 'N/A', 'N/A', 'N/A', 'N/A', 'N/A', 'N/A', 'N/A', 'N/A', 'N/A', 'N/A', 'N/A', 'N/A', 'N/A', 'N/A', 'N/A', 'N/A', 'N/A', 'N/A', 'N/A', 'N/A']","[0, 0, 0, 0, 0, 0, 0, 0]","[0, 0, 0, 0, 0, 0, 0, 0, 0, 0, 0, 0, 0, 0, 0, 0, 0, 0, 0, 0, 0, 0, 0, 0, 0, 0, 0, 0, 0, 0, 0, 0, 0, 0, 0, 0, 0, 0, 0, 0]","[0, 0, 0, 0]",228,N/A,N/A,N/A,N/A,ENABLED,157,500,2400,DISABLED,ENABLED,157,500,2400,DISABLED,ENABLED,157,500,2400,DISABLED,ENABLED,158,500,2400,DISABLED,ENABLED,157,500,2400,DISABLED,ENABLED,158,500,2400,DISABLED,ENABLED,156,500,2400,DISABLED,ENABLED,157,500,2400,DISABLED,ENABLED,1900,1900,1900,N/A,DISABLED,59,1900,1900,N/A,ENABLED,59,1900,1900,N/A,ENABLED,59,1900,1900,N/A,ENABLED,59,1900,1900,N/A,ENABLED,48,1520,1520,N/A,ENABLED,48,1520,1520,N/A,ENABLED,48,1520,1520,N/A,ENABLED,48,1520,1520,N/A,ENABLED,1250,1250,1250,N/A,DISABLED,38,1200,1200,N/A,ENABLED,N/A,42,28
1789733369,1,0,0,N/A,"['N/A', 'N/A', 'N/A', 'N/A']","['N/A', 'N/A', 'N/A', 'N/A', 'N/A', 'N/A', 'N/A', 'N/A', 'N/A', 'N/A', 'N/A', 'N/A', 'N/A', 'N/A', 'N/A', 'N/A', 'N/A', 'N/A', 'N/A', 'N/A', 'N/A', 'N/A', 'N/A', 'N/A', 'N/A', 'N/A', 'N/A', 'N/A', 'N/A', 'N/A', 'N/A', 'N/A']","[0, 0, 0, 0, 0, 0, 0, 0]","[0, 0, 0, 0, 0, 0, 0, 0, 0, 0, 0, 0, 0, 0, 0, 0, 0, 0, 0, 0, 0, 0, 0, 0, 0, 0, 0, 0, 0, 0, 0, 0, 0, 0, 0, 0, 0, 0, 0, 0]","[0, 0, 0, 0]",232,N/A,N/A,N/A,N/A,ENABLED,156,500,2400,DISABLED,ENABLED,157,500,2400,DISABLED,ENABLED,156,500,2400,DISABLED,ENABLED,157,500,2400,DISABLED,ENABLED,157,500,2400,DISABLED,ENABLED,157,500,2400,DISABLED,ENABLED,157,500,2400,DISABLED,ENABLED,156,500,2400,DISABLED,ENABLED,1900,1900,1900,N/A,DISABLED,59,1900,1900,N/A,ENABLED,59,1900,1900,N/A,ENABLED,59,1900,1900,N/A,ENABLED,59,1900,1900,N/A,ENABLED,48,1520,1520,N/A,ENABLED,48,1520,1520,N/A,ENABLED,48,1520,1520,N/A,ENABLED,48,1520,1520,N/A,ENABLED,1250,1250,1250,N/A,DISABLED,38,1200,1200,N/A,ENABLED,N/A,41,28
1789733369,2,0,0,N/A,"['N/A', 'N/A', 'N/A', 'N/A']","['N/A', 'N/A', 'N/A', 'N/A', 'N/A', 'N/A', 'N/A', 'N/A', 'N/A', 'N/A', 'N/A', 'N/A', 'N/A', 'N/A', 'N/A', 'N/A', 'N/A', 'N/A', 'N/A', 'N/A', 'N/A', 'N/A', 'N/A', 'N/A', 'N/A', 'N/A', 'N/A', 'N/A', 'N/A', 'N/A', 'N/A', 'N/A']","[0, 0, 0, 0, 0, 0, 0, 0]","[0, 0, 0, 0, 0, 0, 0, 0, 0, 0, 0, 0, 0, 0, 0, 0, 0, 0, 0, 0, 0, 0, 0, 0, 0, 0, 0, 0, 0, 0, 0, 0, 0, 0, 0, 0, 0, 0, 0, 0]","[0, 0, 0, 0]",221,N/A,N/A,N/A,N/A,ENABLED,156,500,2400,DISABLED,ENABLED,157,500,2400,DISABLED,ENABLED,164,500,2400,DISABLED,ENABLED,165,500,2400,DISABLED,ENABLED,169,500,2400,DISABLED,ENABLED,170,500,2400,DISABLED,ENABLED,157,500,2400,DISABLED,ENABLED,157,500,2400,DISABLED,ENABLED,1900,1900,1900,N/A,DISABLED,59,1900,1900,N/A,ENABLED,59,1900,1900,N/A,ENABLED,59,1900,1900,N/A,ENABLED,59,1900,1900,N/A,ENABLED,48,1520,1520,N/A,ENABLED,48,1520,1520,N/A,ENABLED,48,1520,1520,N/A,ENABLED,48,1520,1520,N/A,ENABLED,1250,1250,1250,N/A,DISABLED,38,1200,1200,N/A,ENABLED,N/A,43,28
1789733369,3,0,0,N/A,"['N/A', 'N/A', 'N/A', 'N/A']","['N/A', 'N/A', 'N/A', 'N/A', 'N/A', 'N/A', 'N/A', 'N/A', 'N/A', 'N/A', 'N/A', 'N/A', 'N/A', 'N/A', 'N/A', 'N/A', 'N/A', 'N/A', 'N/A', 'N/A', 'N/A', 'N/A', 'N/A', 'N/A', 'N/A', 'N/A', 'N/A', 'N/A', 'N/A', 'N/A', 'N/A', 'N/A']","[0, 0, 0, 0, 0, 0, 0, 0]","[0, 0, 0, 0, 0, 0, 0, 0, 0, 0, 0, 0, 0, 0, 0, 0, 0, 0, 0, 0, 0, 0, 0, 0, 0, 0, 0, 0, 0, 0, 0, 0, 0, 0, 0, 0, 0, 0, 0, 0]","[0, 0, 0, 0]",281,N/A,N/A,N/A,N/A,ENABLED,2384,500,2400,DISABLED,DISABLED,2406,500,2400,DISABLED,DISABLED,2390,500,2400,DISABLED,DISABLED,2390,500,2400,DISABLED,DISABLED,2393,500,2400,DISABLED,DISABLED,2395,500,2400,DISABLED,DISABLED,2389,500,2400,DISABLED,DISABLED,2397,500,2400,DISABLED,DISABLED,1900,1900,1900,N/A,DISABLED,59,1900,1900,N/A,ENABLED,59,1900,1900,N/A,ENABLED,59,1900,1900,N/A,ENABLED,59,1900,1900,N/A,ENABLED,48,1520,1520,N/A,ENABLED,48,1520,1520,N/A,ENABLED,48,1520,1520,N/A,ENABLED,48,1520,1520,N/A,ENABLED,1250,1250,1250,N/A,DISABLED,38,1200,1200,N/A,ENABLED,N/A,43,29

1789733370,0,0,0,N/A,"['N/A', 'N/A', 'N/A', 'N/A']","['N/A', 'N/A', 'N/A', 'N/A', 'N/A', 'N/A', 'N/A', 'N/A', 'N/A', 'N/A', 'N/A', 'N/A', 'N/A', 'N/A', 'N/A', 'N/A', 'N/A', 'N/A', 'N/A', 'N/A', 'N/A', 'N/A', 'N/A', 'N/A', 'N/A', 'N/A', 'N/A', 'N/A', 'N/A', 'N/A', 'N/A', 'N/A']","[0, 0, 0, 0, 0, 0, 0, 0]","[0, 0, 0, 0, 0, 0, 0, 0, 0, 0, 0, 0, 0, 0, 0, 0, 0, 0, 0, 0, 0, 0, 0, 0, 0, 0, 0, 0, 0, 0, 0, 0, 0, 0, 0, 0, 0, 0, 0, 0]","[0, 0, 0, 0]",218,N/A,N/A,N/A,N/A,ENABLED,94,500,2400,DISABLED,ENABLED,95,500,2400,DISABLED,ENABLED,94,500,2400,DISABLED,ENABLED,95,500,2400,DISABLED,ENABLED,98,500,2400,DISABLED,ENABLED,97,500,2400,DISABLED,ENABLED,94,500,2400,DISABLED,ENABLED,95,500,2400,DISABLED,ENABLED,1900,1900,1900,N/A,DISABLED,59,1900,1900,N/A,ENABLED,59,1900,1900,N/A,ENABLED,59,1900,1900,N/A,ENABLED,59,1900,1900,N/A,ENABLED,48,1520,1520,N/A,ENABLED,48,1520,1520,N/A,ENABLED,48,1520,1520,N/A,ENABLED,48,1520,1520,N/A,ENABLED,1250,1250,1250,N/A,DISABLED,38,1200,1200,N/A,ENABLED,N/A,42,28
1789733370,1,0,0,N/A,"['N/A', 'N/A', 'N/A', 'N/A']","['N/A', 'N/A', 'N/A', 'N/A', 'N/A', 'N/A', 'N/A', 'N/A', 'N/A', 'N/A', 'N/A', 'N/A', 'N/A', 'N/A', 'N/A', 'N/A', 'N/A', 'N/A', 'N/A', 'N/A', 'N/A', 'N/A', 'N/A', 'N/A', 'N/A', 'N/A', 'N/A', 'N/A', 'N/A', 'N/A', 'N/A', 'N/A']","[0, 0, 0, 0, 0, 0, 0, 0]","[0, 0, 0, 0, 0, 0, 0, 0, 0, 0, 0, 0, 0, 0, 0, 0, 0, 0, 0, 0, 0, 0, 0, 0, 0, 0, 0, 0, 0, 0, 0, 0, 0, 0, 0, 0, 0, 0, 0, 0]","[0, 0, 0, 0]",220,N/A,N/A,N/A,N/A,ENABLED,94,500,2400,DISABLED,ENABLED,95,500,2400,DISABLED,ENABLED,94,500,2400,DISABLED,ENABLED,95,500,2400,DISABLED,ENABLED,94,500,2400,DISABLED,ENABLED,95,500,2400,DISABLED,ENABLED,94,500,2400,DISABLED,ENABLED,94,500,2400,DISABLED,ENABLED,1900,1900,1900,N/A,DISABLED,59,1900,1900,N/A,ENABLED,59,1900,1900,N/A,ENABLED,59,1900,1900,N/A,ENABLED,59,1900,1900,N/A,ENABLED,48,1520,1520,N/A,ENABLED,48,1520,1520,N/A,ENABLED,48,1520,1520,N/A,ENABLED,48,1520,1520,N/A,ENABLED,1250,1250,1250,N/A,DISABLED,38,1200,1200,N/A,ENABLED,N/A,41,28
1789733370,2,0,0,N/A,"['N/A', 'N/A', 'N/A', 'N/A']","['N/A', 'N/A', 'N/A', 'N/A', 'N/A', 'N/A', 'N/A', 'N/A', 'N/A', 'N/A', 'N/A', 'N/A', 'N/A', 'N/A', 'N/A', 'N/A', 'N/A', 'N/A', 'N/A', 'N/A', 'N/A', 'N/A', 'N/A', 'N/A', 'N/A', 'N/A', 'N/A', 'N/A', 'N/A', 'N/A', 'N/A', 'N/A']","[0, 0, 0, 0, 0, 0, 0, 0]","[0, 0, 0, 0, 0, 0, 0, 0, 0, 0, 0, 0, 0, 0, 0, 0, 0, 0, 0, 0, 0, 0, 0, 0, 0, 0, 0, 0, 0, 0, 0, 0, 0, 0, 0, 0, 0, 0, 0, 0]","[0, 0, 0, 0]",212,N/A,N/A,N/A,N/A,ENABLED,94,500,2400,DISABLED,ENABLED,94,500,2400,DISABLED,ENABLED,94,500,2400,DISABLED,ENABLED,95,500,2400,DISABLED,ENABLED,95,500,2400,DISABLED,ENABLED,95,500,2400,DISABLED,ENABLED,109,500,2400,DISABLED,ENABLED,109,500,2400,DISABLED,ENABLED,1900,1900,1900,N/A,DISABLED,59,1900,1900,N/A,ENABLED,59,1900,1900,N/A,ENABLED,59,1900,1900,N/A,ENABLED,59,1900,1900,N/A,ENABLED,48,1520,1520,N/A,ENABLED,48,1520,1520,N/A,ENABLED,48,1520,1520,N/A,ENABLED,48,1520,1520,N/A,ENABLED,1250,1250,1250,N/A,DISABLED,38,1200,1200,N/A,ENABLED,N/A,43,28
1789733370,3,0,0,N/A,"['N/A', 'N/A', 'N/A', 'N/A']","['N/A', 'N/A', 'N/A', 'N/A', 'N/A', 'N/A', 'N/A', 'N/A', 'N/A', 'N/A', 'N/A', 'N/A', 'N/A', 'N/A', 'N/A', 'N/A', 'N/A', 'N/A', 'N/A', 'N/A', 'N/A', 'N/A', 'N/A', 'N/A', 'N/A', 'N/A', 'N/A', 'N/A', 'N/A', 'N/A', 'N/A', 'N/A']","[0, 0, 0, 0, 0, 0, 0, 0]","[0, 0, 0, 0, 0, 0, 0, 0, 0, 0, 0, 0, 0, 0, 0, 0, 0, 0, 0, 0, 0, 0, 0, 0, 0, 0, 0, 0, 0, 0, 0, 0, 0, 0, 0, 0, 0, 0, 0, 0]","[0, 0, 0, 0]",222,N/A,N/A,N/A,N/A,ENABLED,506,500,2400,DISABLED,DISABLED,506,500,2400,DISABLED,DISABLED,503,500,2400,DISABLED,DISABLED,507,500,2400,DISABLED,DISABLED,501,500,2400,DISABLED,DISABLED,512,500,2400,DISABLED,DISABLED,505,500,2400,DISABLED,DISABLED,505,500,2400,DISABLED,DISABLED,1900,1900,1900,N/A,DISABLED,59,1900,1900,N/A,ENABLED,59,1900,1900,N/A,ENABLED,59,1900,1900,N/A,ENABLED,59,1900,1900,N/A,ENABLED,48,1520,1520,N/A,ENABLED,48,1520,1520,N/A,ENABLED,48,1520,1520,N/A,ENABLED,48,1520,1520,N/A,ENABLED,1250,1250,1250,N/A,DISABLED,38,1200,1200,N/A,ENABLED,N/A,43,29

1789733371,0,0,0,N/A,"['N/A', 'N/A', 'N/A', 'N/A']","['N/A', 'N/A', 'N/A', 'N/A', 'N/A', 'N/A', 'N/A', 'N/A', 'N/A', 'N/A', 'N/A', 'N/A', 'N/A', 'N/A', 'N/A', 'N/A', 'N/A', 'N/A', 'N/A', 'N/A', 'N/A', 'N/A', 'N/A', 'N/A', 'N/A', 'N/A', 'N/A', 'N/A', 'N/A', 'N/A', 'N/A', 'N/A']","[0, 0, 0, 0, 0, 0, 0, 0]","[0, 0, 0, 0, 0, 0, 0, 0, 0, 0, 0, 0, 0, 0, 0, 0, 0, 0, 0, 0, 0, 0, 0, 0, 0, 0, 0, 0, 0, 0, 0, 0, 0, 0, 0, 0, 0, 0, 0, 0]","[0, 0, 0, 0]",228,N/A,N/A,N/A,N/A,ENABLED,161,500,2400,DISABLED,ENABLED,161,500,2400,DISABLED,ENABLED,160,500,2400,DISABLED,ENABLED,161,500,2400,DISABLED,ENABLED,160,500,2400,DISABLED,ENABLED,160,500,2400,DISABLED,ENABLED,159,500,2400,DISABLED,ENABLED,159,500,2400,DISABLED,ENABLED,1900,1900,1900,N/A,DISABLED,59,1900,1900,N/A,ENABLED,59,1900,1900,N/A,ENABLED,59,1900,1900,N/A,ENABLED,59,1900,1900,N/A,ENABLED,48,1520,1520,N/A,ENABLED,48,1520,1520,N/A,ENABLED,48,1520,1520,N/A,ENABLED,48,1520,1520,N/A,ENABLED,1250,1250,1250,N/A,DISABLED,38,1200,1200,N/A,ENABLED,N/A,42,28
1789733371,1,0,0,N/A,"['N/A', 'N/A', 'N/A', 'N/A']","['N/A', 'N/A', 'N/A', 'N/A', 'N/A', 'N/A', 'N/A', 'N/A', 'N/A', 'N/A', 'N/A', 'N/A', 'N/A', 'N/A', 'N/A', 'N/A', 'N/A', 'N/A', 'N/A', 'N/A', 'N/A', 'N/A', 'N/A', 'N/A', 'N/A', 'N/A', 'N/A', 'N/A', 'N/A', 'N/A', 'N/A', 'N/A']","[0, 0, 0, 0, 0, 0, 0, 0]","[0, 0, 0, 0, 0, 0, 0, 0, 0, 0, 0, 0, 0, 0, 0, 0, 0, 0, 0, 0, 0, 0, 0, 0, 0, 0, 0, 0, 0, 0, 0, 0, 0, 0, 0, 0, 0, 0, 0, 0]","[0, 0, 0, 0]",231,N/A,N/A,N/A,N/A,ENABLED,160,500,2400,DISABLED,ENABLED,161,500,2400,DISABLED,ENABLED,159,500,2400,DISABLED,ENABLED,160,500,2400,DISABLED,ENABLED,159,500,2400,DISABLED,ENABLED,159,500,2400,DISABLED,ENABLED,158,500,2400,DISABLED,ENABLED,158,500,2400,DISABLED,ENABLED,1900,1900,1900,N/A,DISABLED,59,1900,1900,N/A,ENABLED,59,1900,1900,N/A,ENABLED,59,1900,1900,N/A,ENABLED,59,1900,1900,N/A,ENABLED,48,1520,1520,N/A,ENABLED,48,1520,1520,N/A,ENABLED,48,1520,1520,N/A,ENABLED,48,1520,1520,N/A,ENABLED,1250,1250,1250,N/A,DISABLED,38,1200,1200,N/A,ENABLED,N/A,41,28
1789733371,2,0,0,N/A,"['N/A', 'N/A', 'N/A', 'N/A']","['N/A', 'N/A', 'N/A', 'N/A', 'N/A', 'N/A', 'N/A', 'N/A', 'N/A', 'N/A', 'N/A', 'N/A', 'N/A', 'N/A', 'N/A', 'N/A', 'N/A', 'N/A', 'N/A', 'N/A', 'N/A', 'N/A', 'N/A', 'N/A', 'N/A', 'N/A', 'N/A', 'N/A', 'N/A', 'N/A', 'N/A', 'N/A']","[0, 0, 0, 0, 0, 0, 0, 0]","[0, 0, 0, 0, 0, 0, 0, 0, 0, 0, 0, 0, 0, 0, 0, 0, 0, 0, 0, 0, 0, 0, 0, 0, 0, 0, 0, 0, 0, 0, 0, 0, 0, 0, 0, 0, 0, 0, 0, 0]","[0, 0, 0, 0]",221,N/A,N/A,N/A,N/A,ENABLED,160,500,2400,DISABLED,ENABLED,161,500,2400,DISABLED,ENABLED,162,500,2400,DISABLED,ENABLED,162,500,2400,DISABLED,ENABLED,161,500,2400,DISABLED,ENABLED,162,500,2400,DISABLED,ENABLED,161,500,2400,DISABLED,ENABLED,162,500,2400,DISABLED,ENABLED,1900,1900,1900,N/A,DISABLED,59,1900,1900,N/A,ENABLED,59,1900,1900,N/A,ENABLED,59,1900,1900,N/A,ENABLED,59,1900,1900,N/A,ENABLED,48,1520,1520,N/A,ENABLED,48,1520,1520,N/A,ENABLED,48,1520,1520,N/A,ENABLED,48,1520,1520,N/A,ENABLED,1250,1250,1250,N/A,DISABLED,38,1200,1200,N/A,ENABLED,N/A,43,28
1789733371,3,39,2,N/A,"['N/A', 'N/A', 'N/A', 'N/A']","['N/A', 'N/A', 'N/A', 'N/A', 'N/A', 'N/A', 'N/A', 'N/A', 'N/A', 'N/A', 'N/A', 'N/A', 'N/A', 'N/A', 'N/A', 'N/A', 'N/A', 'N/A', 'N/A', 'N/A', 'N/A', 'N/A', 'N/A', 'N/A', 'N/A', 'N/A', 'N/A', 'N/A', 'N/A', 'N/A', 'N/A', 'N/A']","[39, 39, 39, 39, 39, 39, 39, 39]","[0, 0, 0, 0, 0, 0, 0, 0, 0, 0, 0, 0, 0, 0, 0, 0, 0, 0, 0, 0, 0, 0, 0, 0, 0, 0, 0, 0, 0, 0, 0, 0, 0, 0, 0, 0, 0, 0, 0, 0]","[0, 0, 0, 0]",313,N/A,N/A,N/A,N/A,ENABLED,2155,500,2400,DISABLED,DISABLED,2176,500,2400,DISABLED,DISABLED,2171,500,2400,DISABLED,DISABLED,2171,500,2400,DISABLED,DISABLED,2174,500,2400,DISABLED,DISABLED,2177,500,2400,DISABLED,DISABLED,2166,500,2400,DISABLED,DISABLED,2173,500,2400,DISABLED,DISABLED,1900,1900,1900,N/A,DISABLED,59,1900,1900,N/A,ENABLED,59,1900,1900,N/A,ENABLED,59,1900,1900,N/A,ENABLED,59,1900,1900,N/A,ENABLED,48,1520,1520,N/A,ENABLED,48,1520,1520,N/A,ENABLED,48,1520,1520,N/A,ENABLED,48,1520,1520,N/A,ENABLED,1250,1250,1250,N/A,DISABLED,100,1200,1200,N/A,ENABLED,N/A,43,29

1789733372,0,0,0,N/A,"['N/A', 'N/A', 'N/A', 'N/A']","['N/A', 'N/A', 'N/A', 'N/A', 'N/A', 'N/A', 'N/A', 'N/A', 'N/A', 'N/A', 'N/A', 'N/A', 'N/A', 'N/A', 'N/A', 'N/A', 'N/A', 'N/A', 'N/A', 'N/A', 'N/A', 'N/A', 'N/A', 'N/A', 'N/A', 'N/A', 'N/A', 'N/A', 'N/A', 'N/A', 'N/A', 'N/A']","[0, 0, 0, 0, 0, 0, 0, 0]","[0, 0, 0, 0, 0, 0, 0, 0, 0, 0, 0, 0, 0, 0, 0, 0, 0, 0, 0, 0, 0, 0, 0, 0, 0, 0, 0, 0, 0, 0, 0, 0, 0, 0, 0, 0, 0, 0, 0, 0]","[0, 0, 0, 0]",228,N/A,N/A,N/A,N/A,ENABLED,157,500,2400,DISABLED,ENABLED,157,500,2400,DISABLED,ENABLED,157,500,2400,DISABLED,ENABLED,158,500,2400,DISABLED,ENABLED,157,500,2400,DISABLED,ENABLED,158,500,2400,DISABLED,ENABLED,156,500,2400,DISABLED,ENABLED,157,500,2400,DISABLED,ENABLED,1900,1900,1900,N/A,DISABLED,59,1900,1900,N/A,ENABLED,59,1900,1900,N/A,ENABLED,59,1900,1900,N/A,ENABLED,59,1900,1900,N/A,ENABLED,48,1520,1520,N/A,ENABLED,48,1520,1520,N/A,ENABLED,48,1520,1520,N/A,ENABLED,48,1520,1520,N/A,ENABLED,1250,1250,1250,N/A,DISABLED,38,1200,1200,N/A,ENABLED,N/A,42,28
1789733372,1,0,0,N/A,"['N/A', 'N/A', 'N/A', 'N/A']","['N/A', 'N/A', 'N/A', 'N/A', 'N/A', 'N/A', 'N/A', 'N/A', 'N/A', 'N/A', 'N/A', 'N/A', 'N/A', 'N/A', 'N/A', 'N/A', 'N/A', 'N/A', 'N/A', 'N/A', 'N/A', 'N/A', 'N/A', 'N/A', 'N/A', 'N/A', 'N/A', 'N/A', 'N/A', 'N/A', 'N/A', 'N/A']","[0, 0, 0, 0, 0, 0, 0, 0]","[0, 0, 0, 0, 0, 0, 0, 0, 0, 0, 0, 0, 0, 0, 0, 0, 0, 0, 0, 0, 0, 0, 0, 0, 0, 0, 0, 0, 0, 0, 0, 0, 0, 0, 0, 0, 0, 0, 0, 0]","[0, 0, 0, 0]",232,N/A,N/A,N/A,N/A,ENABLED,156,500,2400,DISABLED,ENABLED,157,500,2400,DISABLED,ENABLED,156,500,2400,DISABLED,ENABLED,157,500,2400,DISABLED,ENABLED,157,500,2400,DISABLED,ENABLED,157,500,2400,DISABLED,ENABLED,157,500,2400,DISABLED,ENABLED,156,500,2400,DISABLED,ENABLED,1900,1900,1900,N/A,DISABLED,59,1900,1900,N/A,ENABLED,59,1900,1900,N/A,ENABLED,59,1900,1900,N/A,ENABLED,59,1900,1900,N/A,ENABLED,48,1520,1520,N/A,ENABLED,48,1520,1520,N/A,ENABLED,48,1520,1520,N/A,ENABLED,48,1520,1520,N/A,ENABLED,1250,1250,1250,N/A,DISABLED,38,1200,1200,N/A,ENABLED,N/A,41,28
1789733372,2,0,0,N/A,"['N/A', 'N/A', 'N/A', 'N/A']","['N/A', 'N/A', 'N/A', 'N/A', 'N/A', 'N/A', 'N/A', 'N/A', 'N/A', 'N/A', 'N/A', 'N/A', 'N/A', 'N/A', 'N/A', 'N/A', 'N/A', 'N/A', 'N/A', 'N/A', 'N/A', 'N/A', 'N/A', 'N/A', 'N/A', 'N/A', 'N/A', 'N/A', 'N/A', 'N/A', 'N/A', 'N/A']","[0, 0, 0, 0, 0, 0, 0, 0]","[0, 0, 0, 0, 0, 0, 0, 0, 0, 0, 0, 0, 0, 0, 0, 0, 0, 0, 0, 0, 0, 0, 0, 0, 0, 0, 0, 0, 0, 0, 0, 0, 0, 0, 0, 0, 0, 0, 0, 0]","[0, 0, 0, 0]",221,N/A,N/A,N/A,N/A,ENABLED,156,500,2400,DISABLED,ENABLED,157,500,2400,DISABLED,ENABLED,159,500,2400,DISABLED,ENABLED,160,500,2400,DISABLED,ENABLED,159,500,2400,DISABLED,ENABLED,160,500,2400,DISABLED,ENABLED,157,500,2400,DISABLED,ENABLED,157,500,2400,DISABLED,ENABLED,1900,1900,1900,N/A,DISABLED,59,1900,1900,N/A,ENABLED,59,1900,1900,N/A,ENABLED,59,1900,1900,N/A,ENABLED,59,1900,1900,N/A,ENABLED,48,1520,1520,N/A,ENABLED,48,1520,1520,N/A,ENABLED,48,1520,1520,N/A,ENABLED,48,1520,1520,N/A,ENABLED,1250,1250,1250,N/A,DISABLED,38,1200,1200,N/A,ENABLED,N/A,43,28
1789733372,3,0,0,N/A,"['N/A', 'N/A', 'N/A', 'N/A']","['N/A', 'N/A', 'N/A', 'N/A', 'N/A', 'N/A', 'N/A', 'N/A', 'N/A', 'N/A', 'N/A', 'N/A', 'N/A', 'N/A', 'N/A', 'N/A', 'N/A', 'N/A', 'N/A', 'N/A', 'N/A', 'N/A', 'N/A', 'N/A', 'N/A', 'N/A', 'N/A', 'N/A', 'N/A', 'N/A', 'N/A', 'N/A']","[0, 0, 0, 0, 0, 0, 0, 0]","[0, 0, 0, 0, 0, 0, 0, 0, 0, 0, 0, 0, 0, 0, 0, 0, 0, 0, 0, 0, 0, 0, 0, 0, 0, 0, 0, 0, 0, 0, 0, 0, 0, 0, 0, 0, 0, 0, 0, 0]","[0, 0, 0, 0]",284,N/A,N/A,N/A,N/A,ENABLED,2384,500,2400,DISABLED,DISABLED,2405,500,2400,DISABLED,DISABLED,2390,500,2400,DISABLED,DISABLED,2389,500,2400,DISABLED,DISABLED,2392,500,2400,DISABLED,DISABLED,2395,500,2400,DISABLED,DISABLED,2389,500,2400,DISABLED,DISABLED,2398,500,2400,DISABLED,DISABLED,1900,1900,1900,N/A,DISABLED,59,1900,1900,N/A,ENABLED,59,1900,1900,N/A,ENABLED,59,1900,1900,N/A,ENABLED,59,1900,1900,N/A,ENABLED,48,1520,1520,N/A,ENABLED,48,1520,1520,N/A,ENABLED,48,1520,1520,N/A,ENABLED,48,1520,1520,N/A,ENABLED,1250,1250,1250,N/A,DISABLED,38,1200,1200,N/A,ENABLED,N/A,43,29

1789733373,0,0,0,N/A,"['N/A', 'N/A', 'N/A', 'N/A']","['N/A', 'N/A', 'N/A', 'N/A', 'N/A', 'N/A', 'N/A', 'N/A', 'N/A', 'N/A', 'N/A', 'N/A', 'N/A', 'N/A', 'N/A', 'N/A', 'N/A', 'N/A', 'N/A', 'N/A', 'N/A', 'N/A', 'N/A', 'N/A', 'N/A', 'N/A', 'N/A', 'N/A', 'N/A', 'N/A', 'N/A', 'N/A']","[0, 0, 0, 0, 0, 0, 0, 0]","[0, 0, 0, 0, 0, 0, 0, 0, 0, 0, 0, 0, 0, 0, 0, 0, 0, 0, 0, 0, 0, 0, 0, 0, 0, 0, 0, 0, 0, 0, 0, 0, 0, 0, 0, 0, 0, 0, 0, 0]","[0, 0, 0, 0]",228,N/A,N/A,N/A,N/A,ENABLED,157,500,2400,DISABLED,ENABLED,157,500,2400,DISABLED,ENABLED,157,500,2400,DISABLED,ENABLED,158,500,2400,DISABLED,ENABLED,157,500,2400,DISABLED,ENABLED,158,500,2400,DISABLED,ENABLED,157,500,2400,DISABLED,ENABLED,157,500,2400,DISABLED,ENABLED,1900,1900,1900,N/A,DISABLED,59,1900,1900,N/A,ENABLED,59,1900,1900,N/A,ENABLED,59,1900,1900,N/A,ENABLED,59,1900,1900,N/A,ENABLED,48,1520,1520,N/A,ENABLED,48,1520,1520,N/A,ENABLED,48,1520,1520,N/A,ENABLED,48,1520,1520,N/A,ENABLED,1250,1250,1250,N/A,DISABLED,38,1200,1200,N/A,ENABLED,N/A,42,28
1789733373,1,0,0,N/A,"['N/A', 'N/A', 'N/A', 'N/A']","['N/A', 'N/A', 'N/A', 'N/A', 'N/A', 'N/A', 'N/A', 'N/A', 'N/A', 'N/A', 'N/A', 'N/A', 'N/A', 'N/A', 'N/A', 'N/A', 'N/A', 'N/A', 'N/A', 'N/A', 'N/A', 'N/A', 'N/A', 'N/A', 'N/A', 'N/A', 'N/A', 'N/A', 'N/A', 'N/A', 'N/A', 'N/A']","[0, 0, 0, 0, 0, 0, 0, 0]","[0, 0, 0, 0, 0, 0, 0, 0, 0, 0, 0, 0, 0, 0, 0, 0, 0, 0, 0, 0, 0, 0, 0, 0, 0, 0, 0, 0, 0, 0, 0, 0, 0, 0, 0, 0, 0, 0, 0, 0]","[0, 0, 0, 0]",232,N/A,N/A,N/A,N/A,ENABLED,156,500,2400,DISABLED,ENABLED,157,500,2400,DISABLED,ENABLED,156,500,2400,DISABLED,ENABLED,157,500,2400,DISABLED,ENABLED,156,500,2400,DISABLED,ENABLED,157,500,2400,DISABLED,ENABLED,156,500,2400,DISABLED,ENABLED,156,500,2400,DISABLED,ENABLED,1900,1900,1900,N/A,DISABLED,59,1900,1900,N/A,ENABLED,59,1900,1900,N/A,ENABLED,59,1900,1900,N/A,ENABLED,59,1900,1900,N/A,ENABLED,48,1520,1520,N/A,ENABLED,48,1520,1520,N/A,ENABLED,48,1520,1520,N/A,ENABLED,48,1520,1520,N/A,ENABLED,1250,1250,1250,N/A,DISABLED,38,1200,1200,N/A,ENABLED,N/A,41,28
1789733373,2,0,0,N/A,"['N/A', 'N/A', 'N/A', 'N/A']","['N/A', 'N/A', 'N/A', 'N/A', 'N/A', 'N/A', 'N/A', 'N/A', 'N/A', 'N/A', 'N/A', 'N/A', 'N/A', 'N/A', 'N/A', 'N/A', 'N/A', 'N/A', 'N/A', 'N/A', 'N/A', 'N/A', 'N/A', 'N/A', 'N/A', 'N/A', 'N/A', 'N/A', 'N/A', 'N/A', 'N/A', 'N/A']","[0, 0, 0, 0, 0, 0, 0, 0]","[0, 0, 0, 0, 0, 0, 0, 0, 0, 0, 0, 0, 0, 0, 0, 0, 0, 0, 0, 0, 0, 0, 0, 0, 0, 0, 0, 0, 0, 0, 0, 0, 0, 0, 0, 0, 0, 0, 0, 0]","[0, 0, 0, 0]",221,N/A,N/A,N/A,N/A,ENABLED,156,500,2400,DISABLED,ENABLED,157,500,2400,DISABLED,ENABLED,157,500,2400,DISABLED,ENABLED,159,500,2400,DISABLED,ENABLED,164,500,2400,DISABLED,ENABLED,164,500,2400,DISABLED,ENABLED,157,500,2400,DISABLED,ENABLED,157,500,2400,DISABLED,ENABLED,1900,1900,1900,N/A,DISABLED,59,1900,1900,N/A,ENABLED,59,1900,1900,N/A,ENABLED,59,1900,1900,N/A,ENABLED,59,1900,1900,N/A,ENABLED,48,1520,1520,N/A,ENABLED,48,1520,1520,N/A,ENABLED,48,1520,1520,N/A,ENABLED,48,1520,1520,N/A,ENABLED,1250,1250,1250,N/A,DISABLED,38,1200,1200,N/A,ENABLED,N/A,43,28
1789733373,3,0,0,N/A,"['N/A', 'N/A', 'N/A', 'N/A']","['N/A', 'N/A', 'N/A', 'N/A', 'N/A', 'N/A', 'N/A', 'N/A', 'N/A', 'N/A', 'N/A', 'N/A', 'N/A', 'N/A', 'N/A', 'N/A', 'N/A', 'N/A', 'N/A', 'N/A', 'N/A', 'N/A', 'N/A', 'N/A', 'N/A', 'N/A', 'N/A', 'N/A', 'N/A', 'N/A', 'N/A', 'N/A']","[0, 0, 0, 0, 0, 0, 0, 0]","[0, 0, 0, 0, 0, 0, 0, 0, 0, 0, 0, 0, 0, 0, 0, 0, 0, 0, 0, 0, 0, 0, 0, 0, 0, 0, 0, 0, 0, 0, 0, 0, 0, 0, 0, 0, 0, 0, 0, 0]","[0, 0, 0, 0]",283,N/A,N/A,N/A,N/A,ENABLED,2383,500,2400,DISABLED,DISABLED,2405,500,2400,DISABLED,DISABLED,2390,500,2400,DISABLED,DISABLED,2390,500,2400,DISABLED,DISABLED,2391,500,2400,DISABLED,DISABLED,2396,500,2400,DISABLED,DISABLED,2388,500,2400,DISABLED,DISABLED,2397,500,2400,DISABLED,DISABLED,1900,1900,1900,N/A,DISABLED,59,1900,1900,N/A,ENABLED,59,1900,1900,N/A,ENABLED,59,1900,1900,N/A,ENABLED,59,1900,1900,N/A,ENABLED,48,1520,1520,N/A,ENABLED,48,1520,1520,N/A,ENABLED,48,1520,1520,N/A,ENABLED,48,1520,1520,N/A,ENABLED,1250,1250,1250,N/A,DISABLED,38,1200,1200,N/A,ENABLED,N/A,43,29

1789733374,0,0,0,N/A,"['N/A', 'N/A', 'N/A', 'N/A']","['N/A', 'N/A', 'N/A', 'N/A', 'N/A', 'N/A', 'N/A', 'N/A', 'N/A', 'N/A', 'N/A', 'N/A', 'N/A', 'N/A', 'N/A', 'N/A', 'N/A', 'N/A', 'N/A', 'N/A', 'N/A', 'N/A', 'N/A', 'N/A', 'N/A', 'N/A', 'N/A', 'N/A', 'N/A', 'N/A', 'N/A', 'N/A']","[0, 0, 0, 0, 0, 0, 0, 0]","[0, 0, 0, 0, 0, 0, 0, 0, 0, 0, 0, 0, 0, 0, 0, 0, 0, 0, 0, 0, 0, 0, 0, 0, 0, 0, 0, 0, 0, 0, 0, 0, 0, 0, 0, 0, 0, 0, 0, 0]","[0, 0, 0, 0]",228,N/A,N/A,N/A,N/A,ENABLED,157,500,2400,DISABLED,ENABLED,157,500,2400,DISABLED,ENABLED,157,500,2400,DISABLED,ENABLED,158,500,2400,DISABLED,ENABLED,157,500,2400,DISABLED,ENABLED,157,500,2400,DISABLED,ENABLED,157,500,2400,DISABLED,ENABLED,157,500,2400,DISABLED,ENABLED,1900,1900,1900,N/A,DISABLED,59,1900,1900,N/A,ENABLED,59,1900,1900,N/A,ENABLED,59,1900,1900,N/A,ENABLED,59,1900,1900,N/A,ENABLED,48,1520,1520,N/A,ENABLED,48,1520,1520,N/A,ENABLED,48,1520,1520,N/A,ENABLED,48,1520,1520,N/A,ENABLED,1250,1250,1250,N/A,DISABLED,38,1200,1200,N/A,ENABLED,N/A,42,28
1789733374,1,0,0,N/A,"['N/A', 'N/A', 'N/A', 'N/A']","['N/A', 'N/A', 'N/A', 'N/A', 'N/A', 'N/A', 'N/A', 'N/A', 'N/A', 'N/A', 'N/A', 'N/A', 'N/A', 'N/A', 'N/A', 'N/A', 'N/A', 'N/A', 'N/A', 'N/A', 'N/A', 'N/A', 'N/A', 'N/A', 'N/A', 'N/A', 'N/A', 'N/A', 'N/A', 'N/A', 'N/A', 'N/A']","[0, 0, 0, 0, 0, 0, 0, 0]","[0, 0, 0, 0, 0, 0, 0, 0, 0, 0, 0, 0, 0, 0, 0, 0, 0, 0, 0, 0, 0, 0, 0, 0, 0, 0, 0, 0, 0, 0, 0, 0, 0, 0, 0, 0, 0, 0, 0, 0]","[0, 0, 0, 0]",232,N/A,N/A,N/A,N/A,ENABLED,156,500,2400,DISABLED,ENABLED,157,500,2400,DISABLED,ENABLED,156,500,2400,DISABLED,ENABLED,157,500,2400,DISABLED,ENABLED,157,500,2400,DISABLED,ENABLED,157,500,2400,DISABLED,ENABLED,156,500,2400,DISABLED,ENABLED,156,500,2400,DISABLED,ENABLED,1900,1900,1900,N/A,DISABLED,59,1900,1900,N/A,ENABLED,59,1900,1900,N/A,ENABLED,59,1900,1900,N/A,ENABLED,59,1900,1900,N/A,ENABLED,48,1520,1520,N/A,ENABLED,48,1520,1520,N/A,ENABLED,48,1520,1520,N/A,ENABLED,48,1520,1520,N/A,ENABLED,1250,1250,1250,N/A,DISABLED,38,1200,1200,N/A,ENABLED,N/A,41,28
1789733374,2,0,0,N/A,"['N/A', 'N/A', 'N/A', 'N/A']","['N/A', 'N/A', 'N/A', 'N/A', 'N/A', 'N/A', 'N/A', 'N/A', 'N/A', 'N/A', 'N/A', 'N/A', 'N/A', 'N/A', 'N/A', 'N/A', 'N/A', 'N/A', 'N/A', 'N/A', 'N/A', 'N/A', 'N/A', 'N/A', 'N/A', 'N/A', 'N/A', 'N/A', 'N/A', 'N/A', 'N/A', 'N/A']","[0, 0, 0, 0, 0, 0, 0, 0]","[0, 0, 0, 0, 0, 0, 0, 0, 0, 0, 0, 0, 0, 0, 0, 0, 0, 0, 0, 0, 0, 0, 0, 0, 0, 0, 0, 0, 0, 0, 0, 0, 0, 0, 0, 0, 0, 0, 0, 0]","[0, 0, 0, 0]",221,N/A,N/A,N/A,N/A,ENABLED,156,500,2400,DISABLED,ENABLED,157,500,2400,DISABLED,ENABLED,157,500,2400,DISABLED,ENABLED,158,500,2400,DISABLED,ENABLED,162,500,2400,DISABLED,ENABLED,162,500,2400,DISABLED,ENABLED,157,500,2400,DISABLED,ENABLED,157,500,2400,DISABLED,ENABLED,1900,1900,1900,N/A,DISABLED,59,1900,1900,N/A,ENABLED,59,1900,1900,N/A,ENABLED,59,1900,1900,N/A,ENABLED,59,1900,1900,N/A,ENABLED,48,1520,1520,N/A,ENABLED,48,1520,1520,N/A,ENABLED,48,1520,1520,N/A,ENABLED,48,1520,1520,N/A,ENABLED,1250,1250,1250,N/A,DISABLED,38,1200,1200,N/A,ENABLED,N/A,43,28
1789733374,3,0,0,N/A,"['N/A', 'N/A', 'N/A', 'N/A']","['N/A', 'N/A', 'N/A', 'N/A', 'N/A', 'N/A', 'N/A', 'N/A', 'N/A', 'N/A', 'N/A', 'N/A', 'N/A', 'N/A', 'N/A', 'N/A', 'N/A', 'N/A', 'N/A', 'N/A', 'N/A', 'N/A', 'N/A', 'N/A', 'N/A', 'N/A', 'N/A', 'N/A', 'N/A', 'N/A', 'N/A', 'N/A']","[0, 0, 0, 0, 0, 0, 0, 0]","[0, 0, 0, 0, 0, 0, 0, 0, 0, 0, 0, 0, 0, 0, 0, 0, 0, 0, 0, 0, 0, 0, 0, 0, 0, 0, 0, 0, 0, 0, 0, 0, 0, 0, 0, 0, 0, 0, 0, 0]","[0, 0, 0, 0]",283,N/A,N/A,N/A,N/A,ENABLED,2383,500,2400,DISABLED,DISABLED,2406,500,2400,DISABLED,DISABLED,2390,500,2400,DISABLED,DISABLED,2390,500,2400,DISABLED,DISABLED,2392,500,2400,DISABLED,DISABLED,2394,500,2400,DISABLED,DISABLED,2389,500,2400,DISABLED,DISABLED,2397,500,2400,DISABLED,DISABLED,1900,1900,1900,N/A,DISABLED,59,1900,1900,N/A,ENABLED,59,1900,1900,N/A,ENABLED,59,1900,1900,N/A,ENABLED,59,1900,1900,N/A,ENABLED,48,1520,1520,N/A,ENABLED,48,1520,1520,N/A,ENABLED,48,1520,1520,N/A,ENABLED,48,1520,1520,N/A,ENABLED,1250,1250,1250,N/A,DISABLED,38,1200,1200,N/A,ENABLED,N/A,43,29

1789733375,0,0,0,N/A,"['N/A', 'N/A', 'N/A', 'N/A']","['N/A', 'N/A', 'N/A', 'N/A', 'N/A', 'N/A', 'N/A', 'N/A', 'N/A', 'N/A', 'N/A', 'N/A', 'N/A', 'N/A', 'N/A', 'N/A', 'N/A', 'N/A', 'N/A', 'N/A', 'N/A', 'N/A', 'N/A', 'N/A', 'N/A', 'N/A', 'N/A', 'N/A', 'N/A', 'N/A', 'N/A', 'N/A']","[0, 0, 0, 0, 0, 0, 0, 0]","[0, 0, 0, 0, 0, 0, 0, 0, 0, 0, 0, 0, 0, 0, 0, 0, 0, 0, 0, 0, 0, 0, 0, 0, 0, 0, 0, 0, 0, 0, 0, 0, 0, 0, 0, 0, 0, 0, 0, 0]","[0, 0, 0, 0]",228,N/A,N/A,N/A,N/A,ENABLED,157,500,2400,DISABLED,ENABLED,157,500,2400,DISABLED,ENABLED,157,500,2400,DISABLED,ENABLED,158,500,2400,DISABLED,ENABLED,157,500,2400,DISABLED,ENABLED,157,500,2400,DISABLED,ENABLED,156,500,2400,DISABLED,ENABLED,157,500,2400,DISABLED,ENABLED,1900,1900,1900,N/A,DISABLED,59,1900,1900,N/A,ENABLED,59,1900,1900,N/A,ENABLED,59,1900,1900,N/A,ENABLED,59,1900,1900,N/A,ENABLED,48,1520,1520,N/A,ENABLED,48,1520,1520,N/A,ENABLED,48,1520,1520,N/A,ENABLED,48,1520,1520,N/A,ENABLED,1250,1250,1250,N/A,DISABLED,38,1200,1200,N/A,ENABLED,N/A,42,28
1789733375,1,0,0,N/A,"['N/A', 'N/A', 'N/A', 'N/A']","['N/A', 'N/A', 'N/A', 'N/A', 'N/A', 'N/A', 'N/A', 'N/A', 'N/A', 'N/A', 'N/A', 'N/A', 'N/A', 'N/A', 'N/A', 'N/A', 'N/A', 'N/A', 'N/A', 'N/A', 'N/A', 'N/A', 'N/A', 'N/A', 'N/A', 'N/A', 'N/A', 'N/A', 'N/A', 'N/A', 'N/A', 'N/A']","[0, 0, 0, 0, 0, 0, 0, 0]","[0, 0, 0, 0, 0, 0, 0, 0, 0, 0, 0, 0, 0, 0, 0, 0, 0, 0, 0, 0, 0, 0, 0, 0, 0, 0, 0, 0, 0, 0, 0, 0, 0, 0, 0, 0, 0, 0, 0, 0]","[0, 0, 0, 0]",232,N/A,N/A,N/A,N/A,ENABLED,156,500,2400,DISABLED,ENABLED,157,500,2400,DISABLED,ENABLED,156,500,2400,DISABLED,ENABLED,157,500,2400,DISABLED,ENABLED,157,500,2400,DISABLED,ENABLED,157,500,2400,DISABLED,ENABLED,157,500,2400,DISABLED,ENABLED,156,500,2400,DISABLED,ENABLED,1900,1900,1900,N/A,DISABLED,59,1900,1900,N/A,ENABLED,59,1900,1900,N/A,ENABLED,59,1900,1900,N/A,ENABLED,59,1900,1900,N/A,ENABLED,48,1520,1520,N/A,ENABLED,48,1520,1520,N/A,ENABLED,48,1520,1520,N/A,ENABLED,48,1520,1520,N/A,ENABLED,1250,1250,1250,N/A,DISABLED,38,1200,1200,N/A,ENABLED,N/A,41,28
1789733375,2,0,0,N/A,"['N/A', 'N/A', 'N/A', 'N/A']","['N/A', 'N/A', 'N/A', 'N/A', 'N/A', 'N/A', 'N/A', 'N/A', 'N/A', 'N/A', 'N/A', 'N/A', 'N/A', 'N/A', 'N/A', 'N/A', 'N/A', 'N/A', 'N/A', 'N/A', 'N/A', 'N/A', 'N/A', 'N/A', 'N/A', 'N/A', 'N/A', 'N/A', 'N/A', 'N/A', 'N/A', 'N/A']","[0, 0, 0, 0, 0, 0, 0, 0]","[0, 0, 0, 0, 0, 0, 0, 0, 0, 0, 0, 0, 0, 0, 0, 0, 0, 0, 0, 0, 0, 0, 0, 0, 0, 0, 0, 0, 0, 0, 0, 0, 0, 0, 0, 0, 0, 0, 0, 0]","[0, 0, 0, 0]",221,N/A,N/A,N/A,N/A,ENABLED,156,500,2400,DISABLED,ENABLED,157,500,2400,DISABLED,ENABLED,160,500,2400,DISABLED,ENABLED,161,500,2400,DISABLED,ENABLED,164,500,2400,DISABLED,ENABLED,164,500,2400,DISABLED,ENABLED,157,500,2400,DISABLED,ENABLED,157,500,2400,DISABLED,ENABLED,1900,1900,1900,N/A,DISABLED,59,1900,1900,N/A,ENABLED,59,1900,1900,N/A,ENABLED,59,1900,1900,N/A,ENABLED,59,1900,1900,N/A,ENABLED,48,1520,1520,N/A,ENABLED,48,1520,1520,N/A,ENABLED,48,1520,1520,N/A,ENABLED,48,1520,1520,N/A,ENABLED,1250,1250,1250,N/A,DISABLED,38,1200,1200,N/A,ENABLED,N/A,43,28
1789733375,3,0,0,N/A,"['N/A', 'N/A', 'N/A', 'N/A']","['N/A', 'N/A', 'N/A', 'N/A', 'N/A', 'N/A', 'N/A', 'N/A', 'N/A', 'N/A', 'N/A', 'N/A', 'N/A', 'N/A', 'N/A', 'N/A', 'N/A', 'N/A', 'N/A', 'N/A', 'N/A', 'N/A', 'N/A', 'N/A', 'N/A', 'N/A', 'N/A', 'N/A', 'N/A', 'N/A', 'N/A', 'N/A']","[0, 0, 0, 0, 0, 0, 0, 0]","[0, 0, 0, 0, 0, 0, 0, 0, 0, 0, 0, 0, 0, 0, 0, 0, 0, 0, 0, 0, 0, 0, 0, 0, 0, 0, 0, 0, 0, 0, 0, 0, 0, 0, 0, 0, 0, 0, 0, 0]","[0, 0, 0, 0]",283,N/A,N/A,N/A,N/A,ENABLED,2384,500,2400,DISABLED,DISABLED,2406,500,2400,DISABLED,DISABLED,2390,500,2400,DISABLED,DISABLED,2389,500,2400,DISABLED,DISABLED,2392,500,2400,DISABLED,DISABLED,2395,500,2400,DISABLED,DISABLED,2388,500,2400,DISABLED,DISABLED,2397,500,2400,DISABLED,DISABLED,1900,1900,1900,N/A,DISABLED,59,1900,1900,N/A,ENABLED,59,1900,1900,N/A,ENABLED,59,1900,1900,N/A,ENABLED,59,1900,1900,N/A,ENABLED,48,1520,1520,N/A,ENABLED,48,1520,1520,N/A,ENABLED,48,1520,1520,N/A,ENABLED,48,1520,1520,N/A,ENABLED,1250,1250,1250,N/A,DISABLED,38,1200,1200,N/A,ENABLED,N/A,43,29

1789733376,0,1,0,N/A,"['N/A', 'N/A', 'N/A', 'N/A']","['N/A', 'N/A', 'N/A', 'N/A', 'N/A', 'N/A', 'N/A', 'N/A', 'N/A', 'N/A', 'N/A', 'N/A', 'N/A', 'N/A', 'N/A', 'N/A', 'N/A', 'N/A', 'N/A', 'N/A', 'N/A', 'N/A', 'N/A', 'N/A', 'N/A', 'N/A', 'N/A', 'N/A', 'N/A', 'N/A', 'N/A', 'N/A']","[1, 1, 1, 1, 1, 1, 1, 1]","[0, 0, 0, 0, 0, 0, 0, 0, 0, 0, 0, 0, 0, 0, 0, 0, 0, 0, 0, 0, 0, 0, 0, 0, 0, 0, 0, 0, 0, 0, 0, 0, 0, 0, 0, 0, 0, 0, 0, 0]","[0, 0, 0, 0]",224,N/A,N/A,N/A,N/A,ENABLED,166,500,2400,DISABLED,ENABLED,166,500,2400,DISABLED,ENABLED,165,500,2400,DISABLED,ENABLED,166,500,2400,DISABLED,ENABLED,167,500,2400,DISABLED,ENABLED,167,500,2400,DISABLED,ENABLED,164,500,2400,DISABLED,ENABLED,165,500,2400,DISABLED,ENABLED,1900,1900,1900,N/A,DISABLED,59,1900,1900,N/A,ENABLED,59,1900,1900,N/A,ENABLED,59,1900,1900,N/A,ENABLED,59,1900,1900,N/A,ENABLED,48,1520,1520,N/A,ENABLED,48,1520,1520,N/A,ENABLED,48,1520,1520,N/A,ENABLED,48,1520,1520,N/A,ENABLED,1250,1250,1250,N/A,DISABLED,40,1200,1200,N/A,ENABLED,N/A,42,28
1789733376,1,1,0,N/A,"['N/A', 'N/A', 'N/A', 'N/A']","['N/A', 'N/A', 'N/A', 'N/A', 'N/A', 'N/A', 'N/A', 'N/A', 'N/A', 'N/A', 'N/A', 'N/A', 'N/A', 'N/A', 'N/A', 'N/A', 'N/A', 'N/A', 'N/A', 'N/A', 'N/A', 'N/A', 'N/A', 'N/A', 'N/A', 'N/A', 'N/A', 'N/A', 'N/A', 'N/A', 'N/A', 'N/A']","[1, 1, 1, 1, 1, 1, 1, 1]","[0, 0, 0, 0, 0, 0, 0, 0, 0, 0, 0, 0, 0, 0, 0, 0, 0, 0, 0, 0, 0, 0, 0, 0, 0, 0, 0, 0, 0, 0, 0, 0, 0, 0, 0, 0, 0, 0, 0, 0]","[0, 0, 0, 0]",228,N/A,N/A,N/A,N/A,ENABLED,163,500,2400,DISABLED,ENABLED,164,500,2400,DISABLED,ENABLED,164,500,2400,DISABLED,ENABLED,164,500,2400,DISABLED,ENABLED,163,500,2400,DISABLED,ENABLED,163,500,2400,DISABLED,ENABLED,162,500,2400,DISABLED,ENABLED,164,500,2400,DISABLED,ENABLED,1900,1900,1900,N/A,DISABLED,59,1900,1900,N/A,ENABLED,59,1900,1900,N/A,ENABLED,59,1900,1900,N/A,ENABLED,59,1900,1900,N/A,ENABLED,48,1520,1520,N/A,ENABLED,48,1520,1520,N/A,ENABLED,48,1520,1520,N/A,ENABLED,48,1520,1520,N/A,ENABLED,1250,1250,1250,N/A,DISABLED,39,1200,1200,N/A,ENABLED,N/A,41,28
1789733376,2,1,0,N/A,"['N/A', 'N/A', 'N/A', 'N/A']","['N/A', 'N/A', 'N/A', 'N/A', 'N/A', 'N/A', 'N/A', 'N/A', 'N/A', 'N/A', 'N/A', 'N/A', 'N/A', 'N/A', 'N/A', 'N/A', 'N/A', 'N/A', 'N/A', 'N/A', 'N/A', 'N/A', 'N/A', 'N/A', 'N/A', 'N/A', 'N/A', 'N/A', 'N/A', 'N/A', 'N/A', 'N/A']","[1, 1, 1, 1, 1, 1, 1, 1]","[0, 0, 0, 0, 0, 0, 0, 0, 0, 0, 0, 0, 0, 0, 0, 0, 0, 0, 0, 0, 0, 0, 0, 0, 0, 0, 0, 0, 0, 0, 0, 0, 0, 0, 0, 0, 0, 0, 0, 0]","[0, 0, 0, 0]",218,N/A,N/A,N/A,N/A,ENABLED,165,500,2400,DISABLED,ENABLED,166,500,2400,DISABLED,ENABLED,166,500,2400,DISABLED,ENABLED,166,500,2400,DISABLED,ENABLED,168,500,2400,DISABLED,ENABLED,169,500,2400,DISABLED,ENABLED,174,500,2400,DISABLED,ENABLED,174,500,2400,DISABLED,ENABLED,1900,1900,1900,N/A,DISABLED,59,1900,1900,N/A,ENABLED,59,1900,1900,N/A,ENABLED,59,1900,1900,N/A,ENABLED,59,1900,1900,N/A,ENABLED,48,1520,1520,N/A,ENABLED,48,1520,1520,N/A,ENABLED,48,1520,1520,N/A,ENABLED,48,1520,1520,N/A,ENABLED,1250,1250,1250,N/A,DISABLED,39,1200,1200,N/A,ENABLED,N/A,43,28
1789733376,3,0,0,N/A,"['N/A', 'N/A', 'N/A', 'N/A']","['N/A', 'N/A', 'N/A', 'N/A', 'N/A', 'N/A', 'N/A', 'N/A', 'N/A', 'N/A', 'N/A', 'N/A', 'N/A', 'N/A', 'N/A', 'N/A', 'N/A', 'N/A', 'N/A', 'N/A', 'N/A', 'N/A', 'N/A', 'N/A', 'N/A', 'N/A', 'N/A', 'N/A', 'N/A', 'N/A', 'N/A', 'N/A']","[0, 0, 1, 0, 0, 0, 0, 0]","[0, 0, 0, 0, 0, 0, 0, 0, 0, 0, 0, 0, 0, 0, 0, 0, 0, 0, 0, 0, 0, 0, 0, 0, 0, 0, 0, 0, 0, 0, 0, 0, 0, 0, 0, 0, 0, 0, 0, 0]","[0, 0, 0, 0]",275,N/A,N/A,N/A,N/A,ENABLED,2130,500,2400,DISABLED,DISABLED,2150,500,2400,DISABLED,DISABLED,2140,500,2400,DISABLED,DISABLED,2143,500,2400,DISABLED,DISABLED,2142,500,2400,DISABLED,DISABLED,2146,500,2400,DISABLED,DISABLED,2139,500,2400,DISABLED,DISABLED,2148,500,2400,DISABLED,DISABLED,1900,1900,1900,N/A,DISABLED,59,1900,1900,N/A,ENABLED,59,1900,1900,N/A,ENABLED,59,1900,1900,N/A,ENABLED,59,1900,1900,N/A,ENABLED,48,1520,1520,N/A,ENABLED,48,1520,1520,N/A,ENABLED,48,1520,1520,N/A,ENABLED,48,1520,1520,N/A,ENABLED,1250,1250,1250,N/A,DISABLED,39,1200,1200,N/A,ENABLED,N/A,43,29

1789733377,0,0,0,N/A,"['N/A', 'N/A', 'N/A', 'N/A']","['N/A', 'N/A', 'N/A', 'N/A', 'N/A', 'N/A', 'N/A', 'N/A', 'N/A', 'N/A', 'N/A', 'N/A', 'N/A', 'N/A', 'N/A', 'N/A', 'N/A', 'N/A', 'N/A', 'N/A', 'N/A', 'N/A', 'N/A', 'N/A', 'N/A', 'N/A', 'N/A', 'N/A', 'N/A', 'N/A', 'N/A', 'N/A']","[0, 0, 0, 0, 0, 0, 0, 0]","[0, 0, 0, 0, 0, 0, 0, 0, 0, 0, 0, 0, 0, 0, 0, 0, 0, 0, 0, 0, 0, 0, 0, 0, 0, 0, 0, 0, 0, 0, 0, 0, 0, 0, 0, 0, 0, 0, 0, 0]","[0, 0, 0, 0]",228,N/A,N/A,N/A,N/A,ENABLED,157,500,2400,DISABLED,ENABLED,157,500,2400,DISABLED,ENABLED,156,500,2400,DISABLED,ENABLED,158,500,2400,DISABLED,ENABLED,157,500,2400,DISABLED,ENABLED,158,500,2400,DISABLED,ENABLED,156,500,2400,DISABLED,ENABLED,157,500,2400,DISABLED,ENABLED,1900,1900,1900,N/A,DISABLED,59,1900,1900,N/A,ENABLED,59,1900,1900,N/A,ENABLED,59,1900,1900,N/A,ENABLED,59,1900,1900,N/A,ENABLED,48,1520,1520,N/A,ENABLED,48,1520,1520,N/A,ENABLED,48,1520,1520,N/A,ENABLED,48,1520,1520,N/A,ENABLED,1250,1250,1250,N/A,DISABLED,38,1200,1200,N/A,ENABLED,N/A,42,28
1789733377,1,0,0,N/A,"['N/A', 'N/A', 'N/A', 'N/A']","['N/A', 'N/A', 'N/A', 'N/A', 'N/A', 'N/A', 'N/A', 'N/A', 'N/A', 'N/A', 'N/A', 'N/A', 'N/A', 'N/A', 'N/A', 'N/A', 'N/A', 'N/A', 'N/A', 'N/A', 'N/A', 'N/A', 'N/A', 'N/A', 'N/A', 'N/A', 'N/A', 'N/A', 'N/A', 'N/A', 'N/A', 'N/A']","[0, 0, 0, 0, 0, 0, 0, 0]","[0, 0, 0, 0, 0, 0, 0, 0, 0, 0, 0, 0, 0, 0, 0, 0, 0, 0, 0, 0, 0, 0, 0, 0, 0, 0, 0, 0, 0, 0, 0, 0, 0, 0, 0, 0, 0, 0, 0, 0]","[0, 0, 0, 0]",232,N/A,N/A,N/A,N/A,ENABLED,156,500,2400,DISABLED,ENABLED,158,500,2400,DISABLED,ENABLED,156,500,2400,DISABLED,ENABLED,157,500,2400,DISABLED,ENABLED,157,500,2400,DISABLED,ENABLED,157,500,2400,DISABLED,ENABLED,157,500,2400,DISABLED,ENABLED,156,500,2400,DISABLED,ENABLED,1900,1900,1900,N/A,DISABLED,59,1900,1900,N/A,ENABLED,59,1900,1900,N/A,ENABLED,59,1900,1900,N/A,ENABLED,59,1900,1900,N/A,ENABLED,48,1520,1520,N/A,ENABLED,48,1520,1520,N/A,ENABLED,48,1520,1520,N/A,ENABLED,48,1520,1520,N/A,ENABLED,1250,1250,1250,N/A,DISABLED,38,1200,1200,N/A,ENABLED,N/A,41,28
1789733377,2,0,0,N/A,"['N/A', 'N/A', 'N/A', 'N/A']","['N/A', 'N/A', 'N/A', 'N/A', 'N/A', 'N/A', 'N/A', 'N/A', 'N/A', 'N/A', 'N/A', 'N/A', 'N/A', 'N/A', 'N/A', 'N/A', 'N/A', 'N/A', 'N/A', 'N/A', 'N/A', 'N/A', 'N/A', 'N/A', 'N/A', 'N/A', 'N/A', 'N/A', 'N/A', 'N/A', 'N/A', 'N/A']","[0, 0, 0, 0, 0, 0, 0, 0]","[0, 0, 0, 0, 0, 0, 0, 0, 0, 0, 0, 0, 0, 0, 0, 0, 0, 0, 0, 0, 0, 0, 0, 0, 0, 0, 0, 0, 0, 0, 0, 0, 0, 0, 0, 0, 0, 0, 0, 0]","[0, 0, 0, 0]",221,N/A,N/A,N/A,N/A,ENABLED,156,500,2400,DISABLED,ENABLED,157,500,2400,DISABLED,ENABLED,158,500,2400,DISABLED,ENABLED,159,500,2400,DISABLED,ENABLED,157,500,2400,DISABLED,ENABLED,157,500,2400,DISABLED,ENABLED,157,500,2400,DISABLED,ENABLED,157,500,2400,DISABLED,ENABLED,1900,1900,1900,N/A,DISABLED,59,1900,1900,N/A,ENABLED,59,1900,1900,N/A,ENABLED,59,1900,1900,N/A,ENABLED,59,1900,1900,N/A,ENABLED,48,1520,1520,N/A,ENABLED,48,1520,1520,N/A,ENABLED,48,1520,1520,N/A,ENABLED,48,1520,1520,N/A,ENABLED,1250,1250,1250,N/A,DISABLED,38,1200,1200,N/A,ENABLED,N/A,43,28
1789733377,3,0,0,N/A,"['N/A', 'N/A', 'N/A', 'N/A']","['N/A', 'N/A', 'N/A', 'N/A', 'N/A', 'N/A', 'N/A', 'N/A', 'N/A', 'N/A', 'N/A', 'N/A', 'N/A', 'N/A', 'N/A', 'N/A', 'N/A', 'N/A', 'N/A', 'N/A', 'N/A', 'N/A', 'N/A', 'N/A', 'N/A', 'N/A', 'N/A', 'N/A', 'N/A', 'N/A', 'N/A', 'N/A']","[0, 0, 0, 0, 0, 0, 0, 0]","[0, 0, 0, 0, 0, 0, 0, 0, 0, 0, 0, 0, 0, 0, 0, 0, 0, 0, 0, 0, 0, 0, 0, 0, 0, 0, 0, 0, 0, 0, 0, 0, 0, 0, 0, 0, 0, 0, 0, 0]","[0, 0, 0, 0]",284,N/A,N/A,N/A,N/A,ENABLED,2374,500,2400,DISABLED,DISABLED,2398,500,2400,DISABLED,DISABLED,2390,500,2400,DISABLED,DISABLED,2390,500,2400,DISABLED,DISABLED,2393,500,2400,DISABLED,DISABLED,2395,500,2400,DISABLED,DISABLED,2388,500,2400,DISABLED,DISABLED,2397,500,2400,DISABLED,DISABLED,1900,1900,1900,N/A,DISABLED,59,1900,1900,N/A,ENABLED,59,1900,1900,N/A,ENABLED,59,1900,1900,N/A,ENABLED,59,1900,1900,N/A,ENABLED,48,1520,1520,N/A,ENABLED,48,1520,1520,N/A,ENABLED,48,1520,1520,N/A,ENABLED,48,1520,1520,N/A,ENABLED,1250,1250,1250,N/A,DISABLED,38,1200,1200,N/A,ENABLED,N/A,43,29

1789733378,0,0,0,N/A,"['N/A', 'N/A', 'N/A', 'N/A']","['N/A', 'N/A', 'N/A', 'N/A', 'N/A', 'N/A', 'N/A', 'N/A', 'N/A', 'N/A', 'N/A', 'N/A', 'N/A', 'N/A', 'N/A', 'N/A', 'N/A', 'N/A', 'N/A', 'N/A', 'N/A', 'N/A', 'N/A', 'N/A', 'N/A', 'N/A', 'N/A', 'N/A', 'N/A', 'N/A', 'N/A', 'N/A']","[0, 0, 0, 0, 0, 0, 0, 0]","[0, 0, 0, 0, 0, 0, 0, 0, 0, 0, 0, 0, 0, 0, 0, 0, 0, 0, 0, 0, 0, 0, 0, 0, 0, 0, 0, 0, 0, 0, 0, 0, 0, 0, 0, 0, 0, 0, 0, 0]","[0, 0, 0, 0]",228,N/A,N/A,N/A,N/A,ENABLED,157,500,2400,DISABLED,ENABLED,157,500,2400,DISABLED,ENABLED,157,500,2400,DISABLED,ENABLED,158,500,2400,DISABLED,ENABLED,157,500,2400,DISABLED,ENABLED,158,500,2400,DISABLED,ENABLED,156,500,2400,DISABLED,ENABLED,157,500,2400,DISABLED,ENABLED,1900,1900,1900,N/A,DISABLED,59,1900,1900,N/A,ENABLED,59,1900,1900,N/A,ENABLED,59,1900,1900,N/A,ENABLED,59,1900,1900,N/A,ENABLED,48,1520,1520,N/A,ENABLED,48,1520,1520,N/A,ENABLED,48,1520,1520,N/A,ENABLED,48,1520,1520,N/A,ENABLED,1250,1250,1250,N/A,DISABLED,38,1200,1200,N/A,ENABLED,N/A,42,28
1789733378,1,0,0,N/A,"['N/A', 'N/A', 'N/A', 'N/A']","['N/A', 'N/A', 'N/A', 'N/A', 'N/A', 'N/A', 'N/A', 'N/A', 'N/A', 'N/A', 'N/A', 'N/A', 'N/A', 'N/A', 'N/A', 'N/A', 'N/A', 'N/A', 'N/A', 'N/A', 'N/A', 'N/A', 'N/A', 'N/A', 'N/A', 'N/A', 'N/A', 'N/A', 'N/A', 'N/A', 'N/A', 'N/A']","[0, 0, 0, 0, 0, 0, 0, 0]","[0, 0, 0, 0, 0, 0, 0, 0, 0, 0, 0, 0, 0, 0, 0, 0, 0, 0, 0, 0, 0, 0, 0, 0, 0, 0, 0, 0, 0, 0, 0, 0, 0, 0, 0, 0, 0, 0, 0, 0]","[0, 0, 0, 0]",232,N/A,N/A,N/A,N/A,ENABLED,156,500,2400,DISABLED,ENABLED,157,500,2400,DISABLED,ENABLED,156,500,2400,DISABLED,ENABLED,157,500,2400,DISABLED,ENABLED,157,500,2400,DISABLED,ENABLED,156,500,2400,DISABLED,ENABLED,156,500,2400,DISABLED,ENABLED,156,500,2400,DISABLED,ENABLED,1900,1900,1900,N/A,DISABLED,59,1900,1900,N/A,ENABLED,59,1900,1900,N/A,ENABLED,59,1900,1900,N/A,ENABLED,59,1900,1900,N/A,ENABLED,48,1520,1520,N/A,ENABLED,48,1520,1520,N/A,ENABLED,48,1520,1520,N/A,ENABLED,48,1520,1520,N/A,ENABLED,1250,1250,1250,N/A,DISABLED,38,1200,1200,N/A,ENABLED,N/A,41,28
1789733378,2,0,0,N/A,"['N/A', 'N/A', 'N/A', 'N/A']","['N/A', 'N/A', 'N/A', 'N/A', 'N/A', 'N/A', 'N/A', 'N/A', 'N/A', 'N/A', 'N/A', 'N/A', 'N/A', 'N/A', 'N/A', 'N/A', 'N/A', 'N/A', 'N/A', 'N/A', 'N/A', 'N/A', 'N/A', 'N/A', 'N/A', 'N/A', 'N/A', 'N/A', 'N/A', 'N/A', 'N/A', 'N/A']","[0, 0, 0, 0, 0, 0, 0, 0]","[0, 0, 0, 0, 0, 0, 0, 0, 0, 0, 0, 0, 0, 0, 0, 0, 0, 0, 0, 0, 0, 0, 0, 0, 0, 0, 0, 0, 0, 0, 0, 0, 0, 0, 0, 0, 0, 0, 0, 0]","[0, 0, 0, 0]",221,N/A,N/A,N/A,N/A,ENABLED,156,500,2400,DISABLED,ENABLED,157,500,2400,DISABLED,ENABLED,159,500,2400,DISABLED,ENABLED,160,500,2400,DISABLED,ENABLED,161,500,2400,DISABLED,ENABLED,161,500,2400,DISABLED,ENABLED,157,500,2400,DISABLED,ENABLED,157,500,2400,DISABLED,ENABLED,1900,1900,1900,N/A,DISABLED,59,1900,1900,N/A,ENABLED,59,1900,1900,N/A,ENABLED,59,1900,1900,N/A,ENABLED,59,1900,1900,N/A,ENABLED,48,1520,1520,N/A,ENABLED,48,1520,1520,N/A,ENABLED,48,1520,1520,N/A,ENABLED,48,1520,1520,N/A,ENABLED,1250,1250,1250,N/A,DISABLED,38,1200,1200,N/A,ENABLED,N/A,43,28
1789733378,3,0,0,N/A,"['N/A', 'N/A', 'N/A', 'N/A']","['N/A', 'N/A', 'N/A', 'N/A', 'N/A', 'N/A', 'N/A', 'N/A', 'N/A', 'N/A', 'N/A', 'N/A', 'N/A', 'N/A', 'N/A', 'N/A', 'N/A', 'N/A', 'N/A', 'N/A', 'N/A', 'N/A', 'N/A', 'N/A', 'N/A', 'N/A', 'N/A', 'N/A', 'N/A', 'N/A', 'N/A', 'N/A']","[0, 0, 0, 0, 0, 0, 0, 0]","[0, 0, 0, 0, 0, 0, 0, 0, 0, 0, 0, 0, 0, 0, 0, 0, 0, 0, 0, 0, 0, 0, 0, 0, 0, 0, 0, 0, 0, 0, 0, 0, 0, 0, 0, 0, 0, 0, 0, 0]","[0, 0, 0, 0]",283,N/A,N/A,N/A,N/A,ENABLED,2371,500,2400,DISABLED,DISABLED,2396,500,2400,DISABLED,DISABLED,2390,500,2400,DISABLED,DISABLED,2389,500,2400,DISABLED,DISABLED,2392,500,2400,DISABLED,DISABLED,2394,500,2400,DISABLED,DISABLED,2389,500,2400,DISABLED,DISABLED,2397,500,2400,DISABLED,DISABLED,1900,1900,1900,N/A,DISABLED,59,1900,1900,N/A,ENABLED,59,1900,1900,N/A,ENABLED,59,1900,1900,N/A,ENABLED,59,1900,1900,N/A,ENABLED,48,1520,1520,N/A,ENABLED,48,1520,1520,N/A,ENABLED,48,1520,1520,N/A,ENABLED,48,1520,1520,N/A,ENABLED,1250,1250,1250,N/A,DISABLED,38,1200,1200,N/A,ENABLED,N/A,43,29

1789733379,0,0,0,N/A,"['N/A', 'N/A', 'N/A', 'N/A']","['N/A', 'N/A', 'N/A', 'N/A', 'N/A', 'N/A', 'N/A', 'N/A', 'N/A', 'N/A', 'N/A', 'N/A', 'N/A', 'N/A', 'N/A', 'N/A', 'N/A', 'N/A', 'N/A', 'N/A', 'N/A', 'N/A', 'N/A', 'N/A', 'N/A', 'N/A', 'N/A', 'N/A', 'N/A', 'N/A', 'N/A', 'N/A']","[0, 0, 0, 0, 0, 0, 0, 0]","[0, 0, 0, 0, 0, 0, 0, 0, 0, 0, 0, 0, 0, 0, 0, 0, 0, 0, 0, 0, 0, 0, 0, 0, 0, 0, 0, 0, 0, 0, 0, 0, 0, 0, 0, 0, 0, 0, 0, 0]","[0, 0, 0, 0]",228,N/A,N/A,N/A,N/A,ENABLED,157,500,2400,DISABLED,ENABLED,157,500,2400,DISABLED,ENABLED,156,500,2400,DISABLED,ENABLED,158,500,2400,DISABLED,ENABLED,157,500,2400,DISABLED,ENABLED,158,500,2400,DISABLED,ENABLED,156,500,2400,DISABLED,ENABLED,157,500,2400,DISABLED,ENABLED,1900,1900,1900,N/A,DISABLED,59,1900,1900,N/A,ENABLED,59,1900,1900,N/A,ENABLED,59,1900,1900,N/A,ENABLED,59,1900,1900,N/A,ENABLED,48,1520,1520,N/A,ENABLED,48,1520,1520,N/A,ENABLED,48,1520,1520,N/A,ENABLED,48,1520,1520,N/A,ENABLED,1250,1250,1250,N/A,DISABLED,38,1200,1200,N/A,ENABLED,N/A,42,28
1789733379,1,0,0,N/A,"['N/A', 'N/A', 'N/A', 'N/A']","['N/A', 'N/A', 'N/A', 'N/A', 'N/A', 'N/A', 'N/A', 'N/A', 'N/A', 'N/A', 'N/A', 'N/A', 'N/A', 'N/A', 'N/A', 'N/A', 'N/A', 'N/A', 'N/A', 'N/A', 'N/A', 'N/A', 'N/A', 'N/A', 'N/A', 'N/A', 'N/A', 'N/A', 'N/A', 'N/A', 'N/A', 'N/A']","[0, 0, 0, 0, 0, 0, 0, 0]","[0, 0, 0, 0, 0, 0, 0, 0, 0, 0, 0, 0, 0, 0, 0, 0, 0, 0, 0, 0, 0, 0, 0, 0, 0, 0, 0, 0, 0, 0, 0, 0, 0, 0, 0, 0, 0, 0, 0, 0]","[0, 0, 0, 0]",232,N/A,N/A,N/A,N/A,ENABLED,156,500,2400,DISABLED,ENABLED,158,500,2400,DISABLED,ENABLED,156,500,2400,DISABLED,ENABLED,157,500,2400,DISABLED,ENABLED,157,500,2400,DISABLED,ENABLED,157,500,2400,DISABLED,ENABLED,156,500,2400,DISABLED,ENABLED,156,500,2400,DISABLED,ENABLED,1900,1900,1900,N/A,DISABLED,59,1900,1900,N/A,ENABLED,59,1900,1900,N/A,ENABLED,59,1900,1900,N/A,ENABLED,59,1900,1900,N/A,ENABLED,48,1520,1520,N/A,ENABLED,48,1520,1520,N/A,ENABLED,48,1520,1520,N/A,ENABLED,48,1520,1520,N/A,ENABLED,1250,1250,1250,N/A,DISABLED,38,1200,1200,N/A,ENABLED,N/A,41,28
1789733379,2,0,0,N/A,"['N/A', 'N/A', 'N/A', 'N/A']","['N/A', 'N/A', 'N/A', 'N/A', 'N/A', 'N/A', 'N/A', 'N/A', 'N/A', 'N/A', 'N/A', 'N/A', 'N/A', 'N/A', 'N/A', 'N/A', 'N/A', 'N/A', 'N/A', 'N/A', 'N/A', 'N/A', 'N/A', 'N/A', 'N/A', 'N/A', 'N/A', 'N/A', 'N/A', 'N/A', 'N/A', 'N/A']","[0, 0, 0, 0, 0, 0, 0, 0]","[0, 0, 0, 0, 0, 0, 0, 0, 0, 0, 0, 0, 0, 0, 0, 0, 0, 0, 0, 0, 0, 0, 0, 0, 0, 0, 0, 0, 0, 0, 0, 0, 0, 0, 0, 0, 0, 0, 0, 0]","[0, 0, 0, 0]",221,N/A,N/A,N/A,N/A,ENABLED,156,500,2400,DISABLED,ENABLED,157,500,2400,DISABLED,ENABLED,160,500,2400,DISABLED,ENABLED,161,500,2400,DISABLED,ENABLED,164,500,2400,DISABLED,ENABLED,164,500,2400,DISABLED,ENABLED,157,500,2400,DISABLED,ENABLED,157,500,2400,DISABLED,ENABLED,1900,1900,1900,N/A,DISABLED,59,1900,1900,N/A,ENABLED,59,1900,1900,N/A,ENABLED,59,1900,1900,N/A,ENABLED,59,1900,1900,N/A,ENABLED,48,1520,1520,N/A,ENABLED,48,1520,1520,N/A,ENABLED,48,1520,1520,N/A,ENABLED,48,1520,1520,N/A,ENABLED,1250,1250,1250,N/A,DISABLED,38,1200,1200,N/A,ENABLED,N/A,43,28
1789733379,3,0,0,N/A,"['N/A', 'N/A', 'N/A', 'N/A']","['N/A', 'N/A', 'N/A', 'N/A', 'N/A', 'N/A', 'N/A', 'N/A', 'N/A', 'N/A', 'N/A', 'N/A', 'N/A', 'N/A', 'N/A', 'N/A', 'N/A', 'N/A', 'N/A', 'N/A', 'N/A', 'N/A', 'N/A', 'N/A', 'N/A', 'N/A', 'N/A', 'N/A', 'N/A', 'N/A', 'N/A', 'N/A']","[0, 0, 0, 0, 0, 0, 0, 0]","[0, 0, 0, 0, 0, 0, 0, 0, 0, 0, 0, 0, 0, 0, 0, 0, 0, 0, 0, 0, 0, 0, 0, 0, 0, 0, 0, 0, 0, 0, 0, 0, 0, 0, 0, 0, 0, 0, 0, 0]","[0, 0, 0, 0]",283,N/A,N/A,N/A,N/A,ENABLED,2371,500,2400,DISABLED,DISABLED,2395,500,2400,DISABLED,DISABLED,2390,500,2400,DISABLED,DISABLED,2389,500,2400,DISABLED,DISABLED,2393,500,2400,DISABLED,DISABLED,2394,500,2400,DISABLED,DISABLED,2389,500,2400,DISABLED,DISABLED,2397,500,2400,DISABLED,DISABLED,1900,1900,1900,N/A,DISABLED,59,1900,1900,N/A,ENABLED,59,1900,1900,N/A,ENABLED,59,1900,1900,N/A,ENABLED,59,1900,1900,N/A,ENABLED,48,1520,1520,N/A,ENABLED,48,1520,1520,N/A,ENABLED,48,1520,1520,N/A,ENABLED,48,1520,1520,N/A,ENABLED,1250,1250,1250,N/A,DISABLED,38,1200,1200,N/A,ENABLED,N/A,43,29

1789733380,0,0,0,N/A,"['N/A', 'N/A', 'N/A', 'N/A']","['N/A', 'N/A', 'N/A', 'N/A', 'N/A', 'N/A', 'N/A', 'N/A', 'N/A', 'N/A', 'N/A', 'N/A', 'N/A', 'N/A', 'N/A', 'N/A', 'N/A', 'N/A', 'N/A', 'N/A', 'N/A', 'N/A', 'N/A', 'N/A', 'N/A', 'N/A', 'N/A', 'N/A', 'N/A', 'N/A', 'N/A', 'N/A']","[0, 0, 0, 0, 0, 0, 0, 0]","[0, 0, 0, 0, 0, 0, 0, 0, 0, 0, 0, 0, 0, 0, 0, 0, 0, 0, 0, 0, 0, 0, 0, 0, 0, 0, 0, 0, 0, 0, 0, 0, 0, 0, 0, 0, 0, 0, 0, 0]","[0, 0, 0, 0]",228,N/A,N/A,N/A,N/A,ENABLED,157,500,2400,DISABLED,ENABLED,157,500,2400,DISABLED,ENABLED,157,500,2400,DISABLED,ENABLED,158,500,2400,DISABLED,ENABLED,157,500,2400,DISABLED,ENABLED,158,500,2400,DISABLED,ENABLED,156,500,2400,DISABLED,ENABLED,157,500,2400,DISABLED,ENABLED,1900,1900,1900,N/A,DISABLED,59,1900,1900,N/A,ENABLED,59,1900,1900,N/A,ENABLED,59,1900,1900,N/A,ENABLED,59,1900,1900,N/A,ENABLED,48,1520,1520,N/A,ENABLED,48,1520,1520,N/A,ENABLED,48,1520,1520,N/A,ENABLED,48,1520,1520,N/A,ENABLED,1250,1250,1250,N/A,DISABLED,38,1200,1200,N/A,ENABLED,N/A,42,29
1789733380,1,0,0,N/A,"['N/A', 'N/A', 'N/A', 'N/A']","['N/A', 'N/A', 'N/A', 'N/A', 'N/A', 'N/A', 'N/A', 'N/A', 'N/A', 'N/A', 'N/A', 'N/A', 'N/A', 'N/A', 'N/A', 'N/A', 'N/A', 'N/A', 'N/A', 'N/A', 'N/A', 'N/A', 'N/A', 'N/A', 'N/A', 'N/A', 'N/A', 'N/A', 'N/A', 'N/A', 'N/A', 'N/A']","[0, 0, 0, 0, 0, 0, 0, 0]","[0, 0, 0, 0, 0, 0, 0, 0, 0, 0, 0, 0, 0, 0, 0, 0, 0, 0, 0, 0, 0, 0, 0, 0, 0, 0, 0, 0, 0, 0, 0, 0, 0, 0, 0, 0, 0, 0, 0, 0]","[0, 0, 0, 0]",232,N/A,N/A,N/A,N/A,ENABLED,156,500,2400,DISABLED,ENABLED,157,500,2400,DISABLED,ENABLED,156,500,2400,DISABLED,ENABLED,157,500,2400,DISABLED,ENABLED,157,500,2400,DISABLED,ENABLED,157,500,2400,DISABLED,ENABLED,157,500,2400,DISABLED,ENABLED,156,500,2400,DISABLED,ENABLED,1900,1900,1900,N/A,DISABLED,59,1900,1900,N/A,ENABLED,59,1900,1900,N/A,ENABLED,59,1900,1900,N/A,ENABLED,59,1900,1900,N/A,ENABLED,48,1520,1520,N/A,ENABLED,48,1520,1520,N/A,ENABLED,48,1520,1520,N/A,ENABLED,48,1520,1520,N/A,ENABLED,1250,1250,1250,N/A,DISABLED,38,1200,1200,N/A,ENABLED,N/A,41,28
1789733380,2,0,0,N/A,"['N/A', 'N/A', 'N/A', 'N/A']","['N/A', 'N/A', 'N/A', 'N/A', 'N/A', 'N/A', 'N/A', 'N/A', 'N/A', 'N/A', 'N/A', 'N/A', 'N/A', 'N/A', 'N/A', 'N/A', 'N/A', 'N/A', 'N/A', 'N/A', 'N/A', 'N/A', 'N/A', 'N/A', 'N/A', 'N/A', 'N/A', 'N/A', 'N/A', 'N/A', 'N/A', 'N/A']","[0, 0, 0, 0, 0, 0, 0, 0]","[0, 0, 0, 0, 0, 0, 0, 0, 0, 0, 0, 0, 0, 0, 0, 0, 0, 0, 0, 0, 0, 0, 0, 0, 0, 0, 0, 0, 0, 0, 0, 0, 0, 0, 0, 0, 0, 0, 0, 0]","[0, 0, 0, 0]",221,N/A,N/A,N/A,N/A,ENABLED,156,500,2400,DISABLED,ENABLED,157,500,2400,DISABLED,ENABLED,165,500,2400,DISABLED,ENABLED,166,500,2400,DISABLED,ENABLED,161,500,2400,DISABLED,ENABLED,163,500,2400,DISABLED,ENABLED,157,500,2400,DISABLED,ENABLED,158,500,2400,DISABLED,ENABLED,1900,1900,1900,N/A,DISABLED,59,1900,1900,N/A,ENABLED,59,1900,1900,N/A,ENABLED,59,1900,1900,N/A,ENABLED,59,1900,1900,N/A,ENABLED,48,1520,1520,N/A,ENABLED,48,1520,1520,N/A,ENABLED,48,1520,1520,N/A,ENABLED,48,1520,1520,N/A,ENABLED,1250,1250,1250,N/A,DISABLED,38,1200,1200,N/A,ENABLED,N/A,43,28
1789733380,3,0,0,N/A,"['N/A', 'N/A', 'N/A', 'N/A']","['N/A', 'N/A', 'N/A', 'N/A', 'N/A', 'N/A', 'N/A', 'N/A', 'N/A', 'N/A', 'N/A', 'N/A', 'N/A', 'N/A', 'N/A', 'N/A', 'N/A', 'N/A', 'N/A', 'N/A', 'N/A', 'N/A', 'N/A', 'N/A', 'N/A', 'N/A', 'N/A', 'N/A', 'N/A', 'N/A', 'N/A', 'N/A']","[0, 0, 0, 0, 0, 0, 0, 0]","[0, 0, 0, 0, 0, 0, 0, 0, 0, 0, 0, 0, 0, 0, 0, 0, 0, 0, 0, 0, 0, 0, 0, 0, 0, 0, 0, 0, 0, 0, 0, 0, 0, 0, 0, 0, 0, 0, 0, 0]","[0, 0, 0, 0]",283,N/A,N/A,N/A,N/A,ENABLED,2371,500,2400,DISABLED,DISABLED,2396,500,2400,DISABLED,DISABLED,2390,500,2400,DISABLED,DISABLED,2388,500,2400,DISABLED,DISABLED,2393,500,2400,DISABLED,DISABLED,2395,500,2400,DISABLED,DISABLED,2387,500,2400,DISABLED,DISABLED,2397,500,2400,DISABLED,DISABLED,1900,1900,1900,N/A,DISABLED,59,1900,1900,N/A,ENABLED,59,1900,1900,N/A,ENABLED,59,1900,1900,N/A,ENABLED,59,1900,1900,N/A,ENABLED,48,1520,1520,N/A,ENABLED,48,1520,1520,N/A,ENABLED,48,1520,1520,N/A,ENABLED,48,1520,1520,N/A,ENABLED,1250,1250,1250,N/A,DISABLED,38,1200,1200,N/A,ENABLED,N/A,43,29

1789733381,0,0,0,N/A,"['N/A', 'N/A', 'N/A', 'N/A']","['N/A', 'N/A', 'N/A', 'N/A', 'N/A', 'N/A', 'N/A', 'N/A', 'N/A', 'N/A', 'N/A', 'N/A', 'N/A', 'N/A', 'N/A', 'N/A', 'N/A', 'N/A', 'N/A', 'N/A', 'N/A', 'N/A', 'N/A', 'N/A', 'N/A', 'N/A', 'N/A', 'N/A', 'N/A', 'N/A', 'N/A', 'N/A']","[0, 0, 0, 0, 0, 0, 0, 0]","[0, 0, 0, 0, 0, 0, 0, 0, 0, 0, 0, 0, 0, 0, 0, 0, 0, 0, 0, 0, 0, 0, 0, 0, 0, 0, 0, 0, 0, 0, 0, 0, 0, 0, 0, 0, 0, 0, 0, 0]","[0, 0, 0, 0]",219,N/A,N/A,N/A,N/A,ENABLED,113,500,2400,DISABLED,ENABLED,113,500,2400,DISABLED,ENABLED,113,500,2400,DISABLED,ENABLED,114,500,2400,DISABLED,ENABLED,126,500,2400,DISABLED,ENABLED,126,500,2400,DISABLED,ENABLED,113,500,2400,DISABLED,ENABLED,113,500,2400,DISABLED,ENABLED,1900,1900,1900,N/A,DISABLED,59,1900,1900,N/A,ENABLED,59,1900,1900,N/A,ENABLED,59,1900,1900,N/A,ENABLED,59,1900,1900,N/A,ENABLED,48,1520,1520,N/A,ENABLED,48,1520,1520,N/A,ENABLED,48,1520,1520,N/A,ENABLED,48,1520,1520,N/A,ENABLED,1250,1250,1250,N/A,DISABLED,38,1200,1200,N/A,ENABLED,N/A,42,28
1789733381,1,0,0,N/A,"['N/A', 'N/A', 'N/A', 'N/A']","['N/A', 'N/A', 'N/A', 'N/A', 'N/A', 'N/A', 'N/A', 'N/A', 'N/A', 'N/A', 'N/A', 'N/A', 'N/A', 'N/A', 'N/A', 'N/A', 'N/A', 'N/A', 'N/A', 'N/A', 'N/A', 'N/A', 'N/A', 'N/A', 'N/A', 'N/A', 'N/A', 'N/A', 'N/A', 'N/A', 'N/A', 'N/A']","[0, 0, 0, 0, 0, 0, 0, 0]","[0, 0, 0, 0, 0, 0, 0, 0, 0, 0, 0, 0, 0, 0, 0, 0, 0, 0, 0, 0, 0, 0, 0, 0, 0, 0, 0, 0, 0, 0, 0, 0, 0, 0, 0, 0, 0, 0, 0, 0]","[0, 0, 0, 0]",225,N/A,N/A,N/A,N/A,ENABLED,112,500,2400,DISABLED,ENABLED,113,500,2400,DISABLED,ENABLED,112,500,2400,DISABLED,ENABLED,113,500,2400,DISABLED,ENABLED,112,500,2400,DISABLED,ENABLED,112,500,2400,DISABLED,ENABLED,112,500,2400,DISABLED,ENABLED,112,500,2400,DISABLED,ENABLED,1900,1900,1900,N/A,DISABLED,59,1900,1900,N/A,ENABLED,59,1900,1900,N/A,ENABLED,59,1900,1900,N/A,ENABLED,59,1900,1900,N/A,ENABLED,48,1520,1520,N/A,ENABLED,48,1520,1520,N/A,ENABLED,48,1520,1520,N/A,ENABLED,48,1520,1520,N/A,ENABLED,1250,1250,1250,N/A,DISABLED,38,1200,1200,N/A,ENABLED,N/A,41,28
1789733381,2,0,0,N/A,"['N/A', 'N/A', 'N/A', 'N/A']","['N/A', 'N/A', 'N/A', 'N/A', 'N/A', 'N/A', 'N/A', 'N/A', 'N/A', 'N/A', 'N/A', 'N/A', 'N/A', 'N/A', 'N/A', 'N/A', 'N/A', 'N/A', 'N/A', 'N/A', 'N/A', 'N/A', 'N/A', 'N/A', 'N/A', 'N/A', 'N/A', 'N/A', 'N/A', 'N/A', 'N/A', 'N/A']","[0, 0, 0, 0, 0, 0, 0, 0]","[0, 0, 0, 0, 0, 0, 0, 0, 0, 0, 0, 0, 0, 0, 0, 0, 0, 0, 0, 0, 0, 0, 0, 0, 0, 0, 0, 0, 0, 0, 0, 0, 0, 0, 0, 0, 0, 0, 0, 0]","[0, 0, 0, 0]",214,N/A,N/A,N/A,N/A,ENABLED,111,500,2400,DISABLED,ENABLED,112,500,2400,DISABLED,ENABLED,114,500,2400,DISABLED,ENABLED,114,500,2400,DISABLED,ENABLED,112,500,2400,DISABLED,ENABLED,112,500,2400,DISABLED,ENABLED,124,500,2400,DISABLED,ENABLED,124,500,2400,DISABLED,ENABLED,1900,1900,1900,N/A,DISABLED,59,1900,1900,N/A,ENABLED,59,1900,1900,N/A,ENABLED,59,1900,1900,N/A,ENABLED,59,1900,1900,N/A,ENABLED,48,1520,1520,N/A,ENABLED,48,1520,1520,N/A,ENABLED,48,1520,1520,N/A,ENABLED,48,1520,1520,N/A,ENABLED,1250,1250,1250,N/A,DISABLED,38,1200,1200,N/A,ENABLED,N/A,43,28
1789733381,3,0,0,N/A,"['N/A', 'N/A', 'N/A', 'N/A']","['N/A', 'N/A', 'N/A', 'N/A', 'N/A', 'N/A', 'N/A', 'N/A', 'N/A', 'N/A', 'N/A', 'N/A', 'N/A', 'N/A', 'N/A', 'N/A', 'N/A', 'N/A', 'N/A', 'N/A', 'N/A', 'N/A', 'N/A', 'N/A', 'N/A', 'N/A', 'N/A', 'N/A', 'N/A', 'N/A', 'N/A', 'N/A']","[0, 0, 0, 0, 0, 0, 0, 0]","[0, 0, 0, 0, 0, 0, 0, 0, 0, 0, 0, 0, 0, 0, 0, 0, 0, 0, 0, 0, 0, 0, 0, 0, 0, 0, 0, 0, 0, 0, 0, 0, 0, 0, 0, 0, 0, 0, 0, 0]","[0, 0, 0, 0]",236,N/A,N/A,N/A,N/A,ENABLED,990,500,2400,DISABLED,DISABLED,994,500,2400,DISABLED,DISABLED,989,500,2400,DISABLED,DISABLED,993,500,2400,DISABLED,DISABLED,993,500,2400,DISABLED,DISABLED,1001,500,2400,DISABLED,DISABLED,994,500,2400,DISABLED,DISABLED,993,500,2400,DISABLED,DISABLED,1900,1900,1900,N/A,DISABLED,59,1900,1900,N/A,ENABLED,59,1900,1900,N/A,ENABLED,59,1900,1900,N/A,ENABLED,59,1900,1900,N/A,ENABLED,48,1520,1520,N/A,ENABLED,48,1520,1520,N/A,ENABLED,48,1520,1520,N/A,ENABLED,48,1520,1520,N/A,ENABLED,1250,1250,1250,N/A,DISABLED,38,1200,1200,N/A,ENABLED,N/A,43,29

1789733382,0,0,0,N/A,"['N/A', 'N/A', 'N/A', 'N/A']","['N/A', 'N/A', 'N/A', 'N/A', 'N/A', 'N/A', 'N/A', 'N/A', 'N/A', 'N/A', 'N/A', 'N/A', 'N/A', 'N/A', 'N/A', 'N/A', 'N/A', 'N/A', 'N/A', 'N/A', 'N/A', 'N/A', 'N/A', 'N/A', 'N/A', 'N/A', 'N/A', 'N/A', 'N/A', 'N/A', 'N/A', 'N/A']","[0, 0, 0, 0, 0, 0, 0, 0]","[0, 0, 0, 0, 0, 0, 0, 0, 0, 0, 0, 0, 0, 0, 0, 0, 0, 0, 0, 0, 0, 0, 0, 0, 0, 0, 0, 0, 0, 0, 0, 0, 0, 0, 0, 0, 0, 0, 0, 0]","[0, 0, 0, 0]",228,N/A,N/A,N/A,N/A,ENABLED,157,500,2400,DISABLED,ENABLED,157,500,2400,DISABLED,ENABLED,157,500,2400,DISABLED,ENABLED,158,500,2400,DISABLED,ENABLED,158,500,2400,DISABLED,ENABLED,158,500,2400,DISABLED,ENABLED,157,500,2400,DISABLED,ENABLED,157,500,2400,DISABLED,ENABLED,1900,1900,1900,N/A,DISABLED,59,1900,1900,N/A,ENABLED,59,1900,1900,N/A,ENABLED,59,1900,1900,N/A,ENABLED,59,1900,1900,N/A,ENABLED,48,1520,1520,N/A,ENABLED,48,1520,1520,N/A,ENABLED,48,1520,1520,N/A,ENABLED,48,1520,1520,N/A,ENABLED,1250,1250,1250,N/A,DISABLED,38,1200,1200,N/A,ENABLED,N/A,42,28
1789733382,1,0,0,N/A,"['N/A', 'N/A', 'N/A', 'N/A']","['N/A', 'N/A', 'N/A', 'N/A', 'N/A', 'N/A', 'N/A', 'N/A', 'N/A', 'N/A', 'N/A', 'N/A', 'N/A', 'N/A', 'N/A', 'N/A', 'N/A', 'N/A', 'N/A', 'N/A', 'N/A', 'N/A', 'N/A', 'N/A', 'N/A', 'N/A', 'N/A', 'N/A', 'N/A', 'N/A', 'N/A', 'N/A']","[0, 0, 0, 0, 0, 0, 0, 0]","[0, 0, 0, 0, 0, 0, 0, 0, 0, 0, 0, 0, 0, 0, 0, 0, 0, 0, 0, 0, 0, 0, 0, 0, 0, 0, 0, 0, 0, 0, 0, 0, 0, 0, 0, 0, 0, 0, 0, 0]","[0, 0, 0, 0]",232,N/A,N/A,N/A,N/A,ENABLED,156,500,2400,DISABLED,ENABLED,158,500,2400,DISABLED,ENABLED,156,500,2400,DISABLED,ENABLED,157,500,2400,DISABLED,ENABLED,157,500,2400,DISABLED,ENABLED,157,500,2400,DISABLED,ENABLED,157,500,2400,DISABLED,ENABLED,156,500,2400,DISABLED,ENABLED,1900,1900,1900,N/A,DISABLED,59,1900,1900,N/A,ENABLED,59,1900,1900,N/A,ENABLED,59,1900,1900,N/A,ENABLED,59,1900,1900,N/A,ENABLED,48,1520,1520,N/A,ENABLED,48,1520,1520,N/A,ENABLED,48,1520,1520,N/A,ENABLED,48,1520,1520,N/A,ENABLED,1250,1250,1250,N/A,DISABLED,38,1200,1200,N/A,ENABLED,N/A,41,28
1789733382,2,0,0,N/A,"['N/A', 'N/A', 'N/A', 'N/A']","['N/A', 'N/A', 'N/A', 'N/A', 'N/A', 'N/A', 'N/A', 'N/A', 'N/A', 'N/A', 'N/A', 'N/A', 'N/A', 'N/A', 'N/A', 'N/A', 'N/A', 'N/A', 'N/A', 'N/A', 'N/A', 'N/A', 'N/A', 'N/A', 'N/A', 'N/A', 'N/A', 'N/A', 'N/A', 'N/A', 'N/A', 'N/A']","[0, 0, 0, 0, 0, 0, 0, 0]","[0, 0, 0, 0, 0, 0, 0, 0, 0, 0, 0, 0, 0, 0, 0, 0, 0, 0, 0, 0, 0, 0, 0, 0, 0, 0, 0, 0, 0, 0, 0, 0, 0, 0, 0, 0, 0, 0, 0, 0]","[0, 0, 0, 0]",221,N/A,N/A,N/A,N/A,ENABLED,156,500,2400,DISABLED,ENABLED,157,500,2400,DISABLED,ENABLED,159,500,2400,DISABLED,ENABLED,160,500,2400,DISABLED,ENABLED,164,500,2400,DISABLED,ENABLED,165,500,2400,DISABLED,ENABLED,157,500,2400,DISABLED,ENABLED,158,500,2400,DISABLED,ENABLED,1900,1900,1900,N/A,DISABLED,59,1900,1900,N/A,ENABLED,59,1900,1900,N/A,ENABLED,59,1900,1900,N/A,ENABLED,59,1900,1900,N/A,ENABLED,48,1520,1520,N/A,ENABLED,48,1520,1520,N/A,ENABLED,48,1520,1520,N/A,ENABLED,48,1520,1520,N/A,ENABLED,1250,1250,1250,N/A,DISABLED,38,1200,1200,N/A,ENABLED,N/A,43,28
1789733382,3,0,0,N/A,"['N/A', 'N/A', 'N/A', 'N/A']","['N/A', 'N/A', 'N/A', 'N/A', 'N/A', 'N/A', 'N/A', 'N/A', 'N/A', 'N/A', 'N/A', 'N/A', 'N/A', 'N/A', 'N/A', 'N/A', 'N/A', 'N/A', 'N/A', 'N/A', 'N/A', 'N/A', 'N/A', 'N/A', 'N/A', 'N/A', 'N/A', 'N/A', 'N/A', 'N/A', 'N/A', 'N/A']","[0, 0, 0, 0, 0, 0, 0, 0]","[0, 0, 0, 0, 0, 0, 0, 0, 0, 0, 0, 0, 0, 0, 0, 0, 0, 0, 0, 0, 0, 0, 0, 0, 0, 0, 0, 0, 0, 0, 0, 0, 0, 0, 0, 0, 0, 0, 0, 0]","[0, 0, 0, 0]",282,N/A,N/A,N/A,N/A,ENABLED,2385,500,2400,DISABLED,DISABLED,2406,500,2400,DISABLED,DISABLED,2390,500,2400,DISABLED,DISABLED,2390,500,2400,DISABLED,DISABLED,2393,500,2400,DISABLED,DISABLED,2395,500,2400,DISABLED,DISABLED,2389,500,2400,DISABLED,DISABLED,2397,500,2400,DISABLED,DISABLED,1900,1900,1900,N/A,DISABLED,59,1900,1900,N/A,ENABLED,59,1900,1900,N/A,ENABLED,59,1900,1900,N/A,ENABLED,59,1900,1900,N/A,ENABLED,48,1520,1520,N/A,ENABLED,48,1520,1520,N/A,ENABLED,48,1520,1520,N/A,ENABLED,48,1520,1520,N/A,ENABLED,1250,1250,1250,N/A,DISABLED,38,1200,1200,N/A,ENABLED,N/A,43,29

1789733383,0,0,0,N/A,"['N/A', 'N/A', 'N/A', 'N/A']","['N/A', 'N/A', 'N/A', 'N/A', 'N/A', 'N/A', 'N/A', 'N/A', 'N/A', 'N/A', 'N/A', 'N/A', 'N/A', 'N/A', 'N/A', 'N/A', 'N/A', 'N/A', 'N/A', 'N/A', 'N/A', 'N/A', 'N/A', 'N/A', 'N/A', 'N/A', 'N/A', 'N/A', 'N/A', 'N/A', 'N/A', 'N/A']","[0, 0, 0, 0, 0, 0, 0, 0]","[0, 0, 0, 0, 0, 0, 0, 0, 0, 0, 0, 0, 0, 0, 0, 0, 0, 0, 0, 0, 0, 0, 0, 0, 0, 0, 0, 0, 0, 0, 0, 0, 0, 0, 0, 0, 0, 0, 0, 0]","[0, 0, 0, 0]",229,N/A,N/A,N/A,N/A,ENABLED,168,500,2400,DISABLED,ENABLED,168,500,2400,DISABLED,ENABLED,167,500,2400,DISABLED,ENABLED,168,500,2400,DISABLED,ENABLED,167,500,2400,DISABLED,ENABLED,167,500,2400,DISABLED,ENABLED,166,500,2400,DISABLED,ENABLED,166,500,2400,DISABLED,ENABLED,1900,1900,1900,N/A,DISABLED,59,1900,1900,N/A,ENABLED,59,1900,1900,N/A,ENABLED,59,1900,1900,N/A,ENABLED,59,1900,1900,N/A,ENABLED,48,1520,1520,N/A,ENABLED,48,1520,1520,N/A,ENABLED,48,1520,1520,N/A,ENABLED,48,1520,1520,N/A,ENABLED,1250,1250,1250,N/A,DISABLED,38,1200,1200,N/A,ENABLED,N/A,42,28
1789733383,1,0,0,N/A,"['N/A', 'N/A', 'N/A', 'N/A']","['N/A', 'N/A', 'N/A', 'N/A', 'N/A', 'N/A', 'N/A', 'N/A', 'N/A', 'N/A', 'N/A', 'N/A', 'N/A', 'N/A', 'N/A', 'N/A', 'N/A', 'N/A', 'N/A', 'N/A', 'N/A', 'N/A', 'N/A', 'N/A', 'N/A', 'N/A', 'N/A', 'N/A', 'N/A', 'N/A', 'N/A', 'N/A']","[0, 0, 0, 0, 0, 0, 0, 0]","[0, 0, 0, 0, 0, 0, 0, 0, 0, 0, 0, 0, 0, 0, 0, 0, 0, 0, 0, 0, 0, 0, 0, 0, 0, 0, 0, 0, 0, 0, 0, 0, 0, 0, 0, 0, 0, 0, 0, 0]","[0, 0, 0, 0]",232,N/A,N/A,N/A,N/A,ENABLED,166,500,2400,DISABLED,ENABLED,167,500,2400,DISABLED,ENABLED,165,500,2400,DISABLED,ENABLED,166,500,2400,DISABLED,ENABLED,166,500,2400,DISABLED,ENABLED,165,500,2400,DISABLED,ENABLED,165,500,2400,DISABLED,ENABLED,164,500,2400,DISABLED,ENABLED,1900,1900,1900,N/A,DISABLED,59,1900,1900,N/A,ENABLED,59,1900,1900,N/A,ENABLED,59,1900,1900,N/A,ENABLED,59,1900,1900,N/A,ENABLED,48,1520,1520,N/A,ENABLED,48,1520,1520,N/A,ENABLED,48,1520,1520,N/A,ENABLED,48,1520,1520,N/A,ENABLED,1250,1250,1250,N/A,DISABLED,38,1200,1200,N/A,ENABLED,N/A,41,28
1789733383,2,0,0,N/A,"['N/A', 'N/A', 'N/A', 'N/A']","['N/A', 'N/A', 'N/A', 'N/A', 'N/A', 'N/A', 'N/A', 'N/A', 'N/A', 'N/A', 'N/A', 'N/A', 'N/A', 'N/A', 'N/A', 'N/A', 'N/A', 'N/A', 'N/A', 'N/A', 'N/A', 'N/A', 'N/A', 'N/A', 'N/A', 'N/A', 'N/A', 'N/A', 'N/A', 'N/A', 'N/A', 'N/A']","[0, 0, 0, 0, 0, 0, 0, 0]","[0, 0, 0, 0, 0, 0, 0, 0, 0, 0, 0, 0, 0, 0, 0, 0, 0, 0, 0, 0, 0, 0, 0, 0, 0, 0, 0, 0, 0, 0, 0, 0, 0, 0, 0, 0, 0, 0, 0, 0]","[0, 0, 0, 0]",222,N/A,N/A,N/A,N/A,ENABLED,167,500,2400,DISABLED,ENABLED,166,500,2400,DISABLED,ENABLED,167,500,2400,DISABLED,ENABLED,168,500,2400,DISABLED,ENABLED,171,500,2400,DISABLED,ENABLED,172,500,2400,DISABLED,ENABLED,165,500,2400,DISABLED,ENABLED,165,500,2400,DISABLED,ENABLED,1900,1900,1900,N/A,DISABLED,59,1900,1900,N/A,ENABLED,59,1900,1900,N/A,ENABLED,59,1900,1900,N/A,ENABLED,59,1900,1900,N/A,ENABLED,48,1520,1520,N/A,ENABLED,48,1520,1520,N/A,ENABLED,48,1520,1520,N/A,ENABLED,48,1520,1520,N/A,ENABLED,1250,1250,1250,N/A,DISABLED,38,1200,1200,N/A,ENABLED,N/A,43,28
1789733383,3,0,0,N/A,"['N/A', 'N/A', 'N/A', 'N/A']","['N/A', 'N/A', 'N/A', 'N/A', 'N/A', 'N/A', 'N/A', 'N/A', 'N/A', 'N/A', 'N/A', 'N/A', 'N/A', 'N/A', 'N/A', 'N/A', 'N/A', 'N/A', 'N/A', 'N/A', 'N/A', 'N/A', 'N/A', 'N/A', 'N/A', 'N/A', 'N/A', 'N/A', 'N/A', 'N/A', 'N/A', 'N/A']","[0, 0, 0, 0, 0, 0, 0, 0]","[0, 0, 0, 0, 0, 0, 0, 0, 0, 0, 0, 0, 0, 0, 0, 0, 0, 0, 0, 0, 0, 0, 0, 0, 0, 0, 0, 0, 0, 0, 0, 0, 0, 0, 0, 0, 0, 0, 0, 0]","[0, 0, 0, 0]",281,N/A,N/A,N/A,N/A,ENABLED,2383,500,2400,DISABLED,DISABLED,2405,500,2400,DISABLED,DISABLED,2390,500,2400,DISABLED,DISABLED,2390,500,2400,DISABLED,DISABLED,2392,500,2400,DISABLED,DISABLED,2393,500,2400,DISABLED,DISABLED,2389,500,2400,DISABLED,DISABLED,2397,500,2400,DISABLED,DISABLED,1900,1900,1900,N/A,DISABLED,59,1900,1900,N/A,ENABLED,59,1900,1900,N/A,ENABLED,59,1900,1900,N/A,ENABLED,59,1900,1900,N/A,ENABLED,48,1520,1520,N/A,ENABLED,48,1520,1520,N/A,ENABLED,48,1520,1520,N/A,ENABLED,48,1520,1520,N/A,ENABLED,1250,1250,1250,N/A,DISABLED,38,1200,1200,N/A,ENABLED,N/A,43,29

1789733384,0,0,0,N/A,"['N/A', 'N/A', 'N/A', 'N/A']","['N/A', 'N/A', 'N/A', 'N/A', 'N/A', 'N/A', 'N/A', 'N/A', 'N/A', 'N/A', 'N/A', 'N/A', 'N/A', 'N/A', 'N/A', 'N/A', 'N/A', 'N/A', 'N/A', 'N/A', 'N/A', 'N/A', 'N/A', 'N/A', 'N/A', 'N/A', 'N/A', 'N/A', 'N/A', 'N/A', 'N/A', 'N/A']","[0, 0, 0, 0, 0, 0, 0, 0]","[0, 0, 0, 0, 0, 0, 0, 0, 0, 0, 0, 0, 0, 0, 0, 0, 0, 0, 0, 0, 0, 0, 0, 0, 0, 0, 0, 0, 0, 0, 0, 0, 0, 0, 0, 0, 0, 0, 0, 0]","[0, 0, 0, 0]",228,N/A,N/A,N/A,N/A,ENABLED,157,500,2400,DISABLED,ENABLED,157,500,2400,DISABLED,ENABLED,157,500,2400,DISABLED,ENABLED,158,500,2400,DISABLED,ENABLED,157,500,2400,DISABLED,ENABLED,158,500,2400,DISABLED,ENABLED,157,500,2400,DISABLED,ENABLED,157,500,2400,DISABLED,ENABLED,1900,1900,1900,N/A,DISABLED,59,1900,1900,N/A,ENABLED,59,1900,1900,N/A,ENABLED,59,1900,1900,N/A,ENABLED,59,1900,1900,N/A,ENABLED,48,1520,1520,N/A,ENABLED,48,1520,1520,N/A,ENABLED,48,1520,1520,N/A,ENABLED,48,1520,1520,N/A,ENABLED,1250,1250,1250,N/A,DISABLED,38,1200,1200,N/A,ENABLED,N/A,42,28
1789733384,1,0,0,N/A,"['N/A', 'N/A', 'N/A', 'N/A']","['N/A', 'N/A', 'N/A', 'N/A', 'N/A', 'N/A', 'N/A', 'N/A', 'N/A', 'N/A', 'N/A', 'N/A', 'N/A', 'N/A', 'N/A', 'N/A', 'N/A', 'N/A', 'N/A', 'N/A', 'N/A', 'N/A', 'N/A', 'N/A', 'N/A', 'N/A', 'N/A', 'N/A', 'N/A', 'N/A', 'N/A', 'N/A']","[0, 0, 0, 0, 0, 0, 0, 0]","[0, 0, 0, 0, 0, 0, 0, 0, 0, 0, 0, 0, 0, 0, 0, 0, 0, 0, 0, 0, 0, 0, 0, 0, 0, 0, 0, 0, 0, 0, 0, 0, 0, 0, 0, 0, 0, 0, 0, 0]","[0, 0, 0, 0]",232,N/A,N/A,N/A,N/A,ENABLED,156,500,2400,DISABLED,ENABLED,157,500,2400,DISABLED,ENABLED,156,500,2400,DISABLED,ENABLED,157,500,2400,DISABLED,ENABLED,157,500,2400,DISABLED,ENABLED,157,500,2400,DISABLED,ENABLED,156,500,2400,DISABLED,ENABLED,156,500,2400,DISABLED,ENABLED,1900,1900,1900,N/A,DISABLED,59,1900,1900,N/A,ENABLED,59,1900,1900,N/A,ENABLED,59,1900,1900,N/A,ENABLED,59,1900,1900,N/A,ENABLED,48,1520,1520,N/A,ENABLED,48,1520,1520,N/A,ENABLED,48,1520,1520,N/A,ENABLED,48,1520,1520,N/A,ENABLED,1250,1250,1250,N/A,DISABLED,38,1200,1200,N/A,ENABLED,N/A,41,28
1789733384,2,0,0,N/A,"['N/A', 'N/A', 'N/A', 'N/A']","['N/A', 'N/A', 'N/A', 'N/A', 'N/A', 'N/A', 'N/A', 'N/A', 'N/A', 'N/A', 'N/A', 'N/A', 'N/A', 'N/A', 'N/A', 'N/A', 'N/A', 'N/A', 'N/A', 'N/A', 'N/A', 'N/A', 'N/A', 'N/A', 'N/A', 'N/A', 'N/A', 'N/A', 'N/A', 'N/A', 'N/A', 'N/A']","[0, 0, 0, 0, 0, 0, 0, 0]","[0, 0, 0, 0, 0, 0, 0, 0, 0, 0, 0, 0, 0, 0, 0, 0, 0, 0, 0, 0, 0, 0, 0, 0, 0, 0, 0, 0, 0, 0, 0, 0, 0, 0, 0, 0, 0, 0, 0, 0]","[0, 0, 0, 0]",221,N/A,N/A,N/A,N/A,ENABLED,156,500,2400,DISABLED,ENABLED,157,500,2400,DISABLED,ENABLED,161,500,2400,DISABLED,ENABLED,162,500,2400,DISABLED,ENABLED,162,500,2400,DISABLED,ENABLED,162,500,2400,DISABLED,ENABLED,157,500,2400,DISABLED,ENABLED,158,500,2400,DISABLED,ENABLED,1900,1900,1900,N/A,DISABLED,59,1900,1900,N/A,ENABLED,59,1900,1900,N/A,ENABLED,59,1900,1900,N/A,ENABLED,59,1900,1900,N/A,ENABLED,48,1520,1520,N/A,ENABLED,48,1520,1520,N/A,ENABLED,48,1520,1520,N/A,ENABLED,48,1520,1520,N/A,ENABLED,1250,1250,1250,N/A,DISABLED,38,1200,1200,N/A,ENABLED,N/A,43,28
1789733384,3,0,0,N/A,"['N/A', 'N/A', 'N/A', 'N/A']","['N/A', 'N/A', 'N/A', 'N/A', 'N/A', 'N/A', 'N/A', 'N/A', 'N/A', 'N/A', 'N/A', 'N/A', 'N/A', 'N/A', 'N/A', 'N/A', 'N/A', 'N/A', 'N/A', 'N/A', 'N/A', 'N/A', 'N/A', 'N/A', 'N/A', 'N/A', 'N/A', 'N/A', 'N/A', 'N/A', 'N/A', 'N/A']","[0, 0, 0, 0, 0, 0, 0, 0]","[0, 0, 0, 0, 0, 0, 0, 0, 0, 0, 0, 0, 0, 0, 0, 0, 0, 0, 0, 0, 0, 0, 0, 0, 0, 0, 0, 0, 0, 0, 0, 0, 0, 0, 0, 0, 0, 0, 0, 0]","[0, 0, 0, 0]",282,N/A,N/A,N/A,N/A,ENABLED,2385,500,2400,DISABLED,DISABLED,2406,500,2400,DISABLED,DISABLED,2391,500,2400,DISABLED,DISABLED,2391,500,2400,DISABLED,DISABLED,2392,500,2400,DISABLED,DISABLED,2395,500,2400,DISABLED,DISABLED,2389,500,2400,DISABLED,DISABLED,2398,500,2400,DISABLED,DISABLED,1900,1900,1900,N/A,DISABLED,59,1900,1900,N/A,ENABLED,59,1900,1900,N/A,ENABLED,59,1900,1900,N/A,ENABLED,59,1900,1900,N/A,ENABLED,48,1520,1520,N/A,ENABLED,48,1520,1520,N/A,ENABLED,48,1520,1520,N/A,ENABLED,48,1520,1520,N/A,ENABLED,1250,1250,1250,N/A,DISABLED,38,1200,1200,N/A,ENABLED,N/A,43,29

1789733385,0,0,0,N/A,"['N/A', 'N/A', 'N/A', 'N/A']","['N/A', 'N/A', 'N/A', 'N/A', 'N/A', 'N/A', 'N/A', 'N/A', 'N/A', 'N/A', 'N/A', 'N/A', 'N/A', 'N/A', 'N/A', 'N/A', 'N/A', 'N/A', 'N/A', 'N/A', 'N/A', 'N/A', 'N/A', 'N/A', 'N/A', 'N/A', 'N/A', 'N/A', 'N/A', 'N/A', 'N/A', 'N/A']","[0, 0, 0, 0, 0, 0, 0, 0]","[0, 0, 0, 0, 0, 0, 0, 0, 0, 0, 0, 0, 0, 0, 0, 0, 0, 0, 0, 0, 0, 0, 0, 0, 0, 0, 0, 0, 0, 0, 0, 0, 0, 0, 0, 0, 0, 0, 0, 0]","[0, 0, 0, 0]",228,N/A,N/A,N/A,N/A,ENABLED,157,500,2400,DISABLED,ENABLED,157,500,2400,DISABLED,ENABLED,157,500,2400,DISABLED,ENABLED,158,500,2400,DISABLED,ENABLED,157,500,2400,DISABLED,ENABLED,158,500,2400,DISABLED,ENABLED,156,500,2400,DISABLED,ENABLED,157,500,2400,DISABLED,ENABLED,1900,1900,1900,N/A,DISABLED,59,1900,1900,N/A,ENABLED,59,1900,1900,N/A,ENABLED,59,1900,1900,N/A,ENABLED,59,1900,1900,N/A,ENABLED,48,1520,1520,N/A,ENABLED,48,1520,1520,N/A,ENABLED,48,1520,1520,N/A,ENABLED,48,1520,1520,N/A,ENABLED,1250,1250,1250,N/A,DISABLED,38,1200,1200,N/A,ENABLED,N/A,42,28
1789733385,1,0,0,N/A,"['N/A', 'N/A', 'N/A', 'N/A']","['N/A', 'N/A', 'N/A', 'N/A', 'N/A', 'N/A', 'N/A', 'N/A', 'N/A', 'N/A', 'N/A', 'N/A', 'N/A', 'N/A', 'N/A', 'N/A', 'N/A', 'N/A', 'N/A', 'N/A', 'N/A', 'N/A', 'N/A', 'N/A', 'N/A', 'N/A', 'N/A', 'N/A', 'N/A', 'N/A', 'N/A', 'N/A']","[0, 0, 0, 0, 0, 0, 0, 0]","[0, 0, 0, 0, 0, 0, 0, 0, 0, 0, 0, 0, 0, 0, 0, 0, 0, 0, 0, 0, 0, 0, 0, 0, 0, 0, 0, 0, 0, 0, 0, 0, 0, 0, 0, 0, 0, 0, 0, 0]","[0, 0, 0, 0]",232,N/A,N/A,N/A,N/A,ENABLED,156,500,2400,DISABLED,ENABLED,157,500,2400,DISABLED,ENABLED,156,500,2400,DISABLED,ENABLED,157,500,2400,DISABLED,ENABLED,157,500,2400,DISABLED,ENABLED,157,500,2400,DISABLED,ENABLED,157,500,2400,DISABLED,ENABLED,156,500,2400,DISABLED,ENABLED,1900,1900,1900,N/A,DISABLED,59,1900,1900,N/A,ENABLED,59,1900,1900,N/A,ENABLED,59,1900,1900,N/A,ENABLED,59,1900,1900,N/A,ENABLED,48,1520,1520,N/A,ENABLED,48,1520,1520,N/A,ENABLED,48,1520,1520,N/A,ENABLED,48,1520,1520,N/A,ENABLED,1250,1250,1250,N/A,DISABLED,38,1200,1200,N/A,ENABLED,N/A,41,28
1789733385,2,0,0,N/A,"['N/A', 'N/A', 'N/A', 'N/A']","['N/A', 'N/A', 'N/A', 'N/A', 'N/A', 'N/A', 'N/A', 'N/A', 'N/A', 'N/A', 'N/A', 'N/A', 'N/A', 'N/A', 'N/A', 'N/A', 'N/A', 'N/A', 'N/A', 'N/A', 'N/A', 'N/A', 'N/A', 'N/A', 'N/A', 'N/A', 'N/A', 'N/A', 'N/A', 'N/A', 'N/A', 'N/A']","[0, 0, 0, 0, 0, 0, 0, 0]","[0, 0, 0, 0, 0, 0, 0, 0, 0, 0, 0, 0, 0, 0, 0, 0, 0, 0, 0, 0, 0, 0, 0, 0, 0, 0, 0, 0, 0, 0, 0, 0, 0, 0, 0, 0, 0, 0, 0, 0]","[0, 0, 0, 0]",221,N/A,N/A,N/A,N/A,ENABLED,156,500,2400,DISABLED,ENABLED,157,500,2400,DISABLED,ENABLED,159,500,2400,DISABLED,ENABLED,160,500,2400,DISABLED,ENABLED,162,500,2400,DISABLED,ENABLED,162,500,2400,DISABLED,ENABLED,157,500,2400,DISABLED,ENABLED,157,500,2400,DISABLED,ENABLED,1900,1900,1900,N/A,DISABLED,59,1900,1900,N/A,ENABLED,59,1900,1900,N/A,ENABLED,59,1900,1900,N/A,ENABLED,59,1900,1900,N/A,ENABLED,48,1520,1520,N/A,ENABLED,48,1520,1520,N/A,ENABLED,48,1520,1520,N/A,ENABLED,48,1520,1520,N/A,ENABLED,1250,1250,1250,N/A,DISABLED,38,1200,1200,N/A,ENABLED,N/A,43,28
1789733385,3,0,0,N/A,"['N/A', 'N/A', 'N/A', 'N/A']","['N/A', 'N/A', 'N/A', 'N/A', 'N/A', 'N/A', 'N/A', 'N/A', 'N/A', 'N/A', 'N/A', 'N/A', 'N/A', 'N/A', 'N/A', 'N/A', 'N/A', 'N/A', 'N/A', 'N/A', 'N/A', 'N/A', 'N/A', 'N/A', 'N/A', 'N/A', 'N/A', 'N/A', 'N/A', 'N/A', 'N/A', 'N/A']","[0, 0, 0, 0, 0, 0, 0, 0]","[0, 0, 0, 0, 0, 0, 0, 0, 0, 0, 0, 0, 0, 0, 0, 0, 0, 0, 0, 0, 0, 0, 0, 0, 0, 0, 0, 0, 0, 0, 0, 0, 0, 0, 0, 0, 0, 0, 0, 0]","[0, 0, 0, 0]",280,N/A,N/A,N/A,N/A,ENABLED,2384,500,2400,DISABLED,DISABLED,2405,500,2400,DISABLED,DISABLED,2391,500,2400,DISABLED,DISABLED,2389,500,2400,DISABLED,DISABLED,2393,500,2400,DISABLED,DISABLED,2395,500,2400,DISABLED,DISABLED,2389,500,2400,DISABLED,DISABLED,2397,500,2400,DISABLED,DISABLED,1900,1900,1900,N/A,DISABLED,59,1900,1900,N/A,ENABLED,59,1900,1900,N/A,ENABLED,59,1900,1900,N/A,ENABLED,59,1900,1900,N/A,ENABLED,48,1520,1520,N/A,ENABLED,48,1520,1520,N/A,ENABLED,48,1520,1520,N/A,ENABLED,48,1520,1520,N/A,ENABLED,1250,1250,1250,N/A,DISABLED,38,1200,1200,N/A,ENABLED,N/A,43,29

1789733386,0,0,0,N/A,"['N/A', 'N/A', 'N/A', 'N/A']","['N/A', 'N/A', 'N/A', 'N/A', 'N/A', 'N/A', 'N/A', 'N/A', 'N/A', 'N/A', 'N/A', 'N/A', 'N/A', 'N/A', 'N/A', 'N/A', 'N/A', 'N/A', 'N/A', 'N/A', 'N/A', 'N/A', 'N/A', 'N/A', 'N/A', 'N/A', 'N/A', 'N/A', 'N/A', 'N/A', 'N/A', 'N/A']","[0, 0, 0, 0, 0, 0, 0, 0]","[0, 0, 0, 0, 0, 0, 0, 0, 0, 0, 0, 0, 0, 0, 0, 0, 0, 0, 0, 0, 0, 0, 0, 0, 0, 0, 0, 0, 0, 0, 0, 0, 0, 0, 0, 0, 0, 0, 0, 0]","[0, 0, 0, 0]",228,N/A,N/A,N/A,N/A,ENABLED,157,500,2400,DISABLED,ENABLED,157,500,2400,DISABLED,ENABLED,157,500,2400,DISABLED,ENABLED,158,500,2400,DISABLED,ENABLED,157,500,2400,DISABLED,ENABLED,158,500,2400,DISABLED,ENABLED,156,500,2400,DISABLED,ENABLED,157,500,2400,DISABLED,ENABLED,1900,1900,1900,N/A,DISABLED,59,1900,1900,N/A,ENABLED,59,1900,1900,N/A,ENABLED,59,1900,1900,N/A,ENABLED,59,1900,1900,N/A,ENABLED,48,1520,1520,N/A,ENABLED,48,1520,1520,N/A,ENABLED,48,1520,1520,N/A,ENABLED,48,1520,1520,N/A,ENABLED,1250,1250,1250,N/A,DISABLED,38,1200,1200,N/A,ENABLED,N/A,42,28
1789733386,1,0,0,N/A,"['N/A', 'N/A', 'N/A', 'N/A']","['N/A', 'N/A', 'N/A', 'N/A', 'N/A', 'N/A', 'N/A', 'N/A', 'N/A', 'N/A', 'N/A', 'N/A', 'N/A', 'N/A', 'N/A', 'N/A', 'N/A', 'N/A', 'N/A', 'N/A', 'N/A', 'N/A', 'N/A', 'N/A', 'N/A', 'N/A', 'N/A', 'N/A', 'N/A', 'N/A', 'N/A', 'N/A']","[0, 0, 0, 0, 0, 0, 0, 0]","[0, 0, 0, 0, 0, 0, 0, 0, 0, 0, 0, 0, 0, 0, 0, 0, 0, 0, 0, 0, 0, 0, 0, 0, 0, 0, 0, 0, 0, 0, 0, 0, 0, 0, 0, 0, 0, 0, 0, 0]","[0, 0, 0, 0]",232,N/A,N/A,N/A,N/A,ENABLED,156,500,2400,DISABLED,ENABLED,157,500,2400,DISABLED,ENABLED,156,500,2400,DISABLED,ENABLED,157,500,2400,DISABLED,ENABLED,157,500,2400,DISABLED,ENABLED,157,500,2400,DISABLED,ENABLED,156,500,2400,DISABLED,ENABLED,156,500,2400,DISABLED,ENABLED,1900,1900,1900,N/A,DISABLED,59,1900,1900,N/A,ENABLED,59,1900,1900,N/A,ENABLED,59,1900,1900,N/A,ENABLED,59,1900,1900,N/A,ENABLED,48,1520,1520,N/A,ENABLED,48,1520,1520,N/A,ENABLED,48,1520,1520,N/A,ENABLED,48,1520,1520,N/A,ENABLED,1250,1250,1250,N/A,DISABLED,38,1200,1200,N/A,ENABLED,N/A,41,28
1789733386,2,0,0,N/A,"['N/A', 'N/A', 'N/A', 'N/A']","['N/A', 'N/A', 'N/A', 'N/A', 'N/A', 'N/A', 'N/A', 'N/A', 'N/A', 'N/A', 'N/A', 'N/A', 'N/A', 'N/A', 'N/A', 'N/A', 'N/A', 'N/A', 'N/A', 'N/A', 'N/A', 'N/A', 'N/A', 'N/A', 'N/A', 'N/A', 'N/A', 'N/A', 'N/A', 'N/A', 'N/A', 'N/A']","[0, 0, 0, 0, 0, 0, 0, 0]","[0, 0, 0, 0, 0, 0, 0, 0, 0, 0, 0, 0, 0, 0, 0, 0, 0, 0, 0, 0, 0, 0, 0, 0, 0, 0, 0, 0, 0, 0, 0, 0, 0, 0, 0, 0, 0, 0, 0, 0]","[0, 0, 0, 0]",221,N/A,N/A,N/A,N/A,ENABLED,156,500,2400,DISABLED,ENABLED,157,500,2400,DISABLED,ENABLED,157,500,2400,DISABLED,ENABLED,158,500,2400,DISABLED,ENABLED,158,500,2400,DISABLED,ENABLED,158,500,2400,DISABLED,ENABLED,157,500,2400,DISABLED,ENABLED,157,500,2400,DISABLED,ENABLED,1900,1900,1900,N/A,DISABLED,59,1900,1900,N/A,ENABLED,59,1900,1900,N/A,ENABLED,59,1900,1900,N/A,ENABLED,59,1900,1900,N/A,ENABLED,48,1520,1520,N/A,ENABLED,48,1520,1520,N/A,ENABLED,48,1520,1520,N/A,ENABLED,48,1520,1520,N/A,ENABLED,1250,1250,1250,N/A,DISABLED,38,1200,1200,N/A,ENABLED,N/A,43,28
1789733386,3,0,0,N/A,"['N/A', 'N/A', 'N/A', 'N/A']","['N/A', 'N/A', 'N/A', 'N/A', 'N/A', 'N/A', 'N/A', 'N/A', 'N/A', 'N/A', 'N/A', 'N/A', 'N/A', 'N/A', 'N/A', 'N/A', 'N/A', 'N/A', 'N/A', 'N/A', 'N/A', 'N/A', 'N/A', 'N/A', 'N/A', 'N/A', 'N/A', 'N/A', 'N/A', 'N/A', 'N/A', 'N/A']","[0, 0, 0, 0, 0, 0, 0, 0]","[0, 0, 0, 0, 0, 0, 0, 0, 0, 0, 0, 0, 0, 0, 0, 0, 0, 0, 0, 0, 0, 0, 0, 0, 0, 0, 0, 0, 0, 0, 0, 0, 0, 0, 0, 0, 0, 0, 0, 0]","[0, 0, 0, 0]",281,N/A,N/A,N/A,N/A,ENABLED,2385,500,2400,DISABLED,DISABLED,2406,500,2400,DISABLED,DISABLED,2390,500,2400,DISABLED,DISABLED,2390,500,2400,DISABLED,DISABLED,2392,500,2400,DISABLED,DISABLED,2394,500,2400,DISABLED,DISABLED,2389,500,2400,DISABLED,DISABLED,2398,500,2400,DISABLED,DISABLED,1900,1900,1900,N/A,DISABLED,59,1900,1900,N/A,ENABLED,59,1900,1900,N/A,ENABLED,59,1900,1900,N/A,ENABLED,59,1900,1900,N/A,ENABLED,48,1520,1520,N/A,ENABLED,48,1520,1520,N/A,ENABLED,48,1520,1520,N/A,ENABLED,48,1520,1520,N/A,ENABLED,1250,1250,1250,N/A,DISABLED,38,1200,1200,N/A,ENABLED,N/A,43,29

1789733387,0,0,0,N/A,"['N/A', 'N/A', 'N/A', 'N/A']","['N/A', 'N/A', 'N/A', 'N/A', 'N/A', 'N/A', 'N/A', 'N/A', 'N/A', 'N/A', 'N/A', 'N/A', 'N/A', 'N/A', 'N/A', 'N/A', 'N/A', 'N/A', 'N/A', 'N/A', 'N/A', 'N/A', 'N/A', 'N/A', 'N/A', 'N/A', 'N/A', 'N/A', 'N/A', 'N/A', 'N/A', 'N/A']","[0, 0, 0, 0, 0, 0, 0, 0]","[0, 0, 0, 0, 0, 0, 0, 0, 0, 0, 0, 0, 0, 0, 0, 0, 0, 0, 0, 0, 0, 0, 0, 0, 0, 0, 0, 0, 0, 0, 0, 0, 0, 0, 0, 0, 0, 0, 0, 0]","[0, 0, 0, 0]",228,N/A,N/A,N/A,N/A,ENABLED,157,500,2400,DISABLED,ENABLED,157,500,2400,DISABLED,ENABLED,157,500,2400,DISABLED,ENABLED,158,500,2400,DISABLED,ENABLED,157,500,2400,DISABLED,ENABLED,158,500,2400,DISABLED,ENABLED,156,500,2400,DISABLED,ENABLED,157,500,2400,DISABLED,ENABLED,1900,1900,1900,N/A,DISABLED,59,1900,1900,N/A,ENABLED,59,1900,1900,N/A,ENABLED,59,1900,1900,N/A,ENABLED,59,1900,1900,N/A,ENABLED,48,1520,1520,N/A,ENABLED,48,1520,1520,N/A,ENABLED,48,1520,1520,N/A,ENABLED,48,1520,1520,N/A,ENABLED,1250,1250,1250,N/A,DISABLED,38,1200,1200,N/A,ENABLED,N/A,42,28
1789733387,1,0,0,N/A,"['N/A', 'N/A', 'N/A', 'N/A']","['N/A', 'N/A', 'N/A', 'N/A', 'N/A', 'N/A', 'N/A', 'N/A', 'N/A', 'N/A', 'N/A', 'N/A', 'N/A', 'N/A', 'N/A', 'N/A', 'N/A', 'N/A', 'N/A', 'N/A', 'N/A', 'N/A', 'N/A', 'N/A', 'N/A', 'N/A', 'N/A', 'N/A', 'N/A', 'N/A', 'N/A', 'N/A']","[0, 0, 0, 0, 0, 0, 0, 0]","[0, 0, 0, 0, 0, 0, 0, 0, 0, 0, 0, 0, 0, 0, 0, 0, 0, 0, 0, 0, 0, 0, 0, 0, 0, 0, 0, 0, 0, 0, 0, 0, 0, 0, 0, 0, 0, 0, 0, 0]","[0, 0, 0, 0]",232,N/A,N/A,N/A,N/A,ENABLED,156,500,2400,DISABLED,ENABLED,157,500,2400,DISABLED,ENABLED,156,500,2400,DISABLED,ENABLED,157,500,2400,DISABLED,ENABLED,157,500,2400,DISABLED,ENABLED,157,500,2400,DISABLED,ENABLED,156,500,2400,DISABLED,ENABLED,156,500,2400,DISABLED,ENABLED,1900,1900,1900,N/A,DISABLED,59,1900,1900,N/A,ENABLED,59,1900,1900,N/A,ENABLED,59,1900,1900,N/A,ENABLED,59,1900,1900,N/A,ENABLED,48,1520,1520,N/A,ENABLED,48,1520,1520,N/A,ENABLED,48,1520,1520,N/A,ENABLED,48,1520,1520,N/A,ENABLED,1250,1250,1250,N/A,DISABLED,38,1200,1200,N/A,ENABLED,N/A,41,28
1789733387,2,0,0,N/A,"['N/A', 'N/A', 'N/A', 'N/A']","['N/A', 'N/A', 'N/A', 'N/A', 'N/A', 'N/A', 'N/A', 'N/A', 'N/A', 'N/A', 'N/A', 'N/A', 'N/A', 'N/A', 'N/A', 'N/A', 'N/A', 'N/A', 'N/A', 'N/A', 'N/A', 'N/A', 'N/A', 'N/A', 'N/A', 'N/A', 'N/A', 'N/A', 'N/A', 'N/A', 'N/A', 'N/A']","[0, 0, 0, 0, 0, 0, 0, 0]","[0, 0, 0, 0, 0, 0, 0, 0, 0, 0, 0, 0, 0, 0, 0, 0, 0, 0, 0, 0, 0, 0, 0, 0, 0, 0, 0, 0, 0, 0, 0, 0, 0, 0, 0, 0, 0, 0, 0, 0]","[0, 0, 0, 0]",222,N/A,N/A,N/A,N/A,ENABLED,156,500,2400,DISABLED,ENABLED,157,500,2400,DISABLED,ENABLED,157,500,2400,DISABLED,ENABLED,158,500,2400,DISABLED,ENABLED,157,500,2400,DISABLED,ENABLED,157,500,2400,DISABLED,ENABLED,157,500,2400,DISABLED,ENABLED,157,500,2400,DISABLED,ENABLED,1900,1900,1900,N/A,DISABLED,59,1900,1900,N/A,ENABLED,59,1900,1900,N/A,ENABLED,59,1900,1900,N/A,ENABLED,59,1900,1900,N/A,ENABLED,48,1520,1520,N/A,ENABLED,48,1520,1520,N/A,ENABLED,48,1520,1520,N/A,ENABLED,48,1520,1520,N/A,ENABLED,1250,1250,1250,N/A,DISABLED,38,1200,1200,N/A,ENABLED,N/A,43,28
1789733387,3,0,0,N/A,"['N/A', 'N/A', 'N/A', 'N/A']","['N/A', 'N/A', 'N/A', 'N/A', 'N/A', 'N/A', 'N/A', 'N/A', 'N/A', 'N/A', 'N/A', 'N/A', 'N/A', 'N/A', 'N/A', 'N/A', 'N/A', 'N/A', 'N/A', 'N/A', 'N/A', 'N/A', 'N/A', 'N/A', 'N/A', 'N/A', 'N/A', 'N/A', 'N/A', 'N/A', 'N/A', 'N/A']","[0, 0, 0, 0, 0, 0, 0, 0]","[0, 0, 0, 0, 0, 0, 0, 0, 0, 0, 0, 0, 0, 0, 0, 0, 0, 0, 0, 0, 0, 0, 0, 0, 0, 0, 0, 0, 0, 0, 0, 0, 0, 0, 0, 0, 0, 0, 0, 0]","[0, 0, 0, 0]",281,N/A,N/A,N/A,N/A,ENABLED,2384,500,2400,DISABLED,DISABLED,2406,500,2400,DISABLED,DISABLED,2390,500,2400,DISABLED,DISABLED,2390,500,2400,DISABLED,DISABLED,2393,500,2400,DISABLED,DISABLED,2394,500,2400,DISABLED,DISABLED,2388,500,2400,DISABLED,DISABLED,2398,500,2400,DISABLED,DISABLED,1900,1900,1900,N/A,DISABLED,59,1900,1900,N/A,ENABLED,59,1900,1900,N/A,ENABLED,59,1900,1900,N/A,ENABLED,59,1900,1900,N/A,ENABLED,48,1520,1520,N/A,ENABLED,48,1520,1520,N/A,ENABLED,48,1520,1520,N/A,ENABLED,48,1520,1520,N/A,ENABLED,1250,1250,1250,N/A,DISABLED,38,1200,1200,N/A,ENABLED,N/A,43,29

1789733388,0,0,0,N/A,"['N/A', 'N/A', 'N/A', 'N/A']","['N/A', 'N/A', 'N/A', 'N/A', 'N/A', 'N/A', 'N/A', 'N/A', 'N/A', 'N/A', 'N/A', 'N/A', 'N/A', 'N/A', 'N/A', 'N/A', 'N/A', 'N/A', 'N/A', 'N/A', 'N/A', 'N/A', 'N/A', 'N/A', 'N/A', 'N/A', 'N/A', 'N/A', 'N/A', 'N/A', 'N/A', 'N/A']","[0, 0, 0, 0, 0, 0, 0, 0]","[0, 0, 0, 0, 0, 0, 0, 0, 0, 0, 0, 0, 0, 0, 0, 0, 0, 0, 0, 0, 0, 0, 0, 0, 0, 0, 0, 0, 0, 0, 0, 0, 0, 0, 0, 0, 0, 0, 0, 0]","[0, 0, 0, 0]",219,N/A,N/A,N/A,N/A,ENABLED,97,500,2400,DISABLED,ENABLED,97,500,2400,DISABLED,ENABLED,97,500,2400,DISABLED,ENABLED,97,500,2400,DISABLED,ENABLED,100,500,2400,DISABLED,ENABLED,100,500,2400,DISABLED,ENABLED,97,500,2400,DISABLED,ENABLED,98,500,2400,DISABLED,ENABLED,1900,1900,1900,N/A,DISABLED,59,1900,1900,N/A,ENABLED,59,1900,1900,N/A,ENABLED,59,1900,1900,N/A,ENABLED,59,1900,1900,N/A,ENABLED,48,1520,1520,N/A,ENABLED,48,1520,1520,N/A,ENABLED,48,1520,1520,N/A,ENABLED,48,1520,1520,N/A,ENABLED,1250,1250,1250,N/A,DISABLED,38,1200,1200,N/A,ENABLED,N/A,42,29
1789733388,1,0,0,N/A,"['N/A', 'N/A', 'N/A', 'N/A']","['N/A', 'N/A', 'N/A', 'N/A', 'N/A', 'N/A', 'N/A', 'N/A', 'N/A', 'N/A', 'N/A', 'N/A', 'N/A', 'N/A', 'N/A', 'N/A', 'N/A', 'N/A', 'N/A', 'N/A', 'N/A', 'N/A', 'N/A', 'N/A', 'N/A', 'N/A', 'N/A', 'N/A', 'N/A', 'N/A', 'N/A', 'N/A']","[0, 0, 0, 0, 0, 0, 0, 0]","[0, 0, 0, 0, 0, 0, 0, 0, 0, 0, 0, 0, 0, 0, 0, 0, 0, 0, 0, 0, 0, 0, 0, 0, 0, 0, 0, 0, 0, 0, 0, 0, 0, 0, 0, 0, 0, 0, 0, 0]","[0, 0, 0, 0]",219,N/A,N/A,N/A,N/A,ENABLED,96,500,2400,DISABLED,ENABLED,97,500,2400,DISABLED,ENABLED,97,500,2400,DISABLED,ENABLED,97,500,2400,DISABLED,ENABLED,97,500,2400,DISABLED,ENABLED,97,500,2400,DISABLED,ENABLED,97,500,2400,DISABLED,ENABLED,97,500,2400,DISABLED,ENABLED,1900,1900,1900,N/A,DISABLED,59,1900,1900,N/A,ENABLED,59,1900,1900,N/A,ENABLED,59,1900,1900,N/A,ENABLED,59,1900,1900,N/A,ENABLED,48,1520,1520,N/A,ENABLED,48,1520,1520,N/A,ENABLED,48,1520,1520,N/A,ENABLED,48,1520,1520,N/A,ENABLED,1250,1250,1250,N/A,DISABLED,38,1200,1200,N/A,ENABLED,N/A,41,28
1789733388,2,0,0,N/A,"['N/A', 'N/A', 'N/A', 'N/A']","['N/A', 'N/A', 'N/A', 'N/A', 'N/A', 'N/A', 'N/A', 'N/A', 'N/A', 'N/A', 'N/A', 'N/A', 'N/A', 'N/A', 'N/A', 'N/A', 'N/A', 'N/A', 'N/A', 'N/A', 'N/A', 'N/A', 'N/A', 'N/A', 'N/A', 'N/A', 'N/A', 'N/A', 'N/A', 'N/A', 'N/A', 'N/A']","[0, 0, 0, 0, 0, 0, 0, 0]","[0, 0, 0, 0, 0, 0, 0, 0, 0, 0, 0, 0, 0, 0, 0, 0, 0, 0, 0, 0, 0, 0, 0, 0, 0, 0, 0, 0, 0, 0, 0, 0, 0, 0, 0, 0, 0, 0, 0, 0]","[0, 0, 0, 0]",212,N/A,N/A,N/A,N/A,ENABLED,96,500,2400,DISABLED,ENABLED,97,500,2400,DISABLED,ENABLED,97,500,2400,DISABLED,ENABLED,98,500,2400,DISABLED,ENABLED,97,500,2400,DISABLED,ENABLED,97,500,2400,DISABLED,ENABLED,116,500,2400,DISABLED,ENABLED,116,500,2400,DISABLED,ENABLED,1900,1900,1900,N/A,DISABLED,59,1900,1900,N/A,ENABLED,59,1900,1900,N/A,ENABLED,59,1900,1900,N/A,ENABLED,59,1900,1900,N/A,ENABLED,48,1520,1520,N/A,ENABLED,48,1520,1520,N/A,ENABLED,48,1520,1520,N/A,ENABLED,48,1520,1520,N/A,ENABLED,1250,1250,1250,N/A,DISABLED,38,1200,1200,N/A,ENABLED,N/A,43,28
1789733388,3,0,0,N/A,"['N/A', 'N/A', 'N/A', 'N/A']","['N/A', 'N/A', 'N/A', 'N/A', 'N/A', 'N/A', 'N/A', 'N/A', 'N/A', 'N/A', 'N/A', 'N/A', 'N/A', 'N/A', 'N/A', 'N/A', 'N/A', 'N/A', 'N/A', 'N/A', 'N/A', 'N/A', 'N/A', 'N/A', 'N/A', 'N/A', 'N/A', 'N/A', 'N/A', 'N/A', 'N/A', 'N/A']","[0, 0, 0, 0, 0, 0, 0, 0]","[0, 0, 0, 0, 0, 0, 0, 0, 0, 0, 0, 0, 0, 0, 0, 0, 0, 0, 0, 0, 0, 0, 0, 0, 0, 0, 0, 0, 0, 0, 0, 0, 0, 0, 0, 0, 0, 0, 0, 0]","[0, 0, 0, 0]",221,N/A,N/A,N/A,N/A,ENABLED,581,500,2400,DISABLED,DISABLED,583,500,2400,DISABLED,DISABLED,578,500,2400,DISABLED,DISABLED,583,500,2400,DISABLED,DISABLED,576,500,2400,DISABLED,DISABLED,586,500,2400,DISABLED,DISABLED,581,500,2400,DISABLED,DISABLED,581,500,2400,DISABLED,DISABLED,1900,1900,1900,N/A,DISABLED,59,1900,1900,N/A,ENABLED,59,1900,1900,N/A,ENABLED,59,1900,1900,N/A,ENABLED,59,1900,1900,N/A,ENABLED,48,1520,1520,N/A,ENABLED,48,1520,1520,N/A,ENABLED,48,1520,1520,N/A,ENABLED,48,1520,1520,N/A,ENABLED,1250,1250,1250,N/A,DISABLED,38,1200,1200,N/A,ENABLED,N/A,43,29

1789733389,0,0,0,N/A,"['N/A', 'N/A', 'N/A', 'N/A']","['N/A', 'N/A', 'N/A', 'N/A', 'N/A', 'N/A', 'N/A', 'N/A', 'N/A', 'N/A', 'N/A', 'N/A', 'N/A', 'N/A', 'N/A', 'N/A', 'N/A', 'N/A', 'N/A', 'N/A', 'N/A', 'N/A', 'N/A', 'N/A', 'N/A', 'N/A', 'N/A', 'N/A', 'N/A', 'N/A', 'N/A', 'N/A']","[0, 0, 0, 0, 0, 0, 0, 0]","[0, 0, 0, 0, 0, 0, 0, 0, 0, 0, 0, 0, 0, 0, 0, 0, 0, 0, 0, 0, 0, 0, 0, 0, 0, 0, 0, 0, 0, 0, 0, 0, 0, 0, 0, 0, 0, 0, 0, 0]","[0, 0, 0, 0]",219,N/A,N/A,N/A,N/A,ENABLED,94,500,2400,DISABLED,ENABLED,94,500,2400,DISABLED,ENABLED,94,500,2400,DISABLED,ENABLED,95,500,2400,DISABLED,ENABLED,96,500,2400,DISABLED,ENABLED,96,500,2400,DISABLED,ENABLED,94,500,2400,DISABLED,ENABLED,95,500,2400,DISABLED,ENABLED,1900,1900,1900,N/A,DISABLED,59,1900,1900,N/A,ENABLED,59,1900,1900,N/A,ENABLED,59,1900,1900,N/A,ENABLED,59,1900,1900,N/A,ENABLED,48,1520,1520,N/A,ENABLED,48,1520,1520,N/A,ENABLED,48,1520,1520,N/A,ENABLED,48,1520,1520,N/A,ENABLED,1250,1250,1250,N/A,DISABLED,38,1200,1200,N/A,ENABLED,N/A,42,28
1789733389,1,0,0,N/A,"['N/A', 'N/A', 'N/A', 'N/A']","['N/A', 'N/A', 'N/A', 'N/A', 'N/A', 'N/A', 'N/A', 'N/A', 'N/A', 'N/A', 'N/A', 'N/A', 'N/A', 'N/A', 'N/A', 'N/A', 'N/A', 'N/A', 'N/A', 'N/A', 'N/A', 'N/A', 'N/A', 'N/A', 'N/A', 'N/A', 'N/A', 'N/A', 'N/A', 'N/A', 'N/A', 'N/A']","[0, 0, 0, 0, 0, 0, 0, 0]","[0, 0, 0, 0, 0, 0, 0, 0, 0, 0, 0, 0, 0, 0, 0, 0, 0, 0, 0, 0, 0, 0, 0, 0, 0, 0, 0, 0, 0, 0, 0, 0, 0, 0, 0, 0, 0, 0, 0, 0]","[0, 0, 0, 0]",219,N/A,N/A,N/A,N/A,ENABLED,94,500,2400,DISABLED,ENABLED,95,500,2400,DISABLED,ENABLED,94,500,2400,DISABLED,ENABLED,95,500,2400,DISABLED,ENABLED,94,500,2400,DISABLED,ENABLED,95,500,2400,DISABLED,ENABLED,99,500,2400,DISABLED,ENABLED,99,500,2400,DISABLED,ENABLED,1900,1900,1900,N/A,DISABLED,59,1900,1900,N/A,ENABLED,59,1900,1900,N/A,ENABLED,59,1900,1900,N/A,ENABLED,59,1900,1900,N/A,ENABLED,48,1520,1520,N/A,ENABLED,48,1520,1520,N/A,ENABLED,48,1520,1520,N/A,ENABLED,48,1520,1520,N/A,ENABLED,1250,1250,1250,N/A,DISABLED,38,1200,1200,N/A,ENABLED,N/A,41,28
1789733389,2,0,0,N/A,"['N/A', 'N/A', 'N/A', 'N/A']","['N/A', 'N/A', 'N/A', 'N/A', 'N/A', 'N/A', 'N/A', 'N/A', 'N/A', 'N/A', 'N/A', 'N/A', 'N/A', 'N/A', 'N/A', 'N/A', 'N/A', 'N/A', 'N/A', 'N/A', 'N/A', 'N/A', 'N/A', 'N/A', 'N/A', 'N/A', 'N/A', 'N/A', 'N/A', 'N/A', 'N/A', 'N/A']","[0, 0, 0, 0, 0, 0, 0, 0]","[0, 0, 0, 0, 0, 0, 0, 0, 0, 0, 0, 0, 0, 0, 0, 0, 0, 0, 0, 0, 0, 0, 0, 0, 0, 0, 0, 0, 0, 0, 0, 0, 0, 0, 0, 0, 0, 0, 0, 0]","[0, 0, 0, 0]",212,N/A,N/A,N/A,N/A,ENABLED,94,500,2400,DISABLED,ENABLED,95,500,2400,DISABLED,ENABLED,94,500,2400,DISABLED,ENABLED,95,500,2400,DISABLED,ENABLED,94,500,2400,DISABLED,ENABLED,95,500,2400,DISABLED,ENABLED,108,500,2400,DISABLED,ENABLED,108,500,2400,DISABLED,ENABLED,1900,1900,1900,N/A,DISABLED,59,1900,1900,N/A,ENABLED,59,1900,1900,N/A,ENABLED,59,1900,1900,N/A,ENABLED,59,1900,1900,N/A,ENABLED,48,1520,1520,N/A,ENABLED,48,1520,1520,N/A,ENABLED,48,1520,1520,N/A,ENABLED,48,1520,1520,N/A,ENABLED,1250,1250,1250,N/A,DISABLED,38,1200,1200,N/A,ENABLED,N/A,43,28
1789733389,3,0,0,N/A,"['N/A', 'N/A', 'N/A', 'N/A']","['N/A', 'N/A', 'N/A', 'N/A', 'N/A', 'N/A', 'N/A', 'N/A', 'N/A', 'N/A', 'N/A', 'N/A', 'N/A', 'N/A', 'N/A', 'N/A', 'N/A', 'N/A', 'N/A', 'N/A', 'N/A', 'N/A', 'N/A', 'N/A', 'N/A', 'N/A', 'N/A', 'N/A', 'N/A', 'N/A', 'N/A', 'N/A']","[0, 0, 0, 0, 0, 0, 0, 0]","[0, 0, 0, 0, 0, 0, 0, 0, 0, 0, 0, 0, 0, 0, 0, 0, 0, 0, 0, 0, 0, 0, 0, 0, 0, 0, 0, 0, 0, 0, 0, 0, 0, 0, 0, 0, 0, 0, 0, 0]","[0, 0, 0, 0]",219,N/A,N/A,N/A,N/A,ENABLED,501,500,2400,DISABLED,DISABLED,501,500,2400,DISABLED,DISABLED,501,500,2400,DISABLED,DISABLED,506,500,2400,DISABLED,DISABLED,499,500,2400,DISABLED,ENABLED,510,500,2400,DISABLED,DISABLED,504,500,2400,DISABLED,DISABLED,504,500,2400,DISABLED,DISABLED,1900,1900,1900,N/A,DISABLED,59,1900,1900,N/A,ENABLED,59,1900,1900,N/A,ENABLED,59,1900,1900,N/A,ENABLED,59,1900,1900,N/A,ENABLED,48,1520,1520,N/A,ENABLED,48,1520,1520,N/A,ENABLED,48,1520,1520,N/A,ENABLED,48,1520,1520,N/A,ENABLED,1250,1250,1250,N/A,DISABLED,38,1200,1200,N/A,ENABLED,N/A,43,29

1789733390,0,0,0,N/A,"['N/A', 'N/A', 'N/A', 'N/A']","['N/A', 'N/A', 'N/A', 'N/A', 'N/A', 'N/A', 'N/A', 'N/A', 'N/A', 'N/A', 'N/A', 'N/A', 'N/A', 'N/A', 'N/A', 'N/A', 'N/A', 'N/A', 'N/A', 'N/A', 'N/A', 'N/A', 'N/A', 'N/A', 'N/A', 'N/A', 'N/A', 'N/A', 'N/A', 'N/A', 'N/A', 'N/A']","[0, 0, 0, 0, 0, 0, 0, 0]","[0, 0, 0, 0, 0, 0, 0, 0, 0, 0, 0, 0, 0, 0, 0, 0, 0, 0, 0, 0, 0, 0, 0, 0, 0, 0, 0, 0, 0, 0, 0, 0, 0, 0, 0, 0, 0, 0, 0, 0]","[0, 0, 0, 0]",219,N/A,N/A,N/A,N/A,ENABLED,94,500,2400,DISABLED,ENABLED,94,500,2400,DISABLED,ENABLED,94,500,2400,DISABLED,ENABLED,95,500,2400,DISABLED,ENABLED,94,500,2400,DISABLED,ENABLED,94,500,2400,DISABLED,ENABLED,94,500,2400,DISABLED,ENABLED,95,500,2400,DISABLED,ENABLED,1900,1900,1900,N/A,DISABLED,59,1900,1900,N/A,ENABLED,59,1900,1900,N/A,ENABLED,59,1900,1900,N/A,ENABLED,59,1900,1900,N/A,ENABLED,48,1520,1520,N/A,ENABLED,48,1520,1520,N/A,ENABLED,48,1520,1520,N/A,ENABLED,48,1520,1520,N/A,ENABLED,1250,1250,1250,N/A,DISABLED,38,1200,1200,N/A,ENABLED,N/A,42,28
1789733390,1,0,0,N/A,"['N/A', 'N/A', 'N/A', 'N/A']","['N/A', 'N/A', 'N/A', 'N/A', 'N/A', 'N/A', 'N/A', 'N/A', 'N/A', 'N/A', 'N/A', 'N/A', 'N/A', 'N/A', 'N/A', 'N/A', 'N/A', 'N/A', 'N/A', 'N/A', 'N/A', 'N/A', 'N/A', 'N/A', 'N/A', 'N/A', 'N/A', 'N/A', 'N/A', 'N/A', 'N/A', 'N/A']","[0, 0, 0, 0, 0, 0, 0, 0]","[0, 0, 0, 0, 0, 0, 0, 0, 0, 0, 0, 0, 0, 0, 0, 0, 0, 0, 0, 0, 0, 0, 0, 0, 0, 0, 0, 0, 0, 0, 0, 0, 0, 0, 0, 0, 0, 0, 0, 0]","[0, 0, 0, 0]",219,N/A,N/A,N/A,N/A,ENABLED,94,500,2400,DISABLED,ENABLED,95,500,2400,DISABLED,ENABLED,94,500,2400,DISABLED,ENABLED,95,500,2400,DISABLED,ENABLED,94,500,2400,DISABLED,ENABLED,95,500,2400,DISABLED,ENABLED,94,500,2400,DISABLED,ENABLED,94,500,2400,DISABLED,ENABLED,1900,1900,1900,N/A,DISABLED,59,1900,1900,N/A,ENABLED,59,1900,1900,N/A,ENABLED,59,1900,1900,N/A,ENABLED,59,1900,1900,N/A,ENABLED,48,1520,1520,N/A,ENABLED,48,1520,1520,N/A,ENABLED,48,1520,1520,N/A,ENABLED,48,1520,1520,N/A,ENABLED,1250,1250,1250,N/A,DISABLED,38,1200,1200,N/A,ENABLED,N/A,41,28
1789733390,2,0,0,N/A,"['N/A', 'N/A', 'N/A', 'N/A']","['N/A', 'N/A', 'N/A', 'N/A', 'N/A', 'N/A', 'N/A', 'N/A', 'N/A', 'N/A', 'N/A', 'N/A', 'N/A', 'N/A', 'N/A', 'N/A', 'N/A', 'N/A', 'N/A', 'N/A', 'N/A', 'N/A', 'N/A', 'N/A', 'N/A', 'N/A', 'N/A', 'N/A', 'N/A', 'N/A', 'N/A', 'N/A']","[0, 0, 0, 0, 0, 0, 0, 0]","[0, 0, 0, 0, 0, 0, 0, 0, 0, 0, 0, 0, 0, 0, 0, 0, 0, 0, 0, 0, 0, 0, 0, 0, 0, 0, 0, 0, 0, 0, 0, 0, 0, 0, 0, 0, 0, 0, 0, 0]","[0, 0, 0, 0]",211,N/A,N/A,N/A,N/A,ENABLED,94,500,2400,DISABLED,ENABLED,95,500,2400,DISABLED,ENABLED,94,500,2400,DISABLED,ENABLED,95,500,2400,DISABLED,ENABLED,94,500,2400,DISABLED,ENABLED,95,500,2400,DISABLED,ENABLED,107,500,2400,DISABLED,ENABLED,106,500,2400,DISABLED,ENABLED,1900,1900,1900,N/A,DISABLED,59,1900,1900,N/A,ENABLED,59,1900,1900,N/A,ENABLED,59,1900,1900,N/A,ENABLED,59,1900,1900,N/A,ENABLED,48,1520,1520,N/A,ENABLED,48,1520,1520,N/A,ENABLED,48,1520,1520,N/A,ENABLED,48,1520,1520,N/A,ENABLED,1250,1250,1250,N/A,DISABLED,38,1200,1200,N/A,ENABLED,N/A,43,28
1789733390,3,0,0,N/A,"['N/A', 'N/A', 'N/A', 'N/A']","['N/A', 'N/A', 'N/A', 'N/A', 'N/A', 'N/A', 'N/A', 'N/A', 'N/A', 'N/A', 'N/A', 'N/A', 'N/A', 'N/A', 'N/A', 'N/A', 'N/A', 'N/A', 'N/A', 'N/A', 'N/A', 'N/A', 'N/A', 'N/A', 'N/A', 'N/A', 'N/A', 'N/A', 'N/A', 'N/A', 'N/A', 'N/A']","[0, 0, 0, 0, 0, 0, 0, 0]","[0, 0, 0, 0, 0, 0, 0, 0, 0, 0, 0, 0, 0, 0, 0, 0, 0, 0, 0, 0, 0, 0, 0, 0, 0, 0, 0, 0, 0, 0, 0, 0, 0, 0, 0, 0, 0, 0, 0, 0]","[0, 0, 0, 0]",219,N/A,N/A,N/A,N/A,ENABLED,501,500,2400,DISABLED,DISABLED,500,500,2400,DISABLED,DISABLED,501,500,2400,DISABLED,DISABLED,506,500,2400,DISABLED,DISABLED,499,500,2400,DISABLED,ENABLED,510,500,2400,DISABLED,DISABLED,504,500,2400,DISABLED,DISABLED,504,500,2400,DISABLED,DISABLED,1900,1900,1900,N/A,DISABLED,59,1900,1900,N/A,ENABLED,59,1900,1900,N/A,ENABLED,59,1900,1900,N/A,ENABLED,59,1900,1900,N/A,ENABLED,48,1520,1520,N/A,ENABLED,48,1520,1520,N/A,ENABLED,48,1520,1520,N/A,ENABLED,48,1520,1520,N/A,ENABLED,1250,1250,1250,N/A,DISABLED,38,1200,1200,N/A,ENABLED,N/A,43,29

1789733391,0,0,0,N/A,"['N/A', 'N/A', 'N/A', 'N/A']","['N/A', 'N/A', 'N/A', 'N/A', 'N/A', 'N/A', 'N/A', 'N/A', 'N/A', 'N/A', 'N/A', 'N/A', 'N/A', 'N/A', 'N/A', 'N/A', 'N/A', 'N/A', 'N/A', 'N/A', 'N/A', 'N/A', 'N/A', 'N/A', 'N/A', 'N/A', 'N/A', 'N/A', 'N/A', 'N/A', 'N/A', 'N/A']","[0, 0, 0, 0, 0, 0, 0, 0]","[0, 0, 0, 0, 0, 0, 0, 0, 0, 0, 0, 0, 0, 0, 0, 0, 0, 0, 0, 0, 0, 0, 0, 0, 0, 0, 0, 0, 0, 0, 0, 0, 0, 0, 0, 0, 0, 0, 0, 0]","[0, 0, 0, 0]",218,N/A,N/A,N/A,N/A,ENABLED,94,500,2400,DISABLED,ENABLED,94,500,2400,DISABLED,ENABLED,94,500,2400,DISABLED,ENABLED,95,500,2400,DISABLED,ENABLED,95,500,2400,DISABLED,ENABLED,95,500,2400,DISABLED,ENABLED,94,500,2400,DISABLED,ENABLED,95,500,2400,DISABLED,ENABLED,1900,1900,1900,N/A,DISABLED,59,1900,1900,N/A,ENABLED,59,1900,1900,N/A,ENABLED,59,1900,1900,N/A,ENABLED,59,1900,1900,N/A,ENABLED,48,1520,1520,N/A,ENABLED,48,1520,1520,N/A,ENABLED,48,1520,1520,N/A,ENABLED,48,1520,1520,N/A,ENABLED,1250,1250,1250,N/A,DISABLED,38,1200,1200,N/A,ENABLED,N/A,42,28
1789733391,1,0,0,N/A,"['N/A', 'N/A', 'N/A', 'N/A']","['N/A', 'N/A', 'N/A', 'N/A', 'N/A', 'N/A', 'N/A', 'N/A', 'N/A', 'N/A', 'N/A', 'N/A', 'N/A', 'N/A', 'N/A', 'N/A', 'N/A', 'N/A', 'N/A', 'N/A', 'N/A', 'N/A', 'N/A', 'N/A', 'N/A', 'N/A', 'N/A', 'N/A', 'N/A', 'N/A', 'N/A', 'N/A']","[0, 0, 0, 0, 0, 0, 0, 0]","[0, 0, 0, 0, 0, 0, 0, 0, 0, 0, 0, 0, 0, 0, 0, 0, 0, 0, 0, 0, 0, 0, 0, 0, 0, 0, 0, 0, 0, 0, 0, 0, 0, 0, 0, 0, 0, 0, 0, 0]","[0, 0, 0, 0]",219,N/A,N/A,N/A,N/A,ENABLED,94,500,2400,DISABLED,ENABLED,95,500,2400,DISABLED,ENABLED,94,500,2400,DISABLED,ENABLED,95,500,2400,DISABLED,ENABLED,94,500,2400,DISABLED,ENABLED,95,500,2400,DISABLED,ENABLED,94,500,2400,DISABLED,ENABLED,94,500,2400,DISABLED,ENABLED,1900,1900,1900,N/A,DISABLED,59,1900,1900,N/A,ENABLED,59,1900,1900,N/A,ENABLED,59,1900,1900,N/A,ENABLED,59,1900,1900,N/A,ENABLED,48,1520,1520,N/A,ENABLED,48,1520,1520,N/A,ENABLED,48,1520,1520,N/A,ENABLED,48,1520,1520,N/A,ENABLED,1250,1250,1250,N/A,DISABLED,38,1200,1200,N/A,ENABLED,N/A,41,28
1789733391,2,0,0,N/A,"['N/A', 'N/A', 'N/A', 'N/A']","['N/A', 'N/A', 'N/A', 'N/A', 'N/A', 'N/A', 'N/A', 'N/A', 'N/A', 'N/A', 'N/A', 'N/A', 'N/A', 'N/A', 'N/A', 'N/A', 'N/A', 'N/A', 'N/A', 'N/A', 'N/A', 'N/A', 'N/A', 'N/A', 'N/A', 'N/A', 'N/A', 'N/A', 'N/A', 'N/A', 'N/A', 'N/A']","[0, 0, 0, 0, 0, 0, 0, 0]","[0, 0, 0, 0, 0, 0, 0, 0, 0, 0, 0, 0, 0, 0, 0, 0, 0, 0, 0, 0, 0, 0, 0, 0, 0, 0, 0, 0, 0, 0, 0, 0, 0, 0, 0, 0, 0, 0, 0, 0]","[0, 0, 0, 0]",211,N/A,N/A,N/A,N/A,ENABLED,94,500,2400,DISABLED,ENABLED,95,500,2400,DISABLED,ENABLED,94,500,2400,DISABLED,ENABLED,95,500,2400,DISABLED,ENABLED,94,500,2400,DISABLED,ENABLED,95,500,2400,DISABLED,ENABLED,110,500,2400,DISABLED,ENABLED,109,500,2400,DISABLED,ENABLED,1900,1900,1900,N/A,DISABLED,59,1900,1900,N/A,ENABLED,59,1900,1900,N/A,ENABLED,59,1900,1900,N/A,ENABLED,59,1900,1900,N/A,ENABLED,48,1520,1520,N/A,ENABLED,48,1520,1520,N/A,ENABLED,48,1520,1520,N/A,ENABLED,48,1520,1520,N/A,ENABLED,1250,1250,1250,N/A,DISABLED,38,1200,1200,N/A,ENABLED,N/A,43,28
1789733391,3,0,0,N/A,"['N/A', 'N/A', 'N/A', 'N/A']","['N/A', 'N/A', 'N/A', 'N/A', 'N/A', 'N/A', 'N/A', 'N/A', 'N/A', 'N/A', 'N/A', 'N/A', 'N/A', 'N/A', 'N/A', 'N/A', 'N/A', 'N/A', 'N/A', 'N/A', 'N/A', 'N/A', 'N/A', 'N/A', 'N/A', 'N/A', 'N/A', 'N/A', 'N/A', 'N/A', 'N/A', 'N/A']","[0, 0, 0, 0, 0, 0, 0, 0]","[0, 0, 0, 0, 0, 0, 0, 0, 0, 0, 0, 0, 0, 0, 0, 0, 0, 0, 0, 0, 0, 0, 0, 0, 0, 0, 0, 0, 0, 0, 0, 0, 0, 0, 0, 0, 0, 0, 0, 0]","[0, 0, 0, 0]",219,N/A,N/A,N/A,N/A,ENABLED,502,500,2400,DISABLED,DISABLED,501,500,2400,DISABLED,DISABLED,501,500,2400,DISABLED,DISABLED,506,500,2400,DISABLED,DISABLED,499,500,2400,DISABLED,ENABLED,510,500,2400,DISABLED,DISABLED,504,500,2400,DISABLED,DISABLED,504,500,2400,DISABLED,DISABLED,1900,1900,1900,N/A,DISABLED,59,1900,1900,N/A,ENABLED,59,1900,1900,N/A,ENABLED,59,1900,1900,N/A,ENABLED,59,1900,1900,N/A,ENABLED,48,1520,1520,N/A,ENABLED,48,1520,1520,N/A,ENABLED,48,1520,1520,N/A,ENABLED,48,1520,1520,N/A,ENABLED,1250,1250,1250,N/A,DISABLED,38,1200,1200,N/A,ENABLED,N/A,42,29

1789733392,0,0,0,N/A,"['N/A', 'N/A', 'N/A', 'N/A']","['N/A', 'N/A', 'N/A', 'N/A', 'N/A', 'N/A', 'N/A', 'N/A', 'N/A', 'N/A', 'N/A', 'N/A', 'N/A', 'N/A', 'N/A', 'N/A', 'N/A', 'N/A', 'N/A', 'N/A', 'N/A', 'N/A', 'N/A', 'N/A', 'N/A', 'N/A', 'N/A', 'N/A', 'N/A', 'N/A', 'N/A', 'N/A']","[0, 0, 0, 0, 0, 0, 0, 0]","[0, 0, 0, 0, 0, 0, 0, 0, 0, 0, 0, 0, 0, 0, 0, 0, 0, 0, 0, 0, 0, 0, 0, 0, 0, 0, 0, 0, 0, 0, 0, 0, 0, 0, 0, 0, 0, 0, 0, 0]","[0, 0, 0, 0]",218,N/A,N/A,N/A,N/A,ENABLED,94,500,2400,DISABLED,ENABLED,94,500,2400,DISABLED,ENABLED,94,500,2400,DISABLED,ENABLED,95,500,2400,DISABLED,ENABLED,98,500,2400,DISABLED,ENABLED,98,500,2400,DISABLED,ENABLED,94,500,2400,DISABLED,ENABLED,95,500,2400,DISABLED,ENABLED,1900,1900,1900,N/A,DISABLED,59,1900,1900,N/A,ENABLED,59,1900,1900,N/A,ENABLED,59,1900,1900,N/A,ENABLED,59,1900,1900,N/A,ENABLED,48,1520,1520,N/A,ENABLED,48,1520,1520,N/A,ENABLED,48,1520,1520,N/A,ENABLED,48,1520,1520,N/A,ENABLED,1250,1250,1250,N/A,DISABLED,38,1200,1200,N/A,ENABLED,N/A,42,28
1789733392,1,0,0,N/A,"['N/A', 'N/A', 'N/A', 'N/A']","['N/A', 'N/A', 'N/A', 'N/A', 'N/A', 'N/A', 'N/A', 'N/A', 'N/A', 'N/A', 'N/A', 'N/A', 'N/A', 'N/A', 'N/A', 'N/A', 'N/A', 'N/A', 'N/A', 'N/A', 'N/A', 'N/A', 'N/A', 'N/A', 'N/A', 'N/A', 'N/A', 'N/A', 'N/A', 'N/A', 'N/A', 'N/A']","[0, 0, 0, 0, 0, 0, 0, 0]","[0, 0, 0, 0, 0, 0, 0, 0, 0, 0, 0, 0, 0, 0, 0, 0, 0, 0, 0, 0, 0, 0, 0, 0, 0, 0, 0, 0, 0, 0, 0, 0, 0, 0, 0, 0, 0, 0, 0, 0]","[0, 0, 0, 0]",220,N/A,N/A,N/A,N/A,ENABLED,94,500,2400,DISABLED,ENABLED,95,500,2400,DISABLED,ENABLED,94,500,2400,DISABLED,ENABLED,95,500,2400,DISABLED,ENABLED,94,500,2400,DISABLED,ENABLED,95,500,2400,DISABLED,ENABLED,95,500,2400,DISABLED,ENABLED,95,500,2400,DISABLED,ENABLED,1900,1900,1900,N/A,DISABLED,59,1900,1900,N/A,ENABLED,59,1900,1900,N/A,ENABLED,59,1900,1900,N/A,ENABLED,59,1900,1900,N/A,ENABLED,48,1520,1520,N/A,ENABLED,48,1520,1520,N/A,ENABLED,48,1520,1520,N/A,ENABLED,48,1520,1520,N/A,ENABLED,1250,1250,1250,N/A,DISABLED,38,1200,1200,N/A,ENABLED,N/A,41,28
1789733392,2,0,0,N/A,"['N/A', 'N/A', 'N/A', 'N/A']","['N/A', 'N/A', 'N/A', 'N/A', 'N/A', 'N/A', 'N/A', 'N/A', 'N/A', 'N/A', 'N/A', 'N/A', 'N/A', 'N/A', 'N/A', 'N/A', 'N/A', 'N/A', 'N/A', 'N/A', 'N/A', 'N/A', 'N/A', 'N/A', 'N/A', 'N/A', 'N/A', 'N/A', 'N/A', 'N/A', 'N/A', 'N/A']","[0, 0, 0, 0, 0, 0, 0, 0]","[0, 0, 0, 0, 0, 0, 0, 0, 0, 0, 0, 0, 0, 0, 0, 0, 0, 0, 0, 0, 0, 0, 0, 0, 0, 0, 0, 0, 0, 0, 0, 0, 0, 0, 0, 0, 0, 0, 0, 0]","[0, 0, 0, 0]",211,N/A,N/A,N/A,N/A,ENABLED,94,500,2400,DISABLED,ENABLED,95,500,2400,DISABLED,ENABLED,94,500,2400,DISABLED,ENABLED,95,500,2400,DISABLED,ENABLED,94,500,2400,DISABLED,ENABLED,95,500,2400,DISABLED,ENABLED,110,500,2400,DISABLED,ENABLED,109,500,2400,DISABLED,ENABLED,1900,1900,1900,N/A,DISABLED,59,1900,1900,N/A,ENABLED,59,1900,1900,N/A,ENABLED,59,1900,1900,N/A,ENABLED,59,1900,1900,N/A,ENABLED,48,1520,1520,N/A,ENABLED,48,1520,1520,N/A,ENABLED,48,1520,1520,N/A,ENABLED,48,1520,1520,N/A,ENABLED,1250,1250,1250,N/A,DISABLED,38,1200,1200,N/A,ENABLED,N/A,43,28
1789733392,3,0,0,N/A,"['N/A', 'N/A', 'N/A', 'N/A']","['N/A', 'N/A', 'N/A', 'N/A', 'N/A', 'N/A', 'N/A', 'N/A', 'N/A', 'N/A', 'N/A', 'N/A', 'N/A', 'N/A', 'N/A', 'N/A', 'N/A', 'N/A', 'N/A', 'N/A', 'N/A', 'N/A', 'N/A', 'N/A', 'N/A', 'N/A', 'N/A', 'N/A', 'N/A', 'N/A', 'N/A', 'N/A']","[0, 0, 0, 0, 0, 0, 0, 0]","[0, 0, 0, 0, 0, 0, 0, 0, 0, 0, 0, 0, 0, 0, 0, 0, 0, 0, 0, 0, 0, 0, 0, 0, 0, 0, 0, 0, 0, 0, 0, 0, 0, 0, 0, 0, 0, 0, 0, 0]","[0, 0, 0, 0]",219,N/A,N/A,N/A,N/A,ENABLED,502,500,2400,DISABLED,DISABLED,501,500,2400,DISABLED,DISABLED,502,500,2400,DISABLED,DISABLED,506,500,2400,DISABLED,DISABLED,499,500,2400,DISABLED,ENABLED,510,500,2400,DISABLED,DISABLED,504,500,2400,DISABLED,DISABLED,504,500,2400,DISABLED,DISABLED,1900,1900,1900,N/A,DISABLED,59,1900,1900,N/A,ENABLED,59,1900,1900,N/A,ENABLED,59,1900,1900,N/A,ENABLED,59,1900,1900,N/A,ENABLED,48,1520,1520,N/A,ENABLED,48,1520,1520,N/A,ENABLED,48,1520,1520,N/A,ENABLED,48,1520,1520,N/A,ENABLED,1250,1250,1250,N/A,DISABLED,38,1200,1200,N/A,ENABLED,N/A,42,29

1789733393,0,0,0,N/A,"['N/A', 'N/A', 'N/A', 'N/A']","['N/A', 'N/A', 'N/A', 'N/A', 'N/A', 'N/A', 'N/A', 'N/A', 'N/A', 'N/A', 'N/A', 'N/A', 'N/A', 'N/A', 'N/A', 'N/A', 'N/A', 'N/A', 'N/A', 'N/A', 'N/A', 'N/A', 'N/A', 'N/A', 'N/A', 'N/A', 'N/A', 'N/A', 'N/A', 'N/A', 'N/A', 'N/A']","[0, 0, 0, 0, 0, 0, 0, 0]","[0, 0, 0, 0, 0, 0, 0, 0, 0, 0, 0, 0, 0, 0, 0, 0, 0, 0, 0, 0, 0, 0, 0, 0, 0, 0, 0, 0, 0, 0, 0, 0, 0, 0, 0, 0, 0, 0, 0, 0]","[0, 0, 0, 0]",218,N/A,N/A,N/A,N/A,ENABLED,94,500,2400,DISABLED,ENABLED,94,500,2400,DISABLED,ENABLED,94,500,2400,DISABLED,ENABLED,95,500,2400,DISABLED,ENABLED,101,500,2400,DISABLED,ENABLED,101,500,2400,DISABLED,ENABLED,94,500,2400,DISABLED,ENABLED,95,500,2400,DISABLED,ENABLED,1900,1900,1900,N/A,DISABLED,59,1900,1900,N/A,ENABLED,59,1900,1900,N/A,ENABLED,59,1900,1900,N/A,ENABLED,59,1900,1900,N/A,ENABLED,48,1520,1520,N/A,ENABLED,48,1520,1520,N/A,ENABLED,48,1520,1520,N/A,ENABLED,48,1520,1520,N/A,ENABLED,1250,1250,1250,N/A,DISABLED,38,1200,1200,N/A,ENABLED,N/A,42,28
1789733393,1,0,0,N/A,"['N/A', 'N/A', 'N/A', 'N/A']","['N/A', 'N/A', 'N/A', 'N/A', 'N/A', 'N/A', 'N/A', 'N/A', 'N/A', 'N/A', 'N/A', 'N/A', 'N/A', 'N/A', 'N/A', 'N/A', 'N/A', 'N/A', 'N/A', 'N/A', 'N/A', 'N/A', 'N/A', 'N/A', 'N/A', 'N/A', 'N/A', 'N/A', 'N/A', 'N/A', 'N/A', 'N/A']","[0, 0, 0, 0, 0, 0, 0, 0]","[0, 0, 0, 0, 0, 0, 0, 0, 0, 0, 0, 0, 0, 0, 0, 0, 0, 0, 0, 0, 0, 0, 0, 0, 0, 0, 0, 0, 0, 0, 0, 0, 0, 0, 0, 0, 0, 0, 0, 0]","[0, 0, 0, 0]",219,N/A,N/A,N/A,N/A,ENABLED,94,500,2400,DISABLED,ENABLED,95,500,2400,DISABLED,ENABLED,94,500,2400,DISABLED,ENABLED,95,500,2400,DISABLED,ENABLED,94,500,2400,DISABLED,ENABLED,95,500,2400,DISABLED,ENABLED,97,500,2400,DISABLED,ENABLED,97,500,2400,DISABLED,ENABLED,1900,1900,1900,N/A,DISABLED,59,1900,1900,N/A,ENABLED,59,1900,1900,N/A,ENABLED,59,1900,1900,N/A,ENABLED,59,1900,1900,N/A,ENABLED,48,1520,1520,N/A,ENABLED,48,1520,1520,N/A,ENABLED,48,1520,1520,N/A,ENABLED,48,1520,1520,N/A,ENABLED,1250,1250,1250,N/A,DISABLED,38,1200,1200,N/A,ENABLED,N/A,41,28
1789733393,2,0,0,N/A,"['N/A', 'N/A', 'N/A', 'N/A']","['N/A', 'N/A', 'N/A', 'N/A', 'N/A', 'N/A', 'N/A', 'N/A', 'N/A', 'N/A', 'N/A', 'N/A', 'N/A', 'N/A', 'N/A', 'N/A', 'N/A', 'N/A', 'N/A', 'N/A', 'N/A', 'N/A', 'N/A', 'N/A', 'N/A', 'N/A', 'N/A', 'N/A', 'N/A', 'N/A', 'N/A', 'N/A']","[0, 0, 0, 0, 0, 0, 0, 0]","[0, 0, 0, 0, 0, 0, 0, 0, 0, 0, 0, 0, 0, 0, 0, 0, 0, 0, 0, 0, 0, 0, 0, 0, 0, 0, 0, 0, 0, 0, 0, 0, 0, 0, 0, 0, 0, 0, 0, 0]","[0, 0, 0, 0]",212,N/A,N/A,N/A,N/A,ENABLED,94,500,2400,DISABLED,ENABLED,95,500,2400,DISABLED,ENABLED,94,500,2400,DISABLED,ENABLED,95,500,2400,DISABLED,ENABLED,94,500,2400,DISABLED,ENABLED,95,500,2400,DISABLED,ENABLED,107,500,2400,DISABLED,ENABLED,107,500,2400,DISABLED,ENABLED,1900,1900,1900,N/A,DISABLED,59,1900,1900,N/A,ENABLED,59,1900,1900,N/A,ENABLED,59,1900,1900,N/A,ENABLED,59,1900,1900,N/A,ENABLED,48,1520,1520,N/A,ENABLED,48,1520,1520,N/A,ENABLED,48,1520,1520,N/A,ENABLED,48,1520,1520,N/A,ENABLED,1250,1250,1250,N/A,DISABLED,38,1200,1200,N/A,ENABLED,N/A,43,28
1789733393,3,89,22,N/A,"['N/A', 'N/A', 'N/A', 'N/A']","['N/A', 'N/A', 'N/A', 'N/A', 'N/A', 'N/A', 'N/A', 'N/A', 'N/A', 'N/A', 'N/A', 'N/A', 'N/A', 'N/A', 'N/A', 'N/A', 'N/A', 'N/A', 'N/A', 'N/A', 'N/A', 'N/A', 'N/A', 'N/A', 'N/A', 'N/A', 'N/A', 'N/A', 'N/A', 'N/A', 'N/A', 'N/A']","[89, 89, 89, 89, 89, 89, 89, 89]","[0, 0, 0, 0, 0, 0, 0, 0, 0, 0, 0, 0, 0, 0, 0, 0, 0, 0, 0, 0, 0, 0, 0, 0, 0, 0, 0, 0, 0, 0, 0, 0, 0, 0, 0, 0, 0, 0, 0, 0]","[0, 0, 0, 0]",1052,N/A,N/A,N/A,N/A,ENABLED,2006,500,2400,DISABLED,DISABLED,2002,500,2400,DISABLED,DISABLED,2004,500,2400,DISABLED,DISABLED,1979,500,2400,DISABLED,DISABLED,2056,500,2400,DISABLED,DISABLED,2015,500,2400,DISABLED,DISABLED,2032,500,2400,DISABLED,DISABLED,2011,500,2400,DISABLED,DISABLED,1900,1900,1900,N/A,DISABLED,59,1900,1900,N/A,ENABLED,59,1900,1900,N/A,ENABLED,59,1900,1900,N/A,ENABLED,59,1900,1900,N/A,ENABLED,48,1520,1520,N/A,ENABLED,48,1520,1520,N/A,ENABLED,48,1520,1520,N/A,ENABLED,48,1520,1520,N/A,ENABLED,1250,1250,1250,N/A,DISABLED,76,1200,1200,N/A,ENABLED,N/A,43,39

1789733395,0,0,0,N/A,"['N/A', 'N/A', 'N/A', 'N/A']","['N/A', 'N/A', 'N/A', 'N/A', 'N/A', 'N/A', 'N/A', 'N/A', 'N/A', 'N/A', 'N/A', 'N/A', 'N/A', 'N/A', 'N/A', 'N/A', 'N/A', 'N/A', 'N/A', 'N/A', 'N/A', 'N/A', 'N/A', 'N/A', 'N/A', 'N/A', 'N/A', 'N/A', 'N/A', 'N/A', 'N/A', 'N/A']","[0, 0, 0, 0, 0, 0, 0, 0]","[0, 0, 0, 0, 0, 0, 0, 0, 0, 0, 0, 0, 0, 0, 0, 0, 0, 0, 0, 0, 0, 0, 0, 0, 0, 0, 0, 0, 0, 0, 0, 0, 0, 0, 0, 0, 0, 0, 0, 0]","[0, 0, 0, 0]",219,N/A,N/A,N/A,N/A,ENABLED,94,500,2400,DISABLED,ENABLED,94,500,2400,DISABLED,ENABLED,94,500,2400,DISABLED,ENABLED,95,500,2400,DISABLED,ENABLED,95,500,2400,DISABLED,ENABLED,95,500,2400,DISABLED,ENABLED,94,500,2400,DISABLED,ENABLED,95,500,2400,DISABLED,ENABLED,1900,1900,1900,N/A,DISABLED,59,1900,1900,N/A,ENABLED,59,1900,1900,N/A,ENABLED,59,1900,1900,N/A,ENABLED,59,1900,1900,N/A,ENABLED,48,1520,1520,N/A,ENABLED,48,1520,1520,N/A,ENABLED,48,1520,1520,N/A,ENABLED,48,1520,1520,N/A,ENABLED,1250,1250,1250,N/A,DISABLED,38,1200,1200,N/A,ENABLED,N/A,42,28
1789733395,1,0,0,N/A,"['N/A', 'N/A', 'N/A', 'N/A']","['N/A', 'N/A', 'N/A', 'N/A', 'N/A', 'N/A', 'N/A', 'N/A', 'N/A', 'N/A', 'N/A', 'N/A', 'N/A', 'N/A', 'N/A', 'N/A', 'N/A', 'N/A', 'N/A', 'N/A', 'N/A', 'N/A', 'N/A', 'N/A', 'N/A', 'N/A', 'N/A', 'N/A', 'N/A', 'N/A', 'N/A', 'N/A']","[0, 0, 0, 0, 0, 0, 0, 0]","[0, 0, 0, 0, 0, 0, 0, 0, 0, 0, 0, 0, 0, 0, 0, 0, 0, 0, 0, 0, 0, 0, 0, 0, 0, 0, 0, 0, 0, 0, 0, 0, 0, 0, 0, 0, 0, 0, 0, 0]","[0, 0, 0, 0]",219,N/A,N/A,N/A,N/A,ENABLED,94,500,2400,DISABLED,ENABLED,95,500,2400,DISABLED,ENABLED,94,500,2400,DISABLED,ENABLED,95,500,2400,DISABLED,ENABLED,94,500,2400,DISABLED,ENABLED,95,500,2400,DISABLED,ENABLED,94,500,2400,DISABLED,ENABLED,94,500,2400,DISABLED,ENABLED,1900,1900,1900,N/A,DISABLED,59,1900,1900,N/A,ENABLED,59,1900,1900,N/A,ENABLED,59,1900,1900,N/A,ENABLED,59,1900,1900,N/A,ENABLED,48,1520,1520,N/A,ENABLED,48,1520,1520,N/A,ENABLED,48,1520,1520,N/A,ENABLED,48,1520,1520,N/A,ENABLED,1250,1250,1250,N/A,DISABLED,38,1200,1200,N/A,ENABLED,N/A,41,28
1789733395,2,0,0,N/A,"['N/A', 'N/A', 'N/A', 'N/A']","['N/A', 'N/A', 'N/A', 'N/A', 'N/A', 'N/A', 'N/A', 'N/A', 'N/A', 'N/A', 'N/A', 'N/A', 'N/A', 'N/A', 'N/A', 'N/A', 'N/A', 'N/A', 'N/A', 'N/A', 'N/A', 'N/A', 'N/A', 'N/A', 'N/A', 'N/A', 'N/A', 'N/A', 'N/A', 'N/A', 'N/A', 'N/A']","[0, 0, 0, 0, 0, 0, 0, 0]","[0, 0, 0, 0, 0, 0, 0, 0, 0, 0, 0, 0, 0, 0, 0, 0, 0, 0, 0, 0, 0, 0, 0, 0, 0, 0, 0, 0, 0, 0, 0, 0, 0, 0, 0, 0, 0, 0, 0, 0]","[0, 0, 0, 0]",211,N/A,N/A,N/A,N/A,ENABLED,94,500,2400,DISABLED,ENABLED,94,500,2400,DISABLED,ENABLED,94,500,2400,DISABLED,ENABLED,95,500,2400,DISABLED,ENABLED,95,500,2400,DISABLED,ENABLED,95,500,2400,DISABLED,ENABLED,112,500,2400,DISABLED,ENABLED,112,500,2400,DISABLED,ENABLED,1900,1900,1900,N/A,DISABLED,59,1900,1900,N/A,ENABLED,59,1900,1900,N/A,ENABLED,59,1900,1900,N/A,ENABLED,59,1900,1900,N/A,ENABLED,48,1520,1520,N/A,ENABLED,48,1520,1520,N/A,ENABLED,48,1520,1520,N/A,ENABLED,48,1520,1520,N/A,ENABLED,1250,1250,1250,N/A,DISABLED,38,1200,1200,N/A,ENABLED,N/A,43,28
1789733395,3,23,5,N/A,"['N/A', 'N/A', 'N/A', 'N/A']","['N/A', 'N/A', 'N/A', 'N/A', 'N/A', 'N/A', 'N/A', 'N/A', 'N/A', 'N/A', 'N/A', 'N/A', 'N/A', 'N/A', 'N/A', 'N/A', 'N/A', 'N/A', 'N/A', 'N/A', 'N/A', 'N/A', 'N/A', 'N/A', 'N/A', 'N/A', 'N/A', 'N/A', 'N/A', 'N/A', 'N/A', 'N/A']","[23, 23, 23, 23, 23, 23, 23, 23]","[0, 0, 0, 0, 0, 0, 0, 0, 0, 0, 0, 0, 0, 0, 0, 0, 0, 0, 0, 0, 0, 0, 0, 0, 0, 0, 0, 0, 0, 0, 0, 0, 0, 0, 0, 0, 0, 0, 0, 0]","[0, 0, 0, 0]",468,N/A,N/A,N/A,N/A,ENABLED,2323,500,2400,DISABLED,DISABLED,2336,500,2400,DISABLED,DISABLED,2327,500,2400,DISABLED,DISABLED,2322,500,2400,DISABLED,DISABLED,2338,500,2400,DISABLED,DISABLED,2332,500,2400,DISABLED,DISABLED,2333,500,2400,DISABLED,DISABLED,2333,500,2400,DISABLED,DISABLED,1900,1900,1900,N/A,DISABLED,59,1900,1900,N/A,ENABLED,59,1900,1900,N/A,ENABLED,59,1900,1900,N/A,ENABLED,59,1900,1900,N/A,ENABLED,48,1520,1520,N/A,ENABLED,48,1520,1520,N/A,ENABLED,48,1520,1520,N/A,ENABLED,48,1520,1520,N/A,ENABLED,1250,1250,1250,N/A,DISABLED,66,1200,1200,N/A,ENABLED,N/A,46,34

1789733396,0,0,0,N/A,"['N/A', 'N/A', 'N/A', 'N/A']","['N/A', 'N/A', 'N/A', 'N/A', 'N/A', 'N/A', 'N/A', 'N/A', 'N/A', 'N/A', 'N/A', 'N/A', 'N/A', 'N/A', 'N/A', 'N/A', 'N/A', 'N/A', 'N/A', 'N/A', 'N/A', 'N/A', 'N/A', 'N/A', 'N/A', 'N/A', 'N/A', 'N/A', 'N/A', 'N/A', 'N/A', 'N/A']","[0, 0, 0, 0, 0, 0, 0, 0]","[0, 0, 0, 0, 0, 0, 0, 0, 0, 0, 0, 0, 0, 0, 0, 0, 0, 0, 0, 0, 0, 0, 0, 0, 0, 0, 0, 0, 0, 0, 0, 0, 0, 0, 0, 0, 0, 0, 0, 0]","[0, 0, 0, 0]",219,N/A,N/A,N/A,N/A,ENABLED,94,500,2400,DISABLED,ENABLED,94,500,2400,DISABLED,ENABLED,94,500,2400,DISABLED,ENABLED,95,500,2400,DISABLED,ENABLED,95,500,2400,DISABLED,ENABLED,95,500,2400,DISABLED,ENABLED,94,500,2400,DISABLED,ENABLED,95,500,2400,DISABLED,ENABLED,1900,1900,1900,N/A,DISABLED,59,1900,1900,N/A,ENABLED,59,1900,1900,N/A,ENABLED,59,1900,1900,N/A,ENABLED,59,1900,1900,N/A,ENABLED,48,1520,1520,N/A,ENABLED,48,1520,1520,N/A,ENABLED,48,1520,1520,N/A,ENABLED,48,1520,1520,N/A,ENABLED,1250,1250,1250,N/A,DISABLED,38,1200,1200,N/A,ENABLED,N/A,42,28
1789733396,1,0,0,N/A,"['N/A', 'N/A', 'N/A', 'N/A']","['N/A', 'N/A', 'N/A', 'N/A', 'N/A', 'N/A', 'N/A', 'N/A', 'N/A', 'N/A', 'N/A', 'N/A', 'N/A', 'N/A', 'N/A', 'N/A', 'N/A', 'N/A', 'N/A', 'N/A', 'N/A', 'N/A', 'N/A', 'N/A', 'N/A', 'N/A', 'N/A', 'N/A', 'N/A', 'N/A', 'N/A', 'N/A']","[0, 0, 0, 0, 0, 0, 0, 0]","[0, 0, 0, 0, 0, 0, 0, 0, 0, 0, 0, 0, 0, 0, 0, 0, 0, 0, 0, 0, 0, 0, 0, 0, 0, 0, 0, 0, 0, 0, 0, 0, 0, 0, 0, 0, 0, 0, 0, 0]","[0, 0, 0, 0]",219,N/A,N/A,N/A,N/A,ENABLED,94,500,2400,DISABLED,ENABLED,95,500,2400,DISABLED,ENABLED,94,500,2400,DISABLED,ENABLED,94,500,2400,DISABLED,ENABLED,94,500,2400,DISABLED,ENABLED,95,500,2400,DISABLED,ENABLED,94,500,2400,DISABLED,ENABLED,94,500,2400,DISABLED,ENABLED,1900,1900,1900,N/A,DISABLED,59,1900,1900,N/A,ENABLED,59,1900,1900,N/A,ENABLED,59,1900,1900,N/A,ENABLED,59,1900,1900,N/A,ENABLED,48,1520,1520,N/A,ENABLED,48,1520,1520,N/A,ENABLED,48,1520,1520,N/A,ENABLED,48,1520,1520,N/A,ENABLED,1250,1250,1250,N/A,DISABLED,38,1200,1200,N/A,ENABLED,N/A,41,28
1789733396,2,0,0,N/A,"['N/A', 'N/A', 'N/A', 'N/A']","['N/A', 'N/A', 'N/A', 'N/A', 'N/A', 'N/A', 'N/A', 'N/A', 'N/A', 'N/A', 'N/A', 'N/A', 'N/A', 'N/A', 'N/A', 'N/A', 'N/A', 'N/A', 'N/A', 'N/A', 'N/A', 'N/A', 'N/A', 'N/A', 'N/A', 'N/A', 'N/A', 'N/A', 'N/A', 'N/A', 'N/A', 'N/A']","[0, 0, 0, 0, 0, 0, 0, 0]","[0, 0, 0, 0, 0, 0, 0, 0, 0, 0, 0, 0, 0, 0, 0, 0, 0, 0, 0, 0, 0, 0, 0, 0, 0, 0, 0, 0, 0, 0, 0, 0, 0, 0, 0, 0, 0, 0, 0, 0]","[0, 0, 0, 0]",211,N/A,N/A,N/A,N/A,ENABLED,94,500,2400,DISABLED,ENABLED,95,500,2400,DISABLED,ENABLED,94,500,2400,DISABLED,ENABLED,95,500,2400,DISABLED,ENABLED,95,500,2400,DISABLED,ENABLED,95,500,2400,DISABLED,ENABLED,111,500,2400,DISABLED,ENABLED,111,500,2400,DISABLED,ENABLED,1900,1900,1900,N/A,DISABLED,59,1900,1900,N/A,ENABLED,59,1900,1900,N/A,ENABLED,59,1900,1900,N/A,ENABLED,59,1900,1900,N/A,ENABLED,48,1520,1520,N/A,ENABLED,48,1520,1520,N/A,ENABLED,48,1520,1520,N/A,ENABLED,48,1520,1520,N/A,ENABLED,1250,1250,1250,N/A,DISABLED,38,1200,1200,N/A,ENABLED,N/A,43,28
1789733396,3,100,4,N/A,"['N/A', 'N/A', 'N/A', 'N/A']","['N/A', 'N/A', 'N/A', 'N/A', 'N/A', 'N/A', 'N/A', 'N/A', 'N/A', 'N/A', 'N/A', 'N/A', 'N/A', 'N/A', 'N/A', 'N/A', 'N/A', 'N/A', 'N/A', 'N/A', 'N/A', 'N/A', 'N/A', 'N/A', 'N/A', 'N/A', 'N/A', 'N/A', 'N/A', 'N/A', 'N/A', 'N/A']","[100, 100, 100, 100, 100, 100, 100, 100]","[0, 0, 0, 0, 0, 0, 0, 0, 0, 0, 0, 0, 0, 0, 0, 0, 0, 0, 0, 0, 0, 0, 0, 0, 0, 0, 0, 0, 0, 0, 0, 0, 0, 0, 0, 0, 0, 0, 0, 0]","[0, 0, 0, 0]",365,N/A,N/A,N/A,N/A,ENABLED,2386,500,2400,DISABLED,DISABLED,2403,500,2400,DISABLED,DISABLED,2393,500,2400,DISABLED,DISABLED,2391,500,2400,DISABLED,DISABLED,2398,500,2400,DISABLED,DISABLED,2400,500,2400,DISABLED,DISABLED,2391,500,2400,DISABLED,DISABLED,2397,500,2400,DISABLED,DISABLED,1900,1900,1900,N/A,DISABLED,59,1900,1900,N/A,ENABLED,59,1900,1900,N/A,ENABLED,59,1900,1900,N/A,ENABLED,59,1900,1900,N/A,ENABLED,48,1520,1520,N/A,ENABLED,48,1520,1520,N/A,ENABLED,48,1520,1520,N/A,ENABLED,48,1520,1520,N/A,ENABLED,1250,1250,1250,N/A,DISABLED,214,1200,1200,N/A,ENABLED,N/A,45,32

1789733397,0,0,0,N/A,"['N/A', 'N/A', 'N/A', 'N/A']","['N/A', 'N/A', 'N/A', 'N/A', 'N/A', 'N/A', 'N/A', 'N/A', 'N/A', 'N/A', 'N/A', 'N/A', 'N/A', 'N/A', 'N/A', 'N/A', 'N/A', 'N/A', 'N/A', 'N/A', 'N/A', 'N/A', 'N/A', 'N/A', 'N/A', 'N/A', 'N/A', 'N/A', 'N/A', 'N/A', 'N/A', 'N/A']","[0, 0, 0, 0, 0, 0, 0, 0]","[0, 0, 0, 0, 0, 0, 0, 0, 0, 0, 0, 0, 0, 0, 0, 0, 0, 0, 0, 0, 0, 0, 0, 0, 0, 0, 0, 0, 0, 0, 0, 0, 0, 0, 0, 0, 0, 0, 0, 0]","[0, 0, 0, 0]",218,N/A,N/A,N/A,N/A,ENABLED,94,500,2400,DISABLED,ENABLED,95,500,2400,DISABLED,ENABLED,94,500,2400,DISABLED,ENABLED,95,500,2400,DISABLED,ENABLED,96,500,2400,DISABLED,ENABLED,96,500,2400,DISABLED,ENABLED,94,500,2400,DISABLED,ENABLED,95,500,2400,DISABLED,ENABLED,1900,1900,1900,N/A,DISABLED,59,1900,1900,N/A,ENABLED,59,1900,1900,N/A,ENABLED,59,1900,1900,N/A,ENABLED,59,1900,1900,N/A,ENABLED,48,1520,1520,N/A,ENABLED,48,1520,1520,N/A,ENABLED,48,1520,1520,N/A,ENABLED,48,1520,1520,N/A,ENABLED,1250,1250,1250,N/A,DISABLED,38,1200,1200,N/A,ENABLED,N/A,42,28
1789733397,1,0,0,N/A,"['N/A', 'N/A', 'N/A', 'N/A']","['N/A', 'N/A', 'N/A', 'N/A', 'N/A', 'N/A', 'N/A', 'N/A', 'N/A', 'N/A', 'N/A', 'N/A', 'N/A', 'N/A', 'N/A', 'N/A', 'N/A', 'N/A', 'N/A', 'N/A', 'N/A', 'N/A', 'N/A', 'N/A', 'N/A', 'N/A', 'N/A', 'N/A', 'N/A', 'N/A', 'N/A', 'N/A']","[0, 0, 0, 0, 0, 0, 0, 0]","[0, 0, 0, 0, 0, 0, 0, 0, 0, 0, 0, 0, 0, 0, 0, 0, 0, 0, 0, 0, 0, 0, 0, 0, 0, 0, 0, 0, 0, 0, 0, 0, 0, 0, 0, 0, 0, 0, 0, 0]","[0, 0, 0, 0]",219,N/A,N/A,N/A,N/A,ENABLED,94,500,2400,DISABLED,ENABLED,95,500,2400,DISABLED,ENABLED,94,500,2400,DISABLED,ENABLED,95,500,2400,DISABLED,ENABLED,94,500,2400,DISABLED,ENABLED,95,500,2400,DISABLED,ENABLED,101,500,2400,DISABLED,ENABLED,101,500,2400,DISABLED,ENABLED,1900,1900,1900,N/A,DISABLED,59,1900,1900,N/A,ENABLED,59,1900,1900,N/A,ENABLED,59,1900,1900,N/A,ENABLED,59,1900,1900,N/A,ENABLED,48,1520,1520,N/A,ENABLED,48,1520,1520,N/A,ENABLED,48,1520,1520,N/A,ENABLED,48,1520,1520,N/A,ENABLED,1250,1250,1250,N/A,DISABLED,38,1200,1200,N/A,ENABLED,N/A,41,28
1789733397,2,0,0,N/A,"['N/A', 'N/A', 'N/A', 'N/A']","['N/A', 'N/A', 'N/A', 'N/A', 'N/A', 'N/A', 'N/A', 'N/A', 'N/A', 'N/A', 'N/A', 'N/A', 'N/A', 'N/A', 'N/A', 'N/A', 'N/A', 'N/A', 'N/A', 'N/A', 'N/A', 'N/A', 'N/A', 'N/A', 'N/A', 'N/A', 'N/A', 'N/A', 'N/A', 'N/A', 'N/A', 'N/A']","[0, 0, 0, 0, 0, 0, 0, 0]","[0, 0, 0, 0, 0, 0, 0, 0, 0, 0, 0, 0, 0, 0, 0, 0, 0, 0, 0, 0, 0, 0, 0, 0, 0, 0, 0, 0, 0, 0, 0, 0, 0, 0, 0, 0, 0, 0, 0, 0]","[0, 0, 0, 0]",212,N/A,N/A,N/A,N/A,ENABLED,94,500,2400,DISABLED,ENABLED,95,500,2400,DISABLED,ENABLED,94,500,2400,DISABLED,ENABLED,95,500,2400,DISABLED,ENABLED,94,500,2400,DISABLED,ENABLED,95,500,2400,DISABLED,ENABLED,113,500,2400,DISABLED,ENABLED,113,500,2400,DISABLED,ENABLED,1900,1900,1900,N/A,DISABLED,59,1900,1900,N/A,ENABLED,59,1900,1900,N/A,ENABLED,59,1900,1900,N/A,ENABLED,59,1900,1900,N/A,ENABLED,48,1520,1520,N/A,ENABLED,48,1520,1520,N/A,ENABLED,48,1520,1520,N/A,ENABLED,48,1520,1520,N/A,ENABLED,1250,1250,1250,N/A,DISABLED,38,1200,1200,N/A,ENABLED,N/A,43,28
1789733397,3,100,4,N/A,"['N/A', 'N/A', 'N/A', 'N/A']","['N/A', 'N/A', 'N/A', 'N/A', 'N/A', 'N/A', 'N/A', 'N/A', 'N/A', 'N/A', 'N/A', 'N/A', 'N/A', 'N/A', 'N/A', 'N/A', 'N/A', 'N/A', 'N/A', 'N/A', 'N/A', 'N/A', 'N/A', 'N/A', 'N/A', 'N/A', 'N/A', 'N/A', 'N/A', 'N/A', 'N/A', 'N/A']","[100, 100, 100, 100, 100, 100, 100, 100]","[0, 0, 0, 0, 0, 0, 0, 0, 0, 0, 0, 0, 0, 0, 0, 0, 0, 0, 0, 0, 0, 0, 0, 0, 0, 0, 0, 0, 0, 0, 0, 0, 0, 0, 0, 0, 0, 0, 0, 0]","[0, 0, 0, 0]",367,N/A,N/A,N/A,N/A,ENABLED,2383,500,2400,DISABLED,DISABLED,2400,500,2400,DISABLED,DISABLED,2393,500,2400,DISABLED,DISABLED,2391,500,2400,DISABLED,DISABLED,2397,500,2400,DISABLED,DISABLED,2399,500,2400,DISABLED,DISABLED,2391,500,2400,DISABLED,DISABLED,2397,500,2400,DISABLED,DISABLED,1900,1900,1900,N/A,DISABLED,59,1900,1900,N/A,ENABLED,59,1900,1900,N/A,ENABLED,59,1900,1900,N/A,ENABLED,59,1900,1900,N/A,ENABLED,48,1520,1520,N/A,ENABLED,48,1520,1520,N/A,ENABLED,48,1520,1520,N/A,ENABLED,48,1520,1520,N/A,ENABLED,1250,1250,1250,N/A,DISABLED,227,1200,1200,N/A,ENABLED,N/A,44,32

1789733398,0,0,0,N/A,"['N/A', 'N/A', 'N/A', 'N/A']","['N/A', 'N/A', 'N/A', 'N/A', 'N/A', 'N/A', 'N/A', 'N/A', 'N/A', 'N/A', 'N/A', 'N/A', 'N/A', 'N/A', 'N/A', 'N/A', 'N/A', 'N/A', 'N/A', 'N/A', 'N/A', 'N/A', 'N/A', 'N/A', 'N/A', 'N/A', 'N/A', 'N/A', 'N/A', 'N/A', 'N/A', 'N/A']","[0, 0, 0, 0, 0, 0, 0, 0]","[0, 0, 0, 0, 0, 0, 0, 0, 0, 0, 0, 0, 0, 0, 0, 0, 0, 0, 0, 0, 0, 0, 0, 0, 0, 0, 0, 0, 0, 0, 0, 0, 0, 0, 0, 0, 0, 0, 0, 0]","[0, 0, 0, 0]",218,N/A,N/A,N/A,N/A,ENABLED,94,500,2400,DISABLED,ENABLED,94,500,2400,DISABLED,ENABLED,94,500,2400,DISABLED,ENABLED,95,500,2400,DISABLED,ENABLED,95,500,2400,DISABLED,ENABLED,95,500,2400,DISABLED,ENABLED,94,500,2400,DISABLED,ENABLED,95,500,2400,DISABLED,ENABLED,1900,1900,1900,N/A,DISABLED,59,1900,1900,N/A,ENABLED,59,1900,1900,N/A,ENABLED,59,1900,1900,N/A,ENABLED,59,1900,1900,N/A,ENABLED,48,1520,1520,N/A,ENABLED,48,1520,1520,N/A,ENABLED,48,1520,1520,N/A,ENABLED,48,1520,1520,N/A,ENABLED,1250,1250,1250,N/A,DISABLED,38,1200,1200,N/A,ENABLED,N/A,42,28
1789733398,1,0,0,N/A,"['N/A', 'N/A', 'N/A', 'N/A']","['N/A', 'N/A', 'N/A', 'N/A', 'N/A', 'N/A', 'N/A', 'N/A', 'N/A', 'N/A', 'N/A', 'N/A', 'N/A', 'N/A', 'N/A', 'N/A', 'N/A', 'N/A', 'N/A', 'N/A', 'N/A', 'N/A', 'N/A', 'N/A', 'N/A', 'N/A', 'N/A', 'N/A', 'N/A', 'N/A', 'N/A', 'N/A']","[0, 0, 0, 0, 0, 0, 0, 0]","[0, 0, 0, 0, 0, 0, 0, 0, 0, 0, 0, 0, 0, 0, 0, 0, 0, 0, 0, 0, 0, 0, 0, 0, 0, 0, 0, 0, 0, 0, 0, 0, 0, 0, 0, 0, 0, 0, 0, 0]","[0, 0, 0, 0]",219,N/A,N/A,N/A,N/A,ENABLED,94,500,2400,DISABLED,ENABLED,95,500,2400,DISABLED,ENABLED,94,500,2400,DISABLED,ENABLED,95,500,2400,DISABLED,ENABLED,94,500,2400,DISABLED,ENABLED,95,500,2400,DISABLED,ENABLED,96,500,2400,DISABLED,ENABLED,96,500,2400,DISABLED,ENABLED,1900,1900,1900,N/A,DISABLED,59,1900,1900,N/A,ENABLED,59,1900,1900,N/A,ENABLED,59,1900,1900,N/A,ENABLED,59,1900,1900,N/A,ENABLED,48,1520,1520,N/A,ENABLED,48,1520,1520,N/A,ENABLED,48,1520,1520,N/A,ENABLED,48,1520,1520,N/A,ENABLED,1250,1250,1250,N/A,DISABLED,38,1200,1200,N/A,ENABLED,N/A,41,28
1789733398,2,0,0,N/A,"['N/A', 'N/A', 'N/A', 'N/A']","['N/A', 'N/A', 'N/A', 'N/A', 'N/A', 'N/A', 'N/A', 'N/A', 'N/A', 'N/A', 'N/A', 'N/A', 'N/A', 'N/A', 'N/A', 'N/A', 'N/A', 'N/A', 'N/A', 'N/A', 'N/A', 'N/A', 'N/A', 'N/A', 'N/A', 'N/A', 'N/A', 'N/A', 'N/A', 'N/A', 'N/A', 'N/A']","[0, 0, 0, 0, 0, 0, 0, 0]","[0, 0, 0, 0, 0, 0, 0, 0, 0, 0, 0, 0, 0, 0, 0, 0, 0, 0, 0, 0, 0, 0, 0, 0, 0, 0, 0, 0, 0, 0, 0, 0, 0, 0, 0, 0, 0, 0, 0, 0]","[0, 0, 0, 0]",211,N/A,N/A,N/A,N/A,ENABLED,94,500,2400,DISABLED,ENABLED,94,500,2400,DISABLED,ENABLED,94,500,2400,DISABLED,ENABLED,95,500,2400,DISABLED,ENABLED,95,500,2400,DISABLED,ENABLED,95,500,2400,DISABLED,ENABLED,107,500,2400,DISABLED,ENABLED,107,500,2400,DISABLED,ENABLED,1900,1900,1900,N/A,DISABLED,59,1900,1900,N/A,ENABLED,59,1900,1900,N/A,ENABLED,59,1900,1900,N/A,ENABLED,59,1900,1900,N/A,ENABLED,48,1520,1520,N/A,ENABLED,48,1520,1520,N/A,ENABLED,48,1520,1520,N/A,ENABLED,48,1520,1520,N/A,ENABLED,1250,1250,1250,N/A,DISABLED,38,1200,1200,N/A,ENABLED,N/A,43,28
1789733398,3,100,4,N/A,"['N/A', 'N/A', 'N/A', 'N/A']","['N/A', 'N/A', 'N/A', 'N/A', 'N/A', 'N/A', 'N/A', 'N/A', 'N/A', 'N/A', 'N/A', 'N/A', 'N/A', 'N/A', 'N/A', 'N/A', 'N/A', 'N/A', 'N/A', 'N/A', 'N/A', 'N/A', 'N/A', 'N/A', 'N/A', 'N/A', 'N/A', 'N/A', 'N/A', 'N/A', 'N/A', 'N/A']","[100, 100, 100, 100, 100, 100, 100, 100]","[0, 0, 0, 0, 0, 0, 0, 0, 0, 0, 0, 0, 0, 0, 0, 0, 0, 0, 0, 0, 0, 0, 0, 0, 0, 0, 0, 0, 0, 0, 0, 0, 0, 0, 0, 0, 0, 0, 0, 0]","[0, 0, 0, 0]",363,N/A,N/A,N/A,N/A,ENABLED,2379,500,2400,DISABLED,DISABLED,2398,500,2400,DISABLED,DISABLED,2392,500,2400,DISABLED,DISABLED,2390,500,2400,DISABLED,DISABLED,2397,500,2400,DISABLED,DISABLED,2399,500,2400,DISABLED,DISABLED,2390,500,2400,DISABLED,DISABLED,2396,500,2400,DISABLED,DISABLED,1900,1900,1900,N/A,DISABLED,59,1900,1900,N/A,ENABLED,59,1900,1900,N/A,ENABLED,59,1900,1900,N/A,ENABLED,59,1900,1900,N/A,ENABLED,48,1520,1520,N/A,ENABLED,48,1520,1520,N/A,ENABLED,48,1520,1520,N/A,ENABLED,48,1520,1520,N/A,ENABLED,1250,1250,1250,N/A,DISABLED,224,1200,1200,N/A,ENABLED,N/A,44,31

1789733399,0,0,0,N/A,"['N/A', 'N/A', 'N/A', 'N/A']","['N/A', 'N/A', 'N/A', 'N/A', 'N/A', 'N/A', 'N/A', 'N/A', 'N/A', 'N/A', 'N/A', 'N/A', 'N/A', 'N/A', 'N/A', 'N/A', 'N/A', 'N/A', 'N/A', 'N/A', 'N/A', 'N/A', 'N/A', 'N/A', 'N/A', 'N/A', 'N/A', 'N/A', 'N/A', 'N/A', 'N/A', 'N/A']","[0, 0, 0, 0, 0, 0, 0, 0]","[0, 0, 0, 0, 0, 0, 0, 0, 0, 0, 0, 0, 0, 0, 0, 0, 0, 0, 0, 0, 0, 0, 0, 0, 0, 0, 0, 0, 0, 0, 0, 0, 0, 0, 0, 0, 0, 0, 0, 0]","[0, 0, 0, 0]",219,N/A,N/A,N/A,N/A,ENABLED,94,500,2400,DISABLED,ENABLED,94,500,2400,DISABLED,ENABLED,94,500,2400,DISABLED,ENABLED,95,500,2400,DISABLED,ENABLED,97,500,2400,DISABLED,ENABLED,97,500,2400,DISABLED,ENABLED,94,500,2400,DISABLED,ENABLED,95,500,2400,DISABLED,ENABLED,1900,1900,1900,N/A,DISABLED,59,1900,1900,N/A,ENABLED,59,1900,1900,N/A,ENABLED,59,1900,1900,N/A,ENABLED,59,1900,1900,N/A,ENABLED,48,1520,1520,N/A,ENABLED,48,1520,1520,N/A,ENABLED,48,1520,1520,N/A,ENABLED,48,1520,1520,N/A,ENABLED,1250,1250,1250,N/A,DISABLED,38,1200,1200,N/A,ENABLED,N/A,42,28
1789733399,1,0,0,N/A,"['N/A', 'N/A', 'N/A', 'N/A']","['N/A', 'N/A', 'N/A', 'N/A', 'N/A', 'N/A', 'N/A', 'N/A', 'N/A', 'N/A', 'N/A', 'N/A', 'N/A', 'N/A', 'N/A', 'N/A', 'N/A', 'N/A', 'N/A', 'N/A', 'N/A', 'N/A', 'N/A', 'N/A', 'N/A', 'N/A', 'N/A', 'N/A', 'N/A', 'N/A', 'N/A', 'N/A']","[0, 0, 0, 0, 0, 0, 0, 0]","[0, 0, 0, 0, 0, 0, 0, 0, 0, 0, 0, 0, 0, 0, 0, 0, 0, 0, 0, 0, 0, 0, 0, 0, 0, 0, 0, 0, 0, 0, 0, 0, 0, 0, 0, 0, 0, 0, 0, 0]","[0, 0, 0, 0]",219,N/A,N/A,N/A,N/A,ENABLED,94,500,2400,DISABLED,ENABLED,95,500,2400,DISABLED,ENABLED,94,500,2400,DISABLED,ENABLED,95,500,2400,DISABLED,ENABLED,94,500,2400,DISABLED,ENABLED,95,500,2400,DISABLED,ENABLED,104,500,2400,DISABLED,ENABLED,104,500,2400,DISABLED,ENABLED,1900,1900,1900,N/A,DISABLED,59,1900,1900,N/A,ENABLED,59,1900,1900,N/A,ENABLED,59,1900,1900,N/A,ENABLED,59,1900,1900,N/A,ENABLED,48,1520,1520,N/A,ENABLED,48,1520,1520,N/A,ENABLED,48,1520,1520,N/A,ENABLED,48,1520,1520,N/A,ENABLED,1250,1250,1250,N/A,DISABLED,38,1200,1200,N/A,ENABLED,N/A,41,28
1789733399,2,0,0,N/A,"['N/A', 'N/A', 'N/A', 'N/A']","['N/A', 'N/A', 'N/A', 'N/A', 'N/A', 'N/A', 'N/A', 'N/A', 'N/A', 'N/A', 'N/A', 'N/A', 'N/A', 'N/A', 'N/A', 'N/A', 'N/A', 'N/A', 'N/A', 'N/A', 'N/A', 'N/A', 'N/A', 'N/A', 'N/A', 'N/A', 'N/A', 'N/A', 'N/A', 'N/A', 'N/A', 'N/A']","[0, 0, 0, 0, 0, 0, 0, 0]","[0, 0, 0, 0, 0, 0, 0, 0, 0, 0, 0, 0, 0, 0, 0, 0, 0, 0, 0, 0, 0, 0, 0, 0, 0, 0, 0, 0, 0, 0, 0, 0, 0, 0, 0, 0, 0, 0, 0, 0]","[0, 0, 0, 0]",212,N/A,N/A,N/A,N/A,ENABLED,94,500,2400,DISABLED,ENABLED,95,500,2400,DISABLED,ENABLED,94,500,2400,DISABLED,ENABLED,95,500,2400,DISABLED,ENABLED,94,500,2400,DISABLED,ENABLED,95,500,2400,DISABLED,ENABLED,117,500,2400,DISABLED,ENABLED,117,500,2400,DISABLED,ENABLED,1900,1900,1900,N/A,DISABLED,59,1900,1900,N/A,ENABLED,59,1900,1900,N/A,ENABLED,59,1900,1900,N/A,ENABLED,59,1900,1900,N/A,ENABLED,48,1520,1520,N/A,ENABLED,48,1520,1520,N/A,ENABLED,48,1520,1520,N/A,ENABLED,48,1520,1520,N/A,ENABLED,1250,1250,1250,N/A,DISABLED,38,1200,1200,N/A,ENABLED,N/A,43,28
1789733399,3,100,4,N/A,"['N/A', 'N/A', 'N/A', 'N/A']","['N/A', 'N/A', 'N/A', 'N/A', 'N/A', 'N/A', 'N/A', 'N/A', 'N/A', 'N/A', 'N/A', 'N/A', 'N/A', 'N/A', 'N/A', 'N/A', 'N/A', 'N/A', 'N/A', 'N/A', 'N/A', 'N/A', 'N/A', 'N/A', 'N/A', 'N/A', 'N/A', 'N/A', 'N/A', 'N/A', 'N/A', 'N/A']","[100, 100, 100, 100, 100, 100, 100, 100]","[0, 0, 0, 0, 0, 0, 0, 0, 0, 0, 0, 0, 0, 0, 0, 0, 0, 0, 0, 0, 0, 0, 0, 0, 0, 0, 0, 0, 0, 0, 0, 0, 0, 0, 0, 0, 0, 0, 0, 0]","[0, 0, 0, 0]",365,N/A,N/A,N/A,N/A,ENABLED,2377,500,2400,DISABLED,DISABLED,2398,500,2400,DISABLED,DISABLED,2392,500,2400,DISABLED,DISABLED,2391,500,2400,DISABLED,DISABLED,2397,500,2400,DISABLED,DISABLED,2398,500,2400,DISABLED,DISABLED,2390,500,2400,DISABLED,DISABLED,2396,500,2400,DISABLED,DISABLED,1900,1900,1900,N/A,DISABLED,59,1900,1900,N/A,ENABLED,59,1900,1900,N/A,ENABLED,59,1900,1900,N/A,ENABLED,59,1900,1900,N/A,ENABLED,48,1520,1520,N/A,ENABLED,48,1520,1520,N/A,ENABLED,48,1520,1520,N/A,ENABLED,48,1520,1520,N/A,ENABLED,1250,1250,1250,N/A,DISABLED,227,1200,1200,N/A,ENABLED,N/A,44,32

